      136.077691927977014      -31.241214275062884      -22.527803228973255      -45.297519972792017     -145.633638673739938
      -50.718164927736964        8.417786150389004      136.579411238901201      -25.644997210685499       38.235758524684563
      -26.031404407386809       42.666090627149579        5.060160866857069        0.865795524425087      -76.284573315190698
       89.639179321896478      -16.803948132459308       26.892521251781385        8.985954965491038       60.504686062476544
      -15.077644431058525      -39.865940660801918      -57.722805441954470       89.400247691169383      -29.768861915311533
      -71.519158320394666       43.448959522341049        4.947939771246231       52.286762142021750       35.924997867928397
       22.172669100117183       73.589811277367545       77.414933211160914      -60.255853687702185      -47.403286159619299
       31.648548013961250       15.426917430266309     -232.518732049151055      -53.578954228300958       62.575044827016299
       10.980345111197391       25.554064280284859       98.606368402483255       17.353306949961112       12.019816631929235
     -120.369571484967253       11.566055433491488       87.242437909966924       -7.205625767678376      -48.280817281231670
       18.889435335081373      -25.516215130615784      -52.467146446268792      -44.215075487990397       72.482179150371877
       79.714625911001818      -47.564124087030777      -70.129400512755254       50.603476651131146      -50.141660736958322
       74.520063845031970      -39.090953802478268       42.217329541492191      -24.601935481953443       44.895606630563613
      -65.549668532606006       33.655518931410931      -90.561218613869286      -14.226409172946727      -38.081879393691203
       -2.094420805325531      -45.207355335128433       82.904945926676533      -17.909961211698118      -23.956123980028913
      129.656970231317132      -86.028275292110806      -72.066711662415443       24.104629557018807       90.549695536548001
      -37.538525130649049      -22.001346046848202        2.924249087771396       29.022433871384546       42.853579585748960
        4.466560848656956        3.495190855020477      146.748059598331508      -75.570605166274092      -55.240021477940999
       94.093625175473790        7.494862092672292       88.596410570281407       19.596574866546693        2.342137252916909
     -117.092473508394505       34.689773585578202        2.926696931165357      -18.347888014193128       49.075076285406347
       95.913866843967085       29.298625792800312       51.978429905643544      -24.393245413591547     -149.072286791994230
      -10.172404572569972       61.473428035932614     -103.373682606889474        4.157821876196166      -22.253723676008384
        9.308371788904015       31.632385027461748      -62.803438042334960       39.733390645386137       40.545663129155102
       34.589220320182974       -9.785358659316501      -30.707755628774425       30.645307961978610       64.404243425021590
      -90.251382241693278        7.428636456789847       64.143868357630879      -12.151699767502052       67.459932487304869
      -21.236687780142816       83.888635305011960     -111.977201868603942      -22.942322143834172     -174.315287662823550
       65.254361976744647      -10.812421272408109        2.577014582404777       53.002756852552871       66.231607972786705
       87.929303411325222      -38.062857156859543       -3.087123192050302      -31.786495455928140      -41.926769137668266
      -59.873593627988896      -11.190449300043126       43.864794513109317      -38.266516946610913      -22.696362883844451
       46.069743206323317        5.769190675327380      -50.712062448869993       54.003039610997710      135.619182240243418
     -128.984354096608598       25.966875362853944       36.137351001653194       31.668910862757649      -15.315074878437716
        1.002511849887686      -53.844502962256065     -110.953073521085059       25.059330371876452      -24.103445972896900
      -72.813067478921482       65.352407017361941      131.890707423031500      -20.370048024717576      -51.269372561241923
      160.704084744648441      -31.841840508199436      -97.342228728115458      -21.146429657622249      166.885964990090002
     -152.186364816152746       30.291508063781908      -30.365252894825051      -84.958746568422654       39.630130165921990
       -2.760478572233553       12.753223497352769        8.451832242006176       -0.180113471114912      -55.134128440776607
       -0.554338107354134        8.226564998828579     -127.408887923622146      -22.088296368315746       94.939285687081082
      -11.806649074472210      -18.239548510323356      100.143484116843482      -38.082622130486762      -17.783245969820346
       -5.491192846918636       91.436480978281409      247.918517216087650       -7.094930386688640      -40.794296299309067
      -43.769449352839395      -51.060280221064147      -17.578425948473104      -20.097032794142645       13.898195575238937
      -27.903009181289072       70.806218202447084      -21.606649814997091        2.496155178130357      -82.809417446617303
     -122.730617812512662        1.543038582651544     -103.927864957474554      -23.141528325091141      -42.759446040749992
       58.995173873446340       46.901601809874414      148.278445860994623      -34.572094760656910     -145.062601136797213
        5.180657025055552       23.970378671981461      -40.246445274838287       -7.215560489578000       12.060343720877365
       -6.675405685676190       32.563694258970934      -11.311303088615899       -5.414918098773615      -53.585169727653224
      -80.835160944908409      -16.504928484040921      119.162155194889522     -107.110211915441681       17.466395844270846
       68.733345283607392       -0.833504649069553       21.874164066310758       -5.861888295363624      101.342283630070057
       97.505703165273786       15.077223332452091      -58.443914226342656       39.864819962380587      -40.544490702163898
      -57.077512600589948       -9.018221159059882       13.129630101315009        7.051057151516437       99.589357866651710
      -42.098406557959635      -19.443295786055774     -130.952766962771904       32.113325344327386        0.173375985042593
       -6.017972254971990      -14.865150101558923       89.779498503240134      -42.040999266522022       26.943963907170261
      112.934085961712256       54.574365673674485       65.453540899605883        3.590639357335947       -0.281168191349337
       19.649406829081304       34.395101178942269      -54.434976799194033       -3.812998980700820      -61.840727873234620
      -36.458619906096693       10.345163092492875      -74.462420493037499        6.440391370635536      -17.927505024757838
      -76.099399406324238       -4.488776020053027       19.047800452689266      -24.199049297728568     -109.760102827321546
      -41.632482017921653      -40.099529118647311       43.666054071266522      -72.308464129215821       48.466996272157303
       33.140160941073120       87.065841094457312      109.887561400744744       46.436901904710346      -32.439253786249374
        7.049973896453634      -48.921531483666890       13.951466619238166      -22.132424234137225      172.654633041041791
     -188.032935367589829      -14.720912382370230       -7.344619268288504       19.579468719793670       76.417859698283152
      212.149142833276301      -15.958163823025730      -86.646838271736456       30.434883959054197      -54.218219317589444
      -69.467200333518491      -85.892660289042482       34.575744423641204      -67.168281445622569        4.337929257836699
      -66.002340618622455       39.285365443977732      -37.839228150504162       20.213761067603659        1.155123839593176
       -7.403971807774700       13.453640718362026       48.998121904686471       -1.138215680500531       39.462700485229632
      -15.062602768637328       53.266483504913417      -80.403067742000800       39.494700651341681       27.345342377452887
       23.046225951159567      -17.180396736935897      -43.093696279013088      -12.059731395516316     -158.456557909313489
      186.795756341575412       18.606501453165144      -69.909829911864492        9.788454629190859       -1.992566028166435
      -44.329512250070792       -1.537159336948315     -167.984989236707520       45.297961513921791       56.451752939769520
      -66.250549208171307       -0.266473284866956      168.388559892333006       50.668130864198837       27.179200089155678
      -61.505245109423122       82.229018316547382      -33.589188858741437      -37.722518567671749     -163.475848778567126
       78.481094290482773       -8.236452439297773       32.415734855854801       17.854284359857250      129.331998966057910
      -98.497866913227057       61.919312984529611      211.783459717746297      -98.524617810764781       16.836201628948967
       -8.863915369933792      -22.617745701295821      -53.561740045225932       42.983566060282499      -72.106388756370933
       95.824271599223351      -25.544830396240023       94.564008814925330        1.064401682844018       90.371650804210375
       46.832383457521935       49.003593180315256     -110.249393334350614       25.322574379418786       47.410650624343859
      -96.328478078554426       68.407559679670868       16.605636492608014        5.420385012000865      -44.157249883698348
      -10.675743938661448       12.717225841102952       97.450180440885447      -37.714097000054373      -16.042454105771736
      -37.080597787428530       30.515140182588095      -72.872428508822850       20.874122221633627       89.631382360407457
      -44.375833219458372       31.893186487568755      -52.364124816038135       -9.449118110874354       -2.189800275657213
       38.881999317931168       20.611483872712530     -150.553046320268862       63.697924944252371      -43.377296146714357
       25.787562838470340      -29.793871652152088       28.148671951741740      -21.747816564158637      -80.766502129972224
     -125.839167958265790       46.979956962589903      167.649466345330779      -26.045034263698835       17.111820317812771
       60.658212405606186      -15.672871266625441      104.238396314520401      -17.366816722066108      -44.213011905356780
      -11.607247510170136       -2.785093477731755        2.085533816675400      -38.142715177169855      -85.491922151724395
     -224.202267249211019       -1.379955027202077      -73.536100262061325        9.488562697441075      118.870263877343262
        8.834911115877532      -13.388554610976835       20.847388772720219       -2.279774813725219     -115.691344297736805
      -85.867507478572833       16.711846650494511        6.806269108967927        1.648575446509325      205.649012156111922
       48.654710544272397      -36.464466634795016      -75.661588716772343       87.408152808186742       66.918578958174962
      -93.185427481414280       38.130678902005194       34.030786633185762      -19.880790142193256      -40.775137707030296
      -46.682633161783372      -53.220101923248528      -73.882044935933209      -22.075126255613299      -29.914043084693610
       33.788310520877083        4.704660158082227      -89.763362521917841       21.088967547863199       42.063232796032644
      -40.598774252323501       30.985219172167614      -76.127541454378587      -30.155810199024284        2.236933367210058
       26.043178112541618       -3.492612274661139      110.656267568123241       36.223265254208378      -50.350260959351161
       94.899990316186603       28.101651420753932       70.171054845459068      -53.867952688232428      -15.438785389779495
      -73.095869487554211      -29.011996648024716       -6.681150503213946       41.898047529865721      -44.045991513681500
      -17.226652198898542       -6.890203557943190      -17.694170012110138      -39.257190857339651      140.632135643031177
     -207.217065597191294       70.396925126194191      112.479630242550101       31.688936993473128      -62.073962184247407
      -54.090274008282599       10.392485669818740     -120.424190418166035      -35.918845895633986      -54.372363867802335
       95.290164136855353       -2.766630269245757      172.785588835345720      -30.493128835938162       37.370817366167337
       17.670969896866943      -49.057577523438070      -97.187553467553400       19.356774567532696      -66.392738835268048
     -143.115557591110019      -24.069049319853999      -65.685567816464157       35.686867999824919      105.029577173206846
      -28.087080668830048       46.006452577677230      -17.642963831052263       13.856859805769446      170.584070431799148
      131.843495919208124      -47.059295980632939       75.676984502869587       -4.677307502137249       12.653718450483540
      -85.289366032022954       27.483826589889624     -154.119186602835299       48.490670425408915       27.077982739008263
      -33.118550274033950        6.300527602246874      -23.285489656138413        7.419509944540171     -132.355968947642737
       -0.848652488418738      -14.973730192354415      -56.483111080976471       35.350788964273981       83.712357571802741
      265.331025323109714      -16.166770695369749      102.213153082693040      -63.912253880413374       11.508826355076460
       20.181720762337310      -25.824723902139063      -64.578073627895819        2.986580448510424      -36.563970221966670
      -77.041539436378955      -32.974498803543071       87.555256903377767      -33.417705951087903      100.566669169718281
      -72.021819619502580       34.850811537314712      -34.407932139074376        0.750863959664351      -15.084464485039598
     -107.597146991174469        0.460793608759944      -54.152422724941545       53.400941279394694      -86.512219831449784
      -27.285267056420714      -17.458975283769021     -161.892173053902980       49.128152205632112      102.730293227336858
       80.857935296798260       27.846277286091013      -66.043448321306386       15.714906899283694        8.782895515704856
      139.188508482580602       -7.187250231947812      -70.308212628414751       18.665184160354048      -79.788255878972308
     -104.355183176620613      128.502895698638042       29.440197713172203      -23.784748225365078       69.240235261174291
       46.738458878378431      -50.484325662555776      -16.719627808545365      112.169748033820056      -89.862481792314682
      -83.378001782147180       52.190682503200826      -25.495502716701637      -30.460088264434958      -69.786088229246545
       28.757786428695336       27.608767186719930       65.041297773811550      -40.527072689152199       70.773067625870965
       56.596001682858919      -17.699775614550060      -88.161403461203435       45.693621254937625     -167.455050294429213
     -133.158789876412584      -83.728649741857808       76.991384568243987      -23.193236659919762     -100.911130049578944
       60.100292250214792       -8.984589960384236       18.463090473073265        1.550571060102506      155.388846792177532
      -26.904790107021487      -58.087966506146032      -30.774024850732864       27.374021833107463      124.685460809050724
      144.944899101154249      -11.212678557835829        9.794394321362061      -83.016800967911522      -46.522323345046004
     -115.561959123871148      -43.918581935806174       90.356740153563834       39.094162858917926      -13.976133695017845
       59.162483957274759      -26.864249404586825      -22.501852165594162       38.387175823139216       -5.166157889874782
      -32.967396966844966      -17.987290710148855       70.491962866925277      -33.139261014312844       10.210701418055592
      -34.079426403985345       46.863566720723114     -124.295195499593504       49.131941733458710       19.600332745122245
       29.974651033209184      -27.216013504679875      -13.211965155382371       15.747768821910940     -120.092833197335196
      -54.835075707226046       74.167408886669278      134.580242858293474      -40.885819721017263      114.578638464566225
       14.217070731458342       29.938286593769643       88.767493421921188       56.649618566986163     -141.015135601816809
      171.856072206686719      -34.778621764342297     -189.868298459286365       63.498932626220380       55.019923289983467
      -70.096091562070654      -10.978421745552749      211.390061718531001      -62.646139233125261     -111.052625444875602
      -68.084408607767543      -52.069579690268114     -101.477807476343955        4.304936881435881        9.537920906197821
      -20.822171894994014       22.592631796196791      170.516424217047899      -57.100979206222661       32.425415868818533
       45.721689881164835       12.261063817980492      -79.133683283077318       20.216590068438901       -4.537236620706579
      106.555831010829820      -78.422311036125777       59.667145491135706       15.468661336969562      -53.077688679456145
      -18.069388622820703      -11.079452109414287     -119.387605713387302        8.294284947513590      -61.349772100250348
     -153.847497848012779       41.710925484609071       29.924125115919850       35.743317660129875      -61.095890904340287
      -37.966718189460522      -29.329266539542740       37.374437874372504      -62.532238241700981       50.704492404733251
       47.349052580812788      -23.508404446858552       52.257672092481116      -49.006898779098258        1.585145196890894
       74.401823755837782      -11.408539351731573      -30.793893914439547       18.288955485952766       12.954508829006892
      131.000796041622522       20.115645435909610       29.837209689552697      -52.552296183731862       87.727595468706241
       40.278098510219998       10.626673340712131      110.361492825873938      -11.881480289383171     -147.736438198081686
       54.294076241161605      -35.127637714476712     -211.998853483696962      -21.071543610847485       72.194559104223217
      -63.538200867167014       -5.435881719344748       66.012824269399133       65.836571452516679     -112.123547193505573
       92.173548112317448       27.600901901436728       31.049927518478150      -88.525276421618301        2.306112004989916
      -26.938163133152006       26.976891410834838       47.462519067327634       81.537837407815104       69.616847394128698
       -3.551206093884427       45.750354145262847     -122.881199314252228        6.473909096997299       19.550613750316948
      -65.414767399929460        2.703747269641786     -157.344183145755125      -18.451129564549724     -161.586699245308779
      109.337221585607423       22.150541499883474     -110.910954301672390       98.561843299355331       51.906405359804893
      -52.477358181059429       27.305162091422268       37.385398147290225       39.878461380063492      -89.558774466710446
     -113.058374849056932      -22.106733293357149       18.400486045526428      -26.756848830727726       67.074793873477759
      -37.922314044101178        5.090597301786381      -73.007959276107513        8.629850961138210       76.241109779198013
      154.583387761451434      -33.086775718255723      -30.523647393203660        2.949726760076465      -32.936005275263767
     -107.641135475077732       19.980947344389190       54.006835075050255       29.524182759203669      -20.749146529539146
       -5.391226101270184      -57.980271985379325       38.182391810461368      -37.466813543087689      -96.769988907517188
       40.707549101514054       -0.180182936266878       23.260518194326661      -20.851218828411199       35.204117774045649
      155.391907251125616      -69.454668833902218      213.086102245787771       13.053126054135005      -58.349739858872830
      112.383835564742299      -35.968546907122388     -224.701550394473713       43.843372666842200      144.658969083105518
      -65.985569828154723       39.241706292424674     -111.775482369412231      115.244728289090418       -4.143266173609892
      121.441492501723786      -89.372535040028723      -84.989694056353727       56.079353704677949       -5.716529788075403
      -71.653996937335066        2.257188542723986       68.942945157694865      -16.925911847175549       -7.823942884109267
      -20.858046954085562       17.874913298000454      124.144046125330945       32.323641660683258      -78.662609476490928
       11.779305090541198      -17.015028486989848      -65.272532894964442      -40.464045892079241      -64.170073396663241
      101.476795300508456      -86.217287949614544      -11.811610721854462      -28.589055809443781       44.466378623640004
       -5.183192235394269       50.493722345974092      -67.506402349696685       66.798506607828685      152.219752335896288
      -22.227939325204620      -45.532810522423361      -12.950484760665530       54.969532335599268     -196.135021880882846
      -21.996279290866489      -28.165535322789843       51.515809146317658        8.737549254859632      103.252635626469214
       88.126969038571445       40.137588494304197     -145.950695279002645      -18.414853407297080      -57.300707982945376
        9.702947633606415        7.692833603121129      148.372193152629592      -25.408624484347545      -67.605227237855900
      -96.089020951649516       12.871139784496654       86.585512671583189       38.841608713605922       -4.440943437920891
        6.526311452887768       53.962993504270969     -182.380827746359643       38.875861673138495       35.967101540971285
       20.291259597904141       14.271085706931059      -39.950159855510599       36.918682225539328       20.654528697148969
      -78.297493717271067      -16.861168097779004       29.829973283186021      -22.433268505521301       95.202719587035034
       80.892700144369257      -66.300527771010110      -14.223447186543149        2.464190983990661       82.820090665768376
       -4.760296503814470      -40.433382871675597       -4.192184397986206      -37.046944627252650      -22.928919424785924
        3.763251707428422      -12.925332294238046      203.969444644253969      -29.402717808634730      -55.915510842123169
      -43.743485675761335       -5.423956510790108      -36.853255982780233      -16.179531629900119       79.302094303913094
      -18.148089210045583       18.456884263494139       19.162787951071280        9.493007017823786      -80.350055802563233
      -80.709875127169752       51.023544955924230       12.665684858479599      -26.864996954638055      -20.926352740494082
      -86.342291212812739        4.344813611938082     -114.450138038893883       14.112888425879323       22.537709897218047
       59.470598901498477      -18.368901918013361        0.855010435171868       42.370321969893602       91.069131691888089
      -99.890830222683689       68.279762831453255       24.339268424485933      -31.997737081509079       10.012342263085337
     -121.445884217815319       49.845073651269153      -35.742189160772064      -26.176064671705436     -130.303265619367323
       -3.425255599786647      -33.838119421774650      206.801869428725496       -1.149235407664633      -63.565570453138413
      131.993809086680869      -27.903042378570067       -9.050374466769094       47.518524704569032       12.656774359427745
      -97.646186719817507       40.114805293973035     -171.598510708424584       37.026847463406568      142.703752335804893
      103.740376754099159      -19.257986880548067       30.157477203513103       15.756528894396935       -1.838038622117383
      110.800713226926717      -74.975447498270810      168.696690689856069      -49.383644754962070       -8.905579685596923
       -4.824700076641251        0.992401743695979     -128.532768567442872        8.540482907598618      -32.520566655967244
     -172.353137143366069       12.045791321853693      -13.394520537166370      -15.757353524489613      -66.222173596795216
       75.905203569340557       20.636046025240258       43.904054086583052        4.789421596745480      112.241953374555251
       16.705340670069543      -12.839876219289039     -103.572487801872711       27.916678369942318        1.668586321780662
       70.285590360443521       23.964135833725301      -58.553576756788196       45.956766655906918      -59.188898814167629
      122.440742051295118        4.870390823207026       49.711466976010435       66.309938784338271       -8.782345704521772
      147.057678807714240      -80.085010253182020       38.351672073787348      -51.061612196539883       20.677951712756069
     -302.368457048871505       81.546709727892903     -221.097167579141058      -47.495040311732097        2.302470918303623
       56.388677301987329      -15.214160906173211       62.753665492499017        8.942201505525187        1.009682548445672
      -19.091668153676441      -28.721326967805474       -3.958583236864062        5.854436802298338      -16.007943690546270
      112.906238330053540      -11.723844757332154      129.323259346134648      -27.467059378055133      -34.233517646876955
       68.522216940157634       13.639229539384457       55.641369485782349      -78.558220642101958        7.113554264909990
      -96.930887333168016       68.121120880931059       33.389317642208205       20.962155373805263       48.288061321556590
       -8.984248615080409      -25.691353704656024        5.623013623207855       27.062780679434315       76.488640337614612
      115.796636936438333        0.417073253663871       69.365167979500868      -73.276890973047443      -90.581079210104349
       16.547180819867005      -42.757071855555942     -133.684887291689847       90.770674666823595       42.330972259393775
      121.561293699443155      -51.050050941365427      -30.134834286712106       26.995171956369646     -110.432941659769298
      -25.850621727034934       -0.174646629174139      139.617572917219633        3.349956868403227       69.220353918714579
      -48.986364880339728       57.641196727372161     -192.480508559052453       86.834440506485976      208.873959346970850
      105.182333205936146       -8.171766097897383       66.115474418994680      -46.377199936678721        2.638582433833062
       17.067307554830752      -21.536853990171558     -168.937372658472242       28.075087713970881      -85.833338668714987
      -92.823234118339172       79.894747830599329      -94.735080921167665       55.464091764709835      -98.589683113020598
       15.974432762078289       35.551088765227931       82.900691706811727        2.869324881632976      -18.121957685284301
     -154.032631402747768       24.790850109533881       74.676393619590996      -34.427023299629958      -81.130780857061438
       -6.022728760173983       -9.167118826257564      103.376488337633887       -6.754527315450359      126.453530649689768
       51.315333957474778      -43.940082182106849      -32.224097405829689      -88.233727397596979        1.402650983512560
      -45.941308401698599      -26.461313533089793       19.145417089592954       15.622805220894231       51.386204325545698
       -1.856964585924525      -32.355000633901071      125.766049579891245        3.724687671526787        2.752341421604449
       62.939163143907166      -26.677332007044434      -78.120699398747263       44.527548142175647      -47.866068925855743
      -41.925811448730549       43.072710571376405       -6.527360095206108      -45.176835286887815      -35.951784860077318
      -29.701626497770370        3.591065266498445       -5.719610604676908       16.009672957638525       57.941061075143026
       35.030444953152724       36.233709219802527      -56.184756029375194       67.903204861518020       68.263160830108291
     -103.989244045296516       71.161531940090157       50.656613481998789      -44.910385934725539      -24.998521842953714
       21.374769578902910      -19.111802815464973      -71.362510862587513       57.771137476954081      -24.756886710214662
       49.942047979816813      -44.667107385146913        4.495042102872488       -5.054440585273715      -75.850852636259319
       54.315497666719779      -34.695144921289661      111.279275421413416      -91.616984698967087      -12.289022218888977
       80.159789176143249       37.921795926460931      -21.151052091070618       79.687159691412347       10.701915110292353
      169.749640516837246      -74.885486864738212       90.857080546698100      -33.435585593570181     -114.626864325428656
     -124.023111182077685       24.049708877242182       37.384844266732038      -13.654813534595688      -27.521405104499646
       80.580331832026687      -25.046834063678482      -32.086457530948415        2.743610703682849      -13.769160881863359
      227.566110012546716      -57.349084538639289     -157.576431392517350      -14.860811866992664      -80.118856791002969
      -67.559044116925946      -28.106867255996015      -12.354160672708284       49.079891001150337      -68.638861407791168
      -42.347222882825669       -5.430340611536045       12.489931514273085      -14.396610181526391       27.999855621095779
     -132.874997308838090       13.627613339536952        6.027413056402673      -14.722554703427058       92.189645091008344
      -12.914052112546880      -32.109151922263663       20.149748653243957       -5.141420464848675      -38.709323287924214
        8.053107937320581      -25.674946108752351      -34.596862280095756       10.841579736518597     -107.367103238691300
       -4.854382052925024       52.494256502729790       78.264246167840867       11.603105981756611      196.419257151103636
       93.325549885196139      -70.762374545261437       22.008740711538138        3.859556169345781     -142.015539438501918
      -32.843452941782132       50.980638162939272     -121.020987245901466      -36.344116025422800     -102.344819188518301
       26.022055299626039       -4.169137357362408      -66.137406917756479      -18.300724596478403      107.526553194732557
      -11.736705567903215       27.518368435757065       75.877387239417928      -18.313239329840091       89.532026053861671
      -53.831282892916576      -57.533001052355594       -7.063303916561254       20.063134849124840        0.121179813098516
       23.070418359507947       -2.306943437524813     -122.473160088094289        8.939433940949213      -69.789141244427753
      -40.587888763029234       19.631372140760313       65.027076905967988      -25.862116377943206        1.708057755649276
       25.325293642889939      -36.640635551422776      -11.606651539444231      -24.521870968586608      -70.055595062317195
       54.835152820651096      -18.717569537953651      -57.600501703244582        5.483097516071211      -37.546374456974050
       -4.264501923715937      -28.977277629823732       22.150219185734542      -36.758929744767592      -26.921220825873700
       97.514838645284911      -48.863170964767427      -62.926136428025430       40.939832916916401      -42.582803525436866
     -216.875923056651629       38.647850122208339      220.730901209679814      -51.880497142299447       67.141194609579699
      100.565533201218670       36.240019070236549     -158.782914292997930      -39.390240011774367      211.175162406635934
      -27.715567083505775       -8.859225344436966       -1.196417308633493       51.066777763221026       38.510625426362516
       37.135451691413955       -4.656471383632649       16.867019277784550      -34.043314512323143       16.715239497384420
      -27.839692252449773       20.124669002182571       53.056679082557757      -43.381181551401696      -33.545896274949570
       -8.593741195811269       20.880808989026669       53.861446735430825      -46.836763504196796       75.881388319707739
      -30.588141972555299      -11.386968113410513      149.537628756618972      -12.748016385148420      -88.894821164408327
      -52.898429715000184       39.282737281113036      -63.112885041531236      -19.144289520579903       39.015315514886083
       42.044864899616030      -18.307139364277049       34.407152685640625      -32.955535359881885       19.907079038836304
       30.209408180545946      -56.393702051312644      -34.361553340820045       -9.927447952870921     -153.354396424135103
      -45.887726295423285      -26.626464770603423       64.560059711541186      -21.723412928207626       37.399962659218708
        8.227485102810807      -58.279896941030607       -3.954018817236765       -4.740070570866414      -67.608806142433863
      157.620984596089585      -93.385603996281958      -40.985059739461533      -23.992751705346993       80.312192445865719
      -69.431334283584235       52.498536267226207       17.748300303441376        5.771058620022338       -7.882429552760678
       -8.994152362633116      -64.492612594615608      -48.011717726025616      -22.786025175868968        3.713446420067072
        3.889784651668323       58.132707619712185       27.380678351897217       73.853233694175216       13.554368905824298
      -65.263568898394993       27.044526631690903       -9.633242559196169      -33.486076512817476       55.797851310051421
      -72.986523080603277      -16.906404807490585      118.536398776779464       -2.754750932473501       76.198825845934479
       64.974090491373119      -47.342038770554751      -84.739198695659425       46.806399012832266      -73.573248237307936
      115.809713270464414       -7.486487259051271       -5.076007308683540       25.669442535220767      124.502408579303108
      -50.034668399930887      -44.149664311035757       44.045051230746473      -15.499903285220377       48.464297437547756
      -97.281177084125119       62.414485925586298       14.142789868862799       17.784405332716215      -62.878153195815727
        2.916482976652943       21.007306004641364      210.605846005923951      -25.282622655624806       81.721318858628820
      182.765813067979849      -37.607936964202608     -138.206636423141333      101.736721654129468     -178.870497514588294
      177.731523746938024      -65.091692435815048        9.798915158323146      -26.539230129631235      -54.890170611241267
      -17.145780954922731       34.583748372320876       30.098129917227229       51.138861520420171       -1.162805145543730
     -144.767377355154423       12.079385492378933     -149.336721703732650      -30.785342949525511       16.515149240813368
      -85.617554724950864        3.449246666344029       84.451542652696716       45.576403435428873       21.918119443218092
       57.721260026627441      -25.707296248357505      -30.904416027532914       12.150692294491270     -110.911904144152260
       21.350994187699769       54.568296369126344       55.247165488040658        4.127922990038756      181.786668770160020
     -141.392831405451545       11.426116535075685      -40.985669290097306      -30.107201229939630      -64.660014270887032
        1.439238351382799      -14.087648032239143      220.297984274809835     -126.923636861182658      -13.185401549608066
     -135.435701708393054       -3.695658474399340     -161.969936108226904       -6.532293354494965      -49.039996507776010
      -79.282591923709646       21.732388933710698      -30.585913066404586       21.778307639391144       15.055915518678272
      124.030364025391691      -63.496892828135785     -120.297733016963988       37.096498082654051       97.701483701522960
       49.859875733230538       33.763355847185309       75.243657003703248      -25.317259909222646       57.293245536160363
      -28.232470398809898       24.282444905482464      -41.399855181819476       43.424967040488177        3.908579411761027
      168.035621705486278        2.803689309272043     -147.473026776019225      -22.624122845515949      -33.534070861976446
     -209.347102048939291       20.303305371559826      112.108724183606739      -12.860584443529769       47.416623344396847
      141.935328664006136      -46.590912189394295       55.175267777352822        6.635431154176319      -75.877078225424754
      -36.151288636807834      -35.522216689043994      -77.693333913133358       58.213554081734820       66.663420521448018
       86.333266416780887        8.448443760589631       57.284360742144273       23.403148311808021      -27.750620612949554
       30.729888302183380       -8.415369552427700      -50.040186367909826       27.011825322029662      -50.500781836438790
      -64.274664096129314       47.318333964611938      -53.066926890015139       -4.664874748718289       58.781935514180894
      -99.344263164610780        2.818042468397801       97.982633544888898       16.708456574673900      -10.401943057739189
       41.294292960250552      -65.385375536351134       86.481289449259592      -50.064030880885312        3.038916791530885
        6.347974817720280       76.425058558720579       34.643514173745835      -43.307343225387633     -124.209021417102534
       67.743197874377231      -35.794814283897075      177.511611287236150       -2.939898958586940      -70.741404205585624
      -25.927601310008832       13.872124345344076      -60.020356019205344       53.969555229003525       20.027862398247517
       69.003764981907324      -24.832008215362588       98.583716729967634        3.256973313637487      114.758742620271235
      -22.945183560412861       34.889243731186880      -65.914327299614811       18.568079173978767     -106.431056860008212
      115.528080063836171      -70.303955253736390       45.449241132619612       46.811348007228197      -66.021466705552697
      -89.685624079804654       37.866064375346582     -117.358212952477700      -53.119987735196901      128.166539057327611
       -3.701377114387095       82.659536270440867       91.457714192906167      -34.675703452435911     -198.205258559927074
      -43.075531532816335       41.992543916439899      -96.597463263964997       10.814594514288693      -12.690900223886215
       52.925984507632599      -35.575480172284415       58.022611324153146       -8.288578564423917       36.410656898349664
       88.467368624877352       13.999365586557490     -125.887670303296275      -30.698875264377786      -95.919624910312010
     -301.653781239720502       97.124640066233354      -31.340439182818010       49.089994500448825       96.066977019085783
       34.207684274821226       80.263510021970333       43.208875227183370      -10.378560683038106       27.324007355962280
       68.361272115494671      -29.851855823932056      210.195097086589527     -102.413834457076703       79.339013532800436
     -170.622701136313140       46.104753395719037     -172.707922651783775       34.452666014689100      -20.641579633132732
       -0.949120336552515      -22.060924993476075     -137.732925935488055        2.115532418316533      -14.545373246101668
       36.904932769760968       16.434592579883802       26.161963707785780       26.535090791317725     -145.546043514612137
     -162.632805128056589       59.661030034962103      -62.572446609486690       51.628594173151697      -83.879942269683454
       74.850114593813686      -16.568128701245175     -158.414780303111201        2.098947672485368      -10.965315805645201
     -174.208131307930614       75.644048024467480      140.856174200736803       34.097899705938552     -129.610074004766034
      -88.776014588546175       57.572230816536795       69.295704220042225       76.938119550799840       21.782741079025190
      -42.322039149174238      -70.010384299568059      -70.802708556530362        5.590545670209435        3.863163993171118
      107.415799042216364      -71.053214898481116     -201.175446549090879       27.712167227989774       99.407277008737495
       34.553128713870777       -4.570466655704215       -5.923640587932048      -13.886461042598114      -65.605160166633624
       -7.289927677817452       53.926169625851564      -71.913143949480116       42.371079133982157      -16.369134484979348
      115.066203950317814       11.969051857512948      -25.365894113440877       31.194813428413838       49.140451116529583
      141.685183060441886      -57.067615383681321       72.910897987218988      -34.460562872542248        5.048162247161448
      -85.078564054517756      -49.906483926697071      -26.421502155006308      -35.961730710888581      -61.779575208558633
     -107.676312449974162       -5.943589374485885     -125.224293585976113       40.536029386494050       35.460019181608729
       86.222530377963778        1.602815223611039        5.452987404471757       14.158468960231200       -5.422137747606651
      -91.689000994780272       63.912669798825483      -27.882366292458041      -40.965033949897752      -79.636562576768554
       -5.929185991131604      -52.793763690109778       51.285752766282400      -21.875235650124282       10.527521359925268
       43.133887724820518        3.512764700034952       94.115945372979652      -57.632507418882575       50.331207635815041
      -56.895552691918681       -8.603113662995879       -8.061628848649903        7.229449726730146      -12.766052997928028
      -86.945956815997377       28.196004450726040       68.638800584672779      -32.632741880790697     -145.970290906563207
      -25.953596297226035       -7.424108567796909       16.709750888983365      -34.266148220443647       38.940487780947819
      101.796548673877638       -3.525876385779986     -116.091569274902554       31.750659590621691        1.378300039143060
       74.247385258860874        3.495032755842978      147.198355519734406        8.858394479572612        4.526798547405776
     -240.440255585213720        7.736829787520817      -22.672076032357221      -79.978826440733300       27.850223703002342
      155.214482378830979      -53.718830187529370      -62.476666403478120       76.982137695394144        8.862431839262143
      121.412082288551034       10.919165483291227       51.971197184948281       48.491409867289072       87.241718997823384
      -40.103705604610397       -9.307520849722376      -90.278505093370072       69.161969364684211      -21.726162565979159
       88.382850006673678       -1.865839504377434      -44.706977564954677      -12.610167906490428     -147.433569331771196
     -134.624474117737321       19.512938356462612      -45.791494307791169       19.796858653913628        0.358905581556306
       91.149419094041349       13.953640183758573     -112.868558045477585      -21.101980187142086       -9.179595523570784
     -113.229899465992261       57.469935270287664       42.134387858300649       21.964201124365598       60.121941719938221
       19.344674857465435      -56.745313803360958      124.210081616341469      -51.803004094560592       -1.039274956838820
      -24.356003045960623       23.490142763145506      -38.245739561467097       34.273299136708523       18.478561305741721
      -84.750049125388415      -37.472231440796222      -17.927368197248448       47.513657125210479       96.937822164226105
     -117.551641629057968        9.059116372001057     -157.061337555807370       38.608677988978592      -76.596350184649651
       35.350463321320433       18.291796299169004      -38.379442301255722      -18.249809177851169      -81.830928081309338
       73.057021261586399      -26.539313698250087       85.682159307779528       -2.254072617922506      -24.702721840919367
       64.069723777033118      -45.006905131186890     -105.801508446421707       64.261944611689799      -72.205640380749969
       69.975674082046396      -49.936846928362080       35.993115473351267      -54.017108087538432     -119.147199087239841
      -18.669162753860157      -31.601832787457340      -88.568233915789619       60.835622117250729       56.959882747564947
       -1.681657410423949       29.213496065364289       -2.646197515190434       32.092905262811577       16.184580157425955
      -56.627534566781215       29.082806104454523      -23.974211853458687       31.501833846948646      -12.886353252357592
       12.553439670692315      -86.581636084094512       52.223014535592213      -44.340242274417264     -104.327338438919142
      -22.348811711567038       23.760825068218757     -151.821164658883220       47.563818338626135       21.251850239782410
       66.676136190242502       19.552870438359108      157.443318533780229      -70.886601493962942        9.717968268442576
     -132.170619876389821       35.986081119200996      -17.697433434113002      -13.182815244757077      -19.252947962598466
      -91.041840646487472      -39.818054712246600       20.587504351020968       61.713356724518320      -19.756174366920856
      139.846264327041894       75.618950908765427      133.414095692782780      -25.665070633271835       16.667081924686162
       35.502194666103996      -51.107007790833300       14.288904081386836       19.806055340107875      -42.941120840609443
      110.887374481747315       -9.702307633983263      -60.033933495008938      -48.509212841688253     -112.543108934144897
       65.275834295895422       56.534670271175429      298.297664105646334      -82.913704761648034       33.634510574600810
     -114.912162943710825       33.481376666797310     -248.072739777560997       24.323756204545326      -24.149516266974690
       30.518415265390441       31.123860511993708     -158.801873662226626       47.283559904099157      189.307214906869802
     -133.882548778032884       28.132050934432872       -9.654846917906761        7.851516557441227      -37.107912545721362
      126.576978717973446      -62.712191295373621        9.139983010749809      -27.954359440366947       19.461462855028714
      -44.183274611089722       -9.439006458095202     -160.403313861738241       41.357144649278325       92.709890202688428
      108.966824359553129       40.651596973732438       91.955741847156219      -38.142188868133331      -19.073413574698453
      105.606625661552656      -33.104951472218268      -55.883552554382682        3.867011549201706       70.466438741334059
        8.116405523108053      -17.563989062082197        8.949035199685051       49.220378123246341     -109.667480539974449
       86.001850500704776       10.070908405148000      -34.565210022100842       82.875209040606762      -82.787439621762573
       -5.941684164688451      -43.984174251181678     -107.129087717214460       79.743760999107650      -72.965611062624390
     -117.424033752175603       62.310847801050414     -202.061497231161496      -21.246969198970913       64.188557149912398
      -60.183999808500559      -29.910318948483148     -145.703735500596906       48.403424346172159      -20.091225811435589
      106.155567181598911       -1.500521574022814      -24.036306416668054       28.608832928884929      -13.973545457974010
     -105.163769909341312      -17.832799588492641      141.334333417663601      -45.319965346178002       31.529615472042899
      137.189204262664958       21.287812511660096      -20.927630829124936       11.865790320840969       27.493713822325933
      -65.927621285864916       43.137316583980734      -35.080422110882168       58.391476786533481       34.656760534676636
       77.739993192956405      -16.140930347854503     -115.335650381677524      -64.345237859595855     -157.999063431544300
      102.375873047822964      -68.076840787801899       62.445480947815916       28.628949154745655      -45.269660839811813
     -165.678566760591792       10.210946406950997      116.260101398025412      -16.794256812886982       47.072800570932841
      101.724688959088908       -2.007203585553617     -110.526364911442002       -3.169622454659466       40.615647048503561
       -4.103237966812028        1.064733531638874       57.828041619154860       81.701029120503819      -58.401284129282601
      -75.859702590924229       49.866148789107811       -6.268911440916023      -52.069341872906250       65.638837682891790
       -7.387838623504034        2.892131832347345      -16.500047651341841       91.938811030030195      -24.921866521757103
       67.396574302229453       -1.494454913511848      -70.868195114110407       19.084198603458933        2.791639893531814
       10.949253489311490      -35.359093298304337      -47.099969321338982      -33.555978095641407      -99.817679099822314
      -28.860402867042257       39.920916005721118       64.669610183384577       21.840023560065504       74.044897134389828
       49.256594868980727      -74.078909184224273      174.783838190167302     -102.881283091996153       33.007592696420069
     -129.949499129625480       27.344104233811386     -149.823552247288745      105.692912028587529       39.884754982459313
      143.947736633780949       24.953025327596425        5.150122771107271      -53.943663382376677      121.202088222266468
      -82.689799437566847       33.200383695524138      162.099259979702538       35.529516326103909      -80.162808421437092
      107.124787444174189       10.793389386668208        9.779037145377176      -26.496864641783120      -82.202857589786504
      -46.457888585504044       42.991959756344521      -99.104470307960682      -21.886421810541446      -76.112511327694662
      106.714517964485580      -54.286081019327831      123.124154239910069      -15.371311745264535       50.845241502987989
     -202.868411762719688        8.244477055591167      -61.692210019767671       38.354188455563921      -36.589382080124906
        3.511304418411187       24.991999754428129      115.001399684826751      -37.634185217248699      -46.474388707999651
     -115.034104941171279       38.978013130032785      -42.787714874970753       65.360305949939303      140.364282712699719
      128.274568154755599      -14.938074862049636      116.824001079350893      -42.249860862814529     -127.342276494339615
       34.048548996156086       44.039651358790245       13.005607958513771       14.899152361923354      -13.422843501447842
      -33.017276340033128       10.548523598493162     -120.126275874614180      -43.186697061476714       69.529651048194353
      -72.938092712327062       44.563411381334980       23.615969979219305       37.046873970347647      -92.532166839029884
     -176.355684058715383       25.704392334591034      182.827480798078767      -19.056255636988830       79.105711271781459
       83.004798976740787      -18.411574941677884      122.494959416662269       -0.309461111535437       -5.819200806355473
      -48.332843867477685       27.112135112313702       -4.070542354526813      -60.764123296184330      -70.356800411741588
     -245.530019747072487       58.614597833335075      -22.686986698675138       54.610576945244304       24.887117123714685
       25.099729362441721      -13.768516464186609       42.314039113230514      -39.024265488647551       10.968809158868668
       82.962970616748336      -21.891255164700908       10.147871808677936      -49.286241387256048       61.646416505905570
      -84.135671568621959        5.428473565443248        8.162854430326691       46.814740214251792       25.186193597280901
       22.138570388610987      -15.096732535524348      -67.995924339110260      -41.370241221641926       15.638668180247690
       20.674227692707071       -4.151807804117719       70.579872612894420      -10.671752127229306       28.596625337646934
      -21.873312677937339      -34.116833390139213      -31.685574454060742       12.901152680452382      -29.207607261228475
       10.328005892281752      -43.054821600136464     -150.956986174553180      -33.046329127652875       60.418058122801234
       12.430832636067423      -15.857167025241345      138.052762485765385      -61.153244268482979        8.714939830735856
      -11.986136093794631       -5.497659067608265      -22.170946271847210       73.916308092318616       43.113575132718807
        0.500707542482869       15.683013517318120      -63.194299768649188       29.152400654900095     -109.279319170632206
      114.651889820120516      -40.535561424312881       46.296978054720931      -52.257305034458135      -71.807049654713467
      -41.027097580138026      -67.173710341472457      110.842380365589904      -34.105185023537167       70.949786857203918
      -31.893691667773055       22.961009305157233      -18.902038981747264       13.408709816611665      -71.716442040395791
      -57.830391482715626       23.474743552877360       30.340437133034929      -80.400617514692613      -75.868091373621368
     -124.490650875256108       19.351629104218947       -7.639248557618382      -17.641629900444368      -61.240627329870499
      -36.853427285265617       12.501550362132299        5.876315090081549        6.287045451816294       86.226308182105385
       85.157107631086276      -25.514559571067398      -41.323313515434009       35.650458292730519      102.193734978520439
      -22.939447042506671      -47.008835093755778      133.757172013823975      -62.069035568108745     -112.983831772451964
      103.048605077280214        2.706559083930208      -24.692115362681555      -24.733632581141183     -142.959309228089239
      -16.647535944613143      -41.365906250489594       55.078446490207170        1.981564735773612       28.852132746321505
      111.772754395163005      -61.680797120960143      -82.001278383241413       78.388971555821456      128.440097503260148
     -106.580458192635490      -24.598494681626175      -24.583795996688128      -29.104699798338313      -15.921129573667079
      128.184102972424085      -20.333251413235331       94.364165685307213      -18.230015900880293      -32.168700431769281
     -113.787070765690046       43.029854521596775       13.661600607460409       48.567524986578626     -139.419836080637793
       50.758351500360526      -21.405168299899238     -118.089977334395925      -10.085788690796196       56.901516150338658
       71.721306277020190      -50.327360602672755       77.651204824716970      -44.472180705762149     -134.030297657974842
       25.238061114708461      -17.678097691695594      -15.212869286691996      -62.730382948204806      -85.227156956027031
       -3.145339321158743       17.531664983590787     -146.190223482241720      104.025753793610733      117.195351421363966
      107.214727544211399       -9.537551866041149      164.357103300614710        7.265249116351012      -33.378297538940608
      -27.934234261670046       33.580011208919430     -115.643002719227653       38.733914889805511      -39.160185386795291
      -83.552906739436082       28.328071938643696      -34.106444509808263       42.263697527196364       49.315544481517911
       -8.115481174960076       -5.056283224013020       79.770357272294277      -47.701551555517355       73.424623576551284
     -150.922554815432221       47.741109259578963       57.001848554190047      -80.893511034461895     -225.451383013360925
      -40.651977544963245      -26.278371751862302      -14.232885084066503        5.856170739265903       77.924207576270874
      124.471550880342164       21.984049484640021       -9.244108280431639      -23.896772562008337        5.997801085131757
      -68.338576122510077       15.699495393278077       70.335507986580382       41.925645311681066      173.964822830623177
      -25.595896171165538       -0.416459192395586       90.170966887975467      -58.912059764960247      -47.360853141812193
      -44.708195238036211       36.624500221130880       82.673226317402850       -2.052761643321672      -22.504173349034140
        7.471369535142140      -11.990813066456589       -5.532812422684499       47.608306605484721      -97.547955283518021
       12.870523676971759       56.327673728735050     -128.023566252974888       53.827684991740554       35.416229836384524
      -24.188323535495662      -34.163213400939952     -109.382364019750312      -12.673280620134651       46.686517396940530
        5.396067528393807      -11.670312446431968      -74.278608470315646       68.729145803158573       50.798544674227379
     -130.691706752697826      -29.008449501614042       12.132239280567589       20.448245241441750      145.942293686005371
       63.335004284488413      -17.443275606712234      126.649640012132323        1.577279591458102     -138.124295263248911
       45.217978802528791       -4.532126341207576      -39.545290206279581       20.691516263316252      -63.915011316747261
      -26.231284083893627       -9.178355047645375        9.069734758923779       20.452584720076356      119.720531330595989
       -9.287060271158799      -18.011333359483565      -94.497268277838288       60.873522532390268       44.237297783241907
      133.702479713506222      -31.782402484370014       -6.188869433035094      -21.407443520409409      -41.676129396880015
      -22.255869495770646       22.926656942544565       45.644749966548702      -38.633622654919776      -27.073326884256677
       80.437141913786647      -66.824241493360120       69.611273733370950        0.776303468741499       16.028655327527144
      -44.844709988345024       47.486531626672544      -77.787253304701778       13.139669827397887      -18.926055577986013
       61.869490964005387       26.058904722362005       84.913365026471922      -24.982944853832787       13.435553088275967
      -38.456474716821404      -23.179504766328911      -65.305401488410752       10.300451953062186      -51.489561703434298
       57.644407209926662       -8.948237799004787       69.302374615441266       33.278904545005872      223.067020266807248
      -72.367348473472020       69.750710638043870       21.254098074939591      -23.363328332739840     -134.001980327754552
      -39.485846192448399      -34.736233591040680      -84.987898363440607       45.657807987770475      -64.375742424946552
       11.270407625839505      -44.440979685052262       16.445956542533281      -37.216610533361262       91.682550233955112
      -62.301744540688063       64.788104989002832       47.347267265267206      -28.387987486973898      -58.188629018096442
      -34.989654694491279       22.566792712139240      150.861951087079945      -25.236589122645146       65.965626967016959
      -26.288953982468740      -34.826906096035685      -49.946471515908371       -4.663417142161657     -162.695525352269442
       64.079920500301455       51.621624020029465       -0.925616721582301      -41.250646357060539        0.273408855877134
      -95.611725892628343      -29.770711498798953      -99.844358363764357        5.159481780934050       31.214379582575656
      -31.987244881681526       -2.350460318841812      136.012019178351238      -14.402181219247435       68.952336957419689
      223.551643336375491      -87.879268544385852      -95.361376208512269       31.487851050311917     -110.851716597803261
      -32.433709809097806      -52.894051652332706      127.062362282182775      -35.025895000861645       91.389083045067565
      -34.284586238739983       49.700236781336336      -10.513115570672349       22.922875626828748       56.651638537457657
       42.129487914093168       -0.432423908699559      -64.827503136343452       44.060804931017934      -48.381546108910477
       62.345813880404059        8.203883921119651      -92.280029404217288       -4.584070603582331        7.012060902489931
       23.221614153846161       19.595663012344612       92.263078324117785       23.652986215119888       71.507719762869442
       17.140979588041226        3.794689339318885      -14.314715959753158      -99.877958672385603        6.704113943852890
       49.232231911353153      -49.518909137744131      108.677948039641421      -36.131944221106615      -80.256796547877542
      103.897301847900266       20.404910742833408       22.330685794981552      -12.941645736747805       81.839783436824618
     -186.244565757942013        5.791770664454435       21.040211489363550      -11.781474772520049      -88.501808139369430
      -53.916155669796638       16.601648511967976      -18.132733419205177       33.706748820062096       -4.164894582442517
     -151.692379693235068       89.422801124107366      -10.740378547583976       25.869843743631680       90.329543894115076
      204.586259576465636     -103.985281580245925       44.913467702784565      -65.433223456731938     -121.671534685369849
      136.510790587105674       47.148587136749740       46.090597851229020      -29.641617486922918       24.037230632042625
     -167.969181346547714       19.167621206945412     -159.166930775839489       58.397868817390943       45.557842167546440
      -59.583731344837425       17.040440340426134       59.740478259597012      -22.228529402471015     -181.428006434548621
       35.647828669342886       59.176834362841312      -15.326698836867614      -70.350112747417754       68.632343352210981
      -95.359375346038718       -3.211575746883998       20.921547395669155      -37.101513687012769      120.101633165301735
       22.648835585311456       49.479092885115612      101.301667688951909       44.427187701683735       17.105535952641095
       99.663021176218351      -10.026805247445935     -122.342870486379880       10.917472649722241       14.287317434621070
      -89.995693187797997      -13.934119071191633       59.067964202333940       29.437109880212233      -22.787574508546076
       87.611819726149321       32.039050826303281       45.489852750966804      -84.048311070477681      232.123117638868194
      -21.007801801900420      -80.427214742278991      -97.955208310079470        1.708548052674524     -206.727015988313042
      153.565808838281185      -36.016240327564589      -45.806346606665301       78.470595334082319      -66.418117501302305
       -8.324760328038181       35.234492607017962      -65.677816825426959      -13.560221429856512      -52.392860381053907
        0.578225858555862       47.436105041627705      -13.870073058702353      -36.427745302584199       40.745726768505961
       25.329256422277062      -46.130199498169517        0.599720198240967        8.361337442187596     -144.173538198705870
        4.138114273084831       20.310192163784272       26.395460706310249      -15.696641197568351      162.269697986145161
     -168.962014950848413        7.917740390026354       -0.473677380689093       37.712943261818012       23.261261700516499
      -38.132025123177321       56.212180111119046      -59.732557575983236       32.575330256443195      -18.818888659623482
       85.415355851312370      -75.038176998288037      -58.756709243183906      -20.948324491574809       18.559839128892165
      107.743068794302459      -74.650759623696118      265.941382111460769       42.778426758364887       75.888227379977351
       79.284239658202893      -13.943814802266662        7.815826917369177       -7.193804957245663       23.664600214032522
       91.831987967527837       -3.331374202328161      -32.077345951371996       -2.437298743303836      -67.464044773785233
     -162.610889058193379       43.082044828724804      -33.761843439244409       56.407626484609743       72.354843437510411
      -18.668560219259149       13.601306078029976      -34.424896499216970      -28.565749776967497      -43.892730759660310
       -1.425409009015523      -10.935095728777272       42.022523219376069      -22.457807723947429       27.502031268082341
      137.722941181888984      -24.371170431228851     -108.014597363346567       43.295290982901484       57.452904538227699
       62.922991197419542      -14.589805393867252       23.020835396126333      -54.789277124849185      -58.377740535917106
      -58.139145143901615       52.010191101982294       62.509988239049953      -30.371540322319522        7.725703296611082
       59.341238616898885      -17.480619898916427       93.506426166257981      -48.059857792226019       15.574257608950751
       -6.274702207249027      101.398686915873171       70.885609980315465       42.276214421524990       89.641204106080650
      -29.074596740444232      -23.723178487144366       -5.501642845274253      -13.153544970744942       32.163967804518101
       58.425393121069391        3.783457159847354     -274.578842396518837       88.562040755182551      -52.717387464653740
     -143.472330235525732      -35.171930758510356      136.543483892190494      -32.309987575330737       32.236148629622903
       64.759755453202544      -45.728569980692143      -90.715568862095850        9.036473113892225       14.955809833651120
       26.601348938122676       88.460118233483513       25.639980160107040      -20.747673860582278      108.795653167523398
      -57.509339288854257       82.708630976766017       42.480812743755131       -9.085216815887811      -18.048321845735448
       84.265143124911617       -8.054616248744148      -92.635085974726579       13.763059858925427     -109.836923901937681
      -33.524887465678496      -46.270412583833291       63.404634787179404      -46.183796130305801      -41.620444538376745
      -69.157410971224351       68.545720581734358      184.605354653638244      -67.739583379629963      203.065746072352255
      110.577015303926729      -13.220930769553307     -104.810330587988815        2.421803030365400       -0.727675358447910
      -48.154799733857708        4.369873633118048      170.567749543039270      -17.169265499107663     -107.411521392492588
      -79.055145278874804      -10.734950307095628       90.876707806244141      -10.272649642388544       10.211474914898137
      140.871587627783356      -24.604471085124715      -89.953311975691264       58.900892662393332      -11.797229351394323
      -55.396671934353250       23.339566846651643      -88.929098085015369      -23.165779307626334      152.834627323490196
      -87.286735043275911       10.364398022333036       45.701111836806419      -26.721217053614886     -231.325853000485722
       69.116877213910570       33.328059849668350       25.469991465370896       41.015534390840834       73.815575386869668
      -32.954329240562835       17.142625562796646       -7.931640973349111        4.091183342147984       98.195457245997517
        6.664137198692415      -28.399752720457549       -2.151506781864864       37.621818758207397      -22.104949374544802
      142.725676131187441      -17.583169092330728      106.803596411388000      -35.147917266850470       30.864462842559096
     -167.292488245029773      -12.464856000790887       71.616696811983729       14.860623768935870      123.158283672872770
       -4.909929806922470       52.213893009918799      -12.149101286702924       62.218523509481983      -90.014639995365101
      -63.847619611156318       36.075310424522002     -152.723146776601169       -9.290307394092215      -77.313938330363356
      -43.205674348435302      -17.402388322813263       38.291055172983214      -31.261294472950187      -31.456614478245559
      137.605225641525948      -28.351431096044010       -5.521538935231305       68.120391317638138      -51.386904102887115
        1.961503875399834        5.582477856560750     -154.519768247442727        7.482071198353813     -182.018752500238406
       62.530734035830761      -48.639640462766437      -89.016349648233501      -22.738848831004958      108.559018488504321
       42.025404459669801      -38.559986124734209        6.031230399851821       35.042656288703036      -89.873671352840390
     -158.154128927177055       26.542684639598235      -58.419682548726499       57.250470467014445       -8.880779480413874
       25.179162611838663       46.252543377621194      100.711015833023765      -46.965636322854238        3.074132573015077
     -106.844868221975347     -111.915837660507975       22.722004112130261       64.798820207464232      183.126682492711467
      111.383773891948451        6.562185592804909       82.452950907033028       -8.205849649557061     -184.104960464368219
       32.329818439767585       19.203711012311043       82.972244182352838      -79.848999954715950       81.883227733478151
       76.434271743413220      -74.449187811654113      129.244790031063019       15.498722973670043      -79.087247534377283
       37.056854493428162      -47.278456035018166     -104.134756152266050      -38.925547815452546       77.319096130391145
       -5.050654731265844       45.071777177030697      -21.353619682905730      -10.908711910921799      -74.392121236478701
      139.081152078450117      -22.839123641818659     -116.373666549013208        9.302617087561483       86.381031956349304
     -121.903452329834252       28.213910300398894      100.621832153633079      -65.475872533961635      -23.821724159773460
       51.662483990845118      -93.123742670360841     -165.521974462019898      107.779679804365770     -113.115298068739818
      -78.781796385369077        3.077628441983190       29.859049094424122      -47.105572476820875        0.167735095914414
      132.866245256596557      -75.690507112725143      187.748597287294643      -32.306880761455552       78.687671523147372
      -29.105658080438651       45.204897853195796       19.872609911634143       -9.827856928605371      -44.889509968119647
        9.949897112680702      -31.136011814500407      -66.866012562098120       19.875329813786614       -7.023540259708370
       -9.028424050136268       15.915230291459787     -118.968218456133357       29.539793726236816       33.324826119814055
       38.255531218507748      -41.793321973910331       14.104773185744751        2.152702180490738       85.093294059762883
       80.082552750570486     -122.062300621032890        6.907897149594179      -30.634830019313419       23.188489942679698
      -55.475388354822677       59.640065938874976      -19.115743682252976      -26.317961821886495       10.860654634209558
       31.409066305957396      -47.959107397069296       37.956448162750291      -44.614654186244550       23.972117666525733
      -80.298339502271830       68.323207965741474      -25.665224999479211       40.142146821034508      -49.895345156587993
       95.769869188878843       53.869637644763145      149.911820537913371      -57.762011695706541      -12.771538977938798
      -37.643261891608880       -5.147219393648684       41.238734311338149       17.951209210841011       21.708601676932002
     -152.521610276587154       65.865144381648378     -122.854581675612096       27.161251402937687     -104.265926996691988
      -38.020627339036245      -36.605165558324458      -46.823863989219284      -32.946637991847432      -94.600212390794709
      118.438230302102639      -17.510384531408764      -67.783837273135717        3.247320130348169      125.206485815379907
      -38.739505798316245       14.020071140180455      -68.999689631252707       42.159717852632120      -97.673291992869764
       11.271331321193552       22.327331847860467      -19.211782956905083       34.171989383359431      -42.426228603762326
     -124.154337623475257       10.434763378015276       29.312497594688566        7.876089858815456       26.063978695125630
       78.026559088232261       25.905160770262366      -19.077453130646497       48.051150511225636       78.369172863458274
      -52.450737692066696        0.529859187081865       97.647417486652415      -55.428445087314664      -36.009976106377849
      -71.586912374251611       71.343371849107044     -126.448241999848378       19.670594568598425       81.491605734677108
      114.901048222641634      -19.803171641237224      133.315232960549736      -40.031278836824193       14.598321799939695
     -110.563766268622942       59.296915426387038        5.264121583858511       25.058558134406606      -83.453809338359747
       65.748386332649389      -12.874259153086706     -107.829695553151495       28.162051011653084      -99.494233876671160
     -108.340526745661407      -13.138776588000606       24.640493930292465       11.715409129847480       14.292010470147632
      -11.873140288579799       31.729080526073460      -63.037054974722793       64.381231240385873      -96.477021921880876
       27.785453034220328       27.790364752559565     -143.667794964901219        2.360603943166688       77.354908734358474
      -16.706672919525687        1.470296310361506       16.447834972537507      -49.742689017317353       41.138131698418199
     -146.065960116001776       69.668014665155667       24.919689317153978       17.022906516952933      151.938578268008456
       70.022987046068792      -52.401997063519488     -103.631378077422056       -4.068590625324788      -66.830215274623640
       -4.493143184876326       84.134112582894147      -85.074864902537428       50.117841544661367      121.207374215506604
       87.300524362385090       21.607613622578452     -116.397970437465787       21.704075437269282     -140.351340987656812
       96.461742431347758      -36.576566679943795      100.727336501855802      -53.979971008446533     -133.902509991670570
      158.910096817815628       19.072647289992233       22.502078339611533       31.908044859953662       40.842380834735707
       62.714719554756222      -34.817197547095439       72.576715483220042       24.754198768143695      -48.512948154595513
      -68.190673124072717       11.461607112599884       61.001601076318842      -30.183746781987580       59.932872084234475
       59.566121922292751       21.281678197235316     -129.494245296538992      -28.953495317162986        6.266158550288386
       14.089496696103279        1.854641250937978      135.743073494778372      -98.346137576723990      130.755876636694410
      -96.077196450638013       48.771568655791683        4.197618048392846       30.067554862027027      128.413495335668443
       78.834346769767876      -19.532831991829305     -102.101741087532304      -10.130007573421269      -10.788685502759289
     -170.649036079874236       -8.446270966309623       85.396999077394568      -57.215121668297137     -149.795303591702350
       79.510040227791535      -10.503687547779002      -23.446300545777802      -27.823890135504957      -65.817230771794598
       54.324308710222340      -67.406259908774885        8.828154772284730       71.983625955750242      -21.682312006422144
       46.611968024997509       -8.630548018434098      131.136511529534971      -75.972637131585287       56.048860695516453
      -34.234194118508128       12.964632225728860      -82.000622322169448       41.166580920344202        9.968736337877058
     -105.967454091962210       40.295620214027039       -5.640951128556609      -41.842915324238497        7.081128399776269
      147.321118974169593      -19.168624925383938      -55.634675719917077       -9.462639541796872       12.333784187148133
      -62.145033704937241       -5.277720146720900      115.783816426333971       18.360424427651605       53.060036443816486
     -115.501102671954115      104.943401417858468       31.938606808946414     -101.625996903025779       23.795042526763300
      233.813279491220158     -104.654583316361823      240.844415328454289      -11.945488622443735       14.938255173534499
      -95.847304503961539       20.751425566994165       -8.914681473504247      -16.303774108732732        3.372682595491091
      -97.442182349661209      -89.104203057175766      -44.050873554652782      -35.416256223164098      134.312233091333809
       -3.768794510616477       63.599587756648660       52.398009283054961       40.557704833677050     -139.929948686110521
     -122.567338262311026       -4.436218052158850       -0.620165228912956       -0.838260786964819      -47.133091408739197
       55.800976826281399      -29.658983613973700       22.320624881109634       24.733949314604406       34.267493093167928
     -126.275139351347704       56.354142545048326       79.800858358478067      -53.834137936796573      -51.706733552737802
       96.263310859970673      -56.381783496442054       90.012578875114400      -37.097608215730659     -107.607488204049886
      117.688940591197778      -18.469854264110843      -81.836541995627201      -40.031405009274600      158.067777388419046
       -7.945551719790203       -1.843855796605657      -53.262084051250930       51.917132807004407      -65.546996256660734
       13.561957020735326      -28.411342029750067      -22.598437970099422       23.574404755322391      -42.537292517847469
      128.396285301991014        4.049094610145347       11.244137657184245       19.079272643140708      145.727421492282105
      128.472048521942327      -66.169754092077554      157.691245449126143      -33.494697275529489      -46.690524009687159
     -143.374874696066030       29.023022973564839     -106.964430296567372        1.236198974511023       14.232519566773561
      110.524264984602070      -16.121293613603260     -100.709529488143616       72.814275365769859      -81.883951153505066
       55.349660592976633       -3.025137142015620     -103.199431052935807       81.544351962109900        2.739959094052762
     -156.257931496976084       35.480999395368947       29.318815520808300      -82.877670584121731       13.556014831313712
      -59.296926059162168       12.120842296408428       85.608762048766920       30.758832510979822       -8.439447144260622
       13.957681126170478       14.238942529656271      -97.538066002024820       45.509044201241416      -64.085051386656616
     -120.811208506425288       66.305460643392465      167.499552539287038       27.275125685633014       39.221138900539977
       47.967058555511883      -26.854052553041342       30.827127997395486      -32.346978304354224      120.329205501645689
       56.075428827750294       -8.161023699535457      -81.304221758958249       72.850418960668776     -111.591508795914024
        9.590600968012112       20.025466786424332      -31.522817420156965       -8.773662586265699       26.842537774180091
      -50.838609294836488      106.958577019457465       96.070473447545893       -4.576598053377698      -15.853413003423285
     -102.568741760303780       13.222495517450229       55.688973199397537        5.791568658568105       38.603412847876264
       69.769737800141229      -33.613464902528627       -0.592790131587170      -99.761982456456394      -96.031652565760098
      -26.088515650534333       55.566795330352676      -18.756126251505318       53.748536871004916      -12.155280109266821
      -16.274329776005249       16.706936019788518      -68.345602179748028        8.617123192305481       28.655597008280093
      234.385499107208403     -103.270743510629430       63.560674274804313      -53.409712293519156       39.691230526315607
      -57.709325970366741       88.990529209938458       88.041273767629221      -69.985108986646921      119.912540228311670
      -56.603033951850065       12.213265544568795     -117.112507662855734        8.824851983194423       29.211973657181304
       -0.729678460322440      -63.528898080164190      -14.287330876861178       28.608947507018268       51.549071203177341
     -132.421647236307933       22.316076302818267      106.356668244304302      -36.551049805453360      -22.751629094669024
       78.954605208781743       -7.363334428396741     -137.232320764143054       20.827660770906686      -37.226645409525958
        8.208096557253233       23.415304123818949      -75.041955241665804      -53.209118860098471      -20.979560926645878
       -6.987800854120128      -53.885175171685574      182.334215623232666       -3.930900636883376     -102.000661053374543
      128.146227730836699      -17.211446211799714     -103.285235878597732       27.168149665537719      100.467465899673385
       59.043266533213270      -45.995927060998753      -11.773706839034642      -73.448202872054154      -33.647933944940021
        0.132963953749078       -1.614225283206651      141.768229778243835      -58.787375146013474       -0.438367038395798
       82.365868417383908      -25.180880688640041       37.708434266749826       43.458036937443751     -124.898799950341072
      -86.098410844220467       13.417802158047483       53.887615551525329       16.059509613992820       38.356591949685111
      -15.070014511021679       -8.692562701848635       -4.098553378058694      -34.687935768853123       96.139309453418051
       14.676515487716959        6.334368005357196      -20.696967478552310       21.227626166268060     -155.246748322271543
       53.477501729309466       21.666943952526676      -15.632381845331217       -5.210474482141304       57.423347418774263
      135.426651333161317       27.134369060521227      -33.344563001656567       56.061416158112358     -107.371851842746707
      -35.235688179382855      -69.807124736661876      -53.184927321832518      -22.077117911655179       61.932382085048260
       55.771643326274301       42.151482041915045       80.922679332692240      -28.275956821265883      -12.074568709729961
     -135.289329603474357       -3.810044888260730       72.122510408159783      -24.877828744390559       33.424775297889134
      -77.300769516477246      112.450843747058741       62.260009397534340      -38.028412898454100       90.327424203748976
      -19.759001309691190      -21.484862398913791       35.117777090799891      -14.567442104238202     -101.904052379443016
       70.189326360582541      -85.273267396396037     -126.220569728826220      -26.848188226674090       36.656901922866403
       71.243438959362507       -4.845563619323364      188.346768952680662      -14.631440089926340     -134.388247947252978
     -190.197082041663094       45.500164123937353        8.822076923639539      -10.306753269266379       98.582841458894066
       34.587638812202542      -34.129634699127010      -73.925140520837544      -23.262444995154834       69.785338570597489
      -88.997177354694585        5.904046487184974       53.007600455947831      -32.287736261382129      -26.014261375783086
      -30.940591465547612        9.574786380763008      -88.467351313994612       31.142799323688433       15.791821160006167
       28.650679721582485      -10.955710939236125       60.363706850035648       54.087700127302654     -115.665989204627692
      -30.140088642449797       55.563603832302611      -49.464460346226005       35.795498558538462     -117.256766536374528
       11.447705120294748      -16.432328487013322      -84.323698185634598       56.081873148988386       76.233147090220697
      -29.334956007477174      -18.365430020248361      -11.877507556292020        4.993330404829540      -45.708040287035850
      135.843330206149204       -7.830313128886512      136.741988699005020       15.481189728676929     -132.292916092383706
      -12.883688185821791      -18.527238070246565      -74.482733315742081       28.780559555881247       56.579160820627777
       58.672854433380863      -36.796558527984459      -36.877400625558181        0.114652510437957       12.238876518183366
       47.285126678532357        6.524667582068493       56.401624650557160        7.592036208268857      120.013239164761899
     -117.549992561798334       26.032230953412629       19.344698587297270      -13.878819259798822       21.669931464199582
     -161.081087675203719       29.291933778363386       82.293832132271021       67.159028363921010      -98.738254117733007
      -46.551799238139374       -5.874781008418569      -42.303999848068187      -14.567611158824686      -19.865780220550072
      145.008347259143562      -52.629726067847415      163.739752656874316       -1.021818425733180      -74.755819124603121
       -7.549447029509085       -1.539313608064569      -75.921690425660614        3.662053664570500       65.692427187325805
      -14.881522821156890       26.932933010648544      -74.026928472892791      -16.040889712108466      -25.939916840030257
       19.933965005944600      -24.372743249876905       89.733945145696737       -7.310824075129568     -122.915405398684513
      -62.464236153505546       27.941283163973360     -336.400202930571425        2.013947509547160      231.310017407143533
      -14.146098257603084        8.456257499749846      -93.184295544141690       39.459714836542943       13.060018555727504
     -126.438193517575925       84.201117690616243       15.028516975965694       31.335117219317215       68.630299234024406
       47.497156782045458      -21.182100135503472      -12.446928106468494       41.699183922092509        1.478861177629269
      124.852544934155745      -46.400892266210391      -11.816831596284688      -15.994460535702492      -26.448945944559636
        4.983899800007049      -44.006002622507040       24.882071200314069      -40.876873720185728      -21.296570559586048
       52.625624550919831       -0.009449595767042      207.501879139094513      -32.533722239485265      -14.560194771047748
       18.707708241869835      -86.593635856296757     -210.388829849994892       21.347994171399588      117.875552090986872
        2.211795428987010        1.968947137049541      -38.946346962244974        3.702804216712424      -81.314999575225954
      156.724258729696771      -36.118750510093619      -42.119892990131369       30.476537960285331       93.312748855294515
      164.739034902844566      -76.598449624463512        3.091903449312585      -49.443563140894952       74.724227481008910
      -91.068735964229035       15.470489698528592        7.869509572208992       27.218621427101287      120.923689907519559
      -93.429522105989065      -10.776230906312653       30.685301994726046        4.968185968510580      -59.625288652956193
       44.748380591985118        5.236621220603403      -66.856177685686731        2.940529917812309      178.151688984668681
       83.187701346091629      -18.878550550528171      205.484184344818772        2.869818248644838        2.615622876549216
       22.541985975517470      -30.279865800706947     -144.073343882653887       14.194103917092324      -80.181748412751503
       67.439270208854396      -81.266376146566415     -153.263778254249218       -6.599046631495496     -104.447362329793918
       28.380245885312839      -38.924514618293834       26.494357151780950       27.757914559213127       53.570384734503186
      101.651942586290147      -53.269980782560879       97.248533690316151      -18.222483373613642      150.783298867342779
      -52.176341919090042       -0.735591702255406       -2.191081492311770       -3.395217391611059       43.444952608857903
      -31.330071745651210      -16.507486568607710        9.109645742120026      -23.425868750106151      -46.577036772804938
     -204.620177790904080       18.504025784186762       -5.096114486536290       24.769018305124476      -71.343340739709760
       47.582235216804065      -32.386253679510695      -73.172900927256933      -67.009817089830548        7.629389568113158
       78.310940153061253       47.499150555120941        2.409539206509992      -69.477058658867662      -10.373113076670624
       -4.527424520644987      -16.065167710035851      -67.000567649517549       48.418420805262620      -54.817311464147771
       57.393173939535409        2.251623514519103       81.469721762749003      -38.609884102219695       45.565555039321531
       70.379904800774582       31.533705712070759      -89.409581017322992      100.921194544235433      -70.265457021123652
        6.271014952152829      -13.435915395180869      -55.090625435145377       12.433460974763905       88.898390202280865
      109.066043960731989      -61.811671259551005      169.315949778170108        4.617113781941333       17.696126493841128
       92.473318492558320      -30.955458752275081      -67.137068710767821       11.817772997970545       27.299823301631065
      -18.267336219872323       28.499016645492844      -66.664966025679320       28.403333138126122      -75.442694923046687
      106.126596917305150       -9.255148266425708      -18.029738493572847       43.493960267457567      -24.320532550838578
      -54.046536119871853       -1.069176839318959     -117.298808448071938       -3.943377182827595      115.323991501048297
      -70.283090111003105       27.418059830687881      -15.015532899177932      -55.325780275492633       46.531019880541841
       81.595171228547343      -90.758848478747041      -61.898895436668560       39.267056982973486      -29.689489143533510
      -88.276528739137021       38.865638148236073     -101.327054944762793      -18.451255472454587      102.690975256245196
      -63.329318020444717       -8.258811015995358      116.784709942220218      -45.386586364859411     -243.115589617576092
      -62.147506878879653       44.423736573682525        4.007974923691959       -2.244927642879192      109.626941711924147
      170.911819251708835      -92.735348285660407        4.814670363668254       -8.072086102988667     -123.917915066953555
       96.261575893641890       93.497082547269287       -1.902127686493165      -32.632499861216090      -65.587327247406733
       60.568949163075480      -61.447913796777115       53.898878975585717       -3.584918693468626     -102.802386893862504
      -86.635092438211657       34.542359332717773      114.576286313649490        4.414918697413383       44.374318070841490
      -69.748055804737376      -10.709010093020126     -166.520048005913651       66.564951696937968      177.188439986173563
       31.016063904556059       -9.692720607242901       70.320747666236471      -94.037645288028585      -21.738517219947827
      -13.110446978845044       41.474885600807902      -37.922976552026014       23.962069990028699      -20.025705432874009
      -48.710897837083984      -43.568624963946142      123.431002430670716      -21.137583662055057       76.580426167013457
       26.149437594713756       -2.523967168274589     -121.291362927972457        1.920769025221750     -143.968022497734950
       25.210746191232243       -0.782012015577755      163.243896615425200      -31.856325814210184      -92.876241231991784
       83.382600933708019      -22.834876640230309       15.678207115467709       12.185480760029213      122.752780969486594
      -46.188104719629088      -25.817635512530465       30.499015958353795      -88.974822581030580     -130.980621741826383
       57.350316159116176       64.795595840489426       -1.321021093067625      -26.656980786137936       77.640041932483570
     -134.388037330337255       51.752713092180201     -190.665780384075475       71.567926898740112       80.897936911691374
      171.030561583892876      -16.049477486702827      218.693361491322719     -136.725298625851281      -65.934560928668631
       26.766076897840033      -15.601389670940243       20.314100468249727       60.237632744117334      -37.378833048009383
     -170.759495786599075       42.346107993687887      -20.816588680219994       -5.425941610915191      115.111828680980551
     -205.326293394854389       -8.196373037611380      -38.134406393961569       57.212482739379219      -17.513132136271430
       15.385022084827275      -39.484973900919904       91.233177801486377      -21.609629765947798        0.878311991595691
      122.908072749697752      -48.976005400915689     -115.504345376626972       29.722008215234990       81.642018281020228
      185.223595191414745      -17.898003490209700     -197.890169849326583       60.725582967650006      111.513546458808293
        5.410955207773715       -3.843043696605128      142.462997142852856      -38.408858137630972      -89.540458241498712
      -26.836112138815796      -32.695343744822168       15.630874697828453       39.892955162981707       64.356779345098843
      151.720024007892732       -0.306572136343959      -30.702682389501046        1.765310178942029       24.556108016126046
       10.278549464884245      -59.955422937434825       94.295383625630208        7.803981493974927     -125.014213657786584
      119.028104423761931      -42.771586477853319      -65.400172920229124        3.814233087970099      -72.742599113585982
      -96.914303008818521      -36.392201675167044      141.026197950566285      -64.195860970278218      102.642912873125070
       19.320596910830961      -32.858944874457812      -16.343057856721664       -5.116747181315486       29.096484624130035
     -126.693547718835717       10.797920019847600      -14.529124006094332       47.673904909349304       12.354728874928266
      -63.393114066362671       57.918509701765366       34.842714371158110       -7.469985537244163      -13.741505129981180
      -55.865631052799586       73.946956406225439       22.983410089123190       -4.767269289046737     -144.695192578534659
      -29.407142222761465       48.104305242488294        0.074015750982230       48.504678132871213       62.973696339049745
       24.809461330803458      -47.509232522349500      -73.346370384189683      -15.506783133516739       56.312213175248637
       66.812366727481859      -28.142728147394251      122.882969726501898      -15.220860988853092       17.890086154840112
       17.585096171875801      -27.420669756100100     -167.027582557347984       53.345969896692409     -197.362040532049917
       96.619390665601259      -48.426737656165940        1.527272996709581       34.689291229090131        0.445758454563279
      -49.181510707039081       34.777764276135954       -5.917729878864673       59.558987705104819        3.376154510960232
      189.885112658183772      -99.489579353691269      -31.518263515912249       25.348093398129535       77.329217230117266
       10.430881372622798       -5.636322911302506       52.713787454305248      -29.108691826356399       95.619378032902404
       75.975500150224192        9.684153934221447      -40.970380215763555       46.566429891802912      -34.016576085972524
      -46.744730922194989       15.701433533373889     -103.060248321017951       29.629368646296761       90.985221813626652
        1.279677369369105       19.143331511883460      -16.669112549140170        4.129518751687339       87.867456257551012
       33.104205081981533       40.773245825209159       54.017472862048912       -3.844049114405398      -96.812174521287801
      116.669764619803146      -17.260742564912572       71.825932202883422      -13.898768350239386       -3.978578521001199
       94.172874412826786      -18.378531619737156      -35.220541851146812       34.783550573346709      154.338409484053614
      153.508838210615068      -40.864768483107582      134.850304184627447      -35.367889865787539       42.595355741796546
     -141.097159989446197       56.000228051815263     -285.408313869725021       64.845748407431927      -14.746251461365699
       71.173635649359852      -52.253258665427047      -43.410411127263878       -9.612743577419876     -114.777575199371796
      103.415024311750400      -62.545883935624438       19.005961825271076        1.239517594157567      -30.234741025614831
        7.193939927254239      -50.165438738986666      120.105365883230533      -48.592350349247639       43.180641935680043
      -26.042487749141284       51.541363712383671      101.698474108428456      -82.822559951126365      -10.510907682782689
      -50.011359130219311       22.390402760669176      -97.179464488922463       88.143613107061597       20.657041498271191
      192.712845668443322       17.770819105594818      -50.967534465869861       42.529568960622868       54.472102192158218
      -48.414087450430472      -22.895274394846432       91.582135297934812      -32.412293802887262      -36.658442012926045
      -97.848818999342754        6.541562702846935      -58.701960064362964       68.749128241114477      -12.734791612820187
      -24.459628998400831       31.748776291112531      -30.499751099654951       17.354933197627759      -18.661698827482709
      -34.139014180068941      -13.435865070889337      -85.368205706635791      -44.993394834655128       36.095647715404795
       68.281109333114657      -47.645179657276444      -74.991720592647724       35.939567613055978     -155.405483389832710
      148.317930228743194      -55.211377094130633      152.466208951745671      -92.221971955530876       21.286867178558182
       51.001760318081978       42.012825997137433     -123.550268882867073      -44.619154959134100      225.347143062118363
       41.828550360283842     -117.131186074313831      -15.990139475798992       -9.044082162673961       -6.842348736192903
     -145.513225944909578       30.982557190569999       34.058140473496394       22.444201010137977       42.656988945905589
       -0.459221825964117        7.622310169325037     -119.575799513306293       54.028581471102171      109.014926866459902
      -58.913589086097048       26.638629732456216      -47.701216058928360      -16.321539518624679       38.938932203221135
      -23.584023555737875       -9.465749888609141      214.505670249195248      -57.981673804937081      -38.533270865872289
       47.503542315293892       -0.906000013140498     -104.616552500601230       59.026797795167603      -32.430807659676866
     -126.129266916401278       34.118166151400018      -37.343531371503417      -98.861102355967972      -42.509781428285713
       70.071437923026167       25.402184549271976      176.834114414372834      -15.536142247141409      -22.652175784824887
       97.566197569782688      -22.767494595951408       43.235103853349571       25.148259993504105       45.346936048079904
        5.631091668549658       22.739389181670418     -104.034570313037307      -15.237935734704209      -43.771982134811417
      -11.721487669918652      -11.400792266180689      -59.749538325213059       42.001504533374067       32.223717049399049
      108.918033723033602       29.182261820963063       16.472553676505978      -56.698950479515531       42.085350190154948
     -140.723345541354803       42.406090202328109       35.828676443406046       60.556129109017533       15.116189597416568
      -74.627994622085637      -13.251406774291977       18.776971675764869       21.781787579142009       76.817950858223298
      -42.209007347326207       48.420039894590737      137.232071038405820      -15.760633995497360       -6.505567657235417
       58.321933880836220       -5.404851216426646     -123.891303839419692      -26.696806853991333        0.118718326128300
       68.605096308752707       -5.913985870325805       -5.014520784263955       21.737330979895180       -2.514978343051633
      -25.006712810848494       27.232454718283101       22.265919325945895       29.344875955256565      -25.334549003137674
       14.443464775806016       44.973060277422007     -120.746898616760532       -5.143006272850421     -141.027864507110223
      113.984898025531407       29.934326587980284       -7.767359123128196       14.510671244745819       35.460957859076018
      -92.972578920824361        4.853600965656269      134.319001136240615      -19.093104721440849      108.576929083340133
      -17.755116335665210       11.771954223374165      110.439940906991737      -50.799457008697829      -15.747452610077596
     -101.908899665422666      -20.452078980048864      -48.164845451857659       -5.595311902720545       59.184018126269905
       55.700180736180599       63.016584981126144      -15.069951492373832       21.382067379281960      -44.449182274109653
      -24.967119889443030       19.546698326793525     -134.252751769389050        5.526606049129052        1.611713848638572
       26.603510153469543      -83.499716776685304      -53.555276537826721       20.856232083694724       71.267223600965551
       46.731225420317209      -90.533841766384612       90.224538317643677       68.166977744573984       14.811086171926261
       71.622519866118012      -26.663823677484277      -46.087095116680743       -9.173344495886322      -12.929953386688762
      -56.698979595061090      -19.651036425413235      -33.369108786155742      -99.971237111130606       24.815053900586481
       -1.064101486753781       25.160630111557477      102.915485300082963      -41.066838608524378      -84.869886142109408
      160.293098913032907      -15.402051837900046      -85.798945671912705       25.237046052419469       53.033744281673940
       42.290628833137283       70.301396667784388      108.066928995787279       -4.540779622173003      -43.162768282447367
      250.778232201315859      -46.649954594868397       52.852835788596138       -3.893339005721967       54.670919847217590
      -95.415939033392561      -22.038930663314851     -116.483010819478565       -4.393850232933586      -70.434352645313794
      -11.430906648167406      -18.383178840614899      136.300739086252946      -19.973991362132498       -3.259524367637743
      -48.231974897710735      -13.500763954793483     -182.918482453705991       63.860897480822111      113.592943078159379
      -17.878923210386279       20.567797844794388       63.547741059963947       -6.553067547725128     -134.470097598214096
       87.353616112992313      -37.985093178552674      -46.715882852796454       44.495090969064577       73.907469810786083
     -123.831292529912389      -37.260258670497208       37.849120730621777      -42.206819986733414      -73.412141602198531
       20.366196350622989       -1.277680107849851       91.083500182892749      -36.549544023964181       95.247925567161303
       50.028451974255368       69.256920228442340      -42.256732407026988       25.967915676065569       81.144345180968799
      193.349185207055029      -35.749841751534163      112.922998168825785      -63.242142856023278     -107.093365276340478
     -174.809609799250040       47.944971602159214       -1.568366541031140       -7.733623915268193       40.842010120219868
        4.988257392889991       46.130815859605406       28.941494295064420       28.356661155803419       24.201676036735375
      -19.599465256452941      -11.123551530511421     -138.848612173985288      -28.396289308421103       37.535841857531203
      -50.794229467789513        3.432938338466096       31.996775305390003       -9.914816352030174       46.855390613105271
       10.934589052539875        5.585445361508905      -14.243903941012192      -26.070044852086735      -56.253276628293186
     -118.696503354501516       -1.503966484690067      -56.277753362707223       37.313865130412523     -114.404971733702865
       92.310051188380427      -62.832302771013282       -0.426730391115795      -30.011021992245965      233.916202844828689
      192.248157185408417       47.790909870062904      116.947632751990923      -62.869336327890167      -71.908652260238114
      -85.631173759949164      -10.934907517271480     -128.951628653333074      -61.620319441519456      -41.094233444300507
      -92.097497564782714        4.815653375594144      -49.474650564189055      -21.695555568679076     -176.936644503251529
       58.175233535396266        0.603000063605942      159.428218821145009      -57.607504626725785      109.620311420437901
       90.858154157334667      -11.723707447163791      -57.004129556701386       38.210447682246901      127.775434297824006
      -31.229012596027022       51.986027188593908      129.371631162441361      -31.740223732587967      -19.853757811171537
      -18.815671801443671        0.525121677450111     -100.336298170864822       57.590481288047627       76.345589031006142
        8.614219730699709      -49.101272107031171       29.395734864256969       20.518197133866959      -17.121664266004903
      -37.612071349612350       -0.460837866883895      -92.411404966748108       11.967320221957701       97.764779203955470
       41.673562849089301      -27.841160779403477       88.463425969517644        6.385440596991488     -128.129886689053791
      -22.724873893730834        4.672474423181133      -71.297895185661787      -41.344305812241302       59.191369375219672
      149.468391851935536     -139.416846597987245       37.570940833390260       70.036539290492343     -111.787092657083079
       63.842090795803749      -12.192535686130288       58.674101501271132      -70.478552808239911      132.370375803854671
     -102.645217192242782        7.281780921761938      129.212704118697729      -38.821490612634484       54.941590894533093
     -207.907463984704663       26.513063982718471       75.442854322543724      -22.096134001725304      -93.726091380303728
       51.622123906497968      -18.261393518704757        9.809974658697881       36.243443970778216      -33.387259708442343
      163.838594361460594      -64.045194018368704     -103.371531597945207       75.391868188497114      -56.872262928162684
      107.181679783647894       45.766635849030919      128.671024806498963      -23.295447664809210      -85.893491540875814
      -13.313617014360540      -69.051517340749385     -183.657076520648928       60.325947519906023      105.414471223892335
      -96.962434863189216        0.235372816074528       10.465184478051418       57.706055240916939      -53.752805209268153
     -146.035550753663500       20.833120904315649       11.002857131257370      -18.175070245537256       74.977325247898278
       38.696985947186974       35.008922623576062       37.013254777857114      -99.198234121278048       21.947882045027267
      -49.020495098982202       32.622665775211473       41.681275626525050      -11.267941223258726      -91.508342280267513
      -33.364426411657419       11.040560055340595      -53.724581889362490       51.401488696705130      142.657298108053766
      -25.893501559824646       59.565792065637545      -22.407057817995174      -31.961463348703852      -55.240789924509230
     -127.456939192571369        8.967609651538782      -38.975538656875884      -43.611059427729572       27.121565498713782
       21.237296283552194        0.577502960580314      126.927620769915976      -32.965298524511091     -109.777543149612356
      -53.118194534834601       37.102589662874834       28.984101631325984       -9.562011939243977       56.403770835124881
      -30.914765128876084      -33.508901124758651      -75.321151319865152       30.290550509418026      -42.366807147430237
      112.529308293198810      -31.736716266086752      -42.778173452656731      -33.717607867083537      -86.077949474610392
     -184.698978341490260       49.026163949464333       32.135192863145164       27.135667323271516      -95.450920165759257
       48.413266804662051      -44.118139468860818     -121.771544031436306       44.569322274924509     -150.548208937015914
     -152.264603101454895       18.671146597051390      -20.995890155518126        0.746026202629193      157.995979930948835
      -51.968891207902026       27.524531094478924       84.614501842898605       16.456645869976644      -14.547010603974980
        7.415678910411552      -20.353059237517130       22.133711293361603      -18.516924353880107      -60.038061309582993
      -66.060562362957796        0.058304498978911      -42.162652372015501       69.740551744805387       42.869676144149736
       48.682589810431708      -33.739582684776252      147.153167233187361       -2.840893069996764     -104.670135647548165
      -29.178837703350872       43.558139635933010      -44.190048957374515       45.417225856797849       49.338492676074445
      -27.085634007087805       47.013623249121189      -30.550545167145508      -24.285977733482518      -91.341979829276639
      -66.365812704788624       91.000560720402206       41.979549684689609      -35.518117047081681      105.226323835367154
       79.879833423050343      -42.917602289018468      105.331348223166302      -38.678255670692202      -79.737362053022480
      -18.822428654189675      -31.485039236096693     -196.776813221742373       43.969349912428925       95.919117531296166
      -17.987579226054965       88.696096476580252      -39.742131875042823       21.203745730467752     -119.126105646900001
       68.292107376726463       37.042102249620605       37.237407529204837      -47.964137721034781       86.159412520589825
      -75.498350697564177      -10.238431927993156      -22.549783096704935        4.300715311236666        8.404327897143583
       45.506218838407548       -3.822175392964698       84.334288851119936       23.569677007410981        9.540797244720769
      -11.502032285898496      -18.820300399881674       -6.236948642587568       63.592580931154963      -65.836544900765531
      -70.093407587351663       93.889134628797990       79.578992536676040       -1.538345628380631       90.923127280183863
       84.226882485661207      -46.460354542558143      -77.152174629840729        2.307726019995390      -44.116996445543762
       71.560138743664567       17.622015334386582       73.320305284566217      -59.861106252621880       73.155860982879503
       49.054015347465658       13.093640310138879      -57.574220181864305       91.979904699067887      -94.691903432385658
       73.709350315459758     -111.368892664811128      -47.228422094563079       28.668031246259265      -29.549133104243207
      -12.533156708625045        0.675672284313020       90.790699453875988        2.144186275256373       72.808991682683782
     -149.138620141016162       18.320766763852937      -26.534506064838236       39.986854620882156       38.531241050947735
      -48.354054743104740       33.313261797177567        5.876850802173915      -62.105960147442083       14.931657515266078
      168.297254944375567      -74.198543463242615     -123.350919224251626      108.392514238494215      -35.348939929868763
      -11.281029400643915      -56.763390515184533      -38.958012137331856      -63.594822126443297      -93.297729113450302
      -63.077804583231789       84.033601520373466      139.843626599374034      -15.465016479549952        3.815551680387878
     -176.186184167289525       -4.578370976321931      109.232568956259826      -89.475032804437177       -7.400363523246765
      -52.385977320996503       60.841892685832512       12.483869420475930       -5.455055150657510       72.839264781808083
       98.070405733309940       19.963677337131045      -39.243625252276885        6.475179495885697        6.330358821534525
     -112.368886588951881       18.591153181238688     -112.424548471651775       17.474290914888517      -37.945883850928354
       59.778609226704866      -31.363711858972795       67.980845118283497      -63.501960309862604     -123.638588908662456
      -19.383533513603545      -10.038609942706900        9.561003836962835       39.814640452405527      109.304642503069843
       -7.696497435806583       56.085444712139676      -11.709071205395938       -8.580239076629478       84.635965446564327
       68.443660818843313       -4.588796313369627      -85.718751417360792      -25.721249856461085     -227.692040179707305
       44.381713046177673      -43.998287593785484       35.244899342199581       51.925074617943203      -39.178919951146177
        2.871682543611986       41.835645510256214       95.073203546413239      -47.317034572283788       58.071567963719502
     -168.060956075256314      -12.005986556069971       91.977109743634074      -64.575047664303597      -15.326155372555858
      119.037921400822583      -38.322729540474121       51.573928798158491      -73.919084435837931      120.489664972672600
      -48.477918667958456      -27.612579676229970     -179.399234920998623       35.474839158000037      -67.644285483586373
      133.536244054823925       13.016018866271962     -101.005750214500154       53.629940684758310       71.932031189638494
       22.610555128093971      -58.854423730752579       39.232575285863788       37.978411532546367      -99.372718695101668
     -128.268856361815466      -25.178014256957553      -52.674127065726665      -15.038977488390326       48.498491985483923
       20.587428789331788       79.814047548900987      173.054173991810217      -21.515095771287527       51.176846361847296
      -68.378805397741246      -34.234616027106910     -208.863023020251774       45.796525523283620       37.043637916482275
       50.539598937846733      -70.978830110668710       68.186208245954717      -29.427139621598862     -101.336823854306544
      144.858345943502030      -29.893503734925467     -105.230013827798587       48.323457051750786       34.451692312308900
        2.898085331603581      -57.036818975237246      -23.321299321443565       78.219165692719514      -46.702943887663970
       15.441780691841551       37.789193406433085       16.348368754128707      -26.614850471597311      -10.731561612829291
      114.087149061871216      -47.741168310506772       69.064238913615483      -17.626009348922864       57.314580430148652
     -174.065150789020720        6.628563974565975      -76.490441563861935       99.748091006870652      -68.240509144647078
      109.700798938631308       21.254081473960454      -27.621620775873357      -14.221760915545728       56.667889698553502
       27.742642750893523        4.102004667030896      -57.710936350817448       44.530917934670342       46.880366199871197
      -87.070553102108974       36.788135223384941       92.281265619687943       20.860789909624323      -58.782749166227035
        8.395368219115042      -14.609148579474976      -91.266424161610544       50.022226405496184      -81.950080479206349
      -81.330847427768916       -6.256744286544443     -116.514172426232363       -4.807896342520413       29.475630818643069
      -94.715426191655922       72.475739292439002       72.213668980718893      -41.932748466329066      -77.168510001391539
     -122.513151086169955       31.913775636633879       10.032200089775651        4.154998189774486      -33.978956198955927
       51.709995124931076       70.767294427850644       17.732802319902461      -40.938835844960465       34.018166680430831
      187.949047146807317      -97.748760085648399       25.628014101379161       -0.087711880945902      -44.411211487085204
      -22.303008129018433       -8.776827762467979       39.720268288030212       60.648472141424108      -24.771390562513584
     -143.865774280148798      -11.773812182727168        9.031349216847305        7.185737698162733       76.488884627857246
      216.714257019332649        2.066809848638271      -45.446965732064960       29.201336787825845       99.677508981199367
      -32.522499117651918      -59.850111066646164      -28.282084442595902       24.120917584624774      -40.757170488924736
      -65.162860441450007       22.783075442188469       -4.398254565690415      -33.647448178593955      -88.287512557179269
      -37.551143725639825       -9.186742365953872        6.268026951209796       77.495875467759490      -14.041743272797154
       34.316804633919531       42.349000801832624      -88.104348270659429       57.878666723119501      -11.639577218769499
      -80.962206379138721       24.412160269875084       83.547748147670987       67.574972479888913      -99.328496612065067
       60.877617539871707      -28.531798489792457       33.908838976733598      -37.894445162609898      -37.480013406065439
      -42.089108539504771       91.494022970917243      102.123828332846870       39.826370252767269       52.186681958883767
       97.866660879186725      -86.389600109387459       78.766324277647158       -4.656451580326053      -34.848549780194929
     -106.751196086353872        3.837868255705674      -84.042434302110337      -10.965360681504263      -30.224422930363179
      110.245670109716201      -34.954125741005605       87.768941570798475      -72.533638184369835       85.014745092070427
      128.286132993846451      -26.447031666053832      -70.034365167847966       49.066703680170626     -228.428422998376448
        7.862108539086409       27.039578414903197      125.756807909534203      -50.060332483287397      -33.853855258399406
      123.341600927198073        0.321519011754326     -195.600920375851757       44.388931126837726       52.024556479673016
     -125.569413299060031      -11.786623568704341      157.972186993968819      -78.844975186523399       87.328958927688717
      -54.272911239145188        3.158279592378382      177.200013617589633       13.891942352198910      -14.390780628880275
      -62.920086601943972       88.631829519923386       74.439182590866181       31.813748035812093      -43.101182461249870
       20.441587001807065       -5.211212459451637     -101.110294463797686        0.382857045875785     -170.698496905945575
      -13.962518384500859      -17.803153520433671      -95.376968002614873       35.336696825083969      -18.726122950293952
       23.310052325769302      -29.576220197829070       93.058494603776808      -13.549237699073796      -54.403441825643590
      -11.430181764011538      -40.486414573763028       29.407978093631755        7.654368366021891      131.142903822802396
       96.090805665413299        0.698860409938990     -122.475339723196143       -3.576527726430915      147.280575431930856
      -18.658288311338985       80.891527996902809       90.285375226605751       -8.834149725420350      -92.663796721144735
      -55.053746632189537       11.792666179471990     -133.971893850452915       -5.796352022691042       47.040564565353939
      -58.986778913691666      -21.022995993631262       85.750883261507738       25.969953115177788      -45.874288662045466
       13.265878651582526      -19.934340358019838       20.553271822264598       33.769033887013684       -2.191684731077530
      -70.684709418345804       85.665594200933029      106.607245903400852      -56.512451948064665       26.804146427674937
     -109.155163943886123       65.860032017692035        5.419627929372711       56.142035612361880       -8.920144115071562
      127.415751432001940       10.902553433167062       11.492753757570176       56.797425915892980       32.803659959030981
       43.233418262061953      -18.919103014095949       32.375757307848595       -3.821125441648621      -33.911796078467340
     -102.838733390453825       41.025131136115576        9.734711665066378        0.555190990373224      -51.116127525688761
       99.775615702083456      -28.767081587422531       63.960459382692171      -43.554901962384058       39.110545175226804
     -144.656405053594710       55.519922678279976     -128.825367252947416       86.314379337702633     -173.497619084881563
      -68.324773369645570       -1.489042085732104       80.189128365339073       20.538319381412233     -264.187945812622843
      -77.965623520271791        0.517117759934538      -61.776514057343874        9.085532275116927       32.451840762556039
      -34.733030937309231       -0.957729748747260       26.021997126546051        5.641130438940302        2.877772382805932
      -54.415716309097569       51.758462334696404       77.430384343063906      -40.057573345655918      -34.225194170690287
        2.050108477504399      -52.285026514862174       69.929054145340032       20.036682128410153       48.234172673691191
       82.464233013884993      -55.138747402485599       49.794857084757162       11.259406765462296      128.519952588270542
      -95.224447486103614       39.919940288821678       32.456082630292563      -34.436637590630454     -182.568071860588191
       81.350204014095624      -80.228792150076572      -46.346996442569164      -14.014110153741997      -45.708310963606202
      -81.238365521435739      -50.480920478801572     -124.809982417302948       92.942378606629276      132.712585848047468
       63.567800062698481       -7.116734641461534       63.620613680345492      -69.821733165303485        9.999693491506804
       -5.208869318787607       37.387472965221740      -68.636264835411566       -6.822104303518103       44.083438277610924
     -120.044834092584836       37.588879841987385       65.780583261816318       33.868549470488837       51.959656475262449
      -70.185451284283445      -20.773507895625016       71.307933448948461       -3.502816099913442      -63.048810148444488
      131.043740286934394      -54.559946443205092        6.019510349432834      -18.051696604507296      -79.309212644084141
      -47.479581950491493       22.960268492073393        5.167645148983129      -31.053136111277997       79.633602324383233
     -115.138354139959176       22.832268458226253      -17.609171572536859      -35.371281548528074      109.102697860701582
       40.865601821008319       15.796628989485338      -64.750590295745226      -41.820998343648341      -32.466764592268945
      100.963162127522693       56.395404890326539      107.314053997147383       -1.432279396119717      -70.784917221267975
       -4.366659978866839     -127.833473410868507      138.762450165078945      -31.680011327819539     -127.926063001865501
      120.699247833012848       32.872053554467357      160.049906227724080      -16.793612960520459       29.602781076694029
      -70.740788835737590       14.151426935639117      -88.556222017079406      -20.959765312717423      -23.305726357681486
       39.135776095628373      -18.137924511234814        3.236410205640216        5.917853414418579      -28.196826124193691
      -81.575170547175375        9.533728070778437      124.599016449451696      -23.218348802488944      -86.216844391072854
       37.983597379256388        7.697840203828585      -81.057583524116666      -11.833206394181552      -19.186809645258183
       78.685876824024064       -9.340982821816933      130.481316048106152      -18.926264063537829       23.197593768548902
     -180.869457482363742        5.745227582859060     -143.838782179660740      -26.870440739691745      -27.062501926287524
       78.731527065992438      -19.704246381152718       29.397990551115694        6.780289113648114       77.489683822088779
        6.115431563882234      -87.295784061966430       79.524077394146431        2.583162170310152      -39.651222955951546
       -7.992899381197516       74.828233387650130     -121.105142518682158      -86.767113456894222       34.132950300806755
       27.742226662286889      -10.233810402592953       68.083189790617084       54.208290418447454       82.997836846965257
      -69.374704165240118        7.710446168891458       60.340646089124462      -29.862467053677705      -91.048314891383114
      -92.662947646002237       26.520980799402416     -176.693516225091912       12.274875193258001      -10.390510313105537
       38.494689622507764       17.886934829415829       -2.874399315160515      -31.425252281178956      -79.203370305518504
      -80.678749456478513       44.686843488173238      -48.432899644552108       -6.173587349909203      -45.006341174482969
      115.782052738838161      -45.527975125436164      -37.039987885954723       38.939104149627369       73.460138964355480
      -10.195167562041599       33.284399403192154      171.562351341637907     -139.280538558495067     -123.948483766039388
      -42.597467770400769        8.734820355662791        3.005094887214590       77.757472004746504      -66.353944480027224
      -51.954395972341352       -5.221614804352414      -32.018733658101439        1.544801914230963       27.525821205430404
       -5.321852098985912       35.810937105545783      -61.331786973456758      -25.011358219123782      -26.115078405157966
        6.351161991922983      -40.919947960926422      -15.521333146767512      -71.912594843391616       29.938596690664994
       13.181016712725681       68.841699322477140      -30.175548092679207      -32.022510980333308      -44.848696333173166
      -11.505125616263335       -9.919566020358861      117.856521466418272      -55.475771631478537       13.950508166725173
      -72.412798441269047      -24.146178276765557     -155.252505340180079       21.183395852157592      -82.644828337133674
       23.501747945156303      -12.883892963156910      123.655649504855020       31.465086763166997       39.645083289527939
      112.737161751310580       -9.430821372959878       68.971832342220480       36.763969511848487      -41.917942204905820
       72.788026957057781        6.364025444773853     -209.652558992069913       75.641308713181530       -9.811345117537234
        3.101825979838845       22.099259383871843       32.817489076883369        9.166720066197161      114.806121626761211
      -36.356000975155041      -44.399220531730791     -184.149728418301919       28.960216548888550     -118.740470832699700
       40.250582822433046       -4.070804627355324      147.329177695712190       39.735342242992822      -14.039540482961220
      -95.262901483930634       23.448719930359431      -41.835384800016740       13.956363353067653        7.137603042800474
      -25.089127380097853       73.597076829683729      127.739991149290759       20.697176451965898      -37.902724746199517
       87.819915439867472        9.891902402423655       17.044022315065391        9.368785507302219      -60.404239097944064
       42.497841884329361      -35.083731009381104      -82.108523373546660       45.364271955436109       92.065413043856509
      -80.304721368349604       25.344743987023968     -103.354021900233235       15.190416939176725        4.997583636162282
      -50.867038202358081       -0.019545742677530      119.475206234838083      -73.281113763303935       74.674132850311011
       40.811782368122202       15.150726976165533        8.819021737103236       -6.717379567088550       47.479559385723796
       41.279616684854538       -1.197085078218737       17.291980998961822      -42.552484196048738      -60.122556380398187
      -82.298912271195761       37.853435185586619      117.002152378588278      -33.822058822795171       -2.162043025184071
      -40.696467251347123       26.665654223393162     -120.589912168581506      -12.864731199960900      156.573507475867927
       95.288356121902510       -6.137402777741451     -131.292884809122427       11.168186127714687      -56.042277728327292
       24.937464930364815      -67.083704402295737       -2.332671884621404      -63.020962399601949      -34.284035656912977
       55.086944706154284       68.275576711639090      -30.866767903878252       10.502025649648790      153.716738857584232
      -51.491247614033668      -12.359173523421219     -111.325847003626066      -16.566223207365208       38.588470631365098
        2.246769582591924       56.147575072168159       11.302834651444636      -64.079674006479607       22.271455405621321
     -126.001391031987609       65.308669698834905      111.392970050853364      -42.418984565178263       70.370307870590551
       23.420412141587057      -42.352064157397137      -50.377026041368360        5.353756885373164     -176.622663018648126
       25.823745632081984      -45.550587677434137      136.725769908390333       27.221342628163573       87.614984348659945
      -17.301478620533434      -28.137804062048112     -122.457014479791169       27.362464878268728      -43.983919446548953
       45.067256087164431      -44.488016595007117       11.573471720746150      -26.321949096064280      -63.647977803502016
       -2.618006833184086      -49.490192927188545      -59.768215196179909      -46.603061314631418     -104.429918407395363
     -114.274512922680742        6.442698947672791      -21.061521035512371       42.504583121459021       17.700438515709219
      -73.761296405571983      -76.901538697898800      -15.539651900068304       -3.545360946044450      124.735672481254369
      198.510549321845701      -33.931148716633309      -75.918704084032939        5.457884492669444      -92.399754331645838
       41.664952076975943        7.482104700753171      -92.223088392771047       85.865142987180292      -38.604922104205869
     -117.870759621569491       91.464488427012839      -36.041256462807794      -17.207057316764605       38.595655078058755
       42.489638181105249        7.979659493830471     -133.479535105378488       42.777547887535739       67.807740241285273
     -159.862291591778103       -0.687255308370111       57.422478671208069       37.648817016003733      -53.406151775032271
       31.005955449847725      -28.308611798339495      -63.391374215337621      -35.871073054119627      -57.722645869248304
      -48.132264486506834       16.430993086743317      -87.116904490868933       55.964427282173432       48.148743048393044
      198.316339798431670        2.655353997078734      136.985854964962556      -17.261905408880601       25.869045972329310
       -6.386043515907573       20.300998751788651       63.175648525068333       11.601543312009397     -152.874359510340099
      -51.495892711251749       15.611054334007441      -27.726785448721301       -6.959090170015466      150.714686933617145
       13.286169956598963      -14.298566221884357       63.602233961338172       -6.363806945626439     -202.319524191829288
      -49.391657389387298       63.202159512862700      -59.201315677019927      -18.765324868698599        8.218344986206244
      -32.590389051065500       71.883297872697383       25.290859747765879      -39.454811167140157       26.209963957715683
       -2.418949872932587      -14.857460413919416       12.820270079988852       -2.632421257046698      103.312828101083127
       12.506091940282257      -46.622364970024954      -20.107337565854966       -7.644751579732381       44.890184907199696
        4.262670738834233       65.144487829689012       88.241936197206968      -48.803278334430708     -127.060622036529281
      -44.097830509949070       38.314166207958586       71.896946522348486      -12.189371133599575       38.919493211230886
       80.111015230332782      -41.160946385557267       28.646268345669842       48.272851494447828       -1.059779362645140
       34.606669280898032       54.901637283465249      -16.130874983262213       50.625773814489207      -10.128904063259714
     -114.580634684741966        1.620824393031707     -154.869628947926401       37.628825622258859        7.083708166370140
        1.304230013294444       58.737496789916001     -164.284755404696426        8.122038214151534       22.557839377781217
      101.045104000293335       33.488788505707106       56.921974938505144       42.099594371640933       58.740783262130762
       88.002895973459530      -19.370884324679540       14.168832316270150      -60.184679753415303       10.629212770879716
       17.063535373066969        6.869137679116890      123.358203977370835       63.286934930092286       36.698643477427161
      -74.499188225499353      -13.819856193722835       71.606912321841506        2.741421628477599      112.052107243799057
      -60.147907536415190      -25.582106010615398      -23.062582114158090      -32.853270926520139     -102.842146791897179
      -13.602701887726200        7.039394771001358       51.203834226954527      -21.731201761769814       -2.273792447830725
      -22.360801329986369      -12.819135906855196     -127.779380763190389       72.914686193838079       35.964765086036778
       71.785204524564406        8.551942354241831      -35.934989421572837       37.624872634921665      -10.454694512269601
      -71.376332784164475       22.420307048904661     -121.776853308820620       33.370918979873139      -63.551475604232557
     -108.515843555885198       23.246096878446615      -44.756422218061026       14.979780550493555      -79.420249142003499
       29.274642527319475       46.131161742530495      105.056120109573357       15.655192963788002       47.843269629823361
      -42.477862469462821       14.575172983044947       62.576397400470491       33.472817117823709      -71.113480339148566
      124.934721196393042       20.702775974742238      -37.872462341921768        6.806735023259290      -80.176626454547218
     -110.604238237842765       35.887443727037230       51.572943903628051       10.836460811202580       32.348929311505238
       69.177733954384649       56.732060625969609      -78.941169544209643       50.984634085147853       17.339373807587968
      -29.903449170999927       16.209691816850590      -10.206160002755871      -63.998264760658600       58.969572072129225
     -205.419010600787459       91.963821451848773       32.019962406037791        5.822466236630303       57.700442033851800
      -86.367509104254935       41.295818515092805      -30.658819649840808       18.023731213560499     -170.680624869138626
      239.276714238792579      -22.126253174273717        9.508229610886268       14.283216186768891       35.532953169445889
       40.886760917503480      -39.497508202208635       15.028871561845845       63.382628007064874       57.228556998329132
      -63.436140781615784      -20.978996105681684        6.810518236258172      -29.318171945884163      -28.277646477170713
     -105.257937981961192       23.404119227565978       67.821228547553929      -26.681884736133096       48.691588403776834
      -49.221667867126769        1.883864534954628      -48.990697471303086        1.559151189281019      -42.540993385253195
      -34.254475060782767       20.852921460180543      196.579477292029878     -112.071456498596760       11.015939890832882
       90.474222554968918       -1.088341909327366      -84.366590906870314       47.088611490587105       53.745998572517095
      -67.604366109523212       15.912725703963888       14.619433167512629       38.807687763615547      -16.988696598501075
       -9.483326625452230       19.915690432920016      -82.316564110990427       27.480089174425519       -5.695520784722544
      -10.477918855000102      -44.862153256215429      -42.744035862419459       20.111364121009057       13.708171080434571
      -46.173617282406454        5.962497053501538      117.063179439680354      -63.960351157479359       -6.336150324356617
      189.358707514431927      -19.819998747764039        1.396809578576756       49.868130300619690       30.179262023742027
       -7.558276317916277       84.173705058952223      -61.788184305211246      -32.381522464281410       85.738069275369227
       85.423468793592548      -29.643474883119612       80.768043072497136      -21.410683927474839       44.822231318018261
     -214.515653421679588       32.304594220523093       52.621445702678599        4.549685586759656      -83.454515952459474
      -40.365270580535835       -7.987324139278826       15.104930525304404      -29.277595981223083       22.786958493657796
       55.956803672140097      -65.837424098490573      -29.590868525210333        5.828871111842590       36.444015463232198
     -276.636823254142712      100.834264714151416     -171.905845811497244       26.121379549615224      -47.425670545653084
       76.881573202241526       24.345043684071722      183.713330530037723        6.950564509317708       74.612041382340578
      -37.270504455435159       33.091148746336863      -88.853667041898035      -17.877142770847726       39.581184041274376
      111.308832237086563       -0.979623378553673     -100.514035782323660       47.096515344723578      108.640910651971737
      -36.363706481398296       37.192551747926721      234.175743226445519      -35.928141052116658      -62.952608699166056
      -91.907883517552563        5.642393942211550       -0.515657028867377       -8.948655764433902      -41.184656875853442
      132.855508025631650     -113.025660223297550      106.720730494223488      -40.120549860344937      -56.649958804381576
      -92.843070092084275      115.723679238913888      140.342627613884900      -56.929225753115070       -3.532041119355879
       17.071729778032161        6.363297109462939      -83.898998083155917       13.513453134156457       21.937390752208142
     -107.857352384194670        0.451568301954066     -118.657278959524064        4.312618008307464       47.553910825064932
      130.097147075510662       19.342205394058848       63.767946678139353       -8.522692226392081      -29.091525580103152
      -71.936127323132084       44.838001529724153       -0.261235711893702      -53.571346614864439      -61.665504120697740
       36.987577466676299      -29.056677212692829      -81.997745728083757      -35.361663566162605      160.698220118515081
       52.501892804882743       55.704906379613895       51.460112071042666      -10.109706185816091       -0.518080162185615
       62.062568186517687       13.254759161268350       85.224740220907051      -12.986804419055122       69.739090900993077
       47.427738073252279      -53.522607317853186     -137.254849415995324       54.929140209351253       57.035362235905374
      -31.693986875332818       31.757188880341825      102.243588488676195      -12.779606411385400     -113.324521256671190
      103.313153218212463      -46.200992677121810      -44.825429243175037       28.595643994210167       73.261030929805671
      102.110576514585972      -63.957990167851989       55.865114862095893      -27.138681621676909      -61.019183720783410
       77.012870135243674      -14.466564322704063        8.405498156444429      -56.962482314157612      -46.312682121806510
       96.072871871565795       18.474194505420950       34.285055072462008      -43.170545518993876       24.894974660779297
       29.773509671112841        4.839238583186956      101.158362405715224      -62.868286238451070      175.198913274833473
      -57.515985225196403       31.319032415615816       35.351946667668329      -48.415814977976041      -93.526592227966788
     -148.655637646423855       40.823896607816913     -162.865170095394063       33.043972109578817       50.917343443775856
      159.740346583210140      -47.432965597392560      -49.962634483831003      -58.938685047598362       84.369522908816165
      -53.531404180490462       43.852239555076800      -23.432607998670363       48.065152092313589       18.477531335477934
       47.148815858659205      -66.620518256096148       12.851227208756072      -12.324492254447915      -73.688449650028303
      -64.254256021519438       34.475188096819863       47.436866239326413       24.935918426150039       69.257916385813985
      -32.635468612323763      -72.727437994960511      -63.182486133697580      -55.931857556535910      -98.054358392880133
        4.781274028759023       47.777144086744748     -106.947693923533507       17.381881891212682      -54.366789065577905
       11.597815461494021      -61.295154653790860      120.463758646046330      -33.842059181997698       41.601779604342966
       -6.578856647962401      -28.487993999432572      233.042093351462711      -36.466723902535314       36.409723075516851
       82.257907968936451      -18.059024720242260      -66.764282252119898       36.109344369998936      109.132546161025971
      134.907672224424601       -9.020100203734399     -245.528353424199736       17.188338626615145      -53.278759319692426
      -91.802447782476364       55.479010853399153       32.120009973372682      -44.956608102627357        8.831853925850753
      -31.414959471428741      -58.316135763758517      -75.642599323005854      -30.272085284628240      -46.861525206282181
      -16.248143731753871       26.121584608764778     -162.180262589332898       43.278176137950759      -72.276571266781602
        5.406620691810431       26.123371307594976      148.975269167031428      -44.404053663587113      -23.362278525412169
      168.468342964995998      -84.740174899843311      147.502428026921933      -12.488446946726130       28.787803506075868
        5.622010236976893       25.464192643439361       43.780314323618668      -54.804107602643853       -9.753244520472938
       46.440714706515479       -0.193048466984140      -81.446465205433412       -3.457850599096313      174.708125906309078
       57.550162588715352      -44.724123738879094     -136.612110092388832       -8.829865787405115     -105.367682322714003
      -66.032212842155928       75.771477644405479      112.758440958606073      -47.740303600417199       29.376302767431387
      191.785956775406987      -28.288074796085048      125.400687699247555       30.712776797173387      -31.247391356959621
     -103.628205114834202       -4.146274480639163     -173.408568037410959       20.195197867776454      -17.330785137084877
      -67.714885285642850       -2.496377202458491       25.556163843261995       17.788293901012171      -14.845547765245174
       96.812788426910402       28.019859625298619       81.261259291484080        6.829369784678945       27.659495983215169
     -163.739018908105351       49.848887166175587       -8.412819135378218       49.853249145008967       32.659251154597214
      242.646338865678104      -71.184794041769493      -15.914406101598171       14.628094544223760      -26.842451945832977
      -67.708331783056181       87.667230353383061       60.833309812895820       65.234929803482117        4.000011585484100
     -107.005366526942424       -3.909337327424123      -11.137783114739957      -29.738809926059343     -150.219030381147718
      -91.964582043767820      -24.523468263886127        0.271761030070488       70.634525056435933       29.931945373851494
       72.721061800388227      -44.563608465816060      -50.649666271680005        3.870145680883623      199.786568306127776
      180.588530963350394       -4.277169666760301       -5.425639687738587      -16.057768053256513     -139.185918497516241
       90.761100630318580      -24.117871609589990       46.500672858375687      -49.555478257691576     -100.029125632560309
       -3.936671993438674       28.968690803376795      -79.062874812263615      -10.487858860553622       61.771625631613183
      -45.231597903009302      -27.278172247478238       19.204684517436537      -30.725830837235673     -217.710754730979403
       88.659806268691668      -24.697528487836106       33.668814299040314        4.712148519969579       -8.721317303019784
      -72.116343608308028       55.640151486659491       49.307889422428417      -23.064240262487914      -91.445198074325958
      170.150718944881334      -20.971524777825298       21.995176401403910      -71.547107293743082       46.405635990388490
        7.014255586199997       58.618322550012138       33.642373320812801       94.278054280437743      -54.390120648370932
     -194.969400475394423       37.223383879849109       10.151004088948516        0.588695256909109       21.425558550310832
       65.596683215579915      -18.478170676460920      185.243751117107848      -68.295272126724399       -3.934150925056100
      -14.014051253597403       62.698610186198643      -72.627969673770735       15.905770688497539       -9.644463494568818
       27.051599797881863      -53.469499881546916      -31.212084805483713        3.840058419367921      128.572260119167765
      -17.003118061101279       23.638541617108622      111.929991427127121      -59.035711222703192     -135.326688627449130
       26.480192929426071      -44.879790410138149      -96.348537416217098      -15.527863381052333      162.271025273359385
       33.578135422380768       16.834553978661429        8.774112983933765       -5.081330139945411     -128.846807595849754
       57.460702600162122        9.781747516343037      -33.931055621206411      -20.221896613998027       37.529072793386725
       17.063590303465126       -8.267202003945085      166.378282400465594      -42.383730143605526      -12.173774732969088
      -64.381757181878982       55.833762873968894       73.685364992302951      -10.930996152215561       81.578094478713993
       85.485011979344179      -60.264512361985716       45.958835404313476       37.249606076010558      121.256522470702350
      -83.877722633841060      -11.074079334437069       29.269879782305246      -36.608897581935956      -74.223960269053450
     -169.858891780488165      100.116572112346233      -77.864150680296561       38.790062253972479       28.982107919609653
      221.300474545322373      -24.342444854627985       -9.469345999759044      -72.091582827230297      108.764792906427942
     -132.898630424340695       58.254552524685252       25.097842978110172       42.794392006034549      -70.005326788131825
      -42.920444504276709       26.222970547917885      -69.603967390021154       35.388790223900145       83.299152552016523
      177.162152392552997      -39.033157733177518      -89.259795785504849      107.890864904030096      -57.238965272315944
      -87.271281595224110      -24.810636288564211      -65.899347827561996      -50.932056239958754       27.840099382534870
      -66.424202124904269       69.502193336302156       74.376912105273760      -23.528602210666961       62.254856615820373
      -62.896883907460960        2.377273303953833      -17.012380959718033      -39.894101097189228     -122.360575835880056
     -127.930149953566158       82.826788577881445       71.174938870187077      -19.160759343910641       36.093425109024217
       66.496172987016635      -81.983100713310066      -90.930440933618542      -10.129972331381623       54.478372922465361
       21.092098330662175       34.051648671968138       43.883323973616335       42.695487862436060      -31.161783453805160
      -19.549934337142513       55.171194220923205      -27.531151074430312      -66.088793076306828       34.526820288875804
       55.870341816370733       37.011246193885960       88.284554460513789       85.897790061983017        2.263902999332916
     -104.629013451378171      -76.596684929724205       69.326240076683817        2.435302458852904       46.164219276844513
      140.205547520692647      -60.369153711501085      -35.820794616080214       21.337271436278250     -102.944772893495596
     -145.246785550946555       17.696875290728062      -69.835261616135668      -41.876098599706509      151.755570558471732
      111.658718770682725      -13.833903179739870       13.550181866691988       11.106539096527948      -24.385852026120087
       19.696222742270958        7.438040536640973       -4.794060269305359       55.794655058027949     -109.865366212356719
       52.386962534386619        4.184315464422740      121.987142969391158       43.981758405892819      156.115040480931611
      -60.634656805896263       -1.529998499732330      -42.429615926748525       56.297211391236047      -65.085175447525728
      -46.690783913729511        5.557209380303164       24.000661850109783      -25.382627774900055       79.602618119662495
        7.923067323775450      -12.261886856081183      144.923502261412750      -30.510006711800603      -37.606383163220137
       -3.112549819424242       25.804127596408740      -18.692927866931768       11.859564263518765      -86.217535869266754
       70.483444167923324       -8.943002562077343      -53.895856065022080        4.533058475992879      -76.139909594381280
      -11.903567694279252       -9.267759401774260     -138.772779950370847       22.945696951930721      -49.385265871146949
     -160.416943901154553       32.769655577177055      109.383363279802055      -49.386837223807952       39.121443344359740
       97.551087840881920      -56.567574861990934        0.441999613013440       -8.196572104369109       -0.929654659037033
      -23.578247414327173       -1.613658370618841       62.058673361251550      -11.383055203332816      -70.754921929398122
      -13.248822833763057      -16.896061723008597      -13.028326645240469      -32.609159296641032      163.038100399469073
       12.739297513918022      -35.130987952384416       57.199352061248241       -7.070467674300148      -66.150561104870860
       -8.128191575093204      -13.575363373223498       35.746836679875386      -11.064245821801578       59.187084137448323
       37.736106701515745      -48.219289896592620      -28.105895736274725      -29.039899489627995       89.433325068107195
      -26.297746041142435        7.530140856798572      -29.922182887585013      -27.450145070936689       54.278404078297022
     -113.814513083290578      -26.395062240663464     -160.572826048004060        5.271652426796832      -26.989099900970917
       -6.051028531438902       26.309373574673923       67.486528918094720      -23.081354587488498      -19.979101396907954
       -8.085132470143703       28.022727702468696       34.547986623817152      -76.533800803308452     -164.729071399986708
      -10.716690139019954      -23.616581561085049      -32.181590375676038       66.966130131211656       31.321106595071683
      -59.018101614725481      124.572841528346729       90.987891764101946      -82.769455060203654       56.179929407112439
      -76.424284867543463      -18.402498918066748     -186.050555872394938       18.055885343799336        9.784806213123604
      106.397206924148250        2.334530416436855      158.726334557006197       -6.512323895431782        4.183484223108436
       38.783913058880486      -29.824433307897866       40.148355750614918      -13.228598534812793      -89.658458158445740
      -11.649440949756357       49.740351843247858      -78.542900242060057       21.310204447771895      148.653708096405524
     -111.720029462967645        3.846377604148000       71.820390045893831        0.248326493359990      -94.215301551353875
       32.374801802900983       27.931176329811294      -32.073200992884878      -25.737903782805972      -78.182377444519972
      114.525765251558397      -48.218780003036038      159.601289131930400      -11.823138104004745        8.041753367155280
       70.113217116631532       -3.223168907772036       -6.661832269351859      -27.088768739534757       42.942140746901138
     -178.442712220742862       24.502119516881617      102.836835519731054      -90.049270437958455       37.800737306787312
      154.831106215677522       22.197902578700365       27.608334823767446       29.650667044545251      -57.574561347874372
       17.561172483328203      -29.975592770872140       86.831858024143457       18.342041304809172       63.492903733925019
       35.409449952679338       -9.117150730888243     -156.517836444590415       38.614335658160250      -40.304406336592081
     -113.360061108390468       -3.657914975833589       21.469487801557104       68.669897287249469      -93.566082870931169
      -33.607560733650082       15.621075649505618      -42.681456721761037        6.361779377936876      -32.641359504142891
      -61.404163786033770       43.932058996349305     -102.812355376453638       22.333448606250002      147.259279693624848
     -196.673396180803223        9.867973816681488       11.121218003002069      -21.076635041940353       10.868169364860696
      -57.189438795282101       45.782213598637547      -69.513803207957295        7.977803183772134      -50.539373325021231
       40.672361115736571       30.736563239804429      192.562880703523973      -92.639504389302871       10.753655978410118
      -73.749006879838063       13.007587575467793      -49.554436398505217       -1.262550768087570       30.724372244482048
       20.639106992992506       12.514406476625670      -74.939246028751839       41.759734255189422       35.516061172926790
       -9.462363011814423        7.625160768250307      -76.702824950490012       -3.471922169562536     -151.060958501232307
      -69.303025085502242       24.021723197729528       42.051706972830722       25.935761435975380       45.447332571080437
       82.549963294687956        8.065443189292726       -3.803268889565240        7.875266316869563      -11.942346689604335
        2.731783668224269       10.550751698772121      -24.401087459319861      -36.871810713844063       98.002905126089615
       39.274875008815179       -8.423329212420406      -96.833091470096605      -16.320886902305073      -13.765311392655097
      -24.925512679306156       -2.923767277184114       64.333027629496655       -0.758174195039013     -129.347941664562683
      -48.946227502976726       41.331896461059344      -91.653802580905946       55.680561507230671       20.196508556568375
      -31.762965953050820      -10.332099951950980      -78.153344095402872      -49.351387719492926      121.776864427755712
     -105.800167660598092       49.077203668880301        4.145247475690078       40.923575689217095      -54.690922148908797
      -48.468860635698213       51.741356671615968       71.861905712339976        3.705581621269528       48.181846369226442
      -57.530094591285447       -1.831523845816425      -83.965663175962177       28.161974158514187     -134.984739260806123
      -90.971407757863957       57.324964030442615      -24.570619221295157       59.667695500012869       52.328227048265028
       24.070148475010203       -0.019886083661173      -24.853847913772956      -33.903191751655257       95.603211861633397
      -26.409071399053126       30.562116450573502     -136.527681680903754      -26.623570344441802      -68.901047333930208
      -16.055530357082031       15.708662434206451      -33.763638451954051       44.909147210041915      -64.607022389544682
      -62.977666106771260       94.784710728290904      -10.251747273912242       -0.043486646066183       18.328940818324959
      120.899977111486166      -82.966298705310280      -25.481613473490498       29.049585301868035      -51.052584090168459
       22.523332689088924      -58.262206410216997      -23.037430977095166      -27.796445282995418       -5.655323443262487
       17.561435008937799       14.562559616159916       93.524416211303688      -22.109438674031129       41.800300645034412
      -19.029120531591641       49.504512707899323      -23.347353325012165      -13.257964877241349       22.418612754178707
      -36.989206940902619       24.058129220920907       21.203259770887058       38.164135060838994        7.863791073061307
       23.650273026355073       15.196984722759671      -41.972456086898909       38.198380447775882       67.950682234363825
      128.414425350218437      -38.354219073155576      -17.374522923452865      -49.324650892349290       21.750927068190634
     -230.330380617690395       83.603891038986561       14.205749237478310      -20.004375930923292     -123.680240117363297
       64.140847719771813       -8.827664725153156       32.216739013117412       37.084220690382836     -130.376707037158553
       16.309922509278930       15.108167459569170       98.995403553303490      -75.062369539737205       50.357964523079900
       44.606201042497219        0.561883287280960       92.746715624181363       -6.619700365362852      -65.517176839583911
      115.961236823882388      -22.661405723173509      -57.922624797804211        9.327607473996341       45.795611326326231
      -17.890448622187776        6.563885221271907      -48.194292819784152       76.018625872624000      -77.724103590927768
     -153.389231635336699       31.409755998003241       29.382490018852049       -5.412596607629475      226.149844914823461
       -6.738637029586878       14.887269521987868       27.706998699203645      -18.383541176956317     -110.229291214128537
       10.922485652936796       61.154513939565106       29.724543197734157        4.496878314632347     -134.064093732233886
      -78.429338795156028        5.734226217211404       55.759176595051350        0.940442492474781       98.623879431663170
        1.523396290503290       -2.822251530840512       -1.477917261003933      -54.593614570287343       -6.458901192716363
       73.202126373814380       -4.116921999687399      112.844793782277449       48.151647124213177       62.811370177489941
      -31.910293509750058       28.481460955105973       97.800674568745393      -19.996588247841338      -44.360300396751107
      -22.778121110119901      -11.875948076878428       -0.946203613560703       17.561795561348514        0.551111771265017
       40.295462657285526      -57.524537822219564       57.365394899995430       11.064194941867742       68.304652399230847
      -61.842883897285930       17.255204267878202       -3.748453155120455       -0.476161084536279       -5.951311393717548
      -27.134821750148262       93.492581075219803      -56.644176346078012      -60.894252361465604     -108.695769355049677
     -151.858745857446507       19.844556664567310       68.919409407006583      -34.815050001179230      -13.274392022553119
      -76.801555788500508       86.163991516170853       76.775280026706085       50.568505960558241      107.771376119846011
      -30.619833709879384       23.257185597202753     -151.717537530626913      -10.317600396930949     -114.893498174155667
       61.508464478621612       -7.260471270676713      -87.843650877156847       16.149068034619678      -42.226241212763973
      160.809839927347184      -54.668242385887851       63.392851013431390        2.776125358078476     -113.449071595316255
       16.523662786249439      -32.250482577288970     -157.497190289175649       54.079641890686943      -20.605898823797414
      -49.633537429812698       55.256315483427294       12.583340889154533       23.281322636235405        4.104088011806669
      -64.081728036613640       17.727108077054091       16.898502383730541       15.592797141171573        9.549426184754910
       22.971301885213478      -17.341655852773190       87.008551292096556      -44.100292256489404       44.892738384967849
       30.946514761482447      -23.669715581069479      200.168105270783599     -112.690434386419412      -42.024152990298454
      -51.134346028283360      -42.353426689577454       34.681701870634946      -77.538363356994196       85.882581654792816
      -28.748485145533603       55.862112994239354      -65.809342866695147       -0.698592524937105      -16.591225893850865
     -106.780504338137035       54.380049435226809       55.609668276789712      -31.079203827270227      152.707847462701864
       20.201656790799504      -49.870673258143690       57.173770911707187       29.359443548094095     -111.538932976789582
      171.422234450564957     -102.117959546525597        5.711595582477599       16.188599588173069       48.993955601307654
       -8.025742855549259      -29.996948487649924      -27.540676451175919      -49.009114243468439       42.043156086895394
       63.940546608416042      -23.960248619652564       13.515752590100385       18.596043659944016      -90.118212280207587
       35.689929406814940        2.549919096246887       91.576230708403855       20.918426187923330      -63.664007095467376
       91.828391198899197      -55.322527962349845     -168.065175085451500       20.702320956668348       24.764532034441189
      251.654614622661029       -4.567888682766428      -81.501591006107191       -0.625267967664481       44.416172067654720
     -110.732456315003517       29.547438185390448      195.676401744555506      -80.481957249872195        1.492296780511465
       12.485618046788453      -13.720907858739153       87.538664223910445      -59.420665137344727      -51.558397533888183
     -101.504828601715232       65.559985072835786       64.703675548118937       45.882784277522930       15.892636221911072
        0.201978801514373       -9.762750140016507      128.613713089360175      -36.771247324983690      106.450811573447439
      -36.927332271687689      -41.482398719924603      -32.452116714959374      -37.876788876251183       63.467359284980859
      -67.605706306917114        3.576830201171333      -91.889268600106035       51.877696043624994      -92.720314307895038
      118.721379859755658      -32.317058973992481      -38.899545392624795      -77.245199982881260     -185.047184713799822
       79.905478226572768      -89.646423146430848      -29.202574082736998       62.976221540558079      110.120529100895112
       15.555380670717017       -3.491233340052025       25.178440179712958      -19.266642635035566      -18.366094114910130
      133.051463952935705       -7.188026295629847      -60.893175211034951      -37.462657007774347       77.714497231416317
     -109.908156165504323      -55.848495578778319      158.705424832205239      -48.318261409515138       34.173372692932318
       19.182030893553929      -40.069369119847401       71.385957756250164      -13.341340917848038      -86.201393369854230
       79.470746976561983       79.261954964956985       50.918035495531669       15.427116038922751       -6.671254117067798
       31.956442455831567       -4.944997384896862       16.411389600760685       14.664956099780644       18.631428928317664
      -19.536475893338409        6.063111185813427      -35.184102815584311      -27.738126106563101      -56.091421227205615
      -26.011277401278097       65.894964613635423       12.283870555811912       33.483532429867388      199.013367056916536
     -100.960964131690588       45.642889929961051      -78.316863339887291       -5.708272558239925      -58.398408720447598
      171.264715540720601      -33.119560545917047      105.309451451395120      -18.254532548402217      -29.529412011936540
       67.400490238442600        0.781725114718051        2.728241503541125      -89.895596170162563       64.459067625236599
     -178.727270460791999       -8.581527039816157     -171.397997791862252       38.327373986329242      -51.741437233230194
       70.293470163408031      -39.738884517800749       97.955712084676748       -2.577744452955974       81.151295452800724
      -19.499513203281005      -72.693391699437996       41.693565765880003       18.644917731034365      -90.310767318013660
      -28.148093984430769       23.318698435827535       26.443305176417027        7.674746325581483      -39.883546116810052
      -86.853971066430816       13.237075977072413       12.030876633606773       45.212436948892076      -36.003082877880594
       57.241451278073747      -57.794837092728464      105.437194699987046       -6.030108179875850        4.307190752419746
       31.981007285081105      -37.529841512991247     -172.759996583378950       31.618703057505677       37.728681482854000
       51.789550198821203      -71.040600948135278      -93.764639956032212      -26.685300530981294       -5.922249882830741
      -14.439096229445529       18.399914224159705      214.343136202728232      -55.736419047763093     -122.922876990800972
       71.110689306298326        9.596573847183789     -199.834571270472111       53.945595143611563      -64.755256581134134
      103.746119096613384      -12.879298090694556       27.920445527683558      -32.227004297739718       43.817954473990788
       -0.911018382764428       32.341493204029618      196.096976788659987      -86.782593001040084      -48.377224096795935
       -6.366651129963235      -62.976602323914143      -14.703732871303535       85.042559765139629       65.284191608552078
      -16.183616249568082        4.788579286162165     -134.934034084695213      -43.693751060108710       -6.134691455059574
      -53.552192114289753       -2.912170901224766      -27.792150394199016      -11.020072422515909       31.773966913279001
     -126.913213677023151       -8.020280126689807     -101.605946660078132       -6.946739321715877        0.712821406601417
      -14.815691935282221       56.487898351223997      -72.543438847694631       61.369280688986038       63.278760034936134
        6.509095979898060      -72.597470446005602      -31.649086078263377        4.534075591115439       61.478917832690080
      -67.568702421126929       52.764003867544304      145.143992242965311      -52.064770431800412      -52.766315194196039
      -68.518497949558281       13.157587983134830       44.456134428398308      -11.688099656070710       25.078800499900570
      101.101960497568612       27.916872081501122     -179.187867766361620        8.387257552835475       28.179162218357291
      -81.289745504364788       34.859429144676518      127.069465894304187      -63.437151167666798     -129.462590925450428
       95.305027176265881       25.042631450288550        6.976278804491610       25.551031930326143      116.616601326946750
       53.367584791017457       -5.707651266548215     -148.669990609144662       92.457912773358927      146.409553107358136
      -86.509329464675318       48.846671728630923      -34.685582517281482       27.963255234278325      -86.493632477590026
      -48.240909723423982      -10.140053066647333       39.733475769385578       -4.349152698529584      -67.893294141850475
     -180.554961685920489       61.095815942242602      221.694747412488226      -49.088719559805476      -24.934457178545376
       -4.518422671051939       22.350885352015638      -57.855353144215336        8.183896488257432      -44.758126704231735
       62.719127790271720      -29.749309490434012       40.242138056917035      -84.110118572715308       25.048805668731646
       -5.867148166580110       37.458481642001310       77.235025877904860        2.891123286048059      -23.862604977660013
       62.459608657918103      -21.036981246278216       -4.680329817950064      -13.250619003532972        5.964587514695022
       51.968176182375579      -10.065880554476173     -154.936835081637980       25.572728514269954       17.329576601231814
     -131.372827401607339       52.279094018642041      -74.970144659744932       74.279576677485181       52.202626211454586
     -198.355076995648204       95.067907522549490      -78.485820735305580       39.284953512484769      -52.848468863077890
      154.961117282626645      -29.109705230918919      121.540518378946501      -48.972787068691957      -37.759759309494918
       61.124831231702011      -49.823574269756065      -85.794089175977334        7.936815531157621       43.842752417061469
       44.513935037856356        3.917128356575250     -193.089236157539631       40.781990092046030       49.409981024700357
      -20.002718090137840      -18.728831465782164       40.461141965648658       47.033765178863995      143.450652766894081
       33.115790926794965      -31.313216492777002      -34.871898311231824       57.791322170343534     -169.595443968258195
      -89.746695520608469      -21.203995730096260       42.836496395453310       13.564845977273221       25.694863884486011
       95.283776582047778       -8.547064268754283     -125.142690872215567      -13.250628357619025       62.995294245177654
        2.191568385965606      -60.172569759637462      -72.775805173349184       65.082042720833144       34.657432519628770
       57.720109679686345       12.733364323202922      116.680215342097483      -34.684670158833299     -150.012748869965463
       12.246338193166473       48.969316743114497     -179.414354939125190       61.317316740698146       54.554294021795485
      -19.479026601522872        9.504159504410293       -7.030567384567783      -43.197769572434716      -24.409912859013776
       43.293965381113395       46.525861711651885     -150.998309113933573      -26.276867835062887      -51.923172498338921
      126.580705565788236        4.470101423995572       72.543550737055952      -10.463579125155592       84.949606582610215
        9.915446839586691      -42.139627453641374     -307.132908555879794       60.170580220967437      -10.357433960646095
     -100.819853603674133      -42.736949998612509       82.726337231713970      -44.533829361312755     -111.921363182212176
      -41.382242011426960       31.954638618316398      140.247390681738807      -54.358116547618451     -159.235295589069608
       57.803402781295276      -46.954984561820268       14.153827183483758      -12.384103887833968       -4.607185718320050
      -49.482109818389524       30.628786562306889      -10.416639816970402      -13.083004298112828       11.854920202981171
      -24.159332936874645      103.540287420736007     -126.294560521902625       85.414544518979611      -47.983857821464888
       83.721288030969703      -38.224094286086832     -113.435383462446197       21.580719029442836       51.531711719822511
       -8.560920811208858       39.597375385494900       87.295979852285171       20.109222462394548     -145.916028326373379
       -8.716348720059814       -1.917735447212600     -105.975187757999421      -26.240096108938516       52.430102627134211
     -162.626780695416187       49.349309395044912      -42.932759666718312      -15.485828659524620        1.684160230772744
       81.335119816108616      -91.137268956473690      -20.902974032503963       44.240291395265629      115.796249384975084
     -132.285338062298081      -30.594620882646474       67.622334078041490       -3.367724599860282      -59.791782417849859
      -24.148025609052318       27.275590252638043      -90.388384343288536      -24.853365449039227       90.254615484530575
      -41.131025610000464      -10.045300856963365      -24.344175163736526       51.770610198249649      217.495259947609696
      105.366620819271219        4.888590596041651      -54.387398664700179      -39.560518559921078     -107.810314895134269
      -59.840947892614643        7.678542479893395       60.897896457849164       35.519973248133773      -39.971460756645676
      -29.823268798197120      -11.086706824854899      -47.766069145154106       59.909514304389482      113.582306123135439
     -177.097161838857943       50.025401839133970       12.787553625489965       -5.791348183109401       -9.886408755044030
      117.323907497132623        9.004900743039965      -73.630060415147199       33.751747152670688       69.830482334720415
      -73.580387456134559       -9.422499181144509       13.171403079264124       27.304888505550625     -123.739168537189784
      -11.222593436578443       45.512321966720933       43.907103735813664       17.642463441293945      -15.523447829786498
      119.897860377622877        3.526238785936635       98.916476760909859      -86.810123754038301      -53.785429167852328
      174.117149546822588     -106.110075220553341       29.199759963887146        9.531761755291635      -48.730290406660004
        0.156318455168737       44.349915914566935      -47.261354832335556       27.366422345796092       -9.564783698730798
     -126.313368903492119      -30.993103156688296      -26.263343789382361       20.523299748249336      129.092338309507966
      182.569188957513944      -28.393369019262174      -27.541017137854368      -35.215750668570209       -6.818285740945047
      -51.007202710917909       18.322668379624403      -30.731430132836554       43.411681836490416      -67.102337205065297
      108.873621773956501     -110.053407273448059      147.276857254625497      -37.790789231888709     -113.398494178843777
      -76.629979802736813       67.170402207983045      110.570072199145983      -40.792263874592443       25.796912017824152
        9.709751022233839      -28.580252575817216     -139.118448872422306       12.384254301999395       22.444066269306532
      -50.152673952307644       33.765085325249444     -254.140024949950174       99.759604616844186       30.877887095981020
       -8.904921810573466      -40.990230743919398      -28.752114126942654      -47.199063424262256      -54.107539788028888
       38.428865008981703       -9.160278254517468      215.484086777204055      -92.588433774418846      120.265751277773759
      139.058503033513176       -9.599218403923592       32.535285053434784       41.060864085109685      -40.577051269831216
     -162.839433083442572       54.735896992615999      110.394613008431932      -88.528323744252262      -41.846587961635827
      -55.593741333359681       18.354478698774493     -111.354613641316533       48.143847440668921      -69.291698947310422
      -64.108871986305800       46.633550476308322       45.394733048215897       19.937478058831257     -114.840380125098875
      -34.549928609171047       18.305430453105512     -158.819245739021085       12.344033115364217       33.623391474070274
     -178.934153611259831       37.068485746893700       25.574234666550968      -68.756760401266462       52.740441717633210
      162.079164472607005      -16.298182161796497      -47.555419426678988       29.162609772663355       22.363970248715393
      -24.793212651761920       22.230387548871789       42.962235463869675       62.953373492941964      -55.708066432844220
       73.637814349458054        4.676735158752088       28.483437517116897      -18.110165962697749       33.021117596485524
     -163.051978056702467       60.105335665485548       -0.253396139163398       56.109429862014174      -50.714178654346789
     -132.772353008374012       62.017781622554764       52.348954966420209      -12.791943759078809      -77.123782543935604
      152.335348555365698        0.371860786063485       97.157024748973768      -66.340666721352648      164.331283158347986
      -78.208627588774462      -49.205872474249766     -101.860942795846128       16.578882380706471      -51.294808313724971
     -114.234932437608862       -0.781133794086110       71.600202000162298       20.302376470037633       35.689502458416939
       -9.159893191993923        1.811251385857676     -131.290800679915890       36.332412524001491      -52.035857018278627
     -142.461922394887864       17.487967734659218       81.210026818865529      -67.064965316902615      114.861281486504808
        1.763051499589234       80.706904591132925     -136.791238933369726       -4.296708765287017      -18.039634282572361
       48.161379963347322       19.670967334511325      -23.903429316169280       19.364586151215313       65.494852637158374
       34.900389070605435      -23.988854003023363      -53.717032328459617      -56.983615855008971     -199.938045925118274
      -55.893798294268109        3.751755001798992       66.202681413528509       47.167440333873486      -44.218984722764226
     -199.861584789354396      -11.129248448813529      241.753088025233467     -117.987102985708304       -3.154399916360208
     -172.205154872056227        7.651978909769825     -181.548348539505241       37.130544460719612       88.616137136327694
      -41.007575290497059      -31.400097106894055       14.293104339526412      -21.427233264632093       -9.373344509528243
      107.479422427016942      -12.442973846941877     -120.184085436176801       16.216801937341771      -48.114268801731313
       59.034050027996066        9.686616005781817       46.263063543832544       54.382143799813264       51.253536854885233
       -5.342500542730581        2.729278633909214        4.310971984473633        9.652679741103919     -154.018057838299711
     -124.537908963387807       73.141799572337021      -31.650792135882796       39.706499570774312       -6.999378973113917
      -10.606227288621119      -50.506878643955204      -13.293426535008582       10.232210365150532       25.310827892958923
       60.977498489604613       13.005236268594189      -98.237350221357218        5.764164526125563       81.432593606793120
        8.966904023120264       63.239734996312315      -48.807260564269377       53.584115243436258       -1.326299945142016
       21.280358146275603      -44.269632341605295      -36.159818829041555       75.380565649432981       40.512387131826870
        4.987230935696282      -77.236940878514289      -79.368406158856359       -2.764372036704656      -29.812814454275859
      -54.526248118699044       39.257516452210567       22.985250741021556      -11.633559262495041      -67.336702787856908
      -39.170610870350771       42.519958988475089       82.661060323811455       18.691508820386407       51.446926337506603
       42.171160165889773       40.826614508627685      -58.169343993670438      -15.048555614941172      -78.624802370925536
      -21.629331704487363      -10.719199500038313       70.929913473801491      -55.510506725407630       58.983159064948303
      -43.939655698480294      -48.045788318905323      -16.529553436023594       78.596663332435782      -97.643356425182461
      -20.698649966425180      -23.844386899614356      113.581723937202582       26.033078252061962      117.405289061103971
       52.757906016553633      -16.048162868396595      -54.777973476942080      -12.674147291676134      118.439252985052761
      -94.207535944669885      112.678281990905973       31.752918535201175      -23.061038604774019       -9.615969141025202
      -73.202273208838463      -23.009094273517924        0.309974479555413       46.704949908330647     -105.489664667389178
      -35.426797891183270       -5.859940727899223       52.011735187526362      -26.933328303311391        7.407459318176923
      -13.147869694352131       14.260823525441413     -102.875164665803069        2.410032835346509      -31.685929316674958
        9.298798553019186      -34.372226321422467     -137.553917958370278       68.439352919922285      -55.021081889597326
      150.266330534503538        1.920189686073863      163.708270613361066      -65.494421900569165       22.987487407885222
       57.477805529222316      -18.291642548328692      -32.238489438363281       21.926943730482769       55.611617612764917
       41.691886831962478      -73.356275640099270      -51.538711742473033       11.898334932104314     -158.054594001756186
      -42.458556418827349       33.706528553172269       -7.956971156082731       11.350543299087290      -26.292708275855802
      -43.562741247168724      -40.485269400612474      -47.193245097625201      -46.903428833320326      -49.068095068227464
      -63.232522569653909       -3.174746417880681      207.919282711520054      -27.352037733021742      260.459170822930446
      -44.083928137884691       27.151859460756167      -49.160966817148790       20.655100074662570      -88.309471362127709
       29.785721984938871       28.957120292136512      133.037203619262243      -31.203004698703275       12.505740123611622
       12.542396329070582      -33.573279125944545       -3.991523642066827       -8.184033117912954      -70.605331207205197
       65.394298260863280        0.886436211990164       -6.364652103214466       19.978390774662412      -64.127231198364541
        6.504774447431878      -30.060338907153714       -1.192552003879873      -95.349464070598430       15.763708623288309
       49.891259424637944      -81.996430646163262      -90.053229127819023        5.303979326272338       51.991295296351389
       30.136641253199468       31.323405970648245     -103.269291343552666       73.440008540044161     -144.784272442694032
     -299.891134794175173       87.373250272731681      175.004435121140830      -93.992580283888984       66.654940190106871
      -31.028798490705391      -34.095782734310035       51.273454347870313        3.626434126031514       64.778641658285622
      181.406409385848605      -52.489468081840322       44.325519962521099      -13.060061969013837       44.312457760583740
       65.652803311966281       54.850106044246012     -120.547318824321252       80.716738005768647       87.498888946461364
     -137.506602584723595       18.385130186387173       56.224824303800908       -0.873611695978262      -32.150883951980084
        4.637947313394070       -8.134924613619818      -91.216096115588272       66.406984110444512      -87.894119317533892
       23.581196910944772      -12.974976300747000       18.980288004005800       -7.341135023673687       -1.248208980612234
      -38.112918517700095       29.426345788226662     -100.450152764536966       40.997985104873933      -22.346181411550067
      163.977502692082254      -51.622731442160912      -76.199795756803610       20.261073211871700      -57.766723897399167
       29.922633996425873      -15.489979341108697      155.721605913171146       -8.697826210031080       34.224228027205157
     -155.233277267937837       25.097093170690489      -71.665204182468642      -38.898160150093439      -32.932741528080584
      -17.931470848211660        2.630011149592895      149.094699614703075      -23.322746553413904       -4.732109967274355
      -20.775461461854899      -50.205896782765663     -277.847382225577405       -4.321099333068547      -93.971604350433807
      171.149399708826650      -26.300693985486060       39.044544748684139       -5.780542185641921       66.104197261576587
      -17.691584551941908       -1.752472721675448       43.530045449746680      -54.564190996440530       75.958729829931173
     -110.607096328548494      -43.318827378191152       42.163430556864583       21.671133886190685       16.567949128348189
       82.135539962509370      -74.706250819488986     -144.419048835827880      104.883317346050845       49.803459236187962
      143.083560415935324      -23.130090456247945       92.107235347221675      -36.579900355007261      141.593486760829308
      -75.508368280216047       54.642982884004056      -61.744400059003866       -0.160197582978791       29.383456782870844
       87.251270208435713      -78.146678540377593      102.445811604534427       20.582237094489837       64.349586862882504
      105.038924091151173       41.644171690272024      -20.000445671105478      -19.861191314060449     -202.840308875172951
      -84.121293349000737       47.760007778310815       58.348111742853234       16.599516575981884     -123.094589342344506
     -216.953055426802933       12.548637441280261       80.032163386718395      -27.376464906277175       30.885368153587052
        5.750787815812193       36.862829609747976      -87.405784714300523       69.582465382915430      -21.578180829611739
       64.209872479439198       -1.451362424350775      210.660914662098719      -44.429578304786517       46.572345802503925
      189.711504480147511      -42.319796899325283     -176.656295752357238       12.058805427645392       92.361607631807559
        8.781928007128421       26.039580966824349      104.497929263219817      -56.069090938686507      -35.555319443927388
       51.383304231898698      -41.147622394039210     -165.680494214040010       89.911117853050186     -103.038290801757682
      -51.715872620107028       36.499005156784698       23.055775601270987      -58.971547782465258       -4.630311933992992
      -51.337679863796566       36.801174761410628      119.280920538359368      -11.115605688138576       -7.929873178355933
       87.861232478032136      -41.092648581632460       10.118847097970628      -39.491408588960368       14.705223122262783
      -16.045872550286568       23.594816024693298       16.301010870612096      -84.753393488946102      130.012250805821139
       -4.402205992930532        1.113791914693670      101.023199481581528      -24.927649052639570       74.228180438752744
       31.723406748758325      -24.420053764054398      -76.414322498342557       29.880971584855008     -240.253324912928434
       25.999505592931900       30.184636057910389      -10.757307875465402      -67.446379137464859       79.813140015980892
      -13.779906254460583       -6.809627694301219      149.396692566977691       40.646586227229065       42.837603257900945
       27.638212864917996        8.472821327349315     -101.024047674740771       25.017422601731759      -83.815987477356643
       -3.755101926946245      -88.363725422043387      -60.761517239532189        9.178782336743382      137.839940291283540
       -0.901676764771597       39.018934561834556      -62.880391106058653       22.071569563154927     -135.149469021792299
      234.162074944090335      -32.612976598401126     -178.968155939734203        3.239778774094753       46.585771030410370
     -173.820280499523648      -19.254684606720573      -89.829609753262162       -4.391661283593431      -54.512444006469728
      -45.830826838613980       34.018819275996790       46.294072597953708      -64.665000649708929      -29.884373615850752
     -160.407087528627471       13.764757039230565       59.244913077720035      -11.558182947984800     -153.956344765960125
       99.652729503599389       11.872911599195980       37.398390557708026      -77.754590685289827      -39.752574499404275
      -58.120678202258887      -47.275188853419081      -42.819737675279420       21.587954535830551     -218.441588869175348
      -68.400199192844426       59.445385930875609     -178.370985890277183        2.555150922512772       15.091960195021581
      -46.947475531487981       59.812294636437777      -15.745374088426422       10.325978597811783       81.817093783990629
      -44.600987297209258       78.752396208148511       78.348434519430498      -21.669480551373407      -22.126564233536769
       32.459825251488070        2.157511668506011       11.154545178915106       38.634575192551885       82.174593567820367
        6.281146071147341      -44.096729234597532       -1.249872441938993       -7.190398014214016       45.558337910251261
      -20.732776706706876      -18.663970289292074        7.763045128281558       32.172790762218661      130.561725609949917
       14.295965118196252       -6.124364018673414        9.928183187618050       42.375571222124350      -29.100414253386869
      -69.643585221928461       55.108810936509130     -136.150683833816515        9.484426602236219      -69.029729390002387
      -10.594778644465160       30.923462174825133     -136.041742865520206        1.877273020074563      153.161579893937898
       92.042267090603019      -72.765580078457333       52.512780387507114       40.422384646572624      -87.227315051383130
     -119.844372519182613       90.988655352272957      -70.972906220729385       27.640923373368523       52.255697871791249
      213.846319637403553      -67.667257791385310       60.492958122174088        8.600253497084728     -133.125697076565160
     -112.479172259374081       -0.014633147141408      -29.285825345173429       18.246598990098970       88.197908356335503
     -113.166521523675897       36.428222912042663      -17.685996948533493       25.295815877046842        0.167277102458503
      -77.915946244616023       41.647451270680925      -12.304547776018131       56.322913270791723      -23.489373164652370
      109.646514183413984       13.000924605206626       79.034512983628460       42.455195673783358      159.584907752492484
      -16.510817231772560      -59.935990065923264      151.530102417090006      -38.967912943202386       43.745878182756122
       46.357660093832408      -41.665881917912714      -56.483983031591322       41.345242360391900     -275.979434349999735
       37.064779323946972      -57.992669978338370      -11.608633251503973      -49.929071300407308       34.083846119557641
      -46.235932513494369       72.229428679284567       -0.722531298540886       52.990427717511928      107.921921835423433
       26.416154497930645       -2.374838567649969       79.231993679185905      -46.672095758064529      -71.806488455641770
     -186.778954204848816        4.284464973263016     -146.095853449466517        3.758623858262426       23.133938081121919
       75.775602127261422     -126.937367436119274      -35.732856687437980       34.487921456570703       78.905983966580024
       98.422888839120546       20.186689014417407      -42.792651475517211       -9.620615978101815       48.203365093909198
      -38.316360999053693       -7.070427012958246     -214.172500879290283      119.230409699279292      -41.068887483261953
       93.265863490770556       11.157780592861080       67.812497546359666      -37.945318717242444       79.693928321946345
       43.180641143083079      -23.544031653432555      -73.630156581150445       53.105192716217616        9.524919782804318
      -67.336545790426939       -5.242834363836666      -68.425541280709524       29.255920360601838     -126.254298097303476
       11.604873545327438      -16.904009180235636      -29.281562544684803      -25.003488513954466       89.792298163826572
      -63.634351409377246      -18.892465330131635       57.187237464876347      -20.669461691506804      148.298971184826797
       57.294344577244665      -84.444040477632868      142.161871576864570     -137.952111926019029     -188.167536460187108
       65.662665982986638      -31.433402859436949       71.947328889685195        2.691751517373952       41.151708599822229
      -50.749435421419186      -14.598568570172416      185.204099020279102      -26.704959135521992      113.721394140450769
       22.737756462132133      -39.496065999395370      -88.265326934135899      -16.883995192350078      -81.113583139625348
       12.354765214117922      -16.285431230215760      -52.068051634946492       61.600544484215042      117.018050854983230
      -35.942102625126083       68.197091399023762       69.531666544758153      -49.066003749845116      -14.196927008835377
       36.850593687828386       -4.151823268389581        4.111666776706800       45.856929277172462     -113.024108000218263
      -73.038451236939963      -74.008738089049714      -61.495011035918459       30.416414394638288       82.158357946057109
      -48.003948944903087      -29.094510902343504      -15.007088732244226      -45.141220750102242     -116.701977767293783
        9.388608362449590      -23.671298191490347      216.291058097128001      -27.527160917119396      204.230595123931579
      174.877463645763356      -14.612192231559888       -9.288505969358802      -46.591041249025047     -151.414085793526709
     -199.971012509525650       48.366023136270982        6.253550972131480       68.290758840226147      -67.016170853366063
       11.683788239142469      -32.393779465199550     -154.144307417863587        8.902438699386572       -9.048748909529051
       98.163667344229026       -7.355002064926986       66.365642199085883      -64.391059119210908       64.220745774755599
       41.737868966144219      -41.129693945067373      -79.455650827665664      -13.039631175882381      -40.459143195277335
      -61.322391371510733       19.341438378040355       21.950301483952504       92.999663011698857       16.611016093807550
        4.936086093229506      -63.659291581408532       15.811826164059275     -113.474578129880641      -35.939295541410260
       82.386944789772386       14.079733928836637      -46.200895060218571       -2.464064791622158      -88.278589089162693
        4.075184030992181       39.295439144919939       38.218182672716722      -91.323925130417237       47.050162340402771
       64.396933852544009      -29.971977265407368       -1.505997898194390       61.022664899288010     -121.768645326730137
       27.483783898058149      -37.057904297084150      177.541433174700728      -57.330924998725095      -19.698376445512839
      -49.893164825838923      -56.860049547939987      -79.379205305355697       32.097918661254653       98.134813121981722
       -4.372485097492290      -14.402503449423312      -21.608132674707040       88.706084477512178      -37.979218734999023
       -1.048339663999422      114.913869979498799      108.677274571317312      -18.964732271082550       87.812550057023401
       98.062270671365042      -78.225793206589486      -32.739239845300254       19.622996948462848      -25.072795427032236
      183.382712390438513      -34.701064843709958       72.312234701243639       27.997630358542867      -53.743221915528530
      -78.058913558159020       61.929052108692417     -225.415403027880473       82.100945875096116      -65.330075213354533
      -67.186267579063852      -12.651882218578635       83.512708176112469       19.909930236706888       24.129678993464374
      145.859532103383941       16.410179355442164     -113.443221143955441      -17.552000468234024     -131.777858124836314
      -50.466576049878633      -40.643495480932387        0.327146328758894        6.447121170522702       97.888232553465556
      -26.426831702307013       -3.440388423978404      101.792269695710161      -43.432193820602293       65.484548434766538
       81.119856219489805      -79.291613381301644     -166.674971891769189       65.566489462368125      122.296085542611408
       23.510255267724528        8.289865011244625      -72.252014138537930      -12.815447130835439     -130.907710117480235
       36.353518844304183      -23.588611134209494      -53.345405254616225       36.242685568057354       -2.378871747853758
       82.765446786437380       36.076534380030076       29.965942670476178       20.960574766640793        1.444929093900953
     -226.233313427082294        9.401210663708328       42.536333913957549      -18.124268839105820        6.476332742921092
       -0.822945886825643       71.792815252357215       57.204891247496782      -24.921340862402548      -49.984095114763697
      215.528736855528734       51.178133778793537     -170.726775590374359       37.074063626109123       80.101293907633590
     -195.480209625148206      -34.568241320328703       68.329582872577916      -19.238164146241314      143.773532097846839
      -31.574442698938054        6.263025141740716       71.799043232304612        1.385584705854924       -9.266451490776324
       66.250441488078096      -23.287971964362089       56.265643772835723      -25.072879754570575       40.471236342806939
       -9.162660722225157      -49.092558104336696      -40.632544782650278       68.400374261159712      107.756869370931440
       20.110932691241956       31.615175866042815       66.667972842713468       -4.434876101498315        4.835351064142666
       24.584974246771754      -87.761400855716118       71.634451868274937      -27.749563048674037       47.408575554347955
      -21.277912400089090      -50.527413609697156      -40.662514214921565      -41.352440170309364      -60.277943427752241
      139.549385440466779       -1.410039648763092      -13.536165463246109      -21.518639845928401     -147.715214633669945
     -119.383191539750044       56.071613671832516       79.455832471917915      -77.627371945753765       49.724261362280508
      132.828401410998822      -18.326538417958229      -39.857956845898499       17.413128451649765       46.470678488200562
     -115.942642175123979       36.951749292934956       45.341518281924976       22.635984073793075      -34.941895051064364
       70.770093861977188      -22.033690255835815       97.800476582892571       -3.013690474994222     -127.043357974751515
       30.165198699253203      -39.263199089159691      104.636821558547595       -7.485421616980982      186.533666540866449
      -35.665617389356456      -18.459069041130263      -31.733543274373972      -35.964210319045165       79.924636391240924
      -60.619116577649642       26.795094278462411       20.786165719454122       53.970631374250118      -41.709005399777254
      -84.677428880727874       49.893335209213717      -41.262827406624673      -20.096238241299240      -10.831558373669047
      -80.519812771033926       12.335781374542465     -126.547295917870230       17.262972263743009      -77.268489442338876
       18.751373138945240       -7.233145401643038      197.193346874758646       -6.555099011285895      -46.703655226659798
       17.275265062657613       23.742829302715620       -2.196014924924678      -20.079881528005153       28.934463592330935
      170.973567876289763      -25.655420319268021       38.279278445425454      -38.487722825514389      -79.149907489414161
     -163.670439366649020       38.884017063905098      -98.829938899645938      -23.326464002817996       -4.581503063226038
       24.181903888399550      -46.805434934398427       78.685417996855051        2.659972677829823      -19.866725190043887
      -85.316588034454881       36.805362223199033      175.293979934290689      -45.189201080651948     -105.870628473857025
      -47.252778747257906      -14.053989283190552        5.717066997100669      -11.044704152953072       24.743731468312934
       74.061606461321048      -46.909661820080835      -73.812300572845373       12.124372265321043      150.809061718094227
      -10.946353643260988       36.973731700117654      -32.103737417820071      -16.746396478110839       14.981840749503910
        1.982463832667234       11.284853686893912      -57.868355055278123      -43.745033200188971       64.983265850828829
        1.969785060893208      -63.176153987561428      -25.496810451902196      -11.625980419501834      105.331664478970666
      -17.009215217593816       -6.029004773165317      -71.527384802983875       -4.620347010358280     -148.524362325246955
      -29.026499578350155       19.642379240227736      250.854820276214610      -77.404513154024215        4.226782000338305
       32.530547380763579      -25.147101645213247       71.469760539936559      -12.693910319321018      110.198415480072697
       -7.322155987739581       64.342799705865247      -47.465767050816950        7.443669641252955        9.841042380400479
       17.990353558587046      -27.707895705120247      107.228180527175368       15.435746605988811       13.550116975405874
      162.668285676749747     -114.576862571378584      -49.558544562073457       -9.910852686765192     -202.608021150672045
       14.699205994135818       62.708336568054072      105.640284522701592      -62.014268942872683      131.353158206713061
      -77.680769756578144       42.055967850589020     -123.891787052660376       16.375498571970365      -57.013149200672252
      -45.961532617216001       91.347790912955702      -16.115738207795903      -19.987159557253928      -41.950750773958625
      125.492552335791174      -39.220964275320654       61.167745861026788       97.819527620778516      124.677980075547197
     -168.807997066227784       14.667337577707755      -69.034402537362467      -57.737063304995878       -5.651699282785033
        3.155615694714268       10.197886094934194       38.441327755037939      -14.994238032985155       69.208425951699851
      125.043714777444180        8.173898357995821       46.483026219025952      -28.007219539309546      -94.306558737893994
       66.159039586477206     -125.308781466378818       11.525222679983548       13.849442242995849       44.060219414495378
     -121.530525779895527       77.416004476179779       42.419047993782868      -51.987732549116508     -110.945150407396170
     -135.307430490471120      -21.447523545246664      -48.479945071409681       23.199145392035170        4.581693836346399
      185.625337254681739      -11.635063939853204       -4.629140562687258      -12.544294913707979       78.420631950584820
       16.631396561644184      -46.014526447843011       -6.824565775823364        5.239698254017381      -67.290740214587288
      -32.082251358804072      -44.462146147339915       20.462199787043769       -0.206023431967228       28.080327817821651
      138.619778085802380       -7.793081126349204      -37.463439421095188       30.586585317135167       -1.817263310817717
       -6.689358685449925       33.069070830075653      -13.345460979492248       48.392391566045227      -54.206221076081810
      -20.475531290206277       26.998592633195564      108.718038180421644      -22.643961202952894       78.989788898619764
       82.042761248592640      -22.958687248483901       43.258207365321475       33.321493384630251      -15.368594346466908
      -61.543404555430847       57.322895369484272       94.593638462161493        9.759863694567613       54.233345551742644
      -28.675063064097209       36.803438530163831     -128.170128747869541       65.156697749101028       25.396452443895331
      -35.605466117556340      -15.552017199914655     -135.757766228766286       -9.054307556850569       32.900232956656311
       55.400723676164674       14.199057830261458       24.569322974208848       23.758764485730513      -95.530218373055504
       -3.836221478248479       48.442669276761492       32.655475504101922       24.040413159317072      146.327858378661489
       47.081173355201216      -24.466289170403964      -88.728788126674161      -31.617115793781785      -68.789291691642731
     -170.527877716745991       74.042821934721601     -164.907833701332322       52.940114570728781       -6.709487769625251
       22.430167083701743       29.934098345823635      -87.661706001020690      -36.387268502497179       48.591506188303697
       -4.163702230311747       10.334867291117042       47.554543613889749       37.490824408376135      -86.361476542242158
       36.692444741238127      -42.888450507937115     -134.355831288291512       47.966687179345264       57.695729513324686
      -27.234510160481658      -56.027825430671307       36.648976395650017       19.993700952126751      -37.647386202708091
       -5.947259950651182       62.585297990744401       -8.481730858492176      -65.050508635674191      -50.440689188451721
      -49.682881512159263       42.867573940470074      176.278746137657038      -43.665655584067423      -56.683289495968431
      -25.052120403275993      -30.455450219068485     -109.343700014764238       32.317316427098405       65.964064874483086
      147.924216359433530       38.567445718783965      175.170925943765127      -47.961376180638183       37.875465645764770
      -25.266974790253560      -26.649006734189609      110.697931288902808      -25.359551575885863      -50.440499928258376
       54.025638098483100       -2.780502418921296     -132.714580376947652       -0.372977132131781       38.918144432698810
      -60.992709075462173      -40.937951652932249       11.216332889643432       21.327358484693992       33.940666632638155
      -80.989382181422485      -48.503913856502798     -123.124981619654889       29.365838897430720       50.640060698506751
      -27.545547078019503       61.834540078862794      -38.268530470707532       27.869507860110868       87.540461471606591
      -19.035732158825557      -12.340546103113175      -61.014199066367986        0.274747046337953     -175.970308062342667
       10.078980598342902        7.198540099474627      104.956630404958631      -17.641236831577721     -173.794277531885939
       22.722118896867823      -52.869045142846304      -15.928422187931316      -85.609982033514740      -66.046759938437788
     -100.675480439225396       24.052193285795461      127.190013167820609       45.948872882700172      166.121218751460759
       -8.345683704143736       45.429008244088962       -1.869283101589910      -60.930506486202304        7.024555507370273
       -8.210204738487706       46.311910210513631      -42.886471532337602      -54.521303572390160       58.559394525991934
       18.495034235318293       29.415374628678631       85.683665893332545       18.135042660102155     -164.427909959104255
      -16.972079222807217      -62.306603250773165     -167.988862173092542       -7.436973826394430      100.057953759350696
      -35.863366248383038      -34.639171244390560       20.831368901489373        8.724821316712902        4.666888673317687
      132.499034238360196      -11.775500825176383       71.861683353898499       48.370027593657326      -58.212256286187326
      -53.935357311704919       23.829885174129675      -52.105246081165888       -4.657881301257914       34.835007143988456
       41.308913277953174       14.689332030116542      122.021977686289432      -33.194332992350930       -6.506670112190114
      -47.953957726049204        9.746733824191942       -1.969753924426690       42.508917419283861      -27.646648162711895
      299.966199651236593       -3.128523691020333       85.947045258403250      -51.898711262196038      -47.352653090021626
     -244.885848334930046      -70.122238981546232       90.577755286500377      -42.139119614301102      -15.213174244452489
       19.980635710587048      -15.136117005748863      -91.582808992755218       51.692705226322140       -2.313663443479240
      -56.940638359153951      -22.183696214460102       54.259937356494561      -45.072636229641034      -28.505321340461830
     -128.803873047406739       31.692583625806648      -87.468689221844116      -35.893806129904988       44.622667765333524
      230.934096407263382        9.747116532015282       82.376864316155505       55.396565233356881      -77.521209314384521
      -16.933907807501260      -29.246556994653226     -164.165085625042195       58.216841628614638        1.736188156614405
      -13.621761037016288       17.379223833095818      156.727489824657994       24.557704757337280      105.349128488049587
        5.928359191879307      -60.181676215107025     -127.951118112138545       -1.503149481405126       88.570497630138973
      -89.110340760388837       75.397971678477788     -132.058896112133795       29.335923659635178       -8.942460212505074
       59.804941670042759        4.495390841293087      122.949920389140900       -7.786755790017359      -52.222069031370310
     -131.686040614041815       28.722808777321017       73.867209927931938       11.598396982771257       -6.734123440500808
      -30.111144434497568      -48.370682222934235       93.218076100393773      -47.271643168115375      -11.185243164581681
     -132.791071923774780      113.109077632385493     -110.559623635084108       72.065970282499151      -36.161316094567653
       23.236834851122950      -55.304386139688084       68.037166632619858      -16.923691001348171       24.201827936937644
       36.695510230642981       11.331647525673780      -20.058383128839921      -11.622261412294970       35.257816608052551
       39.792401391025123      -30.190441345924803      -23.632960473900951       44.750756587569583      121.237021985537595
      -20.454861923003467       46.255816181040842      -74.202816265566682        6.583932187487161      -13.741862713077163
        9.415005843435504      -42.769476206839791       92.095624062112378       53.800867815209308       11.151355834144393
       40.813967233410047      -19.143867989067527      -77.202164658877010        4.572427527209852      -76.106720285213100
      -53.316982306921183       75.114537307704538      -67.405340617625896        2.911130838412200      -46.080827662793062
      -45.209750320010990       36.361183672680312      214.424509479257324      -49.208647654447986      -32.660165963127660
      -26.384889100916425       58.404147535465782      -50.256236571624996       50.662663884032085       22.471998611040956
      101.797292811518972      -76.434180346593820     -122.167893189281983        8.679767528785302       94.995276316902931
     -110.651100577141250       11.834131486109083       77.447334925362313      -32.672024754236226      -45.847860416830166
      124.640764778981918      -55.210540821410596       23.197491460595444        5.315620728180956       -0.225218143851674
      -43.597129616276710        7.133242257569404      -38.074929070694282      -17.492142505197648       33.580584414269616
      -62.661315834285716       -0.348352951190217       93.004430404511425      -74.359069716470685       -9.216868957107053
      -48.010501399792595       53.399489826114845     -134.463017500403026       21.996433420911586      -61.352740429626522
       44.276947646721567       -9.467756407063575      -13.412778816652242        9.650634834677506       19.372029771973665
       78.340431119463730      -25.127227403478098      131.364459141154668      -47.043841210725354      -49.534088769014573
     -141.524760047256080      -25.737148264585294      -67.646011868005743      -42.665854433810502       70.345567935902665
       54.673634009831922       25.975309150253377      -99.363968199336298       59.947266302900232      -59.143751875336669
      -50.145848862363820      -68.261436728809642     -168.398096170563633       19.402088071652251       86.113609110596087
       40.490286490993029      -16.342764734354997      161.354096852135740      -51.676663481223656       62.640389994049805
        4.677216988873941       61.618164048146234       57.318095609735238      -20.617361636414422       28.101962840442706
      144.541692541394724        0.726727436262838       15.234249863816343       32.591508984229712      -97.366646702792309
     -105.853436656506844        1.259497086217291       44.854797727957141      -20.416249812000000      -93.576688721286075
       75.194910571159483      -16.454825244871213      -30.673391635532813      -28.220338682936426       39.653475462163144
     -116.950468648014493       38.059457355869341      -27.037507381096496      -38.810118274562818      -83.965936891766560
        3.809600810085340      -43.635533032169128       50.171552167088016        1.237751711131003      127.542151017359913
       52.081095250166499      -53.805779221357099      -43.877389535560049      -27.700815012915388     -175.641425079269425
       49.860979368937542        0.503517947030314      -19.747454255169291      -38.985196227020957      -62.703560673613538
      -61.923275858918828       42.069658121470447       68.908038655541773       44.485994931803745       96.136095412647748
      -13.143952987052959        0.870806878747356       94.417665837131935      -57.948653596562551       72.133676801173877
       46.452145059492381      -23.899852434108464     -103.950777571917072      -45.835370306918868      -78.789133635071934
       65.917762814243460     -119.736174269295105      -55.419469423460065       65.753075217063113       65.245809356335755
       70.588583219315339      -66.373190113820087       66.693165105133687      -25.709793917729691      -68.660457110283815
      -91.074439360210249       68.813788139064528      -95.345625364397051       78.782835691390034      -45.060451893950166
       82.538441833857107      -13.691365658562582       71.928094661762330        3.483515119715788      -57.608093122751086
      -65.196970858616879      -46.637723138098636     -120.507084167233771       82.418509990979359       42.084608668243469
      -18.785932024040935      -14.196122452726721      -23.893315264270228      -52.604522469886959       77.007184101060957
      -26.987730564907640       72.065554517524376      123.041451363922306      -68.658658883404613      -64.121299970805850
        9.477549808321887      -73.443451776001751      -66.953020177851926       40.286930060239030       -9.965921503098670
      -35.790437422113072       -0.354529116127022       17.936306269529478      -23.452573543792422       85.405176980087475
      124.098089177088823       37.890111545359460      134.430401447928546      -47.983548965709197       24.941263419838904
     -116.663023342879740       -4.291016433987465        3.399989334089756       -4.640102679785900      -55.537713960309404
      -55.829259900221707       30.427129951029308      -86.791392886811380       24.436492221298153       10.189326448480726
       33.937128860622749        5.809238982646851      -39.867969956335145       -0.716425401512489      -64.487391296661542
       58.839076517552300      -24.375816008648584       14.820222061149812       29.464948947233047       -9.992549792654749
      238.123590554239428      -59.114462119223859     -232.821909670922793      -36.665120180309493      119.493737679406848
      -64.005433164092679        7.419262768473876      -56.629844167758996        8.265005283240979       -5.533830434832017
     -102.674463116249896      -10.276537548484534       27.456500098688597       28.063504840187694       59.909406631705487
      -75.814489935574244       39.355906586376072       76.311112615460345       23.296367503798958     -150.207308333511406
       54.782863906089673        5.729759691839578      -39.028600260960651       12.360591179783356       75.719135050999654
      -97.195910089780028       -9.986755978300476       12.536481920318796      -46.241163858904983       19.911625640305768
     -154.457507469053155      -21.765827415675297       21.028593850628607      -19.424151166356118        7.303827347537381
      117.050579630419463       12.486701315128506      -57.489617677702093      -16.024327526795812       12.782571716639772
      -47.441320650159064      112.982578891824716      -52.170020617412483       -3.728017383394142       -7.824907675275546
       33.158264792599802       -8.594653500717310     -121.398902954848282       -9.788222444273286       96.139122545533297
      -71.258513236296437       12.782365038295838      114.687705034388841      -49.922147522195665      -62.785063385272373
      -48.448590203970546      -34.380819998849994      -61.838330613196277       31.513574060570217      -84.923272276783152
       90.319568360931470       50.125153486249225       -9.951296902589148        9.372369252445308       39.210147516248377
      104.651406653230438       11.310154062008559      -55.964627291607378       -4.974396915194564       20.450353224091334
       45.700544685401098        0.632468134140881      115.132137473376005       25.707029412354245       28.461886723099980
        9.608531700751671       44.681539698767040       44.653039514450995       -3.464103253595707     -175.475235215403217
       -7.645879474823997       59.527303643912589     -118.180502422458702      -40.607043771256279      -29.546549097719009
       45.296746015917840       -6.690769397913200       -4.879839679978825       -3.422637440911487      -39.146694148471134
      -79.544729630401235      -76.416870895380129       34.559828990648214       -8.192750056153626      169.837785768375795
       86.698019242926918      -66.996318320720789      -52.506106674965849       62.779311710758840       48.330986146770400
     -102.226115849406597        5.683733673433045       54.039211953831696      -36.170258202618854      154.020571121140307
       76.291477165707207      -15.309410198802201      -87.858026479160387       29.109350728536423     -108.548220295048765
      -76.295873019188676       18.176676235011474       16.771887043765766      -26.149784984400561        3.215880168042808
      122.333337305928225      -74.862400674038682       34.421660346031835      -36.961506397404122      -20.966699985996733
      -59.929270219556962       44.909035174608306      -30.492022876151363      -29.684831522280920        6.577054794927163
       18.267052279510782       17.642378218153357       12.282829234031434       -7.232705780984186      -53.712971040312219
      -50.350364733750567       48.947687793762086      120.053672608819497      -41.646446956488980      -62.564317262682216
      -33.472848784647809      -19.716990374572934      121.493427444862647      -89.915411213414075      168.991692105691158
       72.073433534805176      -33.882206661919653       12.752598215612061       80.985611709753172      -60.612008097862073
        2.921372932773857      -25.200096434004536       39.116085295667546       40.309181139230795      226.711222327789528
      -85.105680230203916      -39.290953491232763     -132.600528130548724       11.854491040952530      -20.930650094541434
      -26.530631879037866       21.954136972242313       20.767203289486385      -33.758237858298536      -63.178751709813838
      -11.428832834608340       82.278733120484674       49.679985329544614        1.334335238986509     -121.980042683673460
       17.330477314191747      -40.902621947770534      -16.302324471314265      -25.589376763540404      -71.383411600262107
       50.048949615810862      -78.004609371172307       -2.042622651788290       21.061650414224687      -98.575128142941992
     -130.365315142426425       37.023732780921158      -44.347084019017700       -5.075744941524508        1.148094926386487
       57.835180559890198      -46.996661640541930      211.517250548684785        2.044839078677970      147.554998197729958
      -64.545914217189249       83.357624086472441      -70.604007782780982      -44.664664381477294     -153.834432636567897
      -37.883105331837612        1.795494728720330       10.455486835275929      -26.644724934543934       82.625441936070388
     -124.480329097175087       47.756396696644792       47.228943068039996      -19.664808277125989     -106.278396544114401
      -41.308651675745828      -13.053252770325956       81.370389435403538        7.775272352135452        4.785401578425885
      -48.408145100022729       55.543106078903008     -172.719882049846547       21.746512413416625      -18.732848341990834
      129.540245601999430      -71.419401896000608      -82.806244856997083        8.656085341035157       46.169540993542675
     -155.882578280211249      -27.741147513902309      270.457093442936127      -81.228430805182796       24.233381018217639
      101.048293594241414      -25.835555127824648       94.311928436946985       -6.329747827682321      -19.125349911584674
       63.771428301671904      -14.721017131118423     -134.516733259570685       37.073771712997711      -68.380586063720685
       71.498427716551660      -83.616439500513451       31.217827219997638      -44.205342685127469       47.583277875297824
       70.812608963147639        2.000488742119094     -183.017012385786785        8.418386898820126      -71.378502107028169
      -13.580096736342481       18.426579814826031       19.699114108643140      -39.827438231861372      151.565523710790927
       52.100192532275209       21.911906085901911       35.360271627655216       11.415150638206871      -84.079130401916387
       -2.699750579561865       53.567165007227132     -113.103274874893742       15.941018239512863       76.995739454106030
     -136.793975295390140       52.859502171350435      -30.604915022356423        7.939820975938161      -85.170783646296982
      -70.198798350511453      -13.348920781659661       69.683404916980848       27.958858279365671       -4.326553633660168
        5.778893717939564      -45.396236917294026        1.226704250745250      -47.299421305127517      -59.899017673587124
      253.300847494460157      -56.070994582434302       81.149439776873820      -22.246861295081509       26.615040197373094
       27.454491076595723       81.691279830407936       78.614205418770183      -27.912117433897244      -71.435628734108633
       -7.711876985323970       22.678533444933990       12.332475127813254      -65.428382555018246       32.163960919644794
       11.606581155599940       -3.160511913983931      -48.448775194730906       40.849383254755850       32.621906998061547
      -30.149598567243316      -20.954012201828760      -22.783013476689529      -29.924111231507290       29.012458418400030
     -137.903062219203946       37.447081510926452      124.541963650445879       -6.765032543384157      -26.187400206294452
      -52.695963319932495       60.163138257819917       -2.826073913862055       86.434607043412541       95.728884558595297
     -100.699406903593868       11.117000491704543       35.922245505767094        2.168278642287541      -48.017721836342652
       42.611283841917000        3.843673402208345       93.681976377475777      -14.627718426908968      -11.383788556725413
      -13.759914589066550      -47.229964234864504        6.266247353015947     -115.324765577473926       56.086804715715239
      -56.484259073039240      121.870982713433364      147.864658506152864      -24.810610145628168      -57.796297887966624
      174.568283316521445      -71.603860755062428     -174.938316369339958       77.680053655693072       99.207876310226865
        2.498692586329804      -72.900260429145803       77.425721624982401      -71.329523722371007      -95.399552767788137
      -53.608938227561381       60.262497548259951        9.212266945377955      -13.114241441149844       53.034543853817802
      -61.230216736339734       17.589491999137007      -43.717069135115217       12.072166112051553      -30.145275071614119
      171.791621296223582      -48.767388793350463     -121.286495845090798      -12.937566788370827     -182.803696628903310
      -92.287110242912064       25.027983020187794       -4.287977525885518      -13.302708668388151     -175.464328706529415
      125.320815839378980      -35.825940385060427       64.832947134058116      -18.295514312821716       -4.973920398047668
       73.145489233558848       48.650797538063017      -31.981210625982182      -52.521629146651058       23.103861647205356
     -199.396857355308413       10.891626968113286     -184.059095338155345       28.759882875412860       95.411566169664852
      -65.418939133979691      -33.657916412428861      125.229032019123409      -32.194894627067725      -42.360399441257712
       26.185610480254184      -34.426582152833781      -73.729640430268674      -39.628387861427299     -155.029789650932514
      -11.250601109155436       66.876151369758702       13.460494908356749       24.828111643317033       28.664452537654682
       -7.074214031574924       49.988110324701637      157.957850948880775      -24.658611251150379      -52.092464055266852
       35.268382300273288       13.436441900920279      -90.690305671667488       53.830625417323823       87.593077722797418
     -146.942583389961214       32.123658022090140       73.334699009039440      -30.096152570809135       67.642202977260837
       32.372978951004143        0.514349387186703      -60.624328117251366      -31.970060334653819       11.693563278220822
      -21.385437782437819        0.992385442727073      132.565662962910380      -81.644093929849433       30.325694011672876
      195.383475247450974      -37.013983516082789      -47.655529395973375       36.901367624155156      -12.477380033186984
      -98.361525087024035       17.735929890379747     -169.369294612870164       51.533815288710926       26.716083089077770
      138.592736432895805      -40.594765385859837      -95.211326816451262       83.379317488763050       74.629032319738215
      -21.963457173116929      -15.211932030693776     -185.241052380288494       72.005736661328967     -229.181031334794284
       36.071552250149097      -57.592320487608248      235.081704283180130     -107.739820058179674      168.467803821282956
       41.902020742740412       51.511794726976674       34.869319443610735       51.245383957246666       54.495094004729218
      -40.142071833714319        4.815148852827183      -13.015419603185020       11.799929138478740      -83.856764262328980
     -142.919893592760076       12.240222560868991       22.358159516160914      -22.599926624783386       60.551671120830413
       40.446901952860770       12.507823396133933      -40.120931017422791       -7.947622628508987       63.982824169603937
       54.984226318272171      -35.194143677508180     -192.857006911121800       42.396079755760780      -16.765965655061734
       79.639378703018664       35.101622628846478       -9.093763947311793       -5.637233913081981       78.067413106423004
     -122.749966391473748       49.047114712606785      -28.803985141647285      -20.969457904767303      -52.642274426985544
      125.970192520122751        1.579361138263366      137.819351213569405       30.718368525570064      -93.732698921956043
       11.231642937666004      -17.653383948188342       94.774565667772407      -49.702485578112906     -100.861026968457267
      -54.044761557952761        0.396913781664195      -34.271341801926923      -14.797368578021807      -58.866839930669002
     -196.237108977576185       -8.158886441945846      -15.033615931607244       28.171104900037410      111.441657018821573
      172.551348022644561      -56.438263960815704       92.750108228220398      -66.312641962371529      -86.313787005617144
       45.207743761215383       -8.721843727844039     -144.776159277268391       77.465502900227548      196.392907304554029
      -49.545028730469404       69.448926964531267       41.501731017458901      -44.900197202140120      -54.794123628897459
      -12.151427571774899      -59.312205587819207      131.707306121455844      -25.523851774221601     -170.975403525827176
      -19.268691047296510        7.197539732173047     -125.022150440106827       -2.208451071572949      -54.506616520428430
      -52.530359283702623       25.378097287739532      258.920898405647904     -106.431983166447480      -43.255253861216936
      228.094688324738684      -97.253242638645247     -141.747451514649697       -3.774678664177466       93.359985420496159
       33.781542730400815      -13.299392838964168      107.972342497487418        9.598130194182806      -60.255238661522498
     -150.851832929405134       91.343924120968637        7.311687266052568      -43.005868062822856       40.792724863261689
      105.844192812306133      -10.688276971128525       80.221935111259455      -38.034760943714012      -39.999641877724592
       15.660069743495431        4.833868596203598      -54.122973405338939       11.450073678185568      -88.404343533177467
      166.202788487096058       19.026464344953474      -20.276775917133794       56.342904760374566      -32.124293079721816
      -63.435826112293029      -25.878255132883233      162.423216062048198     -104.441134794658183      -14.971465310197672
      118.310395052901669       -3.786872886584327       -4.554014160704018      -55.147037824983229       22.648253017192896
       17.626691545513353      -94.726304037250017      -88.414322128396051       52.634728003932281       18.685301284692574
       19.261481160992258        9.112764375261406      -62.928868497379824        3.905199423926402      113.334220275954380
       -1.601060992976622      -37.965605231576085      164.665218436029221      -38.406354015124457      -43.041397658611956
       53.319518731084116       40.612869041430429      -75.110164232545159       78.131626977863917       -7.742326961566292
       -0.066563006181562       52.931599369476466      -68.835153482805225       -9.807037039523134     -130.079302016209482
      -32.205804917439728        4.688627608179059       48.724049046626490      -33.045437135819313      153.062208442578623
      -52.549060625977432      -15.164536900381291     -124.776809714473998       68.594893456712768      -32.327081529685685
      131.246077987057873      -23.436174052405299      112.160334352313143        2.764532874659615      104.252458943841674
      -63.656974422405675      -67.074580423492165      -83.387242105941311      -24.445254561417180      -88.331834384947001
       65.513312777840397      -11.131903734501341      -64.591473797717185       29.690238471847241      -35.632758955433729
       66.307954306985508        1.646379127460197      -46.126142286107601       46.162937538325139      100.828026906397909
      -46.244812126524820       41.019783639155108       61.250110279906572      -21.840843096996096      -66.829994940912627
      -20.975341438557273      -52.504376212073780      -47.635750853474704       87.078661339720384       43.392193563963495
      -92.912075403932775       -3.784118179070592      -88.470333183505630        1.501416136357506        0.664324597904778
       -2.165557497527722       56.103430624532578       91.295059498082509      -41.134037640262129      -94.884666960888651
       86.468235342791644       -1.924803236244332      -31.294980963190746       44.848159692928313       -2.376608055258174
     -151.537191288530664        5.151933052925097     -189.726475517263935       -7.305289321415542       55.490954320168584
       11.305113563755025        8.929275618025489       79.576391627702748      -20.694073214122398       67.292111413254602
       89.106182079684714        6.194253522343222       11.681649929942033       24.069992447237421       65.342911038983146
       69.945130680787415      -78.242350688005061      -75.266436416309389       96.349027568133152      175.135810513338384
      -12.921810304356613       34.395155808535414       -1.393354635896916      -21.068050748433691     -153.970738304132141
      138.369754296979664      -81.383671397865896       -0.801434093056789       70.407070597114554       77.929329771153732
     -150.023754177134634        3.699270570545536      145.360598725692483      -90.581688979134015       38.261051049977361
       97.272444056239777       31.851486778029848       27.790777031927693        5.784075740721141       68.927760468165388
      -80.513880798813673       52.021401148257198      -97.863249732216389      -10.066739557165075       44.229906473739291
       23.132032891019055      -13.831516010643689      -83.388005130653511       53.149734299180537      -55.795336029876047
        2.463391265153517      -35.598114133434059      -12.370848249812999       -7.545555615489798      115.272252401977227
       15.513163785968315       -3.140029555268431       12.368758978176844       -2.981099543627336     -135.154282889963241
     -222.883459018498826      106.222218535420723       17.454520241853196       42.620858597437447       -1.876129292739256
     -144.215565536499696       28.271195758472139       -7.391283094014463       64.039022449233471      -43.463074801382433
      105.615881030196746      -32.200441277067888      -12.673884882536280       -7.410928540290152      104.812539872114471
      -32.196450558931019       20.458183137425760       98.611920302733907     -103.534518015575614      -33.441708723933985
      106.760404241572331      -34.446816766958143       -4.659475204102232       95.812443081896646      -20.789193969088803
       -1.105292911719070      -13.405546707349940       22.296531916648910      -57.610619822952849      -48.995389139498712
       -4.489844063964844       45.936581423953044     -123.703352251294220       74.530403907710564     -167.084445885589702
        1.188285722488879       35.907589466685913      -90.323803760560025       30.150355177972042       69.595990101379158
      116.520238367532613      -70.808644077309339      107.248791212226777      -68.278421203645863       23.105445511356287
       77.225125934519994      -22.233353837684810     -114.872864290508915       53.305310612563801       87.958667302434577
     -134.207816819879866       29.016463967798611       89.507156998145362      -35.781784921633630       77.266694666819717
       42.343049795180882      -46.728623033054205       -1.054518399461343       24.120951689390939       47.486848050293240
      -54.283089773212225       19.301390829168515       78.045216291548641      -51.843747068029025     -133.240848903537113
       93.903576731835841       47.004710974186004     -169.079830187867685       47.135092970247015       82.174314535828984
      -91.005083615941686       20.848877638050578       49.219670312491871       14.899173637800677      -20.889912273370559
      -22.720024470514016      -11.896988700945339      -50.999112719967997       18.830650105343992      -57.975665654861544
       40.925818270073812       -1.122334775926835      -82.854726195355525        5.607318614295440      -46.998280098713494
      100.595991472729025      -32.298778713605060       56.559485438153693        2.314128644871230      156.093476076699460
      196.356853629270745      -73.540654453359096       46.252970842818975      -19.781628284048978      -89.659685224152781
     -132.146409022285184       57.352810011843822       64.230650340039986       -6.990778950900943       54.801736702563332
      160.182788391984701     -100.538233048773307       14.863377311073512      -38.819468789598105     -127.662080120501727
      101.264554866345705     -113.983880800203636      -75.019546077987059       12.534555312547727      110.421345642944644
      104.737737022414649        6.818265402938312       -7.863103814078124       -1.340070281115801      -90.838736432553745
       39.516993465496924      -10.970379945734884     -122.039302531762360       29.257755249640915        7.388074341145862
      -70.875726607043518       -7.608474633670635       59.947251921862602       -3.221645792553538       -1.124229722191625
      -29.169065101641419       40.190933851422855      -67.821016289356905       20.757035235583601       30.344293114633832
      -24.217508757381538       -5.674575204990353       36.536503043163115       33.810302904921727     -140.558674632394286
      -42.909850556984573       37.874428031523856        9.074837377161421        2.211972670985678      125.318023977361619
       37.936040152118487       33.332742027567726     -168.724245293213642       49.518163386062881       69.358851808932698
     -110.255244346593869       -1.142004277019427      127.604568899878444      -42.837659572003361      -97.747150025598700
      -24.962179763469557       22.151698125912311       74.364799636850535      -57.822149663563479       90.139399119304741
     -218.191921065909554       20.808382589137246     -138.006899062720862       40.675562604331375      -11.858597208522013
      102.242703604093450      -14.840501426823282       37.076754992900561      -19.850734663283571     -106.486896143986399
      172.108108122185342       24.111526552005412     -151.095488246393302       44.229144816364602       41.864201310401022
       50.096266718944491       20.433225226995567      -31.269596458967392       44.669659997206864       97.398504881115173
       40.211923021444768       25.478030416036120       25.521443912893385       29.989098953502683      -72.309288408681425
      -47.060552308902565        1.886054674673600     -199.392952518665965      -24.513725107585785      -33.384977071108331
     -157.163543334534239       28.443406239592758      169.191096538994572       29.427975391857348       47.947366153639400
     -126.969640720121575      -50.422282312688644      -78.784207945463436      -36.083296015088081      -88.270271686860085
      -55.157546311803941       31.596753396387601        0.979768421671757       10.385252668765926      -86.670866620106878
       28.207396528916025      -71.770758507452356      -64.270221090644839       -5.268055710278015       14.271444292922068
     -154.533075907055121       89.843598821231382       13.623203700168210       -5.799738760603814       51.888768879298404
       87.805280821130580      -96.515812380217710      127.793885745589762      -55.739960169908905      -44.882126168391302
       32.292805328177820       17.218747553709644     -155.120876188930907       16.526692294638472       84.064117102029726
      140.977236068231804      -96.179442335217530      -54.498287792376217       40.271705781059509      -96.716537618264582
       15.773103367409902        8.086057451692083       -4.529290679456773      -27.304091744961870      -99.315344723105071
      -64.891900891618960      -87.117224961138632       -4.343973610221189       63.059868780138949      -32.901870683049772
       50.300369035672588        7.518695383556397        4.408264454599017        0.325496825841592      -88.692563992513684
       68.497799401348203      -44.159892441594373       50.130152716916598      -23.633359389838237      -13.853803106951069
      -90.412145557942154       -3.801903597453651       84.482432393416573      -56.381167231826559       77.062698111308379
      148.448598714698392      -49.297149400813637      -86.584200397275168       11.161871372389319      -89.338597808545245
      -45.056612618323371      -35.625803625508453     -117.937648064656216        6.764641878077137      140.591652624101300
      -33.354042249453066       39.370865612734399       57.810108157421965      -11.280886955662131      -48.118996245634399
       41.526779698601963       34.520411884622476       36.477594418447033       34.335565354763929      108.678114657107471
     -132.426466174588199       40.781069124696330      -41.571101731586225      -20.518679563381664      -57.293916795368609
      -56.742326162174805       31.094704592969716       14.129489847327305      -22.963769947916891      -89.153770398998375
       90.656670080440378       13.487017536776627      -56.599351338540643        5.250403106286209      159.804241991074008
      -72.993780015071607       45.953894735570032      -48.164860346857438        3.515014118591375      -52.477990780557029
       29.468357873204013       -1.868048267021052      -81.248301392453314        9.092228811305242       41.401343609234239
      -17.996303028434383       20.948020461296821      -80.828146737437407       38.327097265111966       37.020410019821831
       96.025304544217832       20.840226330734890      140.732100278769309      -37.880036684124370      -44.624982474756017
       19.527319425227411      -21.175884111759668      -95.723223014757309       54.072577240073841      -56.337352628421961
     -148.443837224558791       55.343812960969842       46.058396509418280      -20.942698945389260      -93.939830021412831
     -105.859089272103020        9.676631089926888       72.050787933117761      -17.379304769159035       38.391175984833126
        4.235621202108914       -3.130352228526645      -22.922913230609304      -33.350970978737195       47.335288348105848
       20.530791890353786       49.681050440578936      -50.043995488612573       23.201435418058900     -154.658758617547534
      -24.572567589026566        9.192522244596422     -143.328446945165297       13.489506534768880       21.628703039213196
       88.798123460569599       -9.169707709699594      -13.602151175650041       63.586245167657481       -4.532248724812050
     -168.797057975102121       43.011815765995550      -19.005545973342016      -41.391716614703547      -57.807803355116121
       22.571615999936856      -29.786561854118727       10.119747554923805       77.543819990135958      -11.516871127985972
       71.887392689867553      -43.887666214976171     -215.318900124189696       68.210132498703274       81.159415492830249
       29.814495353856032       21.131645033865805      108.498829770832486        3.892766036690695      -31.563633649582211
      -47.223163793957056       -3.417816558634130      112.007307588083862      -66.332613691159779       95.201455070367132
       31.420311926831936       71.840417304545838      107.490915830132735       30.842087460407509      -59.104237681390771
     -128.187075811623117       -5.842451190709532     -250.836868672606073       65.510311868162674      -26.924940586651392
      -91.070604791590057      -35.754801428088768      -64.390733883628087       15.296687461882803     -110.111231601015632
      174.420606193410947       25.172833265128880       43.252868580186849       -0.266577517963922      -11.855590943009906
       13.257566118825263      -25.989403130972686       22.183507632340753      -58.025897193048159     -188.637792946014031
      -73.734658172251173       63.634564828192360      -30.301690149467984      -72.935668094386799       89.300108928014097
       34.813679503944364      -73.198065179326051     -131.774622687840775      -10.294241000209611       23.200923681336846
      -38.810897829086763        5.514911073898422      175.063814408622392      -17.346438969373725      -17.796826922030920
       64.072638319150613       -6.774133211272660       -3.692160253702546       22.654414639810110      -50.075600880910116
       77.229471626051989      -49.451973935526972        8.994710788435929      -43.682954321213366      139.331237064947743
        4.432418455862926       21.913981993361208       29.472935868829893       55.173497444234343     -169.937117137212340
       40.125939554797938     -101.527804452534284      -31.138017536744243       31.355025783369850       10.276249637892931
        0.184759404279301       47.502915138666900      -49.287482997143549       21.180613640078445      -23.287777467064377
       79.280184246528151        8.265762827287670        5.857324785755809      -14.823390769898934       19.039375115607655
     -200.716156806756260       12.416324951412070      -54.490419369063758       70.108379832088914      -94.192465224107181
      -77.048514465690175       13.301650025817665      132.045516890831635       54.746179642247910       19.581223258615683
       63.484383827493048       17.141354005628180       22.389645921225881       -5.607633042490850      -80.693708607243721
       91.569157816635084       -0.005726594201280      253.310840697022229     -112.573837607079525       53.481972773174313
        4.604095993733476       49.840661968745515     -150.182512813306943       62.071910051778289     -104.958344698271347
      -33.742011923464112      -14.952523522047626      -18.933820118793367      -37.055934946251966       37.955328479003761
     -112.464182714910592       66.789500178856315      234.238401795950864      -50.498727345964753      -20.876827445381419
     -175.036615603696248       89.189611476738534       27.189194039460446      -66.099089926491018     -257.286566137835393
     -124.453852676026742       51.237225759947506     -154.040177814863114       64.056902635693660      106.231138158451230
       -8.833168019836023       33.205855875634171      -96.804095826772098       47.476850793445678       31.191138217984875
      -68.413686369774382       24.701251691183508      -42.775804820285728       39.082965818576668      -98.218433536965094
       89.713445208579643        4.794489210613665      177.428389340963975      -54.230995268517319      -90.073073895405457
      -27.632528786691012       50.586374658387271     -229.275651678023252       90.692861183484055      -84.537418951234457
      165.783150413362961      -18.387929892609591      123.242872865647684       11.449094995160992      -30.829356819302390
      -98.052175800251746       12.325386217879476      -50.197155293106583       23.391456745762135       -6.434957398970766
       60.318410720631512        9.621444774410172      -97.350032916448839      -46.705428960201708      -48.161826944844798
      -85.373083928186261       38.512973113756708       97.484168531087235        4.784025000701103       69.123057353019192
       -1.443708626072942       27.887913081962317       -7.204382101558752       -4.708965386974900       70.745447287083962
      -70.538452627903439       57.098044907969665       88.383488260830958      -38.456805055842075       12.330115929748739
       23.987884167100532      -39.328116334689994      -30.917256734291549      -13.033367176110231       32.492877221749488
      -25.787318810374600       26.863885429991885      -68.150907294648846      -20.148440394436840       79.715090393435048
      -44.417908140295729       20.886611895006588       -9.478304517117039       36.687014760645852      -86.477830823790399
      -90.206933761513099        5.313874401317412       -2.522486526724204       25.064089674282634       99.250659109045117
       30.899012795840378       59.905158816646988        9.200307177740163       67.368687159263445     -135.457906419709843
      -36.269190687877952       43.751540582633019        6.435965319571259       -2.570853979549553      -19.072585160689634
      131.808458187294491      -46.693300772948668      -31.771617774007293      -23.981937358297081      -76.911552486194921
      -13.358016213010863       15.013559379493092        0.348751597092381       38.333428930785182       92.884094465999766
      -44.978213271697697      -11.421165814156730      -54.831424656137393        5.469006171204875        4.237214411687933
       28.045277979202154       -0.529881315916266       49.517562605858267       38.681014551132648     -133.504814941932892
      156.356875261233313      -59.464252160155610        8.800212190774150       33.887574762645855        1.764687546416493
     -114.119872881890373       41.903529172019752      -44.844492286024121        5.618851895054340      189.677913571433521
     -117.002007724414511       28.604158115675595        6.859069728812709        3.705999304283756       74.947571393544933
       43.457034310893782       69.514400181646437      -13.342764521089025       72.233662964047099       -2.444707895262646
       16.375099210638147      -29.748350517727530     -156.503282147199513       90.400010744959772      -12.864256148468609
      151.263609996300545      -16.458077226413693       19.108030361510419       47.436810027844736       56.119933508788492
     -108.876327183188707       -9.390558045426319       -9.644297592844969       18.741360524722900      -22.781036962525210
       -2.694314906305706        6.429080333972212       18.926673070800430      -15.501529497052658       83.071945930566855
        0.985256623348713      -40.160343456154280      -15.553069921180509       18.661288186096797      101.913696807169714
      118.514299884567293       41.141167417518808       21.560649931766548       12.447314575071996     -109.464136577733655
      -89.726701732731698      112.777519210072484       22.060966933973404       58.993804617839423        0.201972691168268
      -43.235876554696262      -33.776792261055469     -149.675302604929669      -33.524220834028519      -35.161526153948131
      -90.611028254278011       49.117029143765805      -13.140925273403210       -4.214604455515755       95.213837712556938
       55.832898942129624      -28.212356309243070       32.759461486006551      -25.746352009545920        1.818362489935984
      -59.829135353469432       -9.874408672189348       -3.571829697132300      -31.267066041328654      113.260845731246562
       75.975183388011786       30.490900334249201       75.575827365304747      -36.825625474863514        5.682583429283667
     -156.978551119881473       30.459874291048298       81.117961635639645      -15.766575131212107       18.417051975756035
       36.483204106811996       -8.659664536768094      -50.416465616114969      -53.602314671925527       28.605358850865951
      -23.460182788263701       26.063462619349988     -112.555265915403083       -6.248039550080618      -38.202312169555320
     -160.667458677210988       67.253256788337424      -29.052039099861428       59.259283155066463      -85.089031799159841
       21.651707882739490      -13.716503736074499     -106.649467464366168      111.555332629713618      -22.411278064522456
       33.120544340935439       32.535402071387061     -131.059907992963360       56.823189764601850       31.965906140036637
      -34.489039187603844       53.699429232569067        3.533105320402846      -28.187637171308889       85.408240961484367
       82.985944720930377      -39.144792896381098       57.908028481982534       41.396754571299951     -127.329792287906699
       32.689103525444899      -62.179948412301179      -18.093231758065851        9.535480077046577      -28.940760328275367
      -91.503615353314302       59.992203024943223     -118.701881890670620       31.818742895859184       27.767202796781355
       81.056657124196136       -5.871781563324085       -8.698233313507165        0.684563288651052      -74.022946601713812
       -8.524451609321385        0.994475945215125     -111.442048494246848       69.426156776465234       96.839547134374200
      -37.272965071933072       20.412811140652494       56.479866919934082       37.249066473697269       62.900016083740859
      -27.492433402363964      -41.173377875767748       18.307319482601439      -21.730190837180938       -9.053941674432963
       -0.948436032994726      -21.193227936061284       57.144055249154903       73.833614258410464      -51.764094263113101
       69.502227984121916      -41.284449974977349      -95.977529988412073      -20.108051433505235       45.124326652206776
       -0.994917172181645       28.650212131821149       32.635314068969677      -32.648528919319887     -193.661929172443507
       10.130400794444574       13.938336325237220      101.958747790640217      -27.317244223206501        2.771819605372277
     -113.302077676569908       -9.540194901780060      -48.285543355493424       94.411244199502022      -18.251135039768240
      -15.552410871728256      -19.597657728648581       34.232769918435807      -45.753470234069198      -88.040002054755291
      -24.164284290017296       -8.359627759397593      -77.630364959101954       63.254545429415558      -27.727532856722284
       70.457720103753488       24.936690977917870       36.859274796919955       10.096370643474335      107.681982981594345
        8.453798086925831      -14.850006675864277      134.801309054344813      -12.980878880565360       85.934440592948320
       99.803715357267606      -64.497455173490920       89.696210796310069      -34.841200560613728       67.620405956177748
       17.570189579351325      -48.721686337558474      -27.898188110085201      -17.804828450113412       85.866016935483955
        6.701065590588630      -59.103467015674163      -53.773281869747173      -60.844282726185661      -23.205171688444292
       19.200165713768197       61.043393208206041      -88.622864052148515       13.495119638769168       47.414861759968311
       65.569760369660287      -38.833762634530494      114.749333745359635       63.360235176670216       78.514058905473021
     -108.445537616889581       22.231088041621486     -120.776237259875742      -25.442025432429915       -5.243626472974682
       30.961310489671412      -12.557135457404401       17.952438811175764       20.306385778768021      -27.649984624389759
      -45.086642597953585      -17.091289451501460     -191.045753981734777       41.561845825819518      100.201797831859679
      -18.031936136106108       10.103210089864858      263.463374146498438       42.896050249235564      -52.498980846513135
       87.156685394341977       -2.490204244266120      -77.904613526334813       50.073579647102591       31.111156533545376
        5.424501249329397      -16.982786547724011      -26.984818051539328        7.889515023467394       81.852172515126796
       39.222431521583374       10.348995724384793      -54.941530923487392      -44.094950843950251       79.291351187700442
        0.506937900191774      -11.335701984605025      -39.187334277376351       29.592250225856574       45.067965063151071
      -97.313659241608619       33.838559614432810       49.749383446492104      -30.875381121230348     -201.882931761196005
      -10.040246015434256       -7.774558147724296      170.329512536036958       10.940301113713396      -63.212739410051121
      -44.624826790657096        3.627862305757835      -96.736893031509126        1.237773466222987       11.777547696087190
      -41.268660917903986      -34.370992827119395     -191.754341478616624       -6.484340335574469       77.382779858869966
       21.160296746392671       17.331512380496267       84.702759905231432      -30.824915061456597       45.437211605744949
      -35.031506065653929        0.621578911018161       33.193142462221481       84.260784007475934     -102.392864908385889
       13.387005681253980       20.303529212090247      -67.484939745274232        0.297128825991259       -9.440076147309394
     -162.203066550555747       82.054164490156737       71.167542111635910      -61.818727805143872        6.044656283936078
       -5.502089292995874      -31.870893623953489      -76.695067230810608      -29.821516088706986       85.378389026341935
       45.967123079417952       -2.217772785847936       42.848011631645647      -12.122039870221316       -3.877495348683168
     -170.927963823484959       10.794269169007265     -237.062475035587539       64.662317862686038      -32.164011727417851
      175.174937906894201      -39.987063996884054       95.905897278749407      -34.695719285903202       40.704874179035549
       95.871120428049537       -2.590565385303407       58.638915131587083       47.051288800723619       44.405187648699581
      -24.889668816268458      -52.272047895945704      -11.056113861189456      -88.412354652291810       51.845039124601556
       77.606129990155580      -36.993223815484690      -74.144785558116723       24.793339895567438      -78.742458827418403
     -158.213517798972987       31.250350361186332      -76.134689252936028       81.839849319259969       43.992357547187517
     -121.030153425632960       26.053747594222784       -9.114117583925895      -31.856297441969566      -22.016150143122566
       48.644715768487330       -0.191165646963726       34.712196464077437        7.627126647069526       86.757213053948149
       30.016372150129396      -36.694652920754372       96.543614439592730      -68.287733465781926     -118.588931209567846
      143.630120443225138      -13.056879036430963      -32.144741887345077       11.029006042575022      -32.705768006947281
      121.749411681142305       28.946874036602178       18.626174367646819       12.931103354048988       45.606975969424980
      -87.752098625091847       42.170945725139980      -14.213322777114332        6.737079141002102       -4.670592041926156
      -14.602581695181451      -67.201091853815555       55.067280582736984       -5.380606310257502       63.712294401455587
       90.726180984968039       -5.293863326386702       67.408783604379693      -54.142632642770188     -117.124852590309189
      -32.363683768316605       -0.706371343831151      -15.275424389269794       87.291550989348366       70.568431097042335
       17.230932406351869      -23.405850699784931       -9.101972188916234       -5.808588025722136     -114.356164715817712
      -11.875399681055105       -6.409617486145774      -42.092944795475404      -25.907086619447664       86.665196707913822
      -51.022254104321725       -6.256880620789383       -3.434050417761713        3.864708886553220       -0.176343388507559
      -10.113675695118319       -3.156795663128896      105.608176501747153      -29.727389683496991      -43.064029481702043
      -28.234785969210638      -28.822136723674468      -50.330742586823838        8.229689134626751      101.462662117501907
      -95.646473095964268       41.560427690790846      -28.082976957349686      -15.629562028889040        5.103520968234169
      123.815388205973917      -46.156745687317176      -33.464976828698347       42.313282543005350      -46.314168411846907
       -1.890726935764877       34.630447157672144       36.646805227305165      -48.832931018504077       72.620440796201748
     -110.706359190157727       41.528609307912120       43.797287444807509       28.226682806279239      -46.446861997864595
      100.838538253548791      -98.553401157119268       41.091482304845471       -7.011130054260926      -43.975898604119166
       -6.078451664966800       -7.945567457127685      -90.473160409870786       -2.083391086760370       -0.257783086827894
      209.841676462305799      -27.156257230858348      -81.173632203815188       20.449466680887738      116.604084458164280
       -2.582345285664276      -13.315877667975526      204.750052507633285      -11.653631676427683      -22.616891208542427
     -139.518040483305100       14.144277436945890      -49.732819002754312       -1.758355186428668       -5.028762418260699
     -108.167062712085226       33.393915627485988       55.692807044544011       16.778268950073389       47.260416013073495
      161.419183271746562      -45.213231662399124     -135.937074544348519      120.051645764200046     -113.600763710652586
       89.512620056723364        6.993021497827188      124.069341866333758       15.526598246416592       46.759318343492339
      107.855023091146464        0.980753855277159      -45.379713008552514       53.740836180820985      -17.197751996064291
       60.513028493443947      -10.277669577685369        9.903007593955786      -17.787017980607359     -113.448361946164923
     -195.212828220018395       55.700575758251681      141.016597893981498        7.478141263203155       84.602770709640552
      -22.519704314738966       33.825918288955634      -84.478329197814318       14.483862863440280      -61.595399885671021
      -15.829018409644718       33.107664201685111      -36.528185118991722       27.776973554627464     -127.023636294140587
      -21.582246668068560      -12.021666129347713     -136.636733341525485       15.695868209338432       11.105450826933543
      -43.768590177403212       21.711563339438623      -55.159413462926864       -2.619074309367392      -28.732742890547591
       53.656376198300151        8.364141331586426       18.526068243271215       51.505978718696895       77.723327037134922
       34.021497190674964       15.268628047536300      -25.631478757216922      -33.486351547954975     -140.138681249289021
      153.439839041854839       12.509215678893309      148.198480217015998      -71.367122652057162        7.061443283989026
       40.726543131503526     -103.498536334248101       89.613810975655824        3.890686213319190       18.991519096571004
      -23.640813552546955       49.392391163352983     -167.541520241006822       43.247416247431872      -13.723173256843356
     -104.771791422388361       37.858350526583017       62.526341660222897      -27.223852229481139       75.744822195083685
      -67.274249689260515       31.480024442503797     -105.332730245761610       -4.785158440299415       48.919031709457485
       14.509469283771679      -51.118578955263459       -0.328303356042071       24.373232323806615      -82.736716460907999
       79.287744411339261      -47.749940171871728       43.678156096179066      -27.425664419390163       47.482207958494193
     -114.896760486400979        3.427332103616903       97.753022988333370      -12.987062795388050        7.511734321340525
      148.394504878243538       33.065331626816544      -36.228302566149473       35.805523400900263      -11.713502396468943
      106.377574325397887       36.153251847145185       69.598025700785271      -52.933624719432629      -42.456211134093330
      -40.171425907572122       30.837422061128571      -51.470722413775277      -45.181053930377182      -29.714667733995849
        0.546367535713740       12.053678040301181       18.110563880714260      -39.841186273467002       94.024226998571152
       86.448495974663146      -87.896713483067288      -42.379065089500529       25.198994136919570      -25.623648886879742
      -17.018428052075741      -15.177935228160267     -179.666649665660998       44.917537630134944      -17.639030159441642
      106.621591135012451       20.878692674131756      173.504938375871490       -7.068046954749735       41.103298399038735
      -51.248621385933021       23.426100683529057     -146.532266726964508      -33.717029039111502       33.940639128820742
       20.007397027387437      -71.986643246920153      100.300704440282288      -51.498829675513441      -95.072312383524064
      -71.076615588378942        3.974418409461107      -17.804928753814668      -21.057807675488931       -0.168553491085918
     -162.164479726184197       24.173126713051722       63.384709528204809      -38.645610799407613       43.917194987658178
      173.891685334199252      -67.148246169031864      -28.703756793311985        6.922665302193948        4.861705038734223
      117.420594312806358      -25.988230635976500       81.878321854264854       22.102635208222580       42.917281613657366
        9.431243312493727      -25.259430625054350      -87.623285242735179       13.886157195552302      105.452197977222170
      -34.109026188460874       36.938989408016035      -97.597394442041093       32.412826601060921       10.266789129024572
      -30.846257061804913        0.640265351283084      -47.322128695852683       -4.537025364832594        6.234020690827458
       -4.704515094929799       35.683801639454856      121.706818842066525       18.544091012801548      -35.513167931643309
      -76.416269548778587       -7.005818382651849       91.797914097338648     -122.951885122666482       23.992255603628934
     -171.784062770129424       81.115428582331788     -151.112232389615770      104.540609706371924       30.985191156513821
      -64.793237060883399       64.798460967325781       96.714048881122551       -6.874944446231466        4.681183573806731
        5.822506115702228      -13.835866611227029      -20.363750885524073      -19.852382522704445       -0.154799075689966
      147.162425172009364      -18.025548569673756       26.979096009922078      -53.183648231465227      114.189964372905749
     -200.137470474992114       43.380206263069297      -31.934739621603917        7.302556519337866       11.560324400389851
      -11.257106596211136        4.769452253961900       48.269004512825788      -60.903642767859566       92.983905429718646
        7.600976353286398       26.681776463169026      -19.828557077877672      -32.821125870423216      -43.776727747207985
       69.781143065550197       19.532372590506082       59.368641580595714      -10.148549860441449       14.960225825271815
       -4.928115126123079       52.728457351497035      -50.517566095421934      -44.856069295491132      -14.941639692788602
       12.518291910676007       -8.992527518036626      -94.035293781984592      -11.031820181104413      -13.311301435025143
      -42.819120483925737       18.596588846954980      -65.174576421675724      -35.372202112826415      -32.209653988375194
      -48.870928954556703       17.110583779141230      148.396064566987604       10.158178328872959        0.241907500042549
       24.005626520985320       41.005023948893950       -6.557249508976933      -29.749093404819220       98.898420159214638
     -135.442586237292232        3.877258043048287       39.367068379028851      -48.177122624992251      128.196632822234079
       26.314073501359601        9.104965609579542        1.417751381678341       22.979716835119316       49.765355885083906
      -59.050511086090751       36.810603182610642      -67.722752644156913      -32.549163719194702     -104.510547542029926
       88.187561331045742      -70.260161967107408       31.669677021050799       17.061851275570497      206.659356036256412
       92.474646617420078      -40.175612649229755     -152.342789980254594       32.810488364800136       35.062975108498314
       49.308432237474236       -3.416256550374572      -67.612339301543699      -18.835724783268169        5.317234707919384
        4.271157042605813       15.192285119932336      262.287314099169464      -59.412094363339847      -19.987123665760233
      -34.798434170581402       -6.707026893843193      144.917485958377824      -22.911951701066727     -173.222625134445622
        1.948590108295058      -24.777125788546538      -22.531502117758944      -50.351940397965372       50.882508755568011
       77.407518045572957        0.707887763931991        2.925487295031846      -54.815514570528769      -16.885294168579165
       56.238853814887271      -27.986622867666757       67.234888345631475       21.672897614522995      -24.314378568456416
     -146.201224577144444       50.725595136289151      -25.056547205624845       41.621860456089912      -42.007897975459770
      147.429816164341389      -16.539969835647700       18.498486244678048      -35.830354306534993      -78.243416572122555
       20.007988777003643       -1.167763361270640       81.090761195500534        5.933221744191912      150.047953722797359
     -130.299997602643685       -6.705875077978810      -24.610390491152039       35.509808735584123      163.458027978236117
      -33.514691332347994       16.641084039479800      -12.609410485315333      -29.362071682608253     -126.898283526627978
      -31.935798946259055      -52.315313232977282       83.037597430654245      -33.030745614123646      -72.283069513054897
       26.632743840579757       50.418798437718223      -26.113575225716104      -51.141086835562419      -43.793540555464489
      -50.618314594706028      -25.933375733417815      189.260571049023980       -6.300581289573913      101.668969781100046
      211.329494648565117      -42.464096368934548      -26.666209184558163       11.845540517567162      -21.671244796775014
     -212.607479773086339       -2.282026089976375       14.562298554727372      -34.324709748944478      123.088640918992013
       -8.154757154339036       75.793425952138861       33.674636119283370        5.290213695488192     -147.535338088927006
       54.582637438116365      -27.031995198012961     -130.170374635772475       46.968996042723660      -17.431936530123895
      156.231576057263311      -50.152441687962849       51.407215365808277      -32.294771722907733       14.755825950122224
     -106.454281289383729        9.259412535760820      -16.508601060475986      -20.391729282793353      -70.751264341600844
     -222.090909107114612       71.154795159857812     -231.113142420347032       95.309462467618772      -40.255917573110402
       32.207565112674445       33.901052575914861      141.524079948508955      -25.698827278902861      150.252960712876842
       96.537058575716316      -33.018035687212681      -87.188288171531283       74.928839764467071      123.524634359197208
      106.759350867464264       10.770593919128574      -28.595203959473583       -5.399721411921912      -95.446745023657201
      -23.241788394764555        5.159229450581952       85.871202670320315       12.358666941735720       15.214333080451864
      -60.443554867538538       17.539048812232490       -4.887248235747285      -17.912672131799599      -56.804115246995906
       75.849404644125926      -55.347726664211457      101.220013598565529       15.570296399184290     -113.187002808111359
       11.849754433473867       52.176182547677584      -61.967603596124789       49.907743438922765      -50.719341661851921
       37.114952340431302      -70.138216651118384       60.230248803749738      -19.036908739902760       55.009396753875279
     -176.598658135427087       77.044462050481201       -5.310801092029143       37.960288456929433       94.088446393357827
      -66.196424495667841       50.587420895387567      -86.460667761982108       32.366751704266981      -32.725313036364433
       30.816364694883507      -10.402946064222361      113.415703151623163        2.525313363925206       93.901267295945615
       -0.168914038911264       27.895993073865821       63.649233074250425       31.824010681619416      -34.925651960774367
       70.621128079641167        7.601377371014562       62.495450339895442      -41.636765060442421       51.032428776838181
        4.379917181247663       23.094741445433151       20.117436824096742       22.868203151766366       23.834076010751563
       41.687953624692760      -83.472007045430942     -176.613117322752913       49.762027347299004     -170.215035976816040
       41.727011909007850       45.723431230738612     -160.996283817102068       -8.753265357724604      114.950633581818664
      -55.499422028072821       30.285598447182828      -40.228415440466421       -7.459479778009603      -18.623727670188714
      -56.825463891135897       20.930130059661867      124.340544876894910      -46.379013167742038       39.204849430714127
       85.466733373338172        6.316072544745219      -61.343249363735595       29.673926566910055       65.335869779713292
      -45.540663101552546       -0.477129352419428      -22.743836802275620       41.935297041725612        7.703443998865344
       91.484239041817702      -35.933397624075234       45.420011150173295       24.748807294819095     -118.828166515334757
     -128.013931409067510       30.689823004509396       79.639459133434571      -16.116135202867522       39.479651563579594
      -75.571041734869567      -21.714434790644795      -51.167343005863948      -45.089043819098890       40.742972066272230
       56.699924336204575       77.280124220053082       59.020075373027986       70.492953667010738       50.572458304208574
      101.808943871632152      -20.964009549864144     -132.101272153614786       24.707366557472444     -105.270352241272619
      -79.957256386984838       29.127546190431499      -61.912808518625425       23.205127003913855       26.549885718643857
      -66.542984692944316       54.651154627799116        8.309915702970068      -44.208371730653006       -2.534509359810369
      190.425593304369158      -52.824338956385468      -32.663991232337715       78.270220007949661       58.203322660513912
      -70.442043046771872       17.909984119265598      -13.703891166263716       10.536175867692384       95.294162342113395
       74.946060314192039      -70.501867167358483      -90.290012758351466       73.157403111520821       59.481886262897945
      -90.054697320654995      -26.857173194655587      -84.982088322394191       98.397036823554188       60.990099871251125
      -79.730140470736671       43.720116849940062       99.048906777061759      -59.908364238583218      -51.119869152969400
      -97.992128490485285       30.170576278754293      -92.635387433759760       48.079938635530020       77.305409209335707
        2.105026873820246      -30.580685336454565       16.032200007723358      -40.495635029382463     -110.160881431604281
       87.269749768611732       28.732136816395158      -17.541884689329130       57.507749124946564      -79.814432477785815
      -34.227490618749250      -43.073208007332234      -33.558740974905476       10.436892149676554       26.826326114425704
       31.326000419235637        9.123531801629435      -67.569647081036621       12.448578090641211       69.314590077463734
       69.448550182410045      -37.999532673402733       -8.534695774997102      -42.781845896414197       -4.184720387156619
      -57.355300237248493       11.988723566128863      -51.435072759253927       56.197534236942325      203.321658362477962
      -31.739317856324092       62.527792530270155      109.620831009866521      -47.918143695371079       55.416502402342637
       83.489449429904468       18.515534155488321     -297.566041030040708       43.222197106403918       19.737399070323175
       16.562361999966935        8.550270110633976       64.360583617177824      -15.741423079123443        1.254805465144224
      190.154475443422569      -38.084622524316345       20.648433220827147       -0.469315961078369        5.075421896780829
       22.005131388662839       53.504629193486643       99.933682105332110      -21.120444343557445      -31.281229141016642
      -35.099046701156475      -80.269412292754183       43.024740462294382      -12.401136137935076       -9.378663552450528
        7.921032606609427       11.762622499062553      -80.964488284278346      -32.128907089958751      -50.086540232742436
      -48.675804395904031      -57.358950786064987       11.596121278957916       26.557691483474521      -75.148125518869961
        3.092205082573782       10.673782825042176      -43.801434107016902      -24.904499333853479      -27.777036268792369
      119.361901043223611      -10.790143641877673      -22.719028003090333      -46.390693314493774      -10.208013428572333
       32.097430896295933       28.794710718352619       24.344915586442703        4.780448699928249      -51.947375067399555
       43.230595532722717       -1.713401572313774        7.699012808365539      -19.042808113868720      145.398915929465403
      -42.368699863034031        3.094004278804263       44.779107183870032       82.283926769015210        8.805580765124919
      -11.852498412003204       52.993522459851903       35.092327044293427      -45.256864764717925      -60.000216243320359
      -66.510859005520757      -44.333007036205260       16.038459581037131       25.236371926978375       39.956460228058582
       39.716273410476113       26.223211979789994      -19.222853036726896       26.220747312005511       72.921331272623590
       31.929951375866111       14.320209433370456      -50.361709326994529       96.106559250112682       -7.166393614452425
      -75.677242518506404      -26.133321297438645       -7.100192000288132       21.319161930303505       49.698427608541884
      -11.694834240229177        8.235633395147314      -62.529513156542450      -61.254464611209549       82.044620791340307
      -24.264735288004598        3.211409910562382      -81.006834857462508       58.223042396297934      -29.145588650148820
       47.385100127059900      -21.187776759996552      202.593069225345204      -27.751130730306844      -16.224315036947949
      146.800804862833672       -8.323651123126909     -159.660031424216385      -33.001029366532414       10.144808003316232
      -13.035932826301947      -28.200631818650304       48.302166421713586      -17.707122886845259      -48.461129403706465
       79.930737508873960        1.959437588806365       74.913219985554875      -43.595567141668440       -4.493541263847748
      -42.666144351323396      -48.791703184319012     -145.846812546961530       22.799192835690594       47.836799120235440
      -68.412306223099904       19.805966964334711     -151.910963315021604       91.607964975133214     -279.552468293649724
      -26.102901523650772      -29.537013268020416      -29.289857948324649       26.826850448131719       49.870954890366278
       61.140806817843149       59.147679703284254      101.717011392315783       -2.580933988675401       41.482625846180781
       -7.686919548409542        0.860608415926834        0.961044149404749      -19.445124825032263      -88.437137461458676
     -100.165078174801323      -33.828506039220002       50.382085287830073       21.585563495091030      -39.217758371043793
       -8.378142003890044       35.494366238711137      -24.169931263730010      -30.951600244311074       14.710884911298255
      117.277247117659186       27.895628624336219     -141.203976511588110       29.688102440381808     -118.241213594391326
       -0.600711739453116      -16.523879952253790      202.435583993114733      -53.744193799633294       21.560502076716862
       73.915153805945252       24.749944174031629       72.014977505547776       42.249362703085644      201.240532008051758
       99.693859697757631      -50.871379885186975      -11.736743506585775       18.679091739737906     -172.088214271943002
       47.124154170521109       25.573888094441131      -40.596777636850945      -11.307380456945021       83.153563495475041
      -20.635511577473697      -26.335875953845601       93.134909931675821       12.063132104980337      -82.189059157569275
       50.580127255067978      -51.275914808438671       18.665606114816146      -28.362450667208439       33.888028125145524
       65.523160846565673      -27.962852991841263       52.265526550259274      -59.410135307681422     -108.367029903161011
      128.640437489184933      -16.161325049564695     -115.728446989436705       59.939594257732473     -131.093446704476293
      -91.447480229159169        9.149329294124142      -89.088540332928673       75.706530111549327        5.119153614859530
      -71.556984732813135       55.023901414283479        7.092763838359834      -23.531791388015765      -67.143277894980798
      -71.495238458627824      -23.771268840535122       24.306951710737550       67.878372885555166      -14.214888838024706
       99.919989748256953       10.904194028014288       61.027942031994129      -14.760560420662699      113.560851515849620
       29.802455580789911      -36.405902182499602       14.729094386019794       38.722165355155582      -34.015059276318830
       55.932530349546909      -92.357684046123040       14.878644968476477      -52.855302662258779       -9.502321982891145
       37.808087830505812      -26.366069301417955      -34.688026973839392        0.767157386420872       79.613168277840742
      -93.229567254526430       38.742431443890595       90.959413708893166      -24.688940170730557       45.783510741162509
       43.623234549072251      -29.412135659616329      -54.033469292934477       -7.353642234712713       21.733954989792821
      102.858642453392179      -16.827804566281866       69.073038919827141       17.509240952671799      107.293590584300873
       67.429048755844960      -16.351137451052868      172.639444335214989      -91.058184070306353     -100.456506294817800
     -143.917262813716491       60.925273320884308     -127.543239829787851       36.862917433107768       67.474883254044997
       -1.503890104431479      -29.868520811478916        7.323979914601718      -36.526376671823172      -52.401388427241159
       49.414974525963515       -9.554934362056754       18.521413688926835       -5.622720274844735       -3.486839737338440
      -80.308465500755673      -14.055801278760812       93.368322421814966        0.022809136321798       -9.608176093090297
      -13.938083434264605       11.442425638332049      -93.915141979029684       48.473889225814901        0.404681812473469
      -53.054543578132140      -24.632452702139940       86.623065699251342       28.063569650527626       98.594934133397501
       91.563493049196367       35.012419466229034     -186.168935407050213       69.423238459855412      -37.742805006870846
       25.664554013349598      -13.160857339899923      -12.089432526191766      -26.307612706464887        3.077561914234006
       33.805548307836141       -9.484754703606932       76.117226125006198      -75.481959227880679       81.446100883597879
     -120.361917369839148       -1.854068347191979       11.158236937441318       42.557969531349208       13.877194556525753
       71.312885439225084      -59.492076098783819      -30.531808434828903       -6.926910454665264      -46.967908939029257
      -86.508701129563732       32.714242687454103       68.459297567935479       -2.484244037902973       53.484174517117893
       14.223252480878433      -23.921647956770798     -112.785281735047732       12.226546712732580       -0.333051730143149
     -106.408533252347468       13.019413734961663       33.742666054827623      -23.397087051818730      -20.362086119397393
      107.138845222821502      -52.030747714067019      -21.788533104203527       24.543984328828500      -55.531194970413466
       89.493416631579791      -31.697354568059566       56.013639502582649        2.535869864280076        7.513580336816832
      -36.802522084784897      -20.523338702999538      -42.653412386740868      -45.643671792124465       41.356343058779295
      -21.811565184248177       53.787579273631621       -8.641872012875190       -5.794205963060215      -14.367106906586560
     -121.392439129123460        1.662268023994057       -2.471473093277796       59.028571943866829       61.159105214495007
       81.811110574107659       26.707497967071763       41.594480534823255        1.046776423487015       35.039160957931458
       79.295350723543734      -20.556493718823898      -16.469440296724731        9.344205538895592      -56.692131064607509
       -1.478642779344804        2.938739949509536      188.409455392603121      -18.102825848706445       20.827626961661810
     -135.806357643107503       21.379361728975049      -26.343480604631687       16.805848264286851       38.896901218284206
      175.366873577146748      -24.816911742206106      -77.392026150894083      -17.574238814257335     -153.391078122714106
     -115.502360715897055      -17.277320660186522     -104.581467442660269       30.156185492007584      276.387352695689231
      -59.562558304353068      -50.947639852795916       24.512106110121000       21.565466464726381       -0.550368280652489
      109.778923247573701       17.210909114584400     -137.585468924445934      -26.589804186333485     -143.197244653245832
       33.647139845245547       31.521936207339678       72.987736049959594       39.185435690296622      139.243438890333266
      -10.895223370988464      -42.037628195501767     -267.397689012431499       14.749837773528728      -25.684307197848291
       65.605731663341857        9.669745398926000      113.935394551418369        7.492483469106364       44.168798671604307
     -100.054252782457937       21.459976703912492       10.719498099593180      -12.233908754566613      111.589681636423165
      -20.270465918304652      -26.493586904912224      -99.217379673718426       33.271460577293304      -77.398567198806688
       28.193446134938590       10.260801258585259      -13.602027038440239      -23.700734683910891      -20.529836308591101
     -168.601993959408418       19.511103025140329      107.441526100434345      -67.581029321132860       -9.075520035920629
      199.178676012285166      -71.263933196928207     -157.617533830840642       51.862551765962621      -37.485954408817577
      -26.298607464123592      -26.320898871184387      -17.774952011438202      -52.798164098505225     -136.716473871665045
        6.350683664750349      -32.070937816742259       97.829370485291932      -13.939639362271718      202.355803273853070
     -132.151139453450270       33.556078116965722       10.664071827133041       38.908202152515599        2.535553900577018
        9.584348818819000      -43.109565496888550      -74.886495695812187       32.843942001935559       82.152324610656123
      -70.193583731530339      -32.720212515675364      138.659391155660813      -39.998128096017950      -61.796206608301105
      178.741538081818987      -45.734945302946898       51.695890457480829      -43.356769770053639       82.098749737547521
      -10.797039360806760      -32.505855984552483      -49.305867398074184      -35.113412495357139       27.842195518279258
       13.640338028552343       49.850418230150403      -15.008669459777106       43.702983470651553        8.655432757085759
       25.333248245861771       30.164110847608107       38.211028972481053       -1.481513036286876       72.079054360126307
     -148.355111415326007        2.923053634433244      122.188940554125608        1.120763832942101       73.628978093596189
       82.375314639155505       13.852475468477110      -72.247169548052597      -11.061365062976215     -118.130764519799015
      -43.180731244797222      -65.544391069853489      155.720483254926620      -47.969063963815117      -93.460956002792571
      172.160285731509987      -47.076090953336696       -4.300201570573297       34.657215317367388       64.491118814125414
      -21.924116918945224        2.068152580823807       68.053211155217014       68.467434541628279       50.228952545897009
      -97.082057665970765       75.112331340462561       76.143391867794065      -50.168356728760727     -126.530570217890471
      150.838469274160218      -38.101559209951063       93.895832623637332      -38.115854665552526       65.622155302605549
     -142.925694311680331       50.747660372720084      -81.938309373524405      -22.355237431215222      -16.932273951881125
       -7.592252441846212       -1.460443450094733      -47.421774245667947       79.105793536191953      -69.041900479386754
      -68.451831421637365       70.334125378569937       -0.287405514948384        8.429357500491525     -158.486757764035190
     -101.196387788560557       36.778779908809817      101.661739380404697      -19.941549191183480      209.968765144685392
       57.979208881816604        8.007406469358166     -101.908133204644670       64.445665869205868       32.071440633833468
      -34.609213135887593       30.784433899620325      104.909043761425579      -14.295335433626221       29.466579508999796
      -68.083173758803667       12.285719162335315     -120.389823906697970       28.865672943345515       40.167056553471170
       41.321748360825751      -64.308641907480421       54.150178094915169       12.050787987667601     -140.631851797844263
     -167.846704403230916       99.937880030753433      -43.702472906240168      -57.182135707022944       69.385295386808878
       27.461092179612017       20.914163228673697      138.052151843130872       29.374414265894050      -36.056945110265794
       13.454950514808914      -31.673776263162303     -141.857752936364790       46.536104785068240       46.766381290190921
      -53.526807680512540       34.276396945263350      -26.773607221813648      -43.980160509151460      -49.244959746450895
       36.812770041070443       52.580014616028528       52.117331244788964      -14.711330763333343      127.979639543453885
      -45.666952830880433       13.585593316653910      161.558298539795373      -40.821361810083943     -100.057960749437541
      -72.398189025302642        2.154649733594042      -31.359248931701799       -3.770915465432954       -4.374461955516252
      -51.305039900122182       10.230443536214734      167.643614974979499      -20.644344161130562     -125.569801827481839
      177.454759553928028      -35.498871366097404      -85.781828765008086      -24.763264057716121     -130.039803498689878
     -144.991195944876608       -0.597283985336268     -100.307281393287511       47.647884597245124       63.644292678292217
       94.395957354862531       -2.786516689159846      -43.787065167475411       35.890141847533592      154.873064525439077
       43.097390022328177      -37.474414261499057      -65.797537334835113       40.807726878088175        7.919341307904003
      -55.747970368821775       52.529741075785047      107.463903042249811       -7.614736833520663       37.031824616045924
      -33.233927669517023      -12.116145414815414      -39.852554177865350      -20.024978487229998     -180.968471249101611
      -63.873097556448720       60.924256152741087      137.162274856514216      -59.786841385949472       37.274535841843665
      141.732018609199542      -34.006039397518670      -81.704703493554931       67.494347254745776       23.419345050647923
      110.238173315919553        5.497460653363558      -36.778201060175611       84.224435946091290       69.134814170383891
      -29.386936211297911       15.303974051044571       60.767147641381833      -38.934938015759549     -150.104459839714423
        5.488491653839763       49.522159442038486      -60.914693682521417       24.273357361002802       62.452560914122024
     -120.448290121858818       50.051675317316729      -26.149621437042722       11.422356779099959       30.748011249178798
     -131.927724802518895       46.312646398589784       -2.087529841948440        0.147792126054369      -66.420615593900038
       80.288009392511157        1.301395508715596       37.509143314741536      -68.988719003017209        1.143884482769146
       47.326117771027427      -55.049852564681728      -17.756168054117879       -4.194063688086199       12.992554603159595
      -28.645605458121576      -30.426735837273412     -116.406612110347083       -6.580710363197203      108.905395706009344
        1.459460123318326       54.190717576055143      -29.523857732186922      -34.991351251083103       66.725067663662372
      100.427690680014081      -36.999153422489627      -22.477147934623673      -20.783824516094953        8.666074763642774
     -109.848134305573268       10.993226137215052       80.064959844574290       11.749421397320058      -24.131794724126980
       16.428039435518535       -8.274263498443501      -62.227824814167910      -16.304597662130874       69.406197583609838
      -91.286973007205447       27.483041102414585      -81.795857860664952       27.877624209539245      120.257094162496173
      253.615489223526367      -14.101090179890489       29.901075272781132        4.432812109774924      -75.109609645685083
      -65.463682867241815       92.063755300841080      200.327522040285146      -49.645312122890601      -77.514168666031154
       94.880149863139053      -77.380047552032210      -17.793470388207787      -15.964031231148359       -8.901194903100890
      -21.921070314196964       53.158146227667160      -64.109416392624155      -30.989687098232007       24.489395265804703
       85.009040436602106      -38.349766315229608       52.207190491906161      -28.330491318920849     -128.948333812689270
       40.651496864663002      -29.249723769395406       44.789536275704563      -62.804129348653674       20.501251582775712
       80.652655441259199       57.247005293252549      -27.055197680106513       49.748158062936142       35.266369829856416
     -142.003199500295864       39.330590540239832      -35.982852341316224       21.997564873070889     -168.184111145934196
       36.327983531174226      -10.101831102566454      -85.414859970822789       76.859439252919529      162.593612134968168
      -68.046856906035032      -50.385410882976096       75.305694127423919        2.692756757373218     -137.906103029086154
       73.354279594446083      -41.876816124021822      -66.774713281737178       20.774569066931402     -125.363866025627004
      -84.823866203670931      -20.430968814017291     -152.115062689354602       -6.472512140757669       45.542902417959951
      140.296257603665026       35.885538192340441       88.054993879572294      -22.450999424215460      -32.917348553270401
       16.962162764905891       -9.582077473511255      -69.206432791133864       26.259938267591043        7.850928778849304
       34.967800349065790       11.936378440449792     -161.897748491984458       -8.717712040472881       41.324531775370971
      -72.081993633954454        6.457825804423167       51.706146395883557       -0.499070321760163       78.526713611379819
      130.542439614283154       -6.176121096329520       19.278050886641452       18.258499393585542      -59.834494197651459
      -22.895810454395107       52.253375432649491       17.964638153143980       16.443497398263450      -24.426656877887222
      -17.411105520779202       40.245700551678162       67.281940920720857       25.288292899304210       32.848511489583821
        9.410765665879115      -23.478079517120644       18.201083666905376       -5.452513906429193      -63.860871172411777
       22.130770405880472       15.943973469296248        4.718329660927515        3.479976157961834       70.303547156936631
      -60.508895704520924       51.717510252342528      -44.296936894677934       31.197952373271910      -62.117126923784021
      151.833533681276066      -22.204966776122816       -4.292372828625787       -1.051716146843836       48.408937579942723
      -20.947033620347842      -44.665612431073349      108.988528116804929      -21.945955069881460      -94.359447115807455
       63.972782713485692       43.869679724430391     -137.823919826438072      -50.434354036095854       23.742060719353287
     -185.739650455679509      110.193314093679390      -51.947615591333808       31.859387573769165       74.712404877855548
       18.751631455442521      -55.085135242231011       64.330519309890860      -43.949408169358435      -74.178002650538147
       14.771383591369998      -16.428793146578265      -68.560806537479706      -14.846756645268437       12.419265429709823
       38.339405001372278      -40.764199079173579      -57.283363827247804       41.418947310409976      -86.074982533095962
      126.816422516124831      -16.409238381094074       12.850901496004157      -48.225869676768404      -11.487222491785831
      -24.448073993120829       32.148899649590128      -85.825020688974064       15.298556631383827        2.769100838182726
      -92.325122585028041      -27.630764902391213       -5.807606058457367      -49.280108667281382       47.084167455310002
       26.216727581310941      -17.770933674934497      -33.642578786761369       33.261928168049472       30.845544202788059
       44.868222568962359       -4.675814016874808       19.351374502527936       -1.023294456913516       87.896043865849606
       31.375440196303149      -20.508560941517878      -69.646130560726348        8.631651520544784      -10.940190250699940
       50.551484095893834        3.060625857312058       -8.732920797121853      -18.796872628522681        0.150511883247846
       55.546782786594584       -1.602097137695582       83.921002297077550        6.210768834736327     -128.042008959904734
      -16.347648176668191       41.779737092839007      -74.033684338737373       24.491681155125661      103.200640221480342
      -95.127750866614861       59.356415600201231      111.981761561589082      -61.802557693445429      -57.398031885762876
       -9.107723100933137      -14.383821417680853       12.915795079125999      -23.692587039879353      -70.250745312739426
      148.583514286823061      -13.311688246105319       95.514165483928721      -93.497607997672986      151.725435680923141
       25.841668496871456       18.802514015190670       47.201366492068189      -33.309569029479931      -84.371771319162519
     -143.325674121419610      118.044200273214059     -137.844892720011359       54.984397560170081      -89.162682345940723
       19.460930815701023        0.592837497686880     -138.011076407745179       83.618433990630109       70.959146920149877
     -151.761012958140810       63.699302888111291       11.810331098638866      106.157816391753670      -13.034763664659755
       -8.418691352102995      -21.083593778937033      116.451531380466065      -98.106919181357213      113.868278892717612
      214.755882979265095      -58.731435529282692      -66.903396643014020       44.626016427783036      -32.412806609938698
     -174.523261088993308      108.454340970652609      -14.669539186933763        8.315284732671300      -23.552655344015882
      -25.280668409546095        1.849318249632531       46.636487379338220      -14.918381408682130      111.297416250264206
      103.377161404017343       49.935204974481891       -5.124425589645532      -35.880927562671019       90.783964394040069
      110.412648437219318      -15.159741700398509      -32.623924750066358       72.554850882331351     -127.271591655110981
       -0.133889345012008      -10.725879489701088        1.789570058444525      -19.120265274543240       95.527246743730956
       17.482382305188292      -17.895983977738613       92.194319547684643      -87.912715642559050      -94.519226541705265
       92.992384044336305       23.307215143602104       50.916867231067137       41.992210274473877      -79.741465665239460
     -111.983649169812523       -0.230525924267046       10.714745942279178      -41.901345276520232      -83.665133010790370
      108.202059294871091      -10.700701573120245      -83.834051292654593       96.462441174245839      114.433715754455207
       22.487718220096973      -19.209653799897847       26.513422589695409       32.597366697186196      147.467798740402998
       89.285806564723629       -5.802178160543557     -109.206729612464585       63.105488029547786     -197.253082556731812
        2.403077125905377        5.270720595169379       24.634670923205952       15.936652070430279       -0.523756429712278
      -61.048501014519360       16.603987736440509       75.827987290645453      -29.350009194282354       18.629434269637446
      -91.124030291148571      -44.735334597193038     -130.539704204765400       67.824118070028348       28.989415669110748
       15.182429455284934       25.677606166926086      -72.816808569879726       54.480968486469692      111.066011399605500
      103.611976643385717       37.563639718696201      -28.861160695028804      -21.929068064530266       26.355051247603587
      -83.201684700818916      -27.888371368011828       83.853904060881163        4.007697303498381      115.981329581610225
       -4.688182827183539      -15.387276244348788     -103.002091406502018       54.294453329328178      -60.259752077660146
      112.904895689402551      -73.778150905329269      147.379552689451174      -61.523078642187841       55.718076129320039
       42.752887659870161      -50.075273234376375      106.898504671154953       15.192962795704734     -121.177534734678176
      -63.354076459561597        6.422203161699498        5.681220183811026      -51.995902181239906     -129.445224792889434
      -13.398138236070579      -28.919777151041263       38.566259156220383       43.261954616069843       54.227732899345526
       43.714771600090891      -75.613415968593273      -58.837918923767944       -8.054997291905053      -43.445006269500333
       19.447554284430851     -138.383597846317429       25.985973207595212       -2.522510921506832      -42.022328650127825
     -222.072658792411715       44.393949696905480      -52.265475382720730       44.484892953080497      -12.607775761024387
       77.633147898408367       17.638699600014519       66.655523126804169      -50.399862633745990       -9.223970624433001
        7.435055393301539       -6.644782623032531     -123.438758742763582      -12.798189416689260       15.609393141256357
     -108.228402129441321       73.163537951756780      122.276927951472942      -52.164174238224369     -149.137726350485309
      -18.687475202717664       45.101144043694362      -70.695476286115493       45.131180412567765       73.332097814793670
      -98.959914872008341       54.108917091722809       42.947262230075076       23.897995379560843      -41.407209548921472
       17.330268157647090      -67.474603222461312       25.002579516681372       15.240181883778328      114.944126788882571
       89.625608500305802      -23.503046247711438      -79.250602259637176       40.416856592154367       -8.650376906435342
     -160.993456852236505        4.666044088088947       24.866312100915959       11.583308953248075       39.898484746274633
      126.755052383750865       24.917801921898921       -2.777072958929701       -3.571542984129604      -19.602750840673025
       12.847517943991026      -54.713008340044368      -52.013069534736644       62.579978833156744     -121.972535477695232
      -84.758092041114026       -6.983058364414910     -155.791113388933667      -69.393497348359418       57.177484343311015
      -37.720752868982352      -10.077917606296744       49.786768352231597      -17.087011954107119       79.855623214694830
       41.548992737170821      -23.095997629613635       28.502740155536820        3.640203955545579      163.273323419070721
      141.910144931506039      -29.991653048261462      -47.604917309107009       -9.108228011150070     -102.395592616088834
       83.321074185922981      -35.563214169833763       93.000246296640029       12.902648397563425       76.113858639695195
      -47.501332257126890       16.611572456839518       -3.929423947534108       64.331934381426848     -231.089881418623776
       53.121271104607459      -26.132198446263526     -150.563322919048886       44.581841471338386       90.135306393917134
      -35.465249986501895       50.009400816037100       96.479972889961303      -36.290546223553818       50.949265234409751
        0.827652044698854       28.594940745227337       87.435313769979260      -70.945720062096925       51.991455617445602
      -85.275846303339520      -28.996952121947771      116.958468514374445     -101.053907082840666      -55.289021283941629
      -17.616371198852221       35.618017669640999       14.073319657978471       54.695423172892930       12.961037890177989
       32.004663725882942       -6.850169062355486      -26.411448909671410      -14.027116689892239      -67.094135503128697
      -93.071833524420271       -1.826303140898383       18.991463678859382        6.748094635736463      -98.041752826638231
      -44.512402014333453      -30.626578777308023       56.130179978549819       -8.223752730580221       89.244681835427102
      -41.031055411171032      -60.602455461974735      -84.195666731411734      -11.868880208578622       22.888420361589272
       73.058744571861524      -51.606714692952842      -20.611121859991560        5.698883280023459      -44.056661083773463
       21.758677777817137      -35.319982915464273       26.610894889868256      -16.790607702412025      -17.539743560032640
       89.712515743223662       54.628896627992525     -143.101762466787221       23.621169866188978     -141.307297294615324
     -144.766317908196640       46.766194656387988       15.163176511695299       41.176171372042312       44.728764411112060
       60.746564107611981       11.637710173084264       21.082752975478996       14.860605779847877      -24.254395881757922
     -256.140370076488750      100.353357742039847       -4.732150938604938        2.838333365926111      -76.813375445229227
      -51.458932318066111      -46.336194964611003     -160.591294534272407       49.396556803338562       61.080518813606780
      -31.109818551630656      -23.178811511252178      -44.440216785479905       -9.254215102384508      -26.934884114097919
      133.498346228021092      -28.673650552773868      -16.472236128789792       55.754229979652386        0.304870549190659
      -92.740382086818002       11.215589820119709     -112.228580478905670        4.834264944642963     -180.099766778799335
       22.779016048157519      -42.606867028513101      148.251725056828661      -60.375187813293969       89.191998934502237
     -103.200574620367505       34.596871927149508     -119.087788770869167       14.921992457899872       42.092418941722215
       -8.042315142506313        9.696096077087795     -209.370086344783459      182.242348383493066     -111.672288368053586
       78.870863400744923       41.456146323617013      142.305423298586788      -67.430826625542167        7.268412990640074
      -80.221142169902137      -20.843610415309250     -108.333732345423670       -6.892810171651625      -65.875671596273918
       40.710996292812716      -86.006057316615056       49.120002183646115      -17.861694308686992       35.826338742674309
       88.146885253392625       14.043651522042669      -72.562943862670110      -14.112940234417250      -12.073807477219777
       76.219370817701886      -30.377005406397913      -60.143917800578130      -90.617669783524093      -35.621620928852167
       26.012779772151760      -33.155198414184227       73.811224118977947      -35.124826097929208      125.352693209599977
      -94.286562499720802      -22.805242846988989      -33.606674104682412       -0.881475521967030     -149.468101959694167
      -85.631124264009912       33.658675739985227       -5.198747826917919        6.613212357213459       20.797834462992455
       61.034293778789362        9.401939197239569       92.559254269340201      -31.222912987838050       35.583621369328092
       81.817225747770095       24.414549292856389     -298.346568844486910       84.590025890069100      -29.869178916428279
      -22.537153849933883        5.732759090267414      -13.821224715145677      -30.242672919440921      100.023008618064608
       35.272296991516704       -6.095506751864651       10.884170043820903       55.622759353272642      -24.070034560706812
       23.066435399881847       10.165462105217120       70.741149039033871      -21.469731006079581       88.263721445632498
      -30.728069711299167       23.891306142292787      -99.046257592676525       48.452636986095108     -105.348114737641666
       31.998433055361534       19.595921877697371     -173.697958701223996       43.763925979088405      -42.263538618846880
     -222.442328173706017       57.851239719242422      -77.947865223331078        7.349214130633738       44.529768336038245
      127.753013332342178      -33.810422664841191       -3.112902069657278        8.051230927734460      -19.470796746653576
      -54.467037426424582        2.159038729450947       69.493058692762872       44.649771997073778       -9.530809966535100
      -44.142920331371585       16.822142638444348      -38.446551111733683       76.578084029231121       45.963045383891071
      -15.656463479471736        1.811201288796855       23.578942531501124      -54.072827191442613       58.641166734323114
       12.169172841421616       77.221859790027807      -79.067667388054943      -12.266112755255335      112.642674371100355
      -95.344526221587742      108.144340550178285      -97.546849505885220      -14.998265501586708      -43.805873209594374
      139.930883896456237      -23.972951601450358      101.968202975991233       39.375384845095908       79.624587915120941
       -7.443113131939249      -64.132658781508837      -78.615338863683107       23.193260944840976       37.678531749708391
      106.579344837406211       23.647472232681150      120.694116175194466       16.474701413617133      -55.796744026196826
      -82.641249548202509       14.697988583877699     -156.510931044431857       37.382951503741644       20.613297753971896
        2.802898431374903       34.263770115787437      -66.017287938457926       43.858745522685282       11.274063086463480
      -31.052063846293201       63.149725698817221      -21.584855008862924       39.265177946338937       16.107294133753605
      -34.817032580694644       28.869368429440758       92.370466821041944      -32.132767509679240       51.073384635461977
      -62.258648874184281       27.568962779781330        1.080097839617837       51.010225416362793       56.386018929449257
      -94.849301922691410       43.611913883508855       14.177815598485157      -12.600876066026872      -27.871662506149367
       38.885442366534477       -2.332457648354034       14.484316803086926       13.577428315863640      146.055269867561378
      -40.759007320541492       -4.690113350745948     -162.095671720238158       18.495471961803801     -152.186413151204846
       71.752654139196693      -42.084353933625103       23.098720987875666      -31.604726331179720        1.585893901918144
     -182.244779682366129       55.957205353342694       32.047722943645560       10.625447738283937       74.749591122012774
      178.748250174610973       22.268309678899868       11.667539231540534       16.442287682597826       20.159194497975768
       94.353103445064733     -106.187368600229021      130.518648723484887       39.919351741080099      195.568935916445326
      -26.446880800492181       49.473309255165496       70.101282130732471      -73.548319547519682      -29.815306841410521
     -110.136220899882531       59.142911261012095        2.670401535124215        0.072094908518907       89.942421968649143
      -72.045275755563182        3.935503392722399      -47.872323170342376        1.914392289975306       -0.758689812181987
       41.855261138047332      -38.093440006167000       64.654875012682453      -18.973136465842746     -159.456196090874812
       72.430645237466962      -12.013749315777174      -55.114702165394348       20.230960477750461       14.869818096856443
     -104.234377524933876       38.951737775787706      151.327986433455038        5.679199877407721      -17.666604243245732
       47.966964707510186       28.194580408305516       28.953303147167805       10.773483865192238      104.728387896100642
       -9.795966983247615      -38.090659923858041     -124.494278091137716       33.909099089295424      -32.484509016121017
       66.778201964950270       34.900572923895680      -97.478543344096366        9.649635483290281      -41.919311261506898
      -98.519381098212918       16.899915878105723       47.762719349958026      -54.521430093554606       35.751510657752767
     -145.795062212500596        4.285899847086722      -57.645132722151999       90.213332003547691      -70.192794739543601
       66.060231714068195       -9.939554687474029      159.208213004929775      -38.912913998062571       79.560738589846338
      -21.996755846663220      -39.737967717003166      -84.099254440336225       -3.749782559924773      -26.592146657624664
      -42.906080395809312       11.417455955642115       53.058772930121940      -10.679459908891406       72.676192380252900
       56.596355722256305      -72.067980002748925      114.045821177259072        2.060058842502436       12.270951574479346
       96.181644053216402      -58.866556688483612        9.930097080564463      -49.925198783623159      -33.656705414563071
       13.266227282271430      -15.218571197617569       48.183654639569184      -44.333856191859169      172.510100194464485
       37.670477848327224      -71.350817709374596      -72.740533142903686       80.229658496611847     -118.306007317442422
      -50.777181010273523       -7.817019872626317       44.806838655679663      -39.882651235750522        3.752214165110690
      -35.932383313996027       23.098738637492396       59.716586011797496        2.863081930242711      -28.177684646170693
      -27.354255131861834      -49.801323228088648       32.885522060836429       42.909037479334607      -60.877622940227603
       78.669825606878305      -40.261484241151798     -193.589276296270896       16.704591051526279     -107.924818456873481
      -86.636013984938060       56.903466408537199       26.710598594384376       16.808576338249708       30.643706166227314
       28.831694069359763      -13.204244169814142      -16.478912260531573      -34.139987699603928      130.351743188278078
      -66.781577240916107       -3.840144969606171      -55.663624307879225       40.739189409849274      197.001555837341442
       62.863654277899535      -53.026875418584169      -25.694073050335771       24.330883544814686        7.838773377658530
      -26.449028438176775      -40.077979478203481      -50.804260026611630      -77.750582448515857      -61.578421408062972
      101.123625031644139       42.520219648959554     -123.134841842305462       46.554476482278723      -86.961928315919351
       65.649069324941067      -14.888904574826100      108.472359628257749      -28.430138412179765       68.431761844914618
     -113.734965081662466       19.700382539738126      181.015886962295866      -46.541891529603227      -62.937364205796143
       33.774201055859926       20.158963390031786      -74.874226795777759      -28.584399944675418       52.106721981520309
       32.854582183034161      -30.571890329028108     -109.115238091054337       36.648207986004984       22.272982942640546
     -125.543520650179758       48.529776096931300       96.807114108451771      -20.966593498326585       60.280846731526665
      147.155616453912785      -66.191394829515460       34.458168931695347      -32.649890690103931      -75.234199493341066
      -67.025815371198718       14.357472448328746      -60.229340586003119      -82.182547517780392       80.505726630060224
      -40.579654259554147       -6.425962636209197       98.257842299081915       -7.476067104823552       48.028536185969983
       -5.903600581645640       65.892174219836377      -89.163415061717615      -26.742907599319874       95.048551711692184
      -25.308469506832378       11.915783918009069       92.089517438094688      -30.319917644740297     -106.151613930871278
        5.598024008230340       -8.453173414012777      -59.928306331337730       89.832334921337733        0.567371762045978
       81.286661499448414      -19.475059928742102      -64.193948289348796      -53.052310141847165      103.421687793733469
       66.971896969016001       11.465376146750128      109.246697646748331      -49.422046172662007     -101.869424356183274
      -84.314255540380856       51.352076473856414      157.216555565391729      -39.341141596291216      144.620010710675473
       58.609086021494207       45.892431010593356     -103.762577016806247       15.924453696300510       73.857298751164493
       13.710044236138517      -15.308129343763053      -47.311433381311744       18.876991800714457      -55.903721323466641
       47.015110761545678      -15.056439476793885      175.451474589549804      -41.421560479247312     -124.431184116795350
      -16.664797725830443       50.746574231601265      -90.319605568850548       -4.814648762765763       44.968069345588980
     -101.797284623363737      -53.783609866493869      -54.226917389869541      -38.203497074890606      -57.690995041201298
      147.401160598543612      -57.852022090851627      -24.872541930037773       85.691243350203521       63.979388957814756
     -121.789964677339199       58.159819252451321       60.499126744373648      -28.096861440418834      -37.902106699383467
      134.886076086886703      -27.444556479813023      103.327093445002888      -21.935165576185096       45.498723662479442
       54.908725602247557      -40.046368838364948      -92.253017977709590       29.096379701020279       -2.426352778991130
      -48.204084781319580        8.306327940697663        0.858112622639371      -47.531555587815831       45.808514185681396
      -34.549289014619291       33.574328798588340      -79.963330206066672      -31.750581357806269      -78.987305926400140
      -10.610423901834414      -58.575293870804110       58.158657122966289       23.420513385974111       16.437314372490587
      -48.694381086027477       -7.150431933637694      240.221068541147730      -24.264288101072367       19.416534452782301
      -57.533922699246766       36.347744068555095      -22.116381819750089       75.040474051738940       -9.301562184050884
      160.755294396920277       41.093584662909180      116.496603965548346       37.394253070816937      109.663401653243824
     -169.635967279032684       39.574979020271144      -37.269950703381603       37.601964892488823        6.630297151116434
      -75.382520437606374      -51.047768561448770     -192.963883726809058       16.198025146719392      -41.764652504224223
      127.167926522940107       44.436955861422760      -64.624402377515722       40.283058238766877       -7.951306925333890
      -68.778003859324329       29.309389957813000     -136.103591231639513        8.324237083770253       40.098590138604997
       -4.355994953485440       20.237630056633005      142.600813333974145      -31.149423710641845      -31.314743042334680
      -72.464731403379332      -39.470741923634534     -107.917318474238954       22.190006126763311      107.014021024969850
      -16.277596879494418       30.682340290631217      -69.687871795510034       16.877465097934326      -44.705651302025323
      -52.648942883204192      -10.334313517217382       36.357228043897429       81.336407937709268       27.904695319805334
       15.088182004263739       -4.238877091494514      105.801883094711869       24.453287421456469      127.211499868232039
      -16.258986022685320       25.658687917657321      -92.753365419344988        5.247883766804009        8.934017158997472
      -92.800225015877416      -42.445729871878356     -123.698397791384380       65.334015480259509     -101.408822505648232
       57.558820479752235      -28.751401687371608      101.186326933548813      -31.761010219114105     -127.019284412305879
       -5.813708189595471       29.380848132048744      128.405295765761338      -54.890381342469006      150.610621073633467
      -14.054296500681987       11.598147358867781      -29.714429329594871       34.426974904381879      -41.775820958850893
      -74.954787408019982       37.665736955101387       11.158409287970320        3.635528063363257       30.013148605354747
       64.672599392579002      -27.565866007729287     -121.203955305636256       64.851939513161938        2.746430393668169
      -50.072927684340762       18.828840645908787      -86.034640987600710        2.180308299333022      -53.958633728937684
      -47.911036433022176        8.933713276077336       81.450314780522689      -24.870666474942439      -37.430297857504286
       37.163563188631066       17.954711236118978       63.641036497934500      -64.283548210269146      -13.695923297885596
      209.609201792531167      -16.995249274802809      -33.987167775146851      -26.203987680077745     -145.116101907397763
       33.063184352130719      -51.520414308380708      108.346821682914523      -24.498215771147272      -63.725005882611619
     -136.848586388333473       39.663651402075629     -107.772979569658119       35.186359477023572       59.769692151719838
      -92.811933602865935       47.691756803794178      -67.689523374948692      -49.063327222900092       36.338170522908044
      -31.051495043226957      -19.602366390059583     -124.341582510138451       69.265843829138191      104.206832435317082
