        1.252527759122959        0.082426386613199       -0.018453751176862        0.131292372184500        0.448222738197397
       -0.007900741776052       -0.291398056602688        0.860126997330736       -0.572747395421820       -1.057237466203681
       -0.126621156464548       -0.446579641931843        0.167193938670348        0.296095383606389        0.636328073937578
       -0.378270563172103       -0.320413722201372       -1.670147019325213        0.152240267840625       -0.587512055250619
        1.121650991533267        0.928644780904998       -0.229080859337102       -0.124763976495778       -0.606486743882101
        0.740672652911706       -0.587485016184322        1.616386739349387       -0.552711222609516       -0.992381163739058
       -0.132617129653716        0.433182210379799       -2.444337481514970        0.013750251945493       -0.064911948119780
        2.234140134591458        0.192028047749565       -0.116091071223480        0.446576863180100       -0.226417305212802
       -1.412628230175245        0.328272448724090       -0.440219107452890       -0.747665688606909        0.185122253726120
        0.431732949321834        0.470569242073874        0.372826718147048        0.653097331000014       -0.282788348776367
        0.711440674076858       -0.531896567256303       -0.487175529588799        0.343469690921011       -0.420538595839382
        0.361706092155766       -0.169981845010973       -0.431407860143313        0.347865517422421       -0.145914575417756
        0.786195255362803       -0.330862962956265        1.708296285894467        0.049404866202118       -0.839993791530723
        1.318284735522869       -0.095056685047258       -0.498606491949805       -0.313911577088537        1.495109043284759
       -1.278060623572871        0.651547281112169        1.034598641331786        0.626244440449087       -0.457139768638906
        0.086919939138111       -0.232987030727323        0.668602345395820       -0.313664923751834       -0.614119755807804
       -0.167277224849493        0.573471206277464       -0.321975230883287       -0.175425019330969        0.410680147797192
        0.026705326478935        0.049060771235661        1.856086465475217       -0.152799437636194       -0.580261664019411
        0.287005784441987       -0.209633919148285        0.526741556708708        0.737408079239913        0.018241416591101
       -0.276957109174772       -0.191537547630725       -0.593773896997917       -0.428395965674674        0.934866456268220
        0.123337329730269        0.409143537948360       -0.685416117959545       -0.662915476787074        0.625410043795099
        1.619792216433116       -0.209928637990411        0.324498342740396        0.383530414797468        0.328657763768204
       -0.965848282172646        0.482795058697059       -0.745844355644783       -0.355083643842175       -0.145425214758098
        0.636091949804017        0.421114096384453        0.769389059555138        0.130559204417095       -0.804461665562546
       -0.697116823803011       -0.188363715775046        1.414858292632494       -0.537221490277379        0.337718926941335
        1.994570154291275       -0.316620903246996       -1.905810014617245        0.721134861162951       -0.026238755979305
       -1.078069141344615       -0.045335526802924        0.663556323164897       -0.411562445329233        1.867711165392201
       -0.828907650386660        0.906393444090438        0.314736060513062       -0.881847651517508       -0.572258963359662
       -0.065809202326729        0.045174019856856       -0.036366515568536       -0.274234826908942        0.521546440092189
       -1.019882882608431        0.280961119054644       -0.878409523277068       -0.478073652680829        0.205148344847461
        1.162145853411300       -0.152403887380718        0.507298105544983       -0.087754577766900       -0.032323657175479
       -0.164223386685905        0.040127362960069       -0.864438491235088        0.227620030744827       -0.699272934391190
        2.190748010080842       -0.181414589613900        0.934992684881181       -0.362251077582942        1.184225065389847
       -1.556966249545764        0.126109132613582       -1.638622685593452        0.571439738401137        1.532443750605893
       -0.302633467745289        0.812203024472451        0.881308051086687        0.361179788137453       -0.880801901370418
       -1.014533436705331        0.287868603909785        0.930350745579136       -0.643010054899946       -0.570577823769908
       -0.150873912030457        0.376433983572624        1.287497370576375        0.137754837636986       -2.132441900644543
        1.525232659662556        0.603021732158715       -0.775043613893814        0.211883649059666        1.621287606301389
        0.145217334841233        0.413297251402065       -1.034334012717570        0.915819304841898       -1.283004142835427
       -0.778656386093101        0.575452908623599        0.659737285543027       -0.040586392832063        0.885046239795951
        0.432593158592354        0.310345487746758        1.252569300232713       -0.483140434157706       -0.389316088008476
       -0.001710143241374       -0.220753995637238        0.099313583476691       -0.660418975793707        0.365525301814084
       -0.221133391079613        0.039929249555902       -0.497327592652814       -0.159368667750794       -0.572325627661272
       -0.165465520709886        0.364751991526445       -0.719237897668788       -0.089717722132118        0.425685222072121
       -0.054794455153983       -0.618244774391937       -0.134705191771485       -0.048824720527528        0.474824482824369
       -0.161948478593664        0.788039651071755        1.440536678477541       -0.089286258320403       -0.597251798590407
       -0.394501892742869        0.742769296503639       -2.190731824177605       -0.113576141337622        1.664491506370474
        0.475284258104224        0.208815207295873       -0.398174799651443        0.758664034597555       -2.093539999950456
        0.209175492863075        0.436152210855096       -0.512822673921991        0.203457903606441        0.315084707114665
        1.039147256050883        0.008380814643027       -0.257702577599729        0.017817851181843        2.286755381272434
       -0.407874017287204       -0.583346491872285       -0.003922547312625       -0.094141720562337       -0.784578330152369
       -0.947434654117662        0.592440057259311       -1.350820576715770        0.342949466860244       -0.457110440493835
        0.351164717197980        0.306768403722437       -0.333310605613178        0.403900303668070       -0.476154692630698
        0.338385830555747       -0.713328064364031        0.646766260412629       -0.375022461425737       -0.589024057714342
        1.343636754051511        0.348937647487083       -0.854591091239643       -0.216924147489294        1.960024855028637
       -0.994556555864303        0.228395813795502       -0.778473407724609        0.323428441391800       -0.826623919490708
        1.156834873164943        0.017509925251378        0.808985316624024       -0.285643739195449       -0.076163610259781
        1.146156345752904       -0.343664768876087        0.288350459644276       -0.208233270507406       -0.230065812513071
       -0.782987188173168       -0.005575490454087       -1.687275286191371        0.290435589900052        0.748813159109831
       -0.484402136693340       -0.198617533516609        0.270560510097580       -0.531845269609689       -0.486245628980641
        0.369363723099249       -0.583720913606108       -0.407186413069444        0.900224957153367        0.012799123649377
       -0.010297205640040        0.291691127209152       -0.415691339962127       -0.079415131434642        0.979910438951563
       -0.135694663791151        0.923053058329852       -0.355635615561946       -0.944281981844110        0.502041117029025
        1.381565148077105       -0.268865907907427       -0.517084161130057        0.748229969853372        0.342690802627242
        0.543000974832621        0.108893378956702       -0.294354559485042        0.502231987198230       -1.512192822730600
        0.682734420627248       -0.373165161832544       -0.609087487888410       -0.059240557757176       -1.279856159156340
       -0.611940739293917       -0.803173719700423        0.676657965506759        0.096355792846900        2.346243517526642
        0.939044212740746       -0.033617645031237        0.782933554801416       -0.490612838125575        0.217096268198747
       -1.429458389838365        0.156645171038320       -1.218845837560707        0.459209288009952       -0.566552479703735
        0.476388113132847       -0.595118831662699        0.479841158984793        0.115641223708499        1.016913661645470
        0.044667367647691        0.601823679876556        0.104836830283938       -0.751653770232372       -0.122509517651891
        1.886116844320917       -0.138139444709393        0.458340738415387        0.184486061696872       -0.248883788607061
        1.412661286640936       -0.857594541379071        0.784084863707857       -0.559132057297693       -0.246253541275478
       -0.190769678042052        0.635825627166146       -0.295884065787764        0.392328978912473       -0.908842068320372
       -1.613684477113446        0.713362752003165       -1.450978014136422        0.061181113025012       -0.223761259093578
        1.556713302032145       -0.324258878959286       -0.003974422705821       -0.372522350015708        0.582084706281755
        0.367007818103890        0.261273546755688        1.435342679049397       -0.102276557502954        0.659887236933052
        2.069658495817908       -0.364188889625079        0.902920134853270       -0.420348584370394       -0.186181287719328
        0.471048488270395       -0.458095550829917       -1.241652527959832        0.023169915387762        0.588297797376339
       -0.207405982072171        0.843863976242707       -0.692661956067795        0.376820278707799        0.369327094053702
        0.833912094181558        0.075238986581668        1.394527486081008       -0.474552492211742       -0.574902883499044
       -0.808119400210788        0.465221745108122       -0.481644419571964       -0.156857594171300        0.077609713707968
        1.096742471167373       -0.458992593573659       -1.367145423176679        0.229638768581594       -0.439335068082781
       -0.414816308349630        0.059628530158013        1.005451412164919        0.187874879566589        0.911611529190514
       -0.130866006584448        0.046946170832902       -0.638984441499441        0.540036738175096        0.039622389949051
        0.617641392710517        0.065885255576286       -0.020685767604850       -0.457424152448937       -1.330218275888119
        0.044513305587540        0.863727438298306       -0.177927627523409        0.185341722226088        0.585010567138664
        0.968946837016313        0.476322669178913        0.025641755477064        0.349606860089490        0.981615012280634
        0.041249459325069       -0.291578488572825        0.312782966108922       -0.468968738042608       -0.532287442606301
       -0.271635228411889        0.633272368923483        0.180121493373143        0.271662240005483       -0.549847331512832
        0.055837997996380        0.029288200444726        0.479756851446611       -0.196183338199301       -0.095224529627184
       -0.241960582930934       -0.221983657462922        0.788088320860370        0.333924082371659       -0.364011767965966
        0.935207383351264        0.615921054691376       -1.066372159399274        0.239629855934312       -0.063507364821255
        0.575433600115565       -0.397933631046890       -0.453333463667788       -0.027975733735771       -0.202586896416582
       -1.597720065203207        0.350684548855230       -0.663022874016103        0.473079731811734        0.924432075547771
        0.475047431363050        0.148022414554173        1.033098662421514       -0.778939115751869       -1.350887200635229
        0.012393939604955       -0.359896108966108       -0.338922103715726       -0.131363060800135        1.824678693272275
        0.752880075430858       -0.385940731310091       -0.312541143887030        0.298652633896643       -1.145617038502128
       -0.945708232779563        0.635712286230994       -0.837619674395534       -0.052166954323714        0.903427549764674
        1.000445845060505       -0.501089784879207        0.635104068708803        0.103183588035721        0.102804421203643
        0.150414138382088       -0.000678566487857        0.419348435435505       -0.269274354529686       -0.891642475468086
       -0.501755896293609       -0.396836532246539       -0.768849241493074        0.416600397925220       -0.506073428421449
        0.554621575830273       -0.101791081923659       -0.117050242257148        0.018884071686335       -0.649789724282474
        1.186431534579419       -0.554830703857938        0.555758912467589       -0.328222151341913       -0.566054435593696
       -0.651337475633019        0.052044814330094       -0.283437432680404        0.032907167847763        0.585411117542343
        0.290315772106635        0.852850786788244       -0.245374812517708        0.338530430749200        0.775873906195739
        0.388421350444072       -0.403735329691258       -0.842774359478586        0.851842598804051       -1.017511871177955
       -0.416921772151722       -0.556972647021839        1.213246510429881       -0.451214786383284        0.221161897874567
        2.042615383541689       -0.427571472724738       -0.195628006669428       -0.135744950339770       -0.710218866008276
        0.348190639365056        0.128157900457141        0.019814310050822       -0.416286502188986        0.297207948595240
        0.526067326711797        0.397833652167845        0.123398752501900       -0.640585951887900        1.067583183269820
       -0.016762725883198       -0.612238166455807        0.726457488279645        0.076649310212666       -1.303660270686805
        1.399807222082071       -0.337928713377665       -0.098383615178063        0.734196465725982        1.140417896751881
       -1.055242959464406        0.506959975228169       -0.729150718029117       -0.274166879783028       -0.299317084210216
       -0.824865679840278       -0.040643686410504        0.117682714042058        0.129477873611273        0.646779740174164
        1.215188480861953       -0.231241448319782        1.910467794943024       -1.147691530986212        0.698835459441182
        0.475644961510983        0.474405318263629       -1.048387516221516       -0.087308937084959       -0.122990114702281
        0.318107079945302       -0.427181888054500        0.092827682800763       -0.087680661827272       -0.180184035797297
       -0.333090364188778       -0.061415261566290       -1.084631387989971       -0.001116728259475       -0.909736084395451
        0.735658410735368        0.195095886185554        1.370710712539861       -0.264216235678567        1.750630921286125
        0.681104282904604        0.000251726346392       -0.745743868907643        0.237634432413619        0.580102071703990
       -0.137822238094913        0.763899602114782       -0.755018000983013       -0.154743212245638       -0.374639044527173
        2.309455547186238       -0.391019721392050        0.912864019904931       -0.275203352911205       -0.935908686916118
       -1.169773772383874        0.618673488706199        1.413680654443781       -0.766952516281900       -0.252452168974349
       -0.490256769409493        0.654468789185414       -0.502567312226106        0.218474282174323        0.243010902879730
        0.268173707398190        0.443104073512593        0.086220580425888       -0.002697314392083        1.147883143380743
        0.072519378783471        0.194642047915449        0.496097420994272       -0.008706741102792       -1.120388947983711
       -0.703455371924154       -0.425892703822199        0.491463184614308       -0.218034030331010        1.532661029371713
        0.626141042442868        0.667144289216155        1.305088182277497       -0.124526310471185       -0.093490705310198
       -0.264606149381508        0.163178142167195        0.060755295616292       -0.099075864226774        1.157366721514371
       -0.711012255617333        0.353353438913795       -0.884876426961056       -0.260985638707544        0.392497028903581
       -0.326490019422666        0.151143195743191       -0.819830428701733        0.301218939037337       -0.112405780085834
       -1.307354643004851        0.160585291384208       -0.014579189408428       -0.144445762571680       -1.454111633359480
        0.164840317798040        0.523247788337069        1.160872628221677        0.288969420022977        1.279173024266384
        1.846389981056138       -0.392152167815714       -0.826200925440751       -0.082152186285782       -1.607339770544128
        1.180919667342716        0.031568906052924       -1.013043747950782       -0.054908610993807        0.081111696737955
       -0.256815636102514        0.099776723334848       -0.312881178352396        0.090418940569496       -0.279776429043754
        0.003308310052036        0.368147283429154        0.143822575240876        0.391612146709881        0.396065992836781
        0.134028011063641        0.265109162458904       -0.004425009505395       -0.126256395909518        1.547067494081431
       -0.748157651712302        0.064081315396597        0.544057543525649        0.414326640893115       -1.925267628856325
        2.183788947314188       -0.872939683026612        0.461768033475877       -0.262667089161102        0.679421690249910
        0.483671442567523        0.175361045866893        0.074160466535369        0.197666052162320        0.721185420847321
        0.009911621378179        0.087977620772965       -1.781202944210825        0.082831133775204        0.227079199697907
       -0.496746549470795       -0.032780668070060        0.598739261236373       -0.009913100821691        0.122549056928751
        0.139800160369876       -0.384656435948195       -0.782350824269200        0.179463834295471       -0.206616410180073
        0.097833393590212        0.588609659127089        0.767678618906372       -0.043676212298323        2.232860186145754
        0.401602394259849       -0.346348945493461       -0.987960679951420       -0.026288510988739       -0.177043459705713
        0.302763198602278        0.248659502244906       -0.258555108487882        0.039934578541473       -0.014879491692253
       -0.992788399980132        0.499164092038411       -0.097288175023372        0.193992518829898        0.826579064131733
        0.489159443048945       -0.127374560862412       -0.489499135357063        0.308106135209003       -1.044844399653042
        0.503841139800771       -0.097716825162761        0.337955967183559       -0.008903158162485       -0.083365505967325
        1.169414204429834        0.288321127037980       -0.185503831087258       -0.301256287500110       -1.098232171555875
       -0.519199953983021       -0.516812431225976        1.333619877356369       -0.736197723409550        1.592720542674692
       -1.087733922492187       -0.194453492572803        0.545187463313039       -0.322198800918950       -0.436149480718354
       -1.386956411196086        0.575083393038290       -0.077596833826079        0.273293285545216        0.453420846727566
        1.451856311658901       -0.210232784690076       -1.272846295816880        0.149766722898253       -1.104419170920228
        1.547103792302208        0.097724590764130        0.024484235482352        0.874644905458985        0.054964965781842
        1.530613980606619       -0.705954458642911       -0.966761362519360        0.196069279335587        0.051288202299792
       -0.211824367734486        0.006750213040877        0.007745620172793       -0.334415818648919        1.125899992069252
       -0.447901866026919       -0.412353282312914       -0.265925485603949        0.062586389408891       -2.080044710113644
        0.719993518091222        0.216405875552113        2.168334595417822       -0.887516946118845       -0.409395401822511
        1.730615249836456       -0.207610117445110       -0.208883090500567       -0.489211790969518       -0.809717982635714
       -1.141583891394752       -0.402980269132412       -0.322755290144350        0.135149786936603       -0.849816537898490
        0.774362562964676        0.371322328491469        0.621472995738705        0.025713691538365        0.958824252034911
       -1.236097208748147        0.571135049139083       -1.386307700181822        0.516782205030916       -1.425619434057573
        1.107739406377901        0.201003210205161        0.576935767691649        0.237649896005791        1.052497350713040
       -0.138555466193961       -0.207532973094252        0.272091225571860       -0.053626554032676        0.154518564151441
        0.005885445598151        0.064045551866851       -0.420204953328749       -0.292239658806252       -0.939298717354454
       -1.380524947894437        0.545865746830246        0.198335499950272       -0.297956185700952        0.125238903822517
       -0.323556960348460        0.387589613957917       -0.742069278219846        0.569732318183116       -0.142253165789837
        1.499258155233448        0.084045799106573       -0.922454658173850        0.188020240535998        0.281307261604691
       -0.562661416847754        0.494182271190609        3.123404327055328       -0.623275563709408       -0.880970727305434
       -1.073319324014111       -0.147225070466289       -0.220708679705528       -0.078773145692428        0.306526105982224
        0.352980774709645        0.478928284756237       -2.298319816517800        0.199960369855697        1.740634466677624
       -0.696131200570946        0.291066434130940       -0.315086932046098        0.405143831021607       -1.365783099644080
        0.977000179199287        0.052148502188893        0.759029305352003       -0.025742247349379        0.854078258026569
       -0.338313826705212        0.278166034759016        0.451040473214387        0.016454834068858        0.081054203057563
       -0.339106588418848        0.084754334380205       -0.702943796888646       -0.154328943353807        0.827589962682756
       -0.007174920338683        0.275997270905067       -0.873767869729445        0.091833997201014        1.044741071410273
        0.103399212931622       -0.455473028008301        2.057430064822090       -0.364775655416972        0.079838242856926
       -0.930149096573890        0.242292855059746       -0.593060704148982        0.646288147330629       -0.710385675304190
        1.070039659249305        0.263397990035807        1.698076184246566       -0.667424385725314       -0.216232790161451
        1.002278875261438       -0.310165829516456        0.290766011800298        0.084484755388503       -0.207986519780708
       -0.181820450640201       -0.019629034846743        1.113719670157268       -1.108170020373685        0.466770718506032
        1.535477931814876        0.199186381785472       -2.055974617938200        0.115394518912949       -0.296748566904767
        1.203743527066378       -0.528613769989279        0.157520454434671       -0.751396577145090       -1.727200328494542
       -0.515212648962177        0.034447319237498       -1.702799686391126        0.677406179245510       -0.585599763132414
        1.499980792345522       -0.951228768464309       -0.217307528438567       -0.243969024750962        0.768571854397732
        0.338352124516107       -0.126757003421137        1.113571581252798       -0.295433798119801        0.628476667838827
        0.120503070051294        0.426677679899324        1.484262824711699       -0.136042177215968       -0.921663392688842
       -0.564005953302858        0.485998508843997        0.929265646885612       -0.808965244887990        0.025101935913256
       -0.403394869921799       -0.069040319938781        0.527376851952063       -0.191982307130840        0.947561856471495
        0.679693959490592        0.492044139754977        0.549127333774790        0.282855228810878       -1.338202305726471
       -0.246655122997869        0.170060435024172       -0.271392053641422       -0.105913610588218        0.933466317416491
       -0.687611321356856        0.172462113612058        0.940287208454674       -0.084821713537024       -0.151248674446188
        0.453078719802095        0.328953519746426        0.609358912832820       -0.023283936864781       -0.045544055132193
       -0.352337617579583       -0.144206130846519        1.146969089405438       -0.168644001992453        0.519361877374733
        0.553899065131578       -0.739816092704589       -0.345074263480002       -0.283087759645913        0.543812225142785
        0.340013929515747       -0.067983087829846        1.192139243566026       -0.353391897329153       -0.251960798121378
        1.069422599371735        0.472042658925305       -1.816018183324126        0.466694801405789        1.185275099337765
        1.241459693609644       -0.140659230432976        2.675117164515322       -0.704011559053579        0.198901492623519
       -0.434767140799743        0.075782793993656        1.232884667749112       -0.659357214441077       -1.203473802625286
       -0.002232963576603       -0.008604503378947       -1.565712402923952        0.795711877305786        1.442894921804665
       -0.010774942023207        0.057604363111853        1.043749543799939       -0.744618939210255        0.103377065645592
        0.653498079042630       -0.032167279966070        0.118684158185235       -0.252543552546129       -0.276629506597089
        0.487309829686913        0.227993978087104       -0.450077601748541       -0.064197548439776        0.634379529169051
       -1.331056124895903        0.793417138613229        1.109114554432551       -0.365709948832622       -0.116198857268781
        0.890755334233039        0.135625440846078        0.149863020640410        0.407573372020910        0.694215492847283
       -0.036952721993447       -0.376537399416468       -0.242988077913563       -0.309525618734948       -2.395536884927241
        0.987879172983698        0.106972319469947       -0.415664583753284        0.547571537918127        0.808096809957749
        0.386365976603931        0.496013613226268        0.176372405485147        0.278487512238190       -0.320345232822801
       -0.574096794002728       -0.035954773575449       -0.926328490349503        0.145922480067553        0.162730097423004
       -0.199674224644550        0.061773578166654        0.125331146294715        0.461918476537822       -0.426323821772136
        0.746142815766922        0.600736292224642       -2.615405412071071       -0.081628211900934        0.587976597395654
       -0.058636014109199       -0.419154712627162        1.079125307247019       -0.200662148274717       -1.629856278469521
       -0.140557464578193        0.158486577410756       -1.339202103634153       -0.094872995747619        0.306548525485082
       -0.313783921720380        0.178618087727237        0.017162588967288       -0.151532539299936        0.292621785089026
       -0.230625712782238       -0.227467511538100        0.027767905145170        0.234781546475863       -0.521746767931991
        0.989000792793655        0.358648205789557        0.278982818999891       -0.076971958589377        0.674974770886427
        0.107613855198460       -0.103363082011334        0.880693545970062       -0.472834694114306       -0.694733386043898
       -0.391089073166104       -0.019594719200619       -1.876540290233691        0.222388509399010        0.929572140573104
        0.738646095435923       -0.040234540624857        0.763062139946019       -0.182627124408844       -0.000931191897551
       -0.887478587043509        0.723285646079872       -1.051807125351042        0.406603525608242       -1.504009033682366
        0.229808210869691        0.250751768661712        1.465837808490171       -0.543932361183945        0.741214847006396
        0.507186591135121        0.291150113645829       -0.643724453130709       -0.436361616057150       -1.463843609766716
       -0.801526043122861        0.103390464759003       -0.564805971530054       -0.029846752187822       -0.595017408695456
        2.478329947725344       -0.517504073208780        0.656599834458264       -0.556855415864477        0.276377601899966
       -0.132295088416041       -0.106329859039203        0.497931413433129       -0.531685933603258        0.437815789616753
        1.342555997512861       -0.618368844372572        1.364062488511151       -0.026410399165849       -0.979153334416677
        0.258664973124067       -0.282194085073695        0.389001611684306       -0.454526456272130        0.089004401527514
        0.898174403007948        0.222505512018876        0.832421094650496        0.015451114726632        0.326764431174823
       -0.908440593566742        0.590996797775810        0.445233546700759       -0.500812931577763       -0.801284913248902
        0.256216728163537       -0.758993318938397       -0.751569484033348        0.010049664007450        1.104348232827403
        0.169898327933664        0.336325350593464        0.013350477078619       -0.340274584804503       -0.088628594033066
        1.413892113024617       -0.111313561880464        0.459745421440866       -0.758817016523696        0.710323100603393
        1.105929153907702       -0.535411637646970        0.197386394940921        0.177488531513494       -0.143867754749324
        1.574700986978466       -0.627928924164654       -1.069956944666399        0.219175016042189        0.999776450089648
        0.809094163104532        0.087982083040947        0.122682001559274       -0.280430676233053       -1.120885858851055
       -0.705399055822637        0.454420681616568        0.597112330865316       -0.307155115841764       -0.069428239979125
       -1.338314400901151       -0.039221841943531        0.157786793097612       -0.391699447707054       -0.617352951385890
        1.999430640459928       -0.713178706254527       -0.025552329367244       -0.353111964985179       -0.123687497649889
        0.054820196151633        0.339653657801840        1.316865723549719       -0.993294505673444        0.521559037392348
        1.527389017502319       -0.673296617732818       -0.240982395489370       -0.795369238942496        0.219418785351576
        0.514835959273474        1.276222352699852        0.423490014637922       -0.148168774548902        0.153393952126834
        0.494648162755370        0.332998510292870       -0.687174276597806       -0.336347829738123       -1.953895365497718
       -0.586413043458738       -0.036004651094309        1.096022085626561        0.091943878244791       -0.233987795875232
        0.716384182595592       -0.167588420590773       -1.042670500043157        0.173744741562080        0.333825931059021
       -0.358370632714059       -0.132083577331701        0.271390539666421       -0.075569111698982       -0.280432939649074
       -0.239925073145416        0.430487200841454        0.497415089608233       -0.169095850835225       -0.238213964158653
        0.609193311205428        0.314428140828460        0.101493146802849       -0.216961743548014       -0.453845311124594
        0.413928685853420       -1.002267360044206       -0.658159994106222        0.250842646593312        0.409240089411313
        0.056702950315855        0.089025975252137       -0.027710323167781       -0.254476131385065        0.378163728340288
        0.780452805249904       -0.557677008134978       -0.421414072753354        0.316014948580520       -0.404350639694906
        1.694886551108553        0.353710901301601       -0.461343778204885        0.197370339503767        0.141020874320533
        0.265478267413775        0.042566482633908       -0.024817750604183       -0.181414931590722        0.385434871407009
       -1.875773722924857        1.018454535261429       -0.586873685402355        0.300178301486297        0.360661775595903
        0.339055987740377       -0.343513274842019        0.515851805601230        0.238526105510345       -0.681939800562928
        0.042497105143747        0.282326608227455        1.020457650309685       -0.058356423553239       -0.168562485457099
        1.639171075155646       -1.021167775324043       -0.402642709146130        0.465792855548866       -0.091406057084896
       -1.325082993306225        0.572115095065376       -0.179275731991409       -0.261166359796970       -0.580601297516439
        0.748464293193660       -0.293338654225837       -0.192045687837272        0.436559306858817        1.529502603051541
       -0.631132406434967        0.961944434051312       -0.068852598918970       -0.138372346366026       -0.866183325212091
        0.133967822689297        0.031841346303863        0.699674054129754        0.124703323515701        0.914589614563676
        0.954859602490809       -0.598261391695838       -1.497708082814065        0.269753952084011        0.249599826137830
        1.099732388443325        0.152488113039358        0.866547775432237       -0.022316244285589       -0.559657509181113
        0.191684747054293       -0.105464437147301       -0.383691156891279        0.510354311671139       -0.188821505331908
        0.049031467232651        0.100914540642120       -1.971490747519456        0.790764318220755        0.587647811788141
       -0.346300158085198       -0.328616016634835        0.160129429571821        0.020415149088141       -0.083012928957860
       -0.757642601020988        0.110218516055047        0.981474422996161       -0.955382171563011        0.468188257136491
        1.228505045969261       -0.501886925324743       -0.614323791006532       -0.283115625905021        0.033855337472374
       -0.290457985595376        0.072827656689785       -0.461291027743924        0.504476424549556        0.342573856744587
        0.425538724549686       -0.311147401757816       -0.093516202506835       -0.139957916556985       -0.878628535501981
        1.527235464363430       -0.262668821359194       -1.599545957278617        0.349008757422398        1.590761301783017
       -0.261896001421249       -0.035162570438558        0.064652499441070       -0.471510044578400        1.273348808501455
        0.085870425030223        0.242407266433426       -1.033715389382769        0.782012084812416       -0.448858029081497
        1.047401756330514       -0.732000042255142       -1.171643758710899        0.688555376742159        0.343815997172069
       -0.645759630902965        0.626032313928929       -0.003605523316753        0.320607663951423       -1.110564969434162
        0.323835549647057        0.646320614322515       -0.041605394313888       -0.185473085272346        0.206572921155468
        0.301945084778267        0.250630485219971       -0.133280607858119        0.148294790779200        0.784641775031185
       -0.698394126295091       -0.314387667061584        0.072802278365072        0.149467165714228       -0.753501409282391
       -1.018630608408587       -0.112799563290846        2.069880927392307       -0.017756325756012        1.054055142738231
        0.389080751665787        0.258631598590332       -0.634719721956365       -0.382600164111277       -0.266516600729316
       -0.489268999340031       -0.086071389394352       -1.008981439508672       -0.410526805134239       -0.186602140673328
       -0.280237616507495        0.278864813410864        0.552363568703079       -0.137657336041788       -0.210267899387154
       -0.047960717227360        0.052746638277996        0.659194045300531       -0.172377043760511        0.095155774342308
        0.991987395945493       -0.315408911618246        0.987690336660752        0.226315609487794       -0.753841648799729
       -0.827283198120467       -0.186357748319441        1.053473665630764       -0.779289085098998       -0.074321017450832
        1.393329000032429        0.133939927565832       -1.333864743429783        0.345447048985371        0.056288818902884
        0.137677456226371       -0.676138834001984        1.142646806092199       -0.237097641762139       -0.606773295037359
        0.005579463190093       -0.002453092757410       -1.043973222044853        0.458545025350719       -1.774557814912361
       -0.183566717129009       -0.476280532391539        1.487484878260535       -0.032551244108557        1.059472083247988
        1.699820556440874        0.020329454138033       -0.742894092950415       -0.636001027229087        1.202905446194906
        1.198539288806278       -0.552399830088655        1.048617710001630       -0.173984251919311       -0.915014391704179
       -0.872293351640684        0.536976239966205       -2.011475042038765        0.114678913611872        0.103589449920574
       -0.139926428332068        0.250606433002667        1.211475760478131        0.357778263168300        1.480802495990851
        1.072548417607451       -0.287311435103623        0.500745264184066       -0.664139780776900       -0.245206292388587
        0.169653184886424        0.931822354521688       -0.547774720899268        0.532064303555011       -0.866221214062627
        0.992433816370843       -1.025560467739486       -0.253632458247706       -0.749322618246536        0.558286877591879
       -0.881524617185869        0.639365116987034        0.282566830950142       -0.044762699501669        0.886985714450521
        0.427683699965329        0.307750580630088        0.910445971156736        0.471976001367038       -0.072107100594988
       -0.686788988554433        0.437937982087687        0.737784916021593       -0.161015091992230        0.874326167151091
        2.250800541935138       -0.972578201006813       -0.926055859775807        0.260954792964394       -0.319547516699490
       -0.407881385288441        0.169179242796513       -0.058881799968441        0.731286457362857       -0.929999423337592
        0.044645612515053        0.517780041042423       -0.236421227341362        0.183622644963924        0.240990964128471
       -0.257484762509906       -0.402854498724612       -1.072960681765536       -0.537883765243460        0.895651712538664
       -0.658168933970944       -0.500155909025653        0.700094409055196       -0.256656519109477       -0.535326218988018
        0.470658134518549        0.284849898598925        0.920566512420143        0.281284775388275       -0.932869078034679
       -0.265879664915426        0.972609648285168       -1.220462116441106        0.052807054908680       -0.096011035656249
        0.162761031838600       -0.376633504348794       -0.337784862217243       -0.210164177352449       -1.744144205256058
       -0.453100080015278        0.451966034441845        1.142879550180534       -0.590302677794942        0.654206907691606
        1.226708532938066       -0.108620660409070       -1.280517610764573        0.432045611585581        1.283929889258610
        0.374239862222827        0.866150772377718       -0.479540906655845        0.433207639767456        0.218020629537925
       -1.463468589775556       -0.287771331568920        0.054256035627245       -0.583789909258963        0.895287407513967
        1.341891611347897       -0.368692377499668        0.480050458015497        0.224621338385821       -2.203255280553215
       -0.147664249004504       -0.025628377455676        1.184622034763289       -0.254457201301439        0.440527964216401
       -0.423262946143756        0.160683168125594        0.581888699931043       -0.482808511047732       -0.104096941891450
       -0.819190488882412        0.155246033893969       -0.375396650825890        0.134115879459399        0.723286955030713
        1.878092770019897       -0.480044160151964       -0.153426596767040       -0.198050599787481       -0.361538930170890
        1.137525730814863       -0.101561358441328       -1.154554172950444        0.393564058971222        0.873478438365652
       -0.079011445303980        0.414048474165011        0.665321524237142        0.186473934443080       -0.655414388147978
       -1.142444198426157       -0.486139601459904        0.269643903949416       -0.169731903716524        0.069601250015721
        0.343215910451656        0.313186276225570        0.880724382785539       -0.313513773395907        0.056146282482913
       -0.248104965846874        0.095447150714979       -0.105486984955922       -0.046682985391825        0.686715706267787
        1.148866301150545       -0.556630495974199       -0.460067325370338       -0.214293823004084       -0.031590936219010
       -0.216478477621059        0.157547535295980        0.903433299181151       -0.074452882790311        0.958755254497343
       -0.225015407481647       -0.341814600519386        1.249133928708090       -0.120701839632865        0.360524477406267
        0.295565516452756        0.132999723900970       -2.051015085015202        0.938819786919377       -1.363426671280020
        0.117943278759200        0.028698087111693        1.337605370122540       -0.099568132725134        1.804716684259155
        0.470940695738004        0.601505970974014       -0.082824212177248       -0.312998848070918        0.808679841526125
       -0.400667947922801        0.529353771143773        0.160694046218582       -0.354883790111377        0.347260177060915
        0.652085342403822        0.416746625706923       -0.894631043598440        0.702700263167995       -0.644332798753194
        0.376970768390379       -0.313651612028980       -0.967133749544901       -0.520079835728503        0.468312518495139
        0.063073584975298       -0.019352425126790        0.620243404751930       -0.150819964200498        1.181239903584862
        0.684925007724688       -0.325946861893195       -0.246152743280050       -0.378274085564963        0.909562957823769
       -0.110053453258618       -0.013891208890238        0.073095362212837       -0.137164335529171       -1.909357418947329
        0.565847500273306       -0.251941547853200        0.024278151829802       -0.231313428330686       -0.734372285303036
       -0.252790136766081        0.167534712836439       -1.390293163157235        0.100383933816630        0.547614065975797
        0.186627669693127       -0.318102057837918        0.295806204202807       -0.037577758210293       -0.236005507326149
       -0.129914115896345        0.107097949240188        0.542881474875099        0.524817632478627        0.240629066190878
        0.699006500252044       -0.055387265636264       -0.489365656915539       -0.395446549940057       -0.288376910690642
        1.299727182101578        0.138189677018680       -0.321395117228107       -0.700663732360523       -0.121782649946604
       -0.482750809676112       -0.292319076191961       -0.595362204913758        0.579810231120628        0.815052949699043
       -0.580968119650652        0.098762740073120       -0.078526986069633       -0.091249548368924       -0.831731472696619
        0.811461794265331        0.050736210843723       -0.126269549596376        0.505474923830868        1.059701808860906
        0.020087365782999       -0.234977740482624       -0.888330283719153        0.384366617241970       -0.799341012462473
        0.374495108495826       -0.355162845544613        0.083566758765192        0.600723079291556       -0.215873534596892
        0.126903191932367        0.439184062111882       -0.663082154009085       -0.851000302134413        0.694554828468385
        0.164309463427221        0.172151455756550        0.041215890459585        0.310083652168248        1.287334306577686
       -0.019167234397476        0.182470147104674       -0.060115406905043        0.364123017020025       -1.785571348910606
        0.237017796532534       -0.055214235495057       -0.802861451076420       -0.085061585407143        0.319523596640907
        0.881428671384393        0.469520468117157        0.610159002948697       -0.129907335924435        0.766771172475017
        0.177461695490868       -0.481822002538784        0.025855224270777       -0.534001667574289        2.179248605442484
        0.939261047013028       -0.114323503277132       -0.130875246330235        0.149388327423971       -0.799109294748461
        0.066428123646012       -0.068295474830861       -1.894541116531914        0.004178039865692        0.592251545413440
        1.124004234381643       -0.267802920320665        0.167197671954758        0.172631133463746       -0.660883061756198
        0.346390451758075        0.038180506971211        1.237365964983485        0.195391026218002        0.180825022576325
       -0.369993553756377        0.076055985388181       -1.473815575890943        0.293496598887894        0.834454577054306
       -0.553527445343529       -0.177728723165973        1.359090261496936       -0.946579306179570        1.931516035197907
       -0.138934557225789       -0.325662926118302       -0.636731175903158       -0.034502476598406       -0.560516612927622
        0.432091086965860       -0.594891189558049        0.633031392368442        0.086154629016329        0.595787747264193
       -0.972662199198163        0.238863878296610       -0.557258728444692        0.107115302280748        0.026690313623768
        1.789235761673505        0.656645362135359       -0.956595413492874        0.178283586864970        0.374206930981617
       -0.111311558061430       -0.354629352825340        1.399072103173569       -0.729478516163764       -0.067693291590350
       -0.187618691270121       -0.552677706139942       -1.305769686415967        0.180852705004947        0.453966850930182
       -0.393267703693363        0.211202630578409       -1.548632803176723       -0.160064216741767       -0.108198900205068
        0.383920609676124        0.854510626470931        1.579541552075410        0.210305584543357       -0.307146686138281
        0.059683434136305        0.513977410874063        0.354719715778992       -0.105121335912178       -0.604759176040056
        0.044079686277571       -0.601937651509236        0.924469998399366        0.352885557162310        1.208439575586653
        2.280618266248001       -0.235071058296229       -0.666587754736873        0.194477105550083       -1.577437369240029
       -1.461050437954870        0.241858491995003        0.763220979725179        0.049370269931400        0.465117969216834
        1.806818337279650       -0.204225258680932        0.883926743440602       -0.327365937938634        0.112671686971522
       -1.067595154763344        0.317497362127767       -0.811639209814847        0.243847748898877       -1.030841393117675
        0.921951060949752       -0.710690622064377        0.247201430447785       -0.584024079926605        1.232408881318891
       -0.807375851044902        0.522403357974530        1.059729119009405        0.027004668136259        0.053882730671811
        0.065435202728461        0.356933028688085       -1.021953284442747        0.312738876660271        0.493896887493940
        0.131934502864712       -0.129854671443247        0.417490658815421       -0.234259505938586       -0.254591691784037
       -1.266709771351979        0.692047509150657       -1.196331191410449        0.264446525909152        0.468502219738902
        1.440733430133585       -0.792135297752985       -0.232771717712002       -0.054980919867822        0.518368864479576
        0.339536289509409        0.188568062126831       -0.255673684771000        0.266444122460025       -0.153898742010240
        0.803540905157264       -0.317224199933341        0.261161325233854       -0.376803302728905        0.458805454201776
        0.276580469064197       -0.272679981951464        1.612411079159540        0.384252482036822       -0.309051104154995
       -0.960606023465927        0.255681955507739       -0.484557188676919       -0.209903352872250       -0.438797990545216
        2.326976503701699       -0.358710707011308       -0.094860894359755       -0.600052229658316       -0.650854451726562
        0.427774145301131        0.271862993703511       -0.618662834365022        0.680986936558254       -1.130180908929694
       -0.972275312519537       -0.352370721457666        0.258286902162530        0.566312986381690        0.849627167662673
        1.830136100776228       -0.198071402731856       -1.114867434520943        0.257449143839570       -0.105154463462078
       -0.472955570502933        0.484559964022918        0.745489662949478        0.007807467756553       -0.200998084222726
        0.456145942345787       -0.050942666559483        0.750773339964130       -0.539919970599225        1.673796869160682
       -1.386314431287369        0.203242790277908       -0.282626515148227        0.242926472144035        0.300070515975804
       -0.599491711756802        0.186047237005896       -0.347358397575840        0.349998930987048        0.601445499771996
        1.674465789075962       -0.356908378621437        0.144188450917884       -0.413640972238655        1.220622517191882
       -0.286544690167863        0.706281717468240       -1.102173139445100        0.548736623472629       -2.293788618808331
        1.644941647166337       -0.533069965848981        0.293960257745243       -0.855899966920874        0.254610853659091
       -0.757572251526156        0.437715618214354        0.750976659125696        0.022387750833866       -0.878787867705708
        0.492092112154470       -0.260057413077576       -0.004171049279089        0.748372926485221        0.210253342443161
       -0.510489559886985       -0.049078227560269       -1.418807462373178        0.148125086906989        1.385933641521660
        2.007446446760093       -0.152551448885307        0.404861701902668       -0.886877422230740       -1.291862161118336
       -1.825851852089254       -0.159188586635492       -0.370723189763422       -0.090688258196615       -0.864027073275761
        0.439350891596358        0.488838695331792        0.250514753726239       -0.718465939580978       -0.161914487511920
       -0.814606703301351        0.458971383499480        0.502939521220994        0.326745090478859       -0.069306728183814
        0.466732941208431       -0.098106695874772        1.092576573682587       -0.321480523341414       -0.455210217255987
       -1.459780194271117        0.748116450428047       -0.416872289089724        0.300345381918806        1.202906701672459
        0.704200547474919       -0.011601266261217        0.636191482783704        0.237014881178952       -1.145630235302767
        0.615094073141848        0.058436799108593       -0.170796434887630       -0.400193124311055        0.259156554295672
        0.468270560015114       -0.097841826601974       -0.135504733417537        0.451419217083833       -0.493805851143060
       -0.212927309741074       -0.179811327058462        0.803911976422439       -0.547942203292317        0.907326904028868
        1.738004164110476       -0.191310316882362        1.575749419812892        0.036025903538502        0.180375841145606
       -0.414780276809441        0.055462477683176       -1.002149966041654        0.048306776767703       -0.146150682803741
       -0.256209630611164       -0.205123214946980       -0.636706340938716       -0.580639311800840       -0.776421751878088
        1.047895450578105        1.039080353631415        0.023556084442412        0.179837476935678        1.095990767854280
        0.195008039230386       -0.202264884054196       -0.944285730520047       -0.229403045032020       -0.248587972035634
       -0.885120972435714       -0.120320873815993       -0.268001827946201        0.311827686062544       -0.951477861800801
       -0.542174147276332        0.606069676424558        0.665147053089903       -1.091832483498843        0.377904672127558
       -0.448759381432953        0.575887705823686       -0.895683668078569        0.440958852091615        0.734900660462401
        0.420865681196141        0.241722305158101        0.453860061701024        0.380638989955832        1.636901411808374
        0.762951072846082       -0.290134699082345        0.846082714164277       -0.671874400417050        1.651328693890955
       -0.543378591743233        0.633032512754032       -0.233683183812342        0.082256675343173       -0.495346529323733
        0.340822271685660        0.462019943667058        0.855882952965520       -0.448010397674200       -0.852558524869384
       -1.884424000687255       -0.071116584690083        0.103795632304907       -0.504529895075600       -0.326804477562484
        0.614768586128854        0.383593790685068        1.214231819572576        0.015328862623718       -0.027170988045767
       -0.329327023277153       -0.003857267740337        1.607573219592496       -0.358306374197574       -1.018249212585395
       -0.308748652391533        0.297423026537831        0.765677536363399       -0.221748317301603       -1.178823359555996
        0.550187620165017        0.172292925528970       -2.851314855521176        0.849147775210307       -1.341025225745843
        0.730616313619881       -0.378157486380238       -0.374225763756480       -0.253397888473797       -0.054615858802567
        1.034534044708414        0.366247306684664        0.709098178125719        0.159558961546209        0.371769006558372
        0.337168082584177       -0.202727495827448       -0.660552165343328        0.135093011239500        0.322868894105782
        0.717554420549110        0.092936858846210        0.222745484012317        0.349939106990237        0.460015617293979
        0.206099363813204        0.213756945734531        0.225734869880093       -0.912003826972339       -1.407335518643458
       -0.119027623187808       -0.119516988829191        0.885825332280265       -0.344969883184936       -0.157202803333139
       -0.474984442434827        0.556735810029715        0.268335770755892       -0.039665756644171        0.158607355404269
        0.272885748432441        0.100193272810699       -1.056757834403199        0.138419066909392       -0.901249220427517
        0.547614647401618        0.849594768695825        0.083802358893451        0.251831280427775        0.609910739147601
        1.399187722995562       -0.189290386156754       -0.299060239629979       -0.285395800457726        1.591482266159489
       -0.472812026233685        0.532087591130346        1.001213678533680       -0.291653072128784       -0.022591023408432
        0.720199700382903        0.027948895880921       -0.070711396904601        0.226287148483911       -0.525643885499488
       -0.112662902619328       -0.657669390668310       -0.414803977417180        0.129318763577473        0.162876720818307
        1.699930003663422       -0.121776810684793        1.281716728386992       -0.411725247016593       -0.476313834120467
       -0.040175576541908        0.451957915884678        1.159376390529720       -0.075621566645274        0.963814429339869
        0.572308327206327       -0.168937801809109       -0.732408885445727        0.455153847752288       -0.175826671702854
        1.802425795598665       -0.450828653093446        1.202470478694224       -0.284655871849571       -1.381549284674124
        1.363100958488020       -0.553812000208371       -0.315013300602197        0.237593849987582        0.143169297310242
        0.747559408073399        0.016532221477603       -0.447033733457163       -0.043133779973758        0.424049258579521
       -0.125032193547516        0.379016517143120        1.002216698608759       -0.303555328797653       -0.324479917475818
       -1.243232659991391        0.215857401823609       -1.239213959488906       -0.382118273382105       -0.770473471270605
        2.523833808918386        0.115007355207986       -0.099129145042611        1.032557442354516        0.114225031560645
       -0.178366512457096       -0.293478078244347       -0.569631038295662        0.218157815239811       -0.308904266810447
       -0.789115927405040        0.552676957277379       -1.207663001414380       -0.224540950189837        0.399177603113572
        0.363658025064842        0.102904195259164       -1.728404155454571        0.649163177282770        0.298427209328868
        1.490465040016093       -0.186735875520706       -0.347073113064612       -0.133969337720447       -0.162897477190756
       -0.872467047792110       -0.060802971793668        2.286041997864652       -0.098245685659380       -1.423977777618025
        0.791617690861181       -0.032497113520880        0.944420272264023       -0.540779013189649        0.623673380645219
        1.883209245132569       -0.380223326743328       -3.220443905878000        1.156658871042137        2.037296433109522
       -0.227524047248689       -0.221537827417545       -0.168093830918405        0.061821771219702       -1.486798268981300
        0.041487470567016       -0.271031109354452        0.897844772057631       -0.671531371554182       -1.572732037752186
       -1.192900290612372        0.364567741162593       -0.314317121747656       -0.122047456945759       -1.509125195821331
        0.414694175396442       -0.015710215428322        0.117634359446673       -0.074729399812486        1.646215150308957
       -0.243416894260846       -0.004845948649809        0.007498869701382        0.092785906604942        0.856269267238019
        0.017966360380410        0.145135443781452       -0.714272703318937       -0.184658446368804        1.543838942321262
       -0.111235515883967        0.561454206494585       -0.742067443828780        0.359338214341355       -0.560378948766630
        0.362554287967425        0.366919980662004        0.669672068645651       -0.062243564349439       -1.179000109454866
       -0.710106800299841       -0.364460893993156       -0.608623567072183       -0.267146090023730        1.399337997088942
        0.696072721450943       -0.574069138646450       -0.368294861090859        0.097181008154506       -1.167322999571014
       -0.064703200181544        0.384785016449468       -0.291439889475938        0.085633152865228       -0.890991892499362
        0.319835995097044        0.522761745062596       -0.548145474978333        0.642575038364167        0.999738743468505
       -0.086887366096155        0.537554720511028       -0.606939318810465        0.306040587780716        0.139118005437990
       -0.712371721061690        0.815777395871042        0.625087051862506       -0.249982179023143        1.256002432612131
        1.600460217325804       -0.205343733263228       -0.574422218594388       -0.097863514465905       -0.311184685795501
       -1.117906029883907        0.636566454536526        0.051979338580226        0.731393204149343       -0.239096908277791
        0.260085162421199        0.180401326554317       -1.058280356587680        0.246778073110131       -0.879567326657479
       -0.021563163768732        0.413501213199441        0.011499724570574       -0.342197946815197       -0.671281711717077
        1.339273702308236       -0.257930113777848       -0.174625035479356        0.334709388489504       -0.945520413215939
        0.513688887182933       -0.359775856807163        0.007812948834413        0.187175886834607       -0.180527097389000
       -1.469844635876946        1.025786663182992        0.512495723723531       -0.262183219384313        1.492596226153860
        1.084723252027390       -0.351765609530067        0.907631311651518       -0.285536642974476       -0.693198542256751
        0.377277227699088       -0.558257406498073       -0.744295071983561        0.028172537630407       -0.211104889335821
        0.778019854085388       -0.529997254299649        2.244309626558839       -0.227837019419665        0.345830574209741
        0.016810049132675        0.171017678558185       -0.683411776918157        0.165714004787238        0.091071074646853
       -0.822402495892990       -0.319818558779187       -1.448536447981497       -0.172880797925708        1.064997940925650
       -0.281981287423968        0.311019699007702        1.406636832739586       -0.349472084908598       -1.527423709237650
        1.596533009285455       -0.707281181966108        0.637242126702720       -0.115396612686983       -0.845223353113265
       -0.738478568692336       -0.154501920440281        0.003750080913946        0.390132288981119       -0.959268189569209
        0.511990256532605        0.282289556967105       -0.511852327635648       -0.036279104212811        1.235595649535673
       -0.538371684174581        0.349338524041498        0.326242763590664       -0.487416496244732        1.663220452939439
        0.586212428262283       -0.242081327767584       -0.439357395892930        0.210833573804434       -0.161352224525092
       -0.831989085189181        0.572180344710356       -0.150430486731546        0.285826213740655        1.752946978202957
       -0.164729745092777        0.746205331261024       -0.505331268603139        0.297502255654641       -0.052207565926046
       -0.019517354222254        0.084697361328973       -0.231630156988107       -0.024710998609314       -1.736679257273322
        0.070455369351920        0.197752677906254        0.396030076195986        0.364983807046301       -0.106527135764134
       -0.225745460151696       -0.648768443778293        1.142708175266856       -1.076696962024395       -0.783883771804853
        1.829937532809472       -0.944682238045871        0.417657012067846        0.312603173511619       -0.662230571173945
       -0.130419705027247        0.190616745200612       -0.267205307426758       -0.366737478900425        1.207990635198899
        0.519696520625179       -0.511794852432756        0.142558464869546        0.070376757834489        0.613209499322949
        2.221335768131094       -0.845748871469173        0.718329434660748        0.420395055353326       -0.379729064649005
        0.234044119714417       -0.581929330841138        0.460922142387491       -0.159569421775406       -1.647642925937343
        0.525749549553708        0.048006223690358        0.411200222178451       -0.327992694455929       -0.065304442421001
       -0.217094910047587       -0.121843122864005       -1.220629422866635        0.721226694325129        0.383242837792907
        1.480309439736096       -0.109547291721587       -0.666779026711767        0.347007358543410       -0.076872701090680
       -0.422908007712526       -0.151556417955204        0.119226685329258       -0.356276040179065       -0.330762502064782
       -0.093712370798608        0.621064678090078        0.334758651514289       -0.220491230750860        0.408626428465490
        0.424978066940931       -0.084758342548317       -0.702875010465379        0.591037757443160        0.300461458292078
        0.516564935762724        1.246641148180992        0.307012543366313        0.139543095145738        0.455117973689484
       -0.949098003963766       -0.207397725531437        0.465917076362898       -0.742511449818124       -0.261279863799802
        0.451730760248852        0.515095348362882       -0.369965987131256        0.036057168761931       -0.713787799004304
       -1.519330387607710        0.106005502074914       -1.165403952047884       -0.178933605561010       -0.907575354602914
       -0.356992625387526       -0.518255389653732        0.846299309062878       -0.048758237780660        0.963097542354526
       -0.483869984990674        0.332926197683291       -0.498033359925112        0.134736000086269        0.370320765197266
        1.368698461287674       -0.204968421398591       -0.465436988559408       -0.116179936014622       -1.446481339524386
       -0.531825619569272       -0.006756696614248        1.301116676695931        0.515810518282885       -1.075782262432891
        0.043221565332077        0.120102905857571       -0.654524522436141        0.004891504441645        0.343736453094378
       -1.329972793541170        0.704559080965842        0.607451458418699        0.393411048872596       -0.268074648274679
        1.212172433485700       -0.273199633006065        0.534256722013891        0.180855090297329        0.162505832981204
       -0.983346248634590        0.377268373414580       -0.128159731830712        0.352486628281231        0.832439052286588
        0.968969069231024       -0.322042940276237        0.806766881537072       -0.253236243361751       -0.177661865506056
        0.030084935523410        0.098407553079574        1.431331919871985       -0.066558362377917       -0.133886533406193
       -0.292904323614015        0.130394806062372       -0.811619306378500       -0.097111552975078       -0.839733536021616
       -0.149219654569792       -0.249359306208218        0.594066516672905       -0.040419329758382        1.237407758105442
        0.414367053689116        0.659272457910742        1.197658729288032       -0.403608795671846       -1.936707592141778
       -1.631891799663489        0.994911893598922        0.872988268172336       -0.059998176816578        0.089813982803787
        0.725265508727872       -0.169167660033877       -2.356437814615684        0.001760803015000       -0.729630941846282
        0.413588842935545        0.446633057731448        0.525281111485869       -0.137358556160224        0.320474602446493
        1.108901778093905       -0.056058634144352        2.109122509625965       -0.190805372925263        1.722409612976067
        0.073555503880211       -0.436452228633457       -1.458083446730906        0.105917493988950        0.004349778216824
       -0.362438260395715       -0.178719384020220       -0.979009670999914       -0.040547309603315        0.370246258579840
        0.593573417864890        0.272286689131216        0.501323758226938       -0.511165790769940        0.485302005959020
        0.003295181517553       -0.612863958626089        0.104087132307020       -0.174842909995060       -0.809366691311095
        0.254678134538197       -0.252308287778450       -0.270069157900566        0.534435026157547        0.806668764114994
        0.885840520528649        0.145596445482215        0.211489407317646        0.475014597133844        0.791751283611317
       -0.097011737532887        0.008949464616815        0.885254656133982       -0.830954885989551        0.138058114817987
        0.220687184561075       -0.346918475477810        0.812700336985932        0.065058117935842        0.495481794459838
        0.683683400893270        0.344851297354738       -0.959573259655524        0.284692407212301        0.096005646382858
       -0.511267247860975        0.220521807474698        0.453951559443646       -0.538546683998355        0.410497820819680
       -0.538115327930664       -0.128943823128004       -0.906712009837259       -0.581994933273849        0.733329815382021
       -0.665782870141527       -0.151259226896832        1.364166908292874        0.094015341440807        1.077861971615771
        2.193237052320800        0.041252478498658       -0.222417930236323       -0.010375698575060       -1.238603388859790
       -1.008640953897153       -0.110899347202197        0.116056299345706       -0.098295161334114       -0.231287688649086
        1.131789749423185       -0.144324544110800        0.666444947326333       -0.471506797016578        0.057860995066896
       -0.376846560004687        0.594096161585960       -0.890958950655574        0.300325673506948        0.531603544683650
       -1.439260635773396        0.325612754638787        0.018615903041677       -0.086173813620566        0.527714997382117
        2.025038195167652       -0.095488842690641        0.933993764294870        0.005951071057147       -1.372263174955567
        0.626773356959860       -0.092865689066136       -0.810689947861887       -0.270376133796746        0.023230705387365
       -1.021895226831054       -0.212021021135084       -0.716172576019740        0.381223778911783        0.224011794586882
        1.016477078379201       -0.045145644627052       -0.076014859705059       -0.532722294714084        0.052984839449901
        0.685440369398309       -0.533129824250218        0.766481643125880       -0.006406355231944        0.220466558063707
        0.733932444783741        0.101935424932576       -0.042527002195428       -0.068050027665349        0.578034581565945
       -0.169208404583096        0.282649922553613       -1.075189329484202        0.586875146418377        0.614748097369185
        0.749389952373823       -0.065808320261173        1.443435247589026        0.017124767753298        0.028699548964098
        1.029608487763333       -0.124440660936523       -0.305450585486882       -0.389696726060751       -0.821767331742408
        0.694041214966629       -0.490097008400320        0.218559533455520       -0.400374899049396       -0.562185586258986
       -0.730392966386395        0.822754547456519       -0.468706653166761        0.610595385566984        0.385533855042047
        1.279612490618267        0.109152297105918        0.246384919032088        0.219983762341288       -0.586021615156473
       -0.076578912007947        0.444811817735816       -1.777932942924480       -0.260125475615998        0.222591999656252
       -0.523361560891573        0.300965899597233       -0.717244675371509        0.324974846515037        0.603730643672289
        0.251462635066052        0.598136981347752        1.385493156800005        0.643299891331844        0.685456492463695
       -0.422010013705865       -0.143142437396763        0.383383357030235       -0.837809136612434       -0.147361990045654
        1.889540164144544        0.317610296006157       -0.059338641127408        0.162664448912343       -0.872862735201017
        0.337468614800515        0.045700938146619        0.286786647437771        0.480350887207494       -0.740834061755615
        0.451083971164660       -0.142747516089567        0.097446201579996       -0.021017827190882        0.318012416356807
        1.231200950847032       -0.179412302111951        0.186315315121480       -0.171853529237464        0.179453277979506
        0.381163435485383       -0.364977667656627        0.155113641661592        0.076138641719544        0.056543269671361
       -0.130682292629855        0.525460492591381        0.044324954415585       -0.348638421876472       -0.262906739876730
       -0.666559744998610        0.205786857120400        0.334436206862204        0.024483942722274        0.038434177326664
        1.938252263381040        0.269596602466499       -0.025362201958291        0.216196220157293       -0.041487200136843
        0.507276505481383       -0.366612293329805       -1.314280991399547        0.821910028508143        0.687631181648729
       -0.459866047280501        0.383062061916813       -0.464652274981774        0.338201184979472        0.017737958670771
       -0.676916930175934        0.163693264348815       -0.237536752373618       -0.194785799585305       -0.479770159310623
        1.745030197081238       -0.689720309938954       -0.912096092217742       -0.356843869726803       -0.006191441559079
        0.017153456761147       -0.183700122856056        0.554508983900109        0.125077307098096        0.448455779723528
        0.628294509241015       -0.246577572197550        0.456477250712188       -0.359324698917892       -1.214334380288066
        0.994028862902994       -0.205713274013007        0.053841922901204        0.207082423529642       -0.054401588874872
       -0.094186753512503       -0.019443252389013       -0.009198879760911       -0.280798412277007        0.543739078612788
       -0.248369584809210       -0.179432525303576       -1.074626111906275        0.118098246650183        0.173525261752600
       -1.027906389697025        0.441356554464367        0.722342242535793       -0.887775511553029        0.945064156524679
        0.371807318719278        0.224626640318039       -0.586543027506131       -0.425548372120960       -0.366038674252553
        0.254351833919995        0.435487564684180       -0.019465150084315        0.180003920254446        0.697937438889951
       -0.422666604831385        0.025080353804496       -0.518961567787577       -0.489934129921754       -0.263847662077665
        1.834417345651899       -0.440237077454933        0.191638271237941       -0.027951010131581       -1.107111391759738
        0.481132842950990       -0.286594785984377        0.846354234734657       -0.013004571976968        0.766487430023033
       -0.464090929397700        0.558176412887519       -0.622065145222512       -0.284538462055920        1.277890128294886
        0.047321076699169        0.273341232949936        0.253629385697621        0.193546856602427       -1.152537893665559
       -0.297445665078281       -0.585444823360485       -0.974151560397079        0.137237861834229       -0.094743870492653
       -1.819505068504479        0.564479018145411       -0.636825302792740        0.377148345850014       -0.124366944583931
        1.339802023485361        0.380107817135444        1.268086130447294       -0.757305181028239       -1.833375472568209
        0.208486400280453        0.316061188895656       -0.970500778207778        0.333747317694522        1.141930575887710
        0.556649287641250       -0.181781710709002        0.066964331162068       -0.071473195848272       -0.287806002807595
        0.778347123040359       -0.357167505118538       -0.582768287058305        0.312129009677803       -1.062094861742762
       -0.992829002966899        0.185800368133707       -0.398434833366575        0.481803451000818        2.222021126791811
       -0.006058201663375        0.040747562949100       -0.674610730594402        0.098245593178593       -0.082727189300322
        1.669385639455615       -0.107876088767454        0.764047835987895       -0.166504957628196        0.357202581844150
        0.808909594755576       -0.690230725813756        1.445456137923587       -0.224431757161156        0.868368371783169
       -1.091229713220911        0.836734603822788       -1.065155570197133       -0.095723030459724       -1.766591192369340
        1.972239487724108       -0.726771153179725       -0.946126442479352        1.175500458992456       -0.388802524917846
        0.415899284260776        0.202977708639511        0.841437459695140       -0.335034104663575       -1.580299661499515
        0.571298650921284       -0.505220037810522       -0.522029345374006        0.324274263860246        1.194563010780722
       -0.785349499891328        0.312752522177696        0.693409589359877        0.246850028970097        0.883809972502575
        0.231081298520089       -0.950485635900560       -1.321762407943186        0.270694203432872       -0.659614717857347
        0.859231450589867        0.488304106561363       -0.580057876584273        0.203579214772598        0.972132120180399
        0.200804388940043       -0.679994610880432        0.691770212521321       -0.003889476015368        1.178341855384495
        0.544450180508847        0.331505219241422       -0.628982559992423        0.466126811328863       -0.701975932307714
       -0.657548255511657        0.386793556519695       -0.651944899392439        0.752684074834473       -1.517286237269067
        1.537836747381553       -0.148197012055784        0.155169561041779       -0.134722308974940        1.161411251508098
       -0.849997460727290       -0.255570772175880        0.115580117666470        0.658300960311521        0.650256913202388
        0.336040535952864        0.070592831089988       -1.128443999628863       -0.119723205197136       -0.504674826095544
        0.230201030763830        0.263213207960341        1.149680171406789        0.098366544515902       -1.013775831809499
        0.279448768642313        0.526413080714011       -0.330286303676816        0.145034285611640       -0.344336526181619
       -0.562204118243095        0.678377433356673       -0.345374137341835        0.648186793745627       -0.449244344269536
        0.268922851339620        0.200952084793547        0.753944341898726       -0.435792142157255        1.515817272166197
        0.867413630125503       -0.508724980144016        0.120991124397961       -0.497517261470404        0.832465307148101
       -0.583700225283171        0.867938120132718        0.480737037843947       -0.443619632405472       -1.259197392143850
        1.551923805585460       -0.234977905419042        0.011075088982546        0.159161933074879       -0.954476476944216
        0.055888959317509       -0.280877797775609        1.087958200706634       -0.054781741661678        0.897505765025997
       -0.056102303319997       -0.740445618316964       -2.307832240981137        0.725601634745104       -0.456654608696694
       -1.377339779380421        0.811812161576848        0.254678788416489       -0.507437710178196       -0.274758654628500
       -0.303786015411561       -0.066785430029454        1.007549489999640       -0.474343570052632       -1.039422108636213
       -0.275241672994922        0.511770023439577        0.703825553123795       -0.427670574543973        1.104572418970168
        0.623046078036395        0.071188765843381        0.949979552224267       -0.038052401928605        0.182636604741711
        0.423061458946535       -0.264965987470099       -1.021016862973606        0.051522270812275       -1.351055549284709
        1.081813830461720        0.093691316368492       -0.322087460262916       -0.454597308018850        0.770102970143953
       -1.571839262228285        0.701656412174361       -0.422211897753501        0.464819474475821       -0.349945406690632
       -0.193733336039651        0.218548444856070       -1.738508201505821        0.102616093215107       -0.398792612345145
        0.364638857586405       -0.092713415993593        0.609522094792099        0.092564842800974        0.077238624042889
        0.365714144239869        0.346930375231913        0.859198142000234       -0.872726937056819        1.116382981676717
       -0.292650201744709        0.178663905062191       -0.933551417229440        0.554316340966954       -0.707000894512854
       -0.937273231971747        0.700044200730416       -0.062023409132765        0.366010565494539       -0.572889012906284
        0.547653026348879       -0.432399552584997       -0.045915432479049       -0.081177840458125        2.052579230568880
        0.606794526042133        0.061054978720230       -1.312233076185156        0.288812437268320       -0.564639115684499
        1.200403223291169       -0.708192970324439        0.328937874959525        0.078434959154614        0.473031528287121
       -0.349249475598228        0.708987933109422       -2.246725702214251        0.378245105788826       -0.288730003168298
       -0.438544665709003       -0.440149725382247        0.854759664722923       -0.036948337179634       -1.203165823194947
        1.171659013518839        0.369164345625432        0.460345864759440        0.275990896841685        0.415667380981658
       -2.956598802930825        0.317256550018356        0.313617047715127       -0.032140865030498       -0.063139252313569
       -0.332010835599852        0.331766424872355        0.023434318370606       -0.073913128912612        0.676854531018178
        1.478870416760169       -0.219274033584696       -0.258742427430620       -0.063296228670337        0.318001888156241
       -0.122748453618761       -0.157760757758875        0.016198590469227        1.193022945396661       -0.202744405678138
        1.243594424322460       -0.277590057577989       -1.046240088234947        0.060534244856197        1.088866583854637
        0.191668584276164        0.406655927621987        0.183547197176550       -0.063357647253000       -0.683202402467847
       -0.820880392345198       -0.285984992069285        0.150989859068049        0.147229269587749        0.985027689235456
        0.838481199039307        0.958658702872049       -0.443475951182145        0.240752514452071       -0.575111108303492
        0.743694377467924       -0.197857431266487        0.131225764589360       -0.249831342964804       -0.126791723999221
        0.186624405519733       -0.151690112262099        0.129405550064808        0.292758222206829        0.049163130984541
        1.173731695669256       -0.360520287190946        0.695239029050717        0.025152676261052        0.154197632135023
       -0.092764314228166        0.318951197105860       -0.234727899257959       -0.003590936146198        0.511732574754375
        0.637358780706420       -0.556075039253613        0.549645684438634       -0.034406185179940       -0.434581049124796
       -0.021642680530715        0.235805178463463       -1.422736524185938       -0.136394543094229       -0.654917300119422
        0.787215056017933        0.113387807248518        0.240049433450789       -0.087792220824492       -0.688479505466782
       -1.486412737769276        0.342957315660561       -0.744939775181275        0.050841660643139        0.803830047786920
        1.050338916515595       -0.622125606062078        0.174040534908580        0.098832551580275       -2.416655932598335
        0.593284457049745       -0.132401047008844        0.065452933060265       -0.127908831779189        0.930529266077665
        0.277087011370975       -0.795008125342664        1.188208201670014       -0.717516831567481       -0.423782589409930
        0.219943930356485        0.289894249493883       -0.716527569919464       -0.208990879324328       -0.467716763268581
        0.387572729461587       -0.453804460475533       -0.269329595856989        0.719817660441629       -1.383509018561281
       -0.984207570620615       -0.131983687410332       -0.698106664857020       -0.102652976215539        0.846398962431468
        1.314270892016516       -0.302532487464036        1.746119503819620        0.209221913460020       -0.254828243580217
       -0.249428329254645        0.253712255668418       -0.838574071476792        0.485790803669389        1.199221274328236
        1.756526506920457       -0.064390551067296       -0.897106564194527        0.297426752043146        0.111175425208933
        0.027497734581922        0.345842570384992       -2.910975230494050        0.531221173483784       -0.882526030096626
        0.847301335849006        0.113631846701052        0.760658940496142        0.309201184337970       -0.157833718055755
        0.804107671408980       -0.946774693001133       -0.060852511918099       -0.474746679034753       -0.426083906996316
        0.159658727091612       -0.354449855413786       -0.621579266318948        0.415017140066784       -0.419115608572902
        0.421343962742659        0.555167215323520       -0.253092102645928        0.219399641954984        1.149824037469930
       -0.701456567275313       -0.048499312563027       -0.364754484999285        0.066155702190376        1.808479093160290
        0.133295721998590        0.618601538549128        0.761508345468596       -0.304634222156735       -0.177988438052185
       -1.069403595931222        0.311071252932551       -0.530366755101018       -0.048195354735628        0.232642398191478
        2.552311947926942       -0.802128397578574        1.610070812072504       -0.306397589004850       -2.015294835540163
        0.874491640236896        0.509362096150291       -2.515315736057848        0.600189081616837        0.346984890853123
       -0.568814579810837       -0.527685732534614       -0.035233697163554       -0.316263356643952        0.665246384649631
       -0.304235100658647        0.944641784201378       -0.734876056685936        0.359862453808282        0.002799570872543
        1.329378748494934       -0.285002406195692       -1.400660968220176       -0.275775842849352        0.122695646208343
        1.362552502075618       -0.122579026824909       -0.015329637311810        0.615350605452823       -0.407906307748382
        0.235975148735255       -0.006573176582865       -0.016462766258087       -0.002769647094734        1.534586250360140
       -0.682427558300959        0.216002431456513        0.397081171906864        0.048460452484782        0.225087994531727
        0.214799076851739        0.195227232520173        0.072339529720501       -0.248391114574219       -0.546695643326228
        1.123220021260788       -0.117747036890609        0.125978496800385       -0.258037513317758        0.173727792767797
        0.217178550908123       -0.609187957738524        0.833669447007250        0.054339551495494        0.516371134617492
        0.046337827402304       -0.241543039143318       -0.581704606758896       -0.179014429849499       -1.192857351124123
        1.875884715370965       -0.352493721965251        1.327271850438798       -0.134657192446261        0.048437426882800
       -0.527116348439360        0.744763645853413       -0.791132671394077        0.209063490718883        0.166486638555864
        0.102428303478781       -0.065760692904794        1.003981277815420       -1.245103529702617        0.401721988645777
        1.008150921376341       -0.566976871733641       -0.261621029040651       -0.004167480203296       -1.686219998945329
       -0.221344973781531        0.264634834700476       -0.006728379529271       -0.433589878108885        0.623139378237395
       -1.344390207950898        0.304889178361662       -0.691171051106886        1.083501209255758        0.642196588917413
        0.176740066912900        0.032498304085844       -0.482421163925921        0.296398763280001       -1.059693390108876
        0.476629571997484        0.068460249028363       -1.990129591921053        0.887998468460418       -0.631667732082144
        0.696002747076058       -0.849979004002548       -0.176826409126647       -0.259830771493455       -0.621882307245736
        0.063220215194167        0.429263925124898        0.985486779348423       -0.096467187957185        1.110137890986309
        0.204999702834753        0.433654511492343        1.055463217070540       -0.186732314209692        0.568424474044748
       -0.138811411926965        0.534131176039206        0.112973703970342       -0.301551454222974       -0.670315236506678
        0.074802906955794       -0.120313710923492       -0.399375057038620        0.228873794903569       -1.496804805200322
        0.956419444787276       -0.133508691128937       -0.117871380404597       -0.071602505473059        0.718185625868651
        1.446970489546361        0.330331383636940       -0.529578507706351        0.610336156009389       -1.290621390500256
        1.063054079007738       -0.692174641906751        0.108544688148683       -0.333169527552758        1.301545068204032
       -0.848711456746344        0.383303989192468       -1.389888438244244        0.513419484969529        0.547220694211824
        0.713817491082885       -0.796109268473694        1.391549322814721        0.362984380180773       -0.521879345786195
       -1.595362064477837        0.084284886920947       -0.970904576804183       -0.559839114332222        0.257627139351729
        0.750355523637516        0.262187981874493        0.931261031616276        0.176579133181242       -0.429293534901685
        1.421808230370704       -0.069246983969245       -0.785850887512059       -0.251081056057759        0.205627891610564
        0.512766633925936        0.017038909462216       -1.067291953062315       -0.216171432135828        0.002786631355842
        0.804783611028281       -0.145092999481687        0.516756241473976        0.254515457321897       -0.515157373170607
       -0.612184366611114        0.636783156759728       -0.147646981922097       -0.712901966819908       -0.072556824448133
       -0.029322753170289        0.042170856347503        0.860840078965180       -0.196512152879451        0.733498658170470
        0.311240144062031        0.083186694855793       -0.204984330709614       -0.111734645360201        1.163617197369121
       -0.060840277055226        0.521711550637910        1.135067250255752       -0.035018622159834       -0.731421184984442
       -0.936797303083126        0.015470255391444        0.209285121987999       -0.381574155374200        0.219121434453820
        1.027105246685903       -0.674185562281954       -2.276979277352373        0.276881613929131       -1.312692553260245
       -0.830475815772198       -0.238357666903267        1.720563927108266       -0.046758504822149        1.868839145934630
        0.459775799200259       -0.233456846251505       -1.090841850466290        0.817920933416263       -0.835455412136419
        0.649094271671224        0.307755983981009       -0.125260556227025       -0.601013272009511        1.888844578184629
        0.176340730658023       -0.146850322349187        0.686307617595660        0.610638353685283       -0.402114263756126
        0.016002116004315        0.147017171978975       -0.466920427438428        0.556316105311002       -1.544119720410899
        0.952055588263141       -0.185465683474061       -0.107102978021673        0.170213883413383       -0.181312421632791
        0.616529236906718        0.052541573463866       -0.364562989545598        0.061470025712091       -1.037503601429709
        0.082142332256521       -0.448022749607098       -1.037541316736433       -0.418764754928355       -0.587454418354891
        0.361321220306883        0.618681203288058        1.174035702327064       -0.031888335995304        0.850715014333424
        0.579803902634059       -0.270300212856376        0.223159352668833       -0.258069223124688       -0.829239793537655
        0.503802978819949       -0.267044274820488       -0.536611684642407        0.819439136155159       -0.770638818578001
       -0.476020707369278        0.095716485199467       -0.661548499032685        0.080688133154190        0.951168238723223
        1.757780821659129       -0.020370770983333       -0.141576707553239        0.077198369826026        0.015381789692099
       -0.472186013694911       -0.150862710378462        2.053171268639535       -0.123530425819537        0.146297479745676
       -0.705939542346196       -0.613287068112965        0.730419717074477       -0.052812377371980       -0.109007297028646
        1.075301777231541       -0.150883689425701       -0.220383533322817       -0.070097660551223       -1.338068055807945
       -0.095368205883309        0.419693126192661        0.981780293232970       -0.486367791351742       -0.868961295410870
        0.675090391916940       -0.257425827536199        0.625484937153154       -0.263719730804609        0.642062102104291
        0.808403371569070        0.046058832293264       -0.731166542182576        0.597599737102510        1.285246277618690
        0.913577637012036        0.060538508912727       -0.698738126811847        0.610584367088401       -1.119602175385528
       -0.308910105846969       -0.381841910700554       -0.152074778299944        0.209698121124040       -0.536429708116813
       -0.970334840031189       -0.237226873604978        1.151800935686109       -0.323139918629503        0.628772408443314
       -0.905099243020460        0.193765063040400       -1.137245975469029        0.704509223287563       -0.623935026140434
        1.268753646963387       -0.548976178338418        0.746042004931381       -0.315809689374495       -0.510933706856116
        0.023862285500400        0.055995263210642       -0.977603108511165        0.288412777616634        0.561544904678436
        1.583565566070420       -0.555800937319581        0.517100383174756       -0.683053030930323       -1.080020752385848
        1.512795213272330        0.470040164537275        0.280773520757402        0.328254498252589        1.583134616517500
        1.829059648359090       -0.595466067379616       -1.665304437909733        0.749845602529421       -1.822024589521473
       -1.218866293923754        0.363340007940259        0.349201014987133       -0.548421205988122        0.556910596686299
        0.523480323575867        0.531934789854565       -0.395084284011111       -0.349795329002044       -0.985879418059087
        0.377968484524800        0.326232557971279        0.719252440605413        0.227290725554185        0.769075005255014
       -0.762419534291503        0.392914563264493       -0.085453181273751       -0.256459334529750        0.027192750441269
        1.600567655440467        0.067877300770688        0.454212624162651       -0.293690079911928        0.746986109492731
        1.333382335477331       -0.204540720244189       -0.571899620958015        0.112448142371379        0.542637358644207
       -0.542358353279544       -0.568997720287979       -0.275527271382096       -0.168320838080053       -0.181117827459892
       -1.091976955277437        0.291622842224322       -0.434723703415764        0.703737424188922       -0.217844945694645
       -0.365738830081123        0.004673448824636        1.123350546666703       -0.401122988829585        0.636318378145315
        0.630988312390183       -0.304542273590607       -0.237259005244602        0.164010234526386       -0.112542590774555
       -0.441526055256955       -0.301166083616756        0.530996558910633       -0.442440448839702        0.202214925013057
        1.056050124490230        0.106153963611555        0.556318361156493       -0.929045109169151        0.372729202627936
        0.077991567970890        0.414987976577460       -0.165911998498075        0.226992834645817       -0.563015188777101
       -0.881783977942965       -0.203661752094770       -0.491710153302290        0.104381724131545        1.215183949908930
        2.521410116487218       -0.749277407290563        1.148119717619671       -0.488174423867859       -0.166996821091792
        0.490424860722983        0.502372901409734        0.380194686974937        0.234013681274505       -0.287252017708457
       -0.338398707354442       -0.412869279673960       -0.549031780409190        0.327810018846351       -0.848870643012629
        2.142308190482345        0.237684067043356       -0.804886095769102        0.179731510130299        0.776456738606261
        0.317057662588663        0.373577694425415        0.423542521756454       -0.145149877928192       -0.016866180994990
        0.603532047994671        0.506716762663392       -1.610392516436290        0.490115489326101       -1.047285764889152
       -0.903590854555221        1.049130115981810       -0.344464660410321       -0.089131900869259       -0.500656592160528
        0.027806018037576       -0.588624588033307       -0.571753938694622        0.071561769302450        1.361342985754815
       -1.264826149758707        0.768157770069126       -0.615265162492575       -0.308122216326259        0.219261103201488
        1.216486145807379       -0.212718971508384        1.779222830885196        0.792656165849158       -0.086848212772640
        0.312515342760929        0.351851439424490       -0.553231393698955        0.045108751116268        1.325667981777086
        1.240522378112831        0.012095509139630       -1.238113838788143        0.349171020358759       -0.418991161301157
       -0.702257552829112        0.304110016012057       -0.833961609132866        0.380855813973931        1.212988976496738
        0.711589957037341       -0.190012433521023        0.224490794859633        0.425944562526200       -0.366995665616646
        0.716360684445702        0.156706854283382        0.792265673468438       -1.029702558496113       -0.046886408642395
        0.725148985392950       -0.286766157952171        0.711247002178726       -1.010126986999053       -0.708188013691439
       -1.432197093469477        0.103821532554357        0.594426435014610        0.478003152292078        0.887736400100738
        1.503225942377885        0.031593732277386       -0.011341100609428       -0.490216752325895       -1.851670885107263
       -0.630943189161308        0.308384337920608        0.883847923633098       -0.230590320107109        1.539914696118381
        1.191230095738748       -0.604061437386441       -0.057329831197656        0.079656643361172       -0.473767450092431
       -0.037413869281403        0.442349735966441       -1.261420895393880        0.322357473644058        0.120447335108079
       -0.065570208187976       -0.077472506751689        0.454354060829155       -0.099762325729778        1.343122333053136
        1.491310173482772        0.056323943530604       -0.775176724860080        0.665051381886151       -0.548320054839019
        1.935511239131336       -0.633314171024673       -1.280771249444555        0.816830125113596       -0.463964158639492
       -0.884197310152640        0.477451124632171        0.312876193778487        0.293806826869456        2.569842695049226
        0.627694848890589       -0.125587999059934        0.217797476145475       -0.032259419972735       -0.091993002028863
        0.716056527513756        0.515706921393485       -0.257256695415266       -0.249565130162956        0.038235024404957
        0.391598485343203        0.666792482358621       -0.317222183720423       -0.604829712710196       -1.614937516804991
       -0.712676642472616        0.445019445388176        1.371801709574734       -0.163681368227360        0.620213162631146
        1.552900378390112        0.059567891378061       -0.528777295854022        0.050629414670614        0.480096503753104
       -0.834961892888671        0.101698288569695        0.333938041366166        0.286659978374021       -0.109845487664680
        0.999817611589607       -0.204600418522662       -0.425078317280270        0.868774514541681       -0.488724400608490
        1.374213764366352        0.259120977155702        0.586124516994080       -0.349665476707978        1.048914442763860
        0.234009192924118        0.511074218024550       -1.125027918291707        0.126483996015860       -0.276858662552438
       -0.579065574909328        0.488627020945975       -0.322136996331955       -0.380998596289057        1.530074467880880
       -0.272090849618904        0.331691548732856       -0.445058258186838       -0.879257130407605        0.071014818899860
        0.306963457187016       -0.112789054479059        0.855064833818959        0.306010695946898       -0.317194453236263
        0.353461571898538       -0.345154987822730       -0.102804590865398        0.286301744595536       -0.559051211390193
        0.858242820498446       -0.299169022100360        1.001033639684821       -0.218424161996698       -0.840753850614227
        1.603999722146106        0.216247475469229       -0.721492930450673       -0.071069650367177        0.069144618674977
        0.102197471789633       -0.296688524262055        0.399477536062573       -0.658672300998677       -0.626492347428112
       -1.573570780662142        0.272156755474722       -1.297860645429464        0.333070997313648        1.767263375003828
        1.093390906689189       -0.533017915420906       -0.029894239503229        0.193655924497563       -2.003154630013352
       -1.115205896873164        0.544414298288610       -0.440345529689720        0.184421630855217        0.213127587196038
        1.249264215423147       -0.190936066652784       -0.093363439765602       -0.022067090619102        0.311304336757434
        0.949258554924784       -0.640496925477461       -0.728043839948435        0.226892677559535       -0.301416584806695
       -0.848235535184534        0.079803576866459        0.491989447601906        0.311061231363571        1.523270859527282
       -1.418693886238790        0.223537052418900       -1.763831767194598       -0.177308203255628       -0.892394179532567
       -0.370375268717578        0.748542251670187        0.722277803812991       -0.036088104568343        0.462919742856403
        0.853432310614013       -0.848546067229453       -0.318128092484286       -0.569328659284221       -2.092001245155500
        0.019271942019789        0.623726372927660        1.592136527827976       -0.291383734479607        0.025002428006995
        0.074975826407654       -0.221565702751130       -1.511234404170276        0.153203614557161        0.108761990431315
       -0.488289743799509       -0.130144525486686       -0.862137056363936        0.969208777314258       -0.005853513611316
        0.249466900594362       -0.168233425480351        0.428725904083393       -0.225377972482790       -1.129008266161514
        1.087304651847580       -0.141920621961270        0.620204962485495        0.363067024226886        0.331656654926888
       -0.211825237910034        0.596152391723275       -0.278308035791505       -0.418931818065064       -0.433832012656349
        0.023791982383656       -0.389806813140903        0.892722975150682       -0.572362416271686        0.860952831536730
        0.857904301201436        0.316393229323412       -0.862774544447321        0.717216030307293       -1.024305962714067
       -0.867852103443417       -0.469659013349689        0.628599607761803       -0.253716490803241       -1.414601912209201
        0.711044171982388       -0.196202912588492       -0.992963848454733       -0.517210602227674        1.165469882694158
        0.051803365606680       -0.443670815487624        1.301466715013108        0.019133895086112        0.017580405517226
        0.220660623960426       -0.097955172878701        0.202627643968538        0.662354897550545        0.462971818397181
        0.013405134579462        0.414694290624716        0.883378850837812       -0.363431982655012        0.297942924031498
        0.434245988149410        0.193374307391647        0.473193929750835       -0.244745491430704        0.677966571127539
        0.564874626399720       -0.232528687611654        0.234650469376543        0.232004865573230        0.904954621578976
        0.755615592763821        0.260949669447874        0.487791554750217       -0.761077768854626       -0.477553637836928
        0.476995594776207       -0.498688156932042       -1.854962335236004        0.452583956834253        0.472541699376577
       -0.280818059835359        0.285239271573736        0.869173305694182       -0.092541193880479        0.414616335704105
       -0.477581772130277       -0.249186794880697        0.521051851006222       -0.327531690898850       -1.916514444269649
       -0.371760567811576        0.404111451637805       -0.096603601743382       -0.132195005810773       -0.080856647007764
       -1.788853129840996       -0.130739661875459        0.849144784642069        0.565089541830670        0.577553687020674
        1.632461898229528        0.222308276940378        0.076419660564480       -0.768235427490040        0.517375029850600
       -0.244234895844983        0.020000220804920        0.349798025994896       -0.114492236600002       -0.516335372823272
        0.563778904206433        0.130137981902003       -0.005517667139126        0.325963454040799        1.867051951160728
        1.082790720040606       -0.674977065561042        0.492531152690201        0.279449354009175       -0.993535923209139
       -0.449415679499058       -0.209440895798383       -0.340532135991170       -0.734544741138489       -0.154581900330468
        1.159625262839102       -0.132756109393090       -1.040905165583749        0.032806056692296        0.190082699484648
        0.606885669084199       -0.223125535101734       -0.272610609405810       -0.224861595413101        0.706909490744297
       -0.853564629993591       -0.221833514261314        1.543639354602771       -0.421301220281390        1.054305717905476
       -1.075635274552849        0.668749156437200       -1.014717484227970        0.386292939439487       -0.737640163644473
       -0.311702302551549        0.217096853847559        0.862603003683026       -0.083489570141644       -0.806231609997329
        0.376116059602888       -0.000481356391652       -0.045255803592646        0.356899206900126       -0.394882286837156
        0.900758865156191       -0.369287594787466        0.905061849122034       -0.512334844264672       -0.817339026100404
        0.174132937599771        0.143553203520664        0.545675148466956        0.205479359071139        0.353664679336269
        0.917624696716694       -0.335456690512311       -1.321940145471549       -0.010846419782823        1.106397264201993
       -0.774362415038165        0.721313982541359        0.265053774916322       -0.167319885812232        0.244494087147877
        0.857301637249883       -0.136166046705513        0.574998622574423        0.171595698360660       -0.248296844939349
        1.375726982499026        0.253151802847568        0.192394617979116       -0.450840930578148       -0.639460355684810
       -1.116132983062075        0.782392618067854        0.454977909146848       -0.599524086265613        0.088713411190196
       -0.356583673319259        0.252127534525775       -1.158793818293991        0.474390588638996        0.821526212622704
       -1.380734741701416        0.628779353334396       -0.574881694027285        0.554422530962497       -0.058535393352522
        1.178095373915790       -0.662016242982430        1.681853274276044       -0.078895691232144       -0.131735565951848
        1.705600643906461        0.059651087077374        1.659888519692318       -0.112463831357306       -0.340211519950264
       -0.099678025915649        0.568076768139639        0.944640895547926       -0.595095643666861        0.126025586129085
        1.244766959821313        0.206700699156814        0.554863622812234       -0.474752873640229        0.187347404080387
        0.686665196718430       -0.389603559746829        0.144731306394266       -0.910583759668386       -1.251860713793466
        0.548636757821629       -0.108395366185097       -0.005584611369298        0.580048482932877        0.192398357660049
        0.814848932510748        0.296665330554973       -0.372831519481557       -0.057498094809661        0.697048270745449
       -1.192651891501105       -0.031859532832157        0.360274068806464        0.051156712022445       -0.758352265739360
       -1.400235003445078        0.643005921006272       -0.884274515883592        0.375907629986961        1.015244098504513
        1.280301123846741       -0.551668228852905       -0.655385765294372        0.339898131157216       -1.513251520494446
       -0.179924225525814       -0.076110899195154        1.278240445357242       -0.338716071324109        0.866999321513376
        0.241927053870877       -0.594243998004372       -0.196458632734837       -0.327237442957363       -0.281311359248535
        0.401708575151972        0.083626076310116        0.654930856677897        0.199828423693408       -0.231578666177792
        0.049773069229636        0.336599722192097       -1.474520517367638        0.289829497725748        0.113191761598032
        0.780715128896091        0.288978918216217       -0.259636358379996       -0.355182632172255        0.189595693995142
        2.276917645381223       -0.383751177315707        1.165651972482334       -0.575522097714264        0.612892295319749
       -1.513755254973870        0.688293868974961        1.380006931464583        0.456204802759711        0.165041127905410
        2.026679801969614       -0.247181778509150       -2.253362690860679        0.760665900276790        0.083906063148586
       -2.430283086745962        0.166414967086868       -0.744055266240288       -0.013183243010727       -0.109494560032795
        0.582408194485314       -0.168139498906477        0.449745165995217        0.420212863699893        1.237963892356556
       -1.358617233861603        0.752197982954974       -0.077612406981800        0.797481382212617        1.752948731119972
       -0.331921353126824       -0.202433398227960        0.572475049271670       -0.594959274093450       -0.532512699763251
        0.928961293177249       -0.352623729110101        0.804112898975788       -0.044375403401018       -0.875436872826387
        0.177596471231150        0.122404796673508       -1.385403960209107        0.164762930677445       -0.695871947943601
       -0.096801204542771        0.199131261432060        1.599643997737231       -0.086979611863874       -0.244087574483545
        0.958107549512934        0.529581665409205       -0.497437325031787       -0.397168276932871        0.245412314000046
        1.340170847757762       -0.364681251517404       -0.452785750131044        0.170478913552203        0.263820367330844
       -1.102783879008300        0.584651133944366        1.115374816486799        0.196797630547109       -0.624986853204804
        0.448908791570234       -0.105374745661130        1.668171424655826        0.261358262455814        0.354606128172679
        0.274233540286189       -0.016621659971290       -1.922641748258012        0.084614097152662       -0.152032765799996
       -0.040147263706406        0.425473967170967        1.651582740436603       -0.189823301693504        0.250154600028155
        1.219153257948543       -0.027952954581253       -1.544497749223098       -0.439334047374311       -0.907017356261067
        0.667750554503252       -0.278741904494637        0.825390490358765       -0.595027910210494        0.258147430276614
        1.389267275401740        0.012891393275317       -0.067643152742799       -0.007166599942364       -0.986134473139713
        0.454192612188974       -0.087922966453130       -0.579946500637158        0.844076529640614        0.980803336807328
       -1.197047449229999       -0.003464183137830       -1.537411420263603       -0.096619307650207       -0.267297309242178
        1.139044148561671        0.132101022709545       -0.599468484886145       -0.226037080588960        1.319807252156248
       -0.019072906635355        0.322037205257786        1.461521321737417       -0.516672481720621        0.567699806687816
        0.605944321192889        0.261723629029397       -0.238486944145059       -0.351237758779526        0.921109146471998
       -0.476549881044868       -0.042429362198744       -0.870149297271354        0.569523401040355        0.314024516840032
        0.402343387484172       -0.442700383114134        0.231760780426768       -0.077475597724930       -1.090603004642837
        0.013358373956465       -0.688432317262209        1.222592844136347       -0.280656545774112        1.007502955109902
       -1.317713315588337        0.047273070470069        1.492977895036232       -0.483634822508807       -0.489165302478744
        0.975140644468105       -0.282488768475885        0.102205402598080       -0.067488034407489       -0.078862485624999
       -0.022124844391156       -0.168835008035544       -0.624494250251836        0.249563502312590        0.789827806442302
        0.364577080946372       -0.002552414892608       -0.232065003627031        0.124978254467260       -0.943887021575030
       -0.061166493553204       -0.545166340743535       -0.192493682622559        0.325868350577812       -0.552463702449117
        1.029130607230655       -0.412964543686292       -0.259147562898621        0.154904697082627       -0.328043333983983
       -0.862904401925304        0.340339196146555        0.471317235836507       -0.607829254010730       -0.516996895527003
       -0.131456596623517       -0.403842951151467       -0.941296405244635        0.677021945883677       -0.491778429460262
        0.827951758770279       -0.028239203604751       -0.307647375728155        0.753847980515395       -0.482054848716531
        0.136073122520353       -0.384009043333857        2.056221517317878       -0.584011916623311        1.998378170949844
        0.306054372106303        0.385433076417532       -0.093918663218281       -0.094548459411742        0.281789609953806
       -0.332405786940169       -0.244213049740913       -1.194705162200101        1.890020903219988        0.538568374211184
        0.087804013742637        0.121732067671234        0.567926739039936       -0.175726882757092        0.196651849775173
       -2.457257457423498        0.135520949775300       -0.436275450801884       -0.459343463931038        0.127603246200281
        0.087325787187655       -0.001623277805663       -0.071429952497361       -0.547002713915673       -1.158959824651967
        0.749186744004512       -0.198127618505637       -1.948141438408973        0.984063610938519        1.637864981519686
       -0.200960595006162        0.024852037519599        0.711231827130690        0.125107324504101        0.435001724311364
       -0.157843771004760        0.387374284361962        0.859630178159661        0.610196309410484       -3.147939955012362
        0.178516676043976        0.264022522526714       -0.439189172062787        0.554715408360906        2.291989593487672
        0.751105387967499        0.466219102986691        0.161456115537840        0.094678646041071       -0.033688875043093
       -1.011255999961579       -0.500021436620579       -0.594598479360721       -0.234580404269200       -0.179867142078226
        1.596322844766430        0.590120545929343        0.101494977303191        0.330110863602403        0.925075025908632
       -0.970929318788333        0.240771939568653        0.964979900009259       -0.478185670570865       -0.910125173385212
        0.881989220384781       -0.624384116505264       -0.502944927701889       -0.188994661790739       -0.370098923161528
        1.117914312337112       -0.028728218155174       -0.818619022327515        0.340732113878145        0.026026382327492
        0.125885671651380        0.354653491443622       -0.375255627043044        0.386208833298652       -0.633343552790231
       -0.611918992677562        0.005981888161080        0.316040938306870       -0.107251593886748        0.286592617295762
       -0.457529667636194        0.643646267305701        0.236518472769662        0.189433183097032        1.566978408548048
        1.565410965227579       -0.404655651179651        0.737442121419521       -0.511930370091890       -0.374797912740429
       -0.737134033673948       -0.113055918203953       -0.505205099271709       -0.721338490406382       -0.389518958054928
        0.287424580424389       -0.548643973893700        0.302556305408251       -0.280511896498519       -0.677129968945709
        1.860402841798092        0.165034918890665        0.159899205745262        0.589654156934234        0.076971664534592
       -2.398157251968386        0.461234683766033       -0.140292467875082       -0.156239495924489        0.617660147086049
       -0.014826179863586        0.368568676903563       -0.401535766380378        0.436941539862390       -0.169046393167954
        0.802089816370632       -0.495863681497214       -0.352906070058119       -0.314000792175685       -1.208938934208016
        0.618908007945226        0.240763025607153       -0.108550822674315       -0.191599206353034        0.310854680401012
       -0.618509255018541       -0.059926032786810       -0.696603494329648        0.039344084673551       -0.403939740325771
        0.442444598182284       -0.148201214224975       -0.283322281581747        0.731413964817012        0.785284844309827
        0.951326195298422        0.161723728626976       -0.733323738103108        0.377600067395198        0.025645125871047
       -0.503832096334346       -0.505204038230688        1.538997295852597       -0.046606978120896       -0.273908945731922
       -0.003835058506717        0.300600223901872       -0.096708846477555       -0.039233139103736        1.781162492699122
       -0.140875742284570        0.699118158691087        0.904055488997738       -0.140192221948265       -0.893243270084231
        1.136395162936788       -0.176092098919237       -0.597966156175981       -0.020443673223718       -0.624305693734847
        0.054567777190328       -0.054860019787110       -1.008661989793533        0.522464063087181       -0.766437457945772
        0.263845086562754       -0.785337315812559       -2.428627091175461        0.700017147444627        0.145534678081777
        0.547479078169788       -0.588280372706098        1.781669658007432       -0.912994144972104       -0.848396148045959
       -0.712527008935657        0.404205106076904       -0.796426734056292        0.501443266452091        1.032472071335800
        0.460649357617901        0.237139133280827       -0.959828909168486       -1.354651138355023        0.772470339414301
       -1.081361498225287        0.090273109766956        1.102051748363326        0.660138207751723       -1.648436625678926
        0.873879042928099        0.177016776972682        0.212411871487916       -0.266583782850303       -0.135695258624297
       -0.037779491475823       -0.484134401273000        1.039266920236856       -0.387877144286956        0.435580418516302
       -0.331904874928041       -0.000327547753782       -0.274153857296966        0.078461499787244       -0.069013153016031
        2.214223027611123       -0.010902704291167       -0.138907672085765       -0.144231636360865        0.800597153117367
        0.020549769924734        0.258072295482107        0.928538620904302       -1.547086541392201        0.938562297379585
       -0.510047657129806        0.608034822831956       -0.806324712056429        0.291882800032181        0.060184036956783
       -0.649743449740193        0.248439688428366       -1.560380468423416        0.675462597989125       -0.579673459690695
        1.365972209728055        0.084090547140650        0.903250595044992       -0.386864263100514       -0.082214931370594
        0.633948472645693       -0.026761104147826        0.461879655589797       -0.252393540590972        0.082658781085617
        0.518281048716328        0.565940177161001       -1.038647753915391       -0.245314621830948       -0.001150963338763
        0.073727891786794       -0.341302083061691        0.562419963787988        0.529240417732197       -1.224759166440825
        0.026258483112546        0.655183645743049        0.055113968675140        0.668743136393451        0.076111407788774
        0.121863033500530       -0.359358029682757       -1.367617078152090       -0.153557214436343        0.702451340510782
        0.362890752247985       -0.225196266807964        0.626031357932445        0.040924134315285       -0.096479076642218
       -0.802080435374120        0.047486491065220        0.699051937493539       -0.148747890467686        0.696981953583348
        0.606533479620576        0.779940476154455        0.697725441082637        0.119868938865547        0.345209505553928
       -1.518344295305651        0.364784366484509       -0.048672656856405        0.117301946690461       -0.635147810180786
        0.443113779206138        0.422928760273498       -0.854571287275332       -0.222426026221383       -0.805979746096946
       -0.645587334319883       -0.356622161227043       -0.298142067071184        1.042182966670976        0.822243291919377
        2.277153943051200       -0.506643721148755       -0.266792228750772        0.105507558793975        0.849508525138487
       -0.357311159334979       -0.640871414041607       -1.375207110498391       -0.075530767241008        1.172638308334604
       -0.508801061243611        0.324612730856878       -0.670667980059038        0.142568256738593       -1.642329276547886
        1.554572029398710       -0.087132772943530        1.396444779192559       -0.577747478970272        0.274466252356399
       -0.393498292024693       -0.113848808869482       -1.821371633659367        0.149802553555403       -0.082270224594514
        0.699637930504284       -0.028656565071511        0.954979483394590       -0.335890326572395        0.414060554654550
       -0.496583586389026       -0.166218099540710        1.116497880906899       -0.621641174982137        1.151972387843573
        0.760474427125420       -0.283990465159217        0.175089018981259       -0.386740139904877        1.123599897260178
       -0.717753722494627       -0.362223109977684        0.342131986403402       -0.438357877566352       -2.514608987235336
        2.597159608326105       -0.305141913065642        0.918823339045429        0.393868954884903       -0.018316573892161
        0.923059401996671       -0.037590955204590       -0.333684299710539       -0.164999880886092        0.997727235660089
        0.908338205076501        0.184463122111151        0.032956529291774       -0.278779741457276       -0.747714305080592
       -0.843504429017402        0.026532438840109       -0.092437264878404       -0.163475223089813       -0.223171146728625
        0.417166382764025       -0.065385440432008        0.837659344723510        0.037830311967536       -0.550237016956295
       -0.349866153999970       -0.064231261640400       -0.172633968330150        0.268140304258525        0.384993870323124
        1.180121465596413        0.101649897952536        0.752374986297570       -0.284439036591469       -0.942635064266241
       -1.020533503933379       -0.083178179244513       -0.773052363147132        0.288556980317229        0.377044555254487
       -1.180586852465974        0.093754671540955        0.128381920617643       -0.412628795146783        0.519414445854940
        2.366620353903304       -0.485210166838403       -0.198841143908049        0.228198761678103       -0.169406485883023
       -0.433342388839238       -0.111005974733663        0.103088571544550        0.108467060403387       -0.086656674065080
        1.070529305137596        0.269646774157408        0.549582477437088        0.008482650461874        1.205955168285850
        0.423983422432873       -0.612069660163290        0.220862345723797       -0.180328079667101        0.523903694334814
        2.141171136419598       -0.295052982177445        0.579102413415839       -0.298348287740030        0.630791914971530
       -0.481992687425312       -0.015375565427214        0.302750465237042       -0.322121632150394       -0.489424596860862
        1.692321853166388       -0.459331284943430       -0.413648507384489       -0.293636065737336       -0.373795839384343
       -0.679842036730149        0.694309869903392        0.381316758165207       -0.670885923734882       -0.819391685925956
        0.065277895767427        0.040845097440955       -0.338869352721165       -0.531123281276844       -0.950524653342403
        1.443886277407815       -0.372672283888221       -0.978404602831952        0.382124233068987        0.416434239736190
        0.402333510832519        0.557089937342177        0.870394174738849       -0.309754797319873       -0.069559221966850
        0.471882001588780       -0.349363842355681        0.032305592180980        0.012889247835694       -0.017431834134536
        0.328967236384174        0.016100892504791       -0.376972044390716        0.024292629859709       -0.905113460420396
        0.843301447832111       -0.089721365355949       -0.181443039406111        0.024733174721024        0.116732689567839
       -0.400806356172190       -0.068140039048417       -1.127306961627880        0.695489645749723       -1.076468252503515
       -0.393593335150889        0.721921742297516        0.153409021598616       -0.062188445915126        0.817494495490377
        2.000078331407977       -0.220745130959143        0.091788532910627        0.554147198928382        0.303594279343393
        0.979314012953761        0.403176117579499       -0.377152262724315        0.258679567922688        0.205148610790092
        0.351649413352815        0.539179711220178        0.413931779739978       -0.219470882510745       -1.168889082818161
       -0.014323504494967        0.380645111049122       -1.284770348800343        0.621723124912975       -0.521809737140713
        1.588304407775419       -0.597114929351174        1.255735436179600       -0.558626942947307       -0.079144974804805
       -0.555869044129007        0.184796567254803        0.143389481476578        0.623296546558625       -0.507021895778589
        0.022988598786637       -0.688785521104685       -0.705635414546128       -0.123640782060265       -1.009193544750114
        1.106627539182426       -0.300890496540959        0.362732436136078        0.128358347582808        0.272097485601070
       -0.923711562190621       -0.107424310421427       -1.413183083894063        0.204520497304071        0.452628978860167
        0.953738915689383       -0.547049589864064        1.100869131621856       -0.563776288754037        0.720810632582397
        1.361723620836133       -0.308998693820539        0.514887846496039        0.048406589834872       -0.118891720265126
        1.781905756563887       -0.080198533219289       -1.036490150710529        0.536125297936421       -0.190736957983811
       -0.657260297497535        1.118848304388723        0.419568018680753       -0.093438898100863       -0.559460117089102
        1.553797885874575       -0.242461193573586        0.065612326745606       -0.547930545997456        0.458790189559055
       -0.488331076322047       -0.469424930358321       -1.755453985023626        1.480667903292810       -0.106499768136316
        1.090105521826510       -0.185225651584507        0.887131905794269       -0.357709533535993        0.506435924628426
       -1.039744454009412        0.236337965078243        0.817273413265440       -0.891215950355005        0.523571992556869
        0.433800716742954       -0.035647230522570       -0.729188113941984        0.786502885584815        0.591009939077886
        0.314861086949648       -0.216511848148533       -0.523229689595219       -0.144064217913071       -1.568219353075738
        0.807630743523423        0.258129936588240        1.698305148578452       -1.117141960171094        1.356951645526032
        0.107744935878402       -0.097658457469964       -1.169249216266378       -0.092254574669261        0.801857604874369
       -0.424143421854287        0.252126505036147        0.681245520690013       -0.104810932800093        0.871369062102042
        1.365164297316832       -0.546330421459268        1.430897122015260       -0.249281831924852       -0.017446648703314
        0.338580436047320        0.360758176306643       -1.722620754606815       -0.094812002661706       -0.222386763727562
       -0.355230679002608       -0.616305164803446        0.190212475875415       -0.068744192005826        0.618825167872439
        1.091137777520693       -0.182698993013909        0.575788568178855       -0.138457884308671       -0.658696215076414
        2.278253949241957       -0.918545198495721        0.195902055361205       -0.358709468872731       -1.312415228835697
       -0.759971895748940        0.350683788212860       -0.579213183021980        0.557275235960551        0.188866037085909
        0.126050394730531        0.395447689550113       -0.756296582744114        0.433163201694002        0.081670968323162
        0.788987868458345        0.101839229105854        0.040180565180387        0.169617469751572        0.580345166128343
       -0.384227213773736        0.122741186768724        0.403647399892500       -0.051672594387556       -0.184884770935925
        1.000874581103595       -0.754912942027643       -0.716598542848393        0.701750918536045       -0.588689506966837
       -0.992805965662906        0.525192979969122        1.259150184426618       -0.765326536271806        0.701129897304169
       -1.183591463057403        0.042113341958921       -0.317766754576254       -0.338581509052997       -0.302809998114547
        1.220037849450543       -0.102269283885626       -0.647143505219739        0.105600291567330        0.820610934828812
        1.813890109522190       -0.355220023163279        1.328170115964567       -1.113981135891315        0.748490371944267
       -0.153301613935409       -0.414028158250997       -0.648001292942918        0.898282670191033        1.741403332482277
        0.742621115844517       -0.634748095456030       -0.698751209851513       -0.083934743119160       -0.556529122155758
        2.485402923834252       -0.656233666086784        0.022960049925056        0.315825861217274        0.400317282956330
       -1.684781081970989       -0.366700040679975        2.101632655514024       -0.153478916191604       -0.454544577283205
        0.147848726602357        0.471070864329777        0.897012481138160       -0.654692583394923        0.812392141266908
        0.034251107729528        0.065481486490755       -1.346604710192610       -0.133784906134029       -1.849411155079601
        0.616257686097038        0.323935058856627        0.201771333256187        0.043275002817285       -1.392313833474288
        0.777924627204764       -0.536620641688413       -0.672756588300159        0.562568531112514        0.756265677450689
       -0.062254553987842        0.127807007598948        0.843214059288703        0.320938623671005       -0.429853992155569
       -1.363715960423789        0.361233992823162       -0.837300500048057        0.099706198768993       -0.313947339380438
        0.619741544538894       -0.693491145258976        0.107909223719995       -0.322080291112500        0.323375470016646
       -0.219276237562878        0.049995286670396       -0.298050881984174        0.635793815861554        0.355117044135523
       -0.407460658252256        0.001074506740259       -0.112209980251024       -0.043281920293480       -0.996975480196634
       -0.220121448726683        0.409291678462695       -0.736606253004382       -0.165691354044020       -0.213049814677696
        1.219621190322110       -0.424730868582754       -0.312700789372549        0.409636410329021       -0.323365417596830
       -0.149552629349954       -0.628134495279344       -0.485192354538485        0.919987696832426       -1.110722895265459
       -1.081910189494674        0.801328548176041       -1.466517066941492        0.208616031168868        0.781573290267161
       -0.049123926093505        0.738398958370757        0.542883936552788        0.279112292514984       -0.007660604365088
        0.074951732426839       -0.347785828697296        0.288262138235495       -0.546138397396709        0.686465503237971
        0.174611741665301        0.369174611010891        0.426182225060784       -0.537992134227708       -2.275236557290726
        0.094453055004371        0.090809577202961       -0.875681506517985        0.565035405493830        0.276170893602460
        0.331760789470851       -0.009144011793815        0.827586179304631       -0.506313549767588       -0.700897650751934
       -0.477036117146224        0.291484543959884       -1.261222757022595        0.932945329544356        0.403317486134043
       -0.571165601827170       -0.141384541491160       -0.946404699581974        0.609022195988181        0.313180875974904
       -1.070864594685857        0.275796143540986        0.516893455115375       -0.687967503469727        0.285712815719507
        0.048935509619442        0.414217382830244       -0.660734244303270        0.363232683149959        0.649583418464498
        0.111124946148909        0.410293985025888        1.106938692836902       -0.776112104256839       -1.609334641045255
       -0.307996983340552        0.355422360543678       -0.055120474133621        0.001320239483019        1.473470861697087
        0.897776641440952       -0.276211521303552       -0.889174802302623       -1.271069642301247        0.707390105897314
        0.518264409651636       -0.084591242099905        0.957411173918241        0.134826153523176       -1.193668645844081
        0.060530726875660       -0.815511394210090        0.711045342588559        0.605488128622856       -0.710254488779593
        0.034433066283206        0.383963526630652        0.154848914949309        0.520072840913194       -0.022163244875467
        2.200848956821377        0.132800651375317       -1.204693369314316        1.100080871078987       -0.239138034545759
        0.252002144569523        0.332062662631880       -0.777704261078586        0.111814902329780        0.020432302840570
        0.171709791304891       -0.418344190209289        0.895544399384599       -0.820232835367406       -0.094243792282655
       -0.369597400200443       -0.034263426150915        1.096175617653612        0.450066784329063        0.076735350499563
       -0.396944048770924        0.704642419152710        1.269742303544961       -0.350334738759410        1.386952967204227
        1.736566333597219       -0.439209087502830       -0.717255740754667        0.047197895032870       -1.371541445203375
        1.090691608138289       -0.684867538833100        0.056518716703808        0.771691491184664       -0.063767172268704
       -0.550411354349010        0.949980674908156       -0.048423420775731       -0.813619111421090        0.528227196118916
        0.284717389242038        0.996541183787717        1.830246420637248       -0.459655165670512        0.513686641860166
        0.278323788973495       -0.103739881215016       -1.339714679917142        0.904079413160978        0.382934270709856
        0.916897428186902       -0.249048461428416       -0.174456295045191       -0.683404038459523       -1.695674815964795
       -0.277211270367682        0.814190996227690       -0.413121951579073        0.080598278632592        0.205711940449735
        1.798753261593725       -0.335277884847388        0.860824785816653       -0.298287557243779        0.670016627362178
       -1.506982775152226        1.065448817485469        1.568596482717403        0.076640281194282       -0.435196453120601
        0.748555070241674       -0.575673446643013        0.382394369549570       -0.438715142019284       -0.051667920847175
        0.540942612616300       -0.086416464881170       -0.535531055422658       -0.396170948677033        0.780192367784230
        1.245813062490972        0.102027476455994       -1.546499328123968        0.245581210269816       -0.373732167372701
       -0.675077756561840        0.162270460536084       -0.231901973967161        0.810759847813606        0.056496390415727
       -0.189187361570106       -1.128999939472619       -0.432754609817338       -0.854334653819690       -0.223009303989206
        1.139233836047510       -0.427285411736558       -1.105562612826023        0.012779737338085        0.157337945669080
       -0.464281059060063        0.141940948763195        0.591105435289333        0.094780795426325        1.448414328629026
        0.350453753013254       -0.342918598106920        0.689627431842539       -0.319264612485317       -1.071606726916911
        0.573209215754772       -0.392535500575779        0.496208698121175        0.130912421517475        0.398743888034329
        0.932970468291606        0.432154815060177       -0.726028253892681        0.698803735346156        0.053901018001893
       -0.789264113251712        0.375537290249353        0.149452313434325        0.363470672791453        0.654217986899854
       -0.252850259909897        0.119088940721107        0.133488813293521       -0.189914105596777        0.511927885020213
       -1.163239028644966        0.076371002124232       -0.049788728637291       -0.025330640106407       -0.783256718633578
        2.006347078539920       -0.940081765320541       -0.284739047738037        0.175225378260729       -0.243866475402646
       -0.440044349454713        0.792528648606373       -1.137548750309136        0.523207251772192       -0.104973699936802
       -1.112191755660392        0.840693366675361        0.210558807037753       -0.590288102375987        0.472867396234345
        0.678626539459697        0.508705890097545        0.335262819773216        0.134722112164424       -1.826797804609127
       -0.141315359017195       -0.256235004252174       -1.015552181777647        0.469632903198385        0.180228321883019
        0.779899239978411        0.147044045278004        0.746732484885967       -0.040515417164498        0.991957631531264
       -0.635500646505666        0.435754980392467        0.679917348978717       -0.315307925382627        0.261520048408448
        0.077165803353817        0.196598606059927       -0.657521274711247       -0.297112480448143       -0.483974807536331
        1.124240118045315       -0.187442231003858       -0.656428218225130        0.695592399783925       -0.914943395547868
       -0.364211050039404        0.214916137048899        0.707188391404097        0.336707555494552        1.755926787692174
       -0.878681793929952        0.266619535506222       -0.803095433940550        0.561513064399878        0.082341611907101
        0.215339449618090       -0.699009306486684        1.523295766992102       -0.414829756047381       -0.564204398237039
        0.372020349897063        0.690407488989845        1.079485222441374        0.634091947220342        0.725482009362014
       -0.226279598995675        0.761345809213743       -1.371754317920336        0.839824712744780        0.958625305849931
        1.172673750693043       -0.195371480832305       -0.274511153773643       -0.020850593275189       -0.471074517619180
        1.265735138389088        0.080655838876924       -0.030888533793869       -0.019469788501228        0.041668930411067
        1.275281885138588       -0.209160066025338       -0.333167764975556        0.261018766889697       -1.190842197635257
       -1.018230148871786        0.429866882392273       -0.479261083545762       -0.078921666072232       -0.187450794793955
        0.364244516760676       -0.014573836674358        0.014642980622200        0.022815246206376        0.612870717383128
        0.992657418221922        0.825200828963883       -1.054460206024320        0.156889541134248        0.796677570334330
       -0.030736641972742        0.225421617774240        0.409833055898861        0.081542373101131        0.149983938721244
        0.410767159055755        0.251857469568114        0.445459802910348        0.519818398660053       -1.043558181068997
       -0.755110425351487        0.459590575448968        0.091416501193930       -0.142091374266786        0.589584115419627
       -0.006806908089449        0.321905791185604       -1.382747030395461       -0.187520070289789       -1.206033475238727
        1.588540272755710       -0.618829730032060        0.047667368956493       -0.066135884582506        0.227944538538433
        1.091283544776866        0.192420945633601        1.545652343917996        0.005105365590619       -0.677674691980755
       -0.868704598221071        0.474197228267086        1.456134005051977        0.288647509022447        0.508502919685845
       -1.405373908021023        0.508668787671166       -1.207028561847252        0.613343586198969       -2.238337575279288
        1.764334505345912       -0.453608495089725       -0.663925146162806       -0.448626660562042       -0.224728634618105
       -0.569313812869455        0.124309787781883        0.011065390646046       -0.515011059234759        0.289014359764606
        0.281077027827412        0.230349622423872        0.916709520021288        0.113153848100728       -0.884710073842640
       -0.577336710808032       -0.198813743567383       -0.760431096312190        0.468571879934425        1.246080142436992
       -0.815833628876821       -0.041128627097053        1.293827469360140       -0.160740174545823       -2.024790900245062
        2.319216485366832       -0.604758226211026       -0.083426986678494       -0.708394550265340       -0.305142984692425
        1.629803343621534       -0.115212209733226        1.306222133425844       -1.005382729562411       -0.194452849990580
        0.899246361362327       -0.078024322505625        1.056424214891556       -0.310133075937841        1.543937849868125
       -1.432166017418028        0.329893530912317       -0.072599175050952       -0.289589244658194       -1.283890255204238
       -0.559285745809665        0.626140695632775       -0.571464693897892        1.238188845814589        0.176932515269209
        0.234887369923633       -0.370742412927594       -0.884369976259775        0.137519370115298       -1.229687552686735
        0.554947291964101       -0.653393209324392       -0.099847858619546       -0.129172453189690        0.164826626111416
       -0.887446023565942        0.030765321676480        1.202954324329859       -0.490263787232313        0.185537403873701
       -1.439124628182684        0.733706311052994       -0.230818986343089        0.377592517594800       -0.409490787048376
        0.523915351479597        0.064613493315866       -0.834464385990601       -0.381907239237906        0.630903187098380
       -0.000512541458869       -0.451342580140640       -0.544959704953442        0.788390710212661        0.477357281610557
       -0.260878984471978       -0.136105946391783       -0.910397816015208       -0.000305421790728       -0.773824722683025
        0.331351848348027       -0.189084078879650       -0.177365553127202       -0.116643885985108        0.456529277190842
        0.489066243323025        0.271610771196464       -1.270736864212573       -0.389703844473898       -0.340355863480461
       -0.193545621617236        0.195290500817899        1.816209153594196        0.018014110089323       -1.029286641534665
        1.050901681572907        0.161730243159546        0.296531158392250       -0.240212624664025       -0.662568788425479
        0.984367500124522       -0.141704685198068        0.953040827738463       -0.739414068721842        0.219251405990762
       -0.939902441537764        0.524565121620241        0.231526751267628       -0.376136067263407       -0.831810178559205
       -0.233133596654542        0.196615120447981        0.499050250738677       -0.404189125456870        1.776060193717234
        1.343893142721393        0.124951208467263       -2.775301013733146        0.520153365042979       -0.229396542820489
        0.017535175605076        0.082282563336899        1.547039372032947       -0.957866708708605       -0.197087973017553
       -1.759500582606305       -0.136676393002321       -1.315753222940698        0.282015117107962        0.335660575255473
        2.080297090318337       -0.858280107260078        0.169904421890335        0.009026091465839        0.026629400564896
       -0.182315501514980        0.203369047044028       -0.291594335356989        0.126380079339437       -0.089907612102336
       -0.377719144581603        0.094359984565496       -0.439648313983835       -0.004378708324157        0.435893243374110
        0.502513023283230       -0.000060987036103       -0.035632706855434       -0.056831930667320       -0.068135441801027
        0.139499696639672        0.549839470893069        0.412303397821266       -0.563947760450854       -0.579261042655502
       -0.740421254500222       -0.175011212231411       -0.144419750030837       -0.376507639574178       -0.225676789007158
        1.482410084954901        0.355269711859209       -0.691848305896506        0.107252738513448       -0.374355518524649
       -1.204022517974110        0.508030765159258        0.186198554527613        0.191627539224979        0.111013643021720
        1.731103168217501       -0.274233912492745       -1.079043724744256        0.366316776331016       -0.238812176225872
       -0.710859588106225        0.415303950240920        0.500416115769378       -0.078541164783926        0.737891621680727
       -0.397115085319762        0.273403794899457       -1.595461363586018        0.557082503209555       -0.060767667836590
       -1.248349195729938        0.616325233936524        0.216936073806983       -0.283712086735649        0.818205813630430
       -1.253116015423656        0.777327290732047       -0.933158185687596       -0.350796892707162       -0.123418693914437
        0.857744727714069        0.136665843715658        1.953115544662959       -0.226800132664258        0.387681870402712
        0.564940196526538       -0.076569967088677        1.471788295615460        0.003734786264307       -0.622552024362839
        0.441669170514219       -0.804488966145927        0.041235146981731       -0.811407641484143        0.252450232783403
        0.735863583703759        0.486992753911252       -0.565647355424622        0.385075746199573       -0.041449277239011
        1.327174387325696        0.050190318655622        0.507947715234936       -0.154417947582113       -0.980812525619101
        0.973988090851326       -0.261213477023711       -0.201658129514145       -0.021717440201332        0.279748109538169
        0.659918268434767       -0.285548994328025       -0.788692654684594       -0.088411731115662       -0.111473838097266
        0.100838820754361       -0.007845950684961        1.163708463668383        0.578651588447602       -1.011987129476075
        0.498666783667887        0.093625179865154        0.581857866369706       -0.237461899901356       -0.171655162380933
       -1.187172056062532       -0.423871088506822       -1.031398615050099        0.217488581636701        0.056528046561775
        0.021775294195019        0.241591736248989        0.707358004313682       -0.578469211470495        0.055266900957453
        1.568179493553910       -0.218665383371547        0.011226219430941       -0.015785975571253        1.058585110895898
        0.450649671025247       -0.167794210408432       -1.746377413639385        0.776206275307982       -0.807826992497549
       -0.629403989430415       -0.373192776981394        0.165947846968518        0.212601328017266       -0.785571768430408
        0.899833370211893        0.922525963668827       -2.047683382728439        0.751052698096091       -0.187607722110566
        0.557302030582436        0.317910973118503        1.361166434883644       -0.389516730630833       -0.074705868969103
        0.642588623257872       -0.284979918995331       -0.377286197319115       -0.015626056542192        0.177367108424223
       -1.282290578222802        0.179869563766897        0.285034372513312       -0.698105498531924       -0.369511482264677
        0.447951518392747       -0.835079557543115        0.026828201749486        0.949169172400911        0.643049741585654
        0.095834117994006        0.130400290906890       -0.159914682031478       -0.310418383282218        1.102061129715258
        0.148013835631491        0.826834697989052        1.083441912793902       -0.276010320287425       -0.040892567237703
        0.678781714097296       -0.455794830686272       -1.713705799938688        0.069356798851919       -0.668142068677063
       -1.035896806172574        0.276671576278818        1.560531911197178       -0.823993215961758       -0.286508339641905
       -1.241753979989035        0.406628083201858       -0.742423555820747        0.696814931811050        0.979329650736922
        0.625870829106960       -0.088873951199803        0.170440944700373        0.115864897133174       -0.615509994331692
        0.989881517415947       -0.562182981368299        0.711228802233774       -0.088793700346398        0.155907888638856
        0.564179802616735        0.261680530235839       -1.104057548026162        0.102059622465390        0.476159775849999
       -1.362902091174588        0.981038909927297        0.467446040824002        0.309435956186541       -0.301062758150101
        0.975353506309055       -0.007933096947036        1.476114823201094       -0.523174724940834        0.074251914056678
        0.368261918529985       -0.509000887803031        1.453283259330513       -0.132936843458902       -1.003930601701097
       -0.512117927625870        0.655964923647757       -2.066849282564764        0.910211138862687       -0.443294160182658
        0.284925937195718        0.203332426692867        0.566231000477057       -0.287925393516361       -0.766773545732517
        0.867285758488784        0.071483199480462       -0.694208055106622       -0.139785464404500        1.237018990142764
        0.893747029723719       -0.465409755813734        1.044567303467074        0.249919190796918        0.610202693385411
        0.565482859477674       -0.300907412165472        0.120253695622431       -0.011920062639923       -0.085892793950745
        1.007403644787090       -0.064315203012754       -1.661664054944376        0.328350869093724       -0.811381632289521
       -0.108667637447396       -0.092767390914859        0.017462013087529        0.163099551032205       -0.885177248084330
       -0.356651514970882       -0.175307301124225       -1.083154206091001       -0.523665736370366        1.019454121099002
        1.644040367297752       -0.042827830962560       -1.219409437939927        1.260864974203581        0.263557572350247
       -0.554907407889912       -0.048254021453005       -0.703609756651435        0.288136999576304        1.523726602415323
        0.267461804859142       -0.139858494728272       -1.386662362029852        0.019928678145007       -0.517067750439992
        1.028919149411907       -0.367586958831538        1.991569961399351       -0.344520535183904       -0.230594422845216
        0.889082562986812        0.047292388355414       -0.723542625463326        1.049929380400144        0.021539887290442
        1.779658216207454       -0.375326264884860        0.365103510115743       -0.290794975499610       -0.880768166712920
        1.395196552098540       -0.262426074129758       -0.686471291088777       -0.060920388636496        0.060534260189571
       -1.639036576205517        0.264792188389103       -0.415094718178047       -0.748871639134453        0.262145300035340
        0.467711450681011       -0.077564837166747        1.551261252188466       -0.567743008395553        0.343038480809473
       -0.510486451971760        0.114939478367959       -0.228802557715740        0.355427335271260       -0.698291142377635
        1.463084686260209       -0.368467354752848        1.161617322981376        0.080822169324632        1.249188864679935
        1.159026789167094       -0.481278235453779       -1.587989719190535        0.899480010531336        0.412705973970224
       -0.154697147739899        0.934551351442582       -1.287519735277437        0.116723350648345       -0.063964914475455
       -0.971126541041145       -0.150669114012148       -0.784823656416380        0.114184400311456        0.345722709160223
        0.546419126841398       -0.017910226462233       -0.925114975916080       -0.513004098169296        0.124074036038828
        1.992343588886100       -0.835296043426684        0.036143049178887        0.184455099231952       -1.349449856016863
       -0.223768340545919        0.223917005161045        0.719827507155950       -0.440418632919462       -0.385305686152295
        1.102766511371204       -0.569497746377567        0.029457471771737        0.175769663451383        0.386117135273756
       -0.208112173277135        0.810083654962772       -2.090699802369508       -0.412054301623766       -0.352459203593493
       -0.144510751981727       -0.398494793276934       -0.535027886505062       -0.094807362683332       -0.006335272406851
        0.686324480025010       -0.019855703569469        0.500838131020139        0.419620004055328        1.644350091699806
        1.904294875690016       -0.386401673423064        0.784875683254540       -0.091208056335959        0.242636011713686
       -0.996166104143580       -0.065511431784765       -0.324049030445432        0.302901689797902        0.035508437858230
        0.190497760600788        0.299845815618531       -2.017769421464402        0.000754749431773        0.025236775712440
        0.691658384337663       -0.918868618032939        1.002665473748750        0.026960258790332        1.060186466184447
        1.742499280904018       -0.295331329594187       -1.604550064650292        0.926665079162691       -0.451510554351619
        0.343063933766565        0.091259220707464       -0.045624729986029       -0.283512344887388        0.956999858071588
       -0.517314003298934        0.063526401650896       -0.792274464132305        0.307700529600979       -0.945902746245064
       -0.188704867857260       -0.374292728147557       -0.412917601276928        0.064173222020949        0.790911620453622
       -1.422409658975230        0.251177492211306        0.414975300326620       -0.093500086482203       -0.044243493705807
        0.345207513728557       -0.004384548260230       -0.447773021867666        0.285665204985740       -0.673463565543685
        0.266867720671330       -0.949174042176650        0.444709923701257       -0.568374760997850       -0.118564516559736
        1.083009894603742       -0.000855903475744        0.662682479689964        0.436153557895992       -0.912718809746949
        0.071062908517649       -0.342251437126164       -1.252976353182043       -0.233512462247567        1.811447133823554
       -0.017794552131848       -0.022857497301322       -1.015910037979107        0.189919795540721       -0.303791726685080
        1.268117584208459        0.221791410642365        0.990914283282174       -0.529513508311622       -0.273942694208474
       -0.253055414205219        0.157855063405031        0.069865274951818        0.342433388604646        0.619153619563474
       -0.285592517654593        0.331261281108967       -0.390325081120083        0.633880840068815       -0.218619621696136
       -0.554485718324326        0.114263001102269        0.849549172175132       -0.103229699469110       -0.402202614805728
        2.300328067505517       -0.510892919542032       -1.587427496297315        0.573412117192291        0.555692121228714
       -1.156744874153317        0.250719512679519       -0.582423876020984        0.155807259020936        0.199261679092783
        0.555868553263658        0.070801489912127        0.368523775235518       -0.008364576395312        0.028425291374309
        0.658254406530172       -0.640729636201735       -0.227879413798658        0.017648221512505        0.650185147348182
        0.093630454498084       -0.295041326504502        0.544878075803497       -0.013546375044874       -0.015350532561086
        0.078958912766974        0.305594000995245       -0.065843007477204        0.316591374846596        0.722708440384931
       -0.186006322705474        0.555022931661451       -0.834131013360654        0.683970635071650        0.490842815090062
        0.888858170383621       -0.189074449944216        0.118121625484723       -0.296738514949277       -1.313405922591266
       -0.597152507221823       -0.027635129326963        2.247871950656034       -0.173137078476836        0.078157043691070
        0.306106791468749        0.539897854157813       -0.456639553852142        0.242094958685472        1.365555778726876
       -0.525618053166556       -0.107501572738598        1.045043504944196       -0.063012945912876        0.281370786419253
        1.369248169210462       -0.102660559283764       -2.074243036106499        0.727427764540030       -0.566087249033900
        0.775857134749339       -0.009879370123469        1.229682648829027       -0.071136134087697        0.339152213915382
        0.453845272280665       -0.366506663727909       -0.641813377068696        0.247068260640802       -0.554331986287143
       -0.362745438625874       -0.013888672519477        0.890648908860768        0.197646164524704       -0.007589672956270
       -0.532067124655091       -0.146448395139853       -0.579781451812394        0.331347567881288        0.119040501430816
        0.520554216357349        0.532086236050915        0.817757688904176       -0.394534840747578        1.130303082981842
       -0.444450311002013        1.055047959436085       -0.912396691453448        0.308721966416813       -0.549165411135072
       -2.643627660423806        0.986657591993957       -0.009318652460423       -0.214690216002183        0.336035055036003
        0.588516228387282       -0.348082900349143        1.629642271574775        0.313509457671797       -1.274894372072662
        1.014763062109022       -0.412142392963295       -1.081322030606397        0.472010018287149        0.402535632896983
        0.926747002794428       -0.596932182902120       -1.901891346398504       -0.212646411761998        0.559363043906662
        0.493293915090096        0.484294004164042       -0.094651730478911        0.570154196249180       -0.718230431814363
        1.409778566256952        0.331124318000759        0.883073527959265       -0.372876705902819       -0.651457952808529
       -0.216831645233150        0.132356778593337       -0.385981137665054        0.242095745543250        0.427365689504743
       -1.220461473291250       -0.001045942503858        0.716961475711942       -0.372939957854475       -0.688598405475704
        1.257551686446621       -0.438933472177181        1.838232005174785       -0.429998739868580       -0.305913039817288
       -0.236716039103780        0.150752743296924       -0.611054312130995        0.182312785340159        0.814843798089477
       -0.879901753521407        0.196312406236844       -0.539376691889439        0.051118391189979       -0.304479848944046
        0.496756385694183        0.472719068022632       -0.252364891338308       -0.536032197225343        0.698595475403437
       -0.325114787438781        0.156852843298585       -0.939578386396325       -0.045556826955082        0.853998998419265
        0.114378308212781        0.357288022168924        0.982154890404513       -0.041157679290720       -0.105739234670849
        0.809826469717575       -0.196717876264407        0.534939327979933        0.132527639024412        0.975088953961073
        1.412843928538383       -0.857065361864630       -1.038328011718747        0.448202062250112        0.969958631957918
        0.975709874887668        0.022611174536683        2.415081074264144       -0.598711227559111       -1.571851676084600
       -0.624449644488772       -0.022540868479525       -2.535461484003587        1.039922192131643       -1.020928840750156
       -1.688304387951678        0.685777321092426        1.636695986428264       -0.475105235282024        1.095238360165375
        0.354315307625852        0.037359334653828       -1.370752868519732        0.030653498514637       -1.110455630363941
       -0.349795557893891        0.378626568335685        0.057009201480732        0.109927294173448        1.308493447396841
        0.785133020297305       -0.033791185692425       -0.355295006688492       -0.492598454312623        0.274634069762495
       -0.871323859507748       -0.446917244381667        1.437545583747498       -0.150098067137185        0.571330328520660
        0.879314458535602       -0.348703955634890        0.516563513853327       -0.165853537458513       -0.861800528238943
        0.310926135745093        0.141880529316645       -0.253423067102869       -0.255211927848549        0.043342680959911
       -0.476407725632644        0.243318950134055        0.061136205943039       -0.030980246709586       -0.257484746885922
       -0.480803463597039       -0.435957445607036       -0.240162477713420       -0.202322771541348        2.124817331670168
        1.129917534871039       -0.270034171476145       -0.003633306402067       -0.264645886074675       -0.337342604547803
        1.230771701784493        0.011493411220280       -0.828738635904635       -0.157801197119069       -0.480094916239836
        0.641717832300129       -0.083361475424128       -1.099997681697867        1.097905621546046        0.119672562536384
        0.599509188165662        0.625859650304481        0.311579007933112       -0.032052593679539        0.673874951955355
       -0.048300392898188       -0.477329279582087        0.313455614583258       -0.295217782456978       -0.347854596877368
       -0.841723712984742       -0.272144739123614        0.192576446043702        0.016089416398082        0.455903260768045
        0.817572059324531        0.689005723042919       -1.219057446213207        0.595044221534264        0.076094438432659
        2.527759833167084       -0.231049446636620       -0.141347932138900        0.080174096366529        0.655446334569406
       -0.279081205074525        0.581877373342426        1.637541871156238       -0.318088991979828       -1.282010093852393
       -0.334343429740190       -0.296028243797769       -0.260519344541613        0.149537469962642       -0.529150956166276
        1.783398543964606       -0.583522495871316       -0.693004551881170        0.138019751753084        1.581745768506465
       -0.118578478132761       -0.164729628533929        1.425387526546340       -0.198303665514296        0.414245353582334
       -0.959718104383442        0.591933092882704       -1.143086757632532        0.251811415988064        0.145817653737615
        1.612937713682922        0.058837952173900        0.735074309590966       -0.372041887486467       -0.327560104792936
       -0.350689212230128        1.052446275693684        1.487715696962219       -0.020632533513719       -1.832474409315114
        0.190320391236363        0.685869813663058        1.566005275750123       -0.671486114613111        1.173769502092303
        0.850578996815079        0.134330277960579       -1.507813989096872        0.491862726747859       -0.574284379328878
        0.539358858619015       -0.346717365611972       -0.619048920325922        0.234994667749828        0.383267854590380
       -0.169450781773451        0.318829007789064       -0.564149735821953        0.485660891598997        0.538085821568273
        0.425353106482327       -0.593250525888977        1.496792538052987       -0.655202686272426        0.509553570929904
       -0.039072175761196        0.318298560835505       -0.885263075453832       -0.133193233197960       -1.430927764320517
        1.120852782328659       -0.318298988582394        2.182083162125443       -0.531974147200757        0.647956546548639
        0.709957057040186       -0.951525182261062       -0.578621184861519        0.246908863401661       -0.798051833299674
       -0.171170585617905        0.596152933534803        0.576783328789005       -0.030723320872281        0.121956164382886
       -0.714402468614726        0.534088453022729       -1.809050823335641        0.072553950632967       -0.735337019270008
        0.033639167434442        0.441588686565457        0.383590900954305       -0.473704350518212        0.559453069189431
        0.848550836882244       -0.066736611310951       -2.067139524892221        0.466666832404110       -0.861361045854563
       -0.943408965261130        0.524050632788699        1.582914426300016       -0.506362302829441        1.274562377923464
        0.888831506010888       -0.160398421102243       -0.639092253003850        0.274687798583671       -1.153433688120525
       -0.198299741756796        0.273197370805312        0.993262028676086       -0.961604686207173        1.169754001288447
       -0.506736116886164       -0.366671666092507        0.405123865294895       -0.269296859764712       -0.543743572438041
       -0.148347007376336       -0.028780503075179       -0.097566547207368       -0.059223269346388       -2.335539938654095
        1.712593049762350       -0.429818560902548        1.759838003025217       -0.069201502305726        0.972184189680642
       -0.072121160200514        0.096711792561069       -0.819308327258585       -0.244656065774844       -0.088679264858380
       -0.742922898605383        0.588078302673792       -0.705595690686788       -0.032480807016147        0.858189459373944
        0.672536023779891        0.401324411094431        0.374150210508277        0.387144404140032        0.649367449131053
       -0.143225368916010       -0.365752857050965       -0.698684132833077       -0.179373187454922       -0.068209021275924
        1.545337189773523       -0.295030744319816        0.332820488587945       -0.088807695641484        0.543009805064995
        0.750804941821918       -0.457837436665204        0.140876109942475       -0.105267937621938       -0.555936944161965
        0.589236113311904       -0.090095461365189       -1.189112156339028       -0.370273516119771        0.591427930907050
        0.930745826721802       -0.114917051435641       -0.749089020203435        0.230224472142686       -0.226107786820396
       -1.002286923318876       -0.047645757244891        1.120708371190475       -0.327180636548590       -0.829278693375271
        0.457583918800066        0.094986111679272       -0.172371085823722        0.234766437626226        1.302369779200657
        0.246199488352119       -0.248012659877603       -0.111348418197258        0.007489439022113        0.273396239091744
        0.244861869472465       -0.298244432947453        0.556255679606655        0.425475431300863        0.204806014849849
        1.209876039806427       -0.549971045161730       -1.931048551479511       -0.021838738059910       -1.765919409433430
       -0.358909862921801        0.705268158474705       -0.600383038684555        0.682659900374392        0.914379616096335
        0.206890715342395       -0.398603876558553        2.061503473123541       -1.172158092903691        1.038052925254737
       -0.405355169385103       -0.056291552794784       -0.399659370619037       -0.471984983033821       -1.842254363202101
       -0.127480068128135        0.161776189804785        0.578398926176792        0.092200219317066        0.507969318360404
       -1.883582449921329        0.105761648949211       -0.495055925333438        0.042126864154658       -0.338009822691172
        0.941042099297779        1.091359023957650        0.705640315096217        0.374628168629593       -0.733957243043334
        1.346727248826408       -0.955032058124664        1.439244913010639       -0.930410875931591        1.506035527038012
        1.148483717665154        0.427072419021504       -1.112553420448326       -0.259377781486377       -0.863212619235487
        0.334893358025713        0.168141017629754        0.478036777553664       -0.582898155266400        0.637179614886088
        0.418804356823818        0.394982782108370        1.488338383180641        0.121149160101697        1.008095437466587
       -0.176359589527827        0.227897759250193       -0.239709035739064        0.056506531496619        0.367996233193456
       -0.618215054875393        0.488582161120187       -0.255021684879936       -0.534538513248561       -0.773387293673277
        0.650417211116867       -0.968987187311610        0.894891171198368        0.227466323102464       -0.925566910812983
        0.282100733165006       -0.261469986914202       -0.881282485268489        0.320988496199594        0.470470993928950
        0.024360864603352        0.086811902195506       -0.513719493443538        0.490043558489565       -0.089284984554886
       -0.992004021776291        0.585729053189329        0.247281574517376        0.257073884111352       -1.160308925280025
        1.454681445362202       -0.594014554873068       -0.973131296878554        0.809786038235365        0.998767594835921
       -0.156081700123222       -0.323867271879445        0.439538998942541       -0.417159690047550       -0.698792224089084
        3.004453063526279        0.116163652507254       -1.567374200759677        0.538888941089028        0.428811019960533
        0.570978752564085       -0.553984059789806        0.333940064979082        0.037381738845575        0.934201559242253
       -1.219600743014420        0.162351243353432        0.158410206965319       -0.096408253077021       -0.113087269772822
       -0.142320379839997       -0.358133768760484       -0.717054037601414        0.340095807293772       -0.212441780551483
       -0.100454940619847       -0.079213233780469        1.456443413760861       -0.329697287275834       -0.283872050287706
        1.383824728558646        0.017007026413004       -1.204505031471910        0.471476823235794       -0.056104302263580
       -0.466900225804721        0.561217795864370        0.038661401198909        1.015456021945983       -1.371858413644865
        1.954408518488413       -0.857899922576907        1.111887150789702       -0.551634692756899        2.365311046666704
        0.177971735309117        0.398217654160017       -0.526311682045974        0.064063593571378       -0.792694548379196
        1.221613007768464       -0.140142145908922        0.294268522503008       -0.289859765289187       -0.102413097161022
        0.411401963395113       -0.241493332873548       -0.065722566041385        0.158347367400718       -0.296440878272829
       -0.662382538500951       -0.044754829448101       -1.174134839870926        0.506548628429998       -0.245675221002977
       -0.351709766771855        0.206835172977891        0.516872118231444        0.051275554062982       -0.490054750746535
        0.186878582869450        0.378472881632971       -0.214280479982650        0.343889180680667        1.077346212147063
       -0.321697513166190       -0.041334483945961        0.401335696114648       -0.581576293810813       -0.518371163759408
       -0.117099502064189        0.523395836077040       -0.135640757479463       -0.136196898996433        0.701472235717000
        0.504024546527131        0.183248488611420        0.167381376970247        0.394428993906912       -0.227670524362854
        1.448011271625514        0.342853545102719        0.151057681206937       -0.866103444392578        0.631612033937576
       -1.209043500424101        0.342517666032936       -0.156222642794157       -0.097203400330575       -0.157863096645893
        0.726173826132031        0.125334892558113        0.957453750657085        0.525469251664250        0.069903692402186
        0.706129159527965       -0.348963254260063       -0.149553902139441        0.106121366475125        0.946944142223842
        1.669561132617915       -0.353644261566495        0.703962778515323       -0.111127876778296        0.221113775793795
        0.506105376442522        0.491783375347444       -1.056270722789079       -0.255047195603586       -0.554307728515908
       -0.583017901341666       -0.426640626923579        0.245685854595541       -0.507040588218621        0.102576988404227
        0.362378110445541        0.189108199166923       -0.535350996303850       -0.151433854826623       -0.931211273159632
       -0.639464961178027       -0.383141975089182        1.711682841764319       -0.351058603867913       -0.556111352646007
       -0.505134464782974        0.225563053614653        0.036537459831224       -0.045729501431642        0.065246738790726
       -0.377151565795969       -0.032631072868724       -1.583546154258203        0.414654204169595        0.208097938780909
        0.307062874872483       -0.121188499675819        2.729598368608268       -0.716410453898607       -0.570074437156443
        1.071699345817967        0.022536595622718       -0.522453542789351        0.919363271291105       -0.179146475703242
       -1.196124967816492        0.667661286894696       -1.396777873631712        0.194630263499551        0.178627649008696
        0.239595662685033       -0.135779825945557       -0.529945707465849        0.416496243534014       -0.256401944599931
        1.498312607353494        0.042765113034578        0.265517279421863       -0.091216739789300        1.386387392585255
        1.080843335375830        0.419289783387309        0.789197217286724        0.072787819999973       -0.954330695684597
        1.538654242721262       -0.351223955727420        0.450249961331911       -0.660651440814417        1.195381555004511
       -1.987626078911072        0.702786523636757       -1.305839212028447       -0.187629101894390       -1.563329126160142
       -0.130341445234906        0.071071171125549       -0.197039903434809        0.282444655163861        0.015476631892904
        0.588630736361079       -0.646877689086908        0.276770462527199        0.156682107409000       -0.342067771483174
        1.400159079073611       -0.117998979645834       -0.724052773675892       -0.416680812407075       -1.385204424360468
        1.906302506045090        0.183465897652567        0.680891288546974        0.415837628396580       -0.520312937137077
       -0.461778105427089       -0.046574115861908        0.302697535916153        0.061946814697438        1.181703683405934
        0.710825739389770        0.269477622595846        0.995517666514664        0.018638195143808       -0.035295233768941
       -0.262452125098635       -0.591246818395172       -1.373322351944100       -0.867468837521509        0.350876570181626
        1.610782798767510       -0.044099666782326       -0.058630715745571        0.317909918424695       -1.203182102748688
        0.321851377887692       -0.171109806510284        0.445178780810400       -0.044940347825535        0.956977950588922
        0.385607081669176       -0.030863613111980        0.369895817325593        0.274152709440138       -0.052468596621966
       -0.614152252269415       -0.219832451501746       -0.467264958720662        0.549092514707277       -0.127624704461210
        0.475244992119034        0.256830888463162        0.412678928084428       -0.289200989112335       -1.179636664077209
        0.057699418137474       -0.250243456370256       -1.298628061153160       -0.011122843050918        0.198979463583183
        0.193509095334585        0.722446005796179        0.742460745111735        0.502744349472290        0.542225485877350
       -0.934498865643282       -0.017455154536373       -1.278022172440855        0.458277695906580        2.530462926130391
       -1.162999586464602        0.550274450689901        0.523941326133180       -0.275182857915391       -0.722425043167554
       -0.089515928437807        1.116459542843550        0.761986976462158       -0.499239589146655       -0.219283894302941
        0.555257443906545       -0.624301047099328       -0.663424370818797        0.473749535123914       -0.042039758547147
        1.386819673734885        0.035872406679729       -0.146116898954271       -0.041949079388062        0.885926531368916
       -0.182523860416743        0.242733191621616        0.452521898667601        0.067305890310922       -0.455082447639577
       -1.277935242775316        0.773146412870466       -0.214062790472716       -0.270488925012054       -0.338132357119886
        0.368974852743644       -0.956773427811588       -0.351198983358098       -0.008093354971338        0.728348946481902
        1.609505485729563        0.080988063007751       -0.075804459822063        0.317289303979864       -0.565502005085840
       -1.123659370268721        0.155713068277788        1.019733134952227       -0.142783413962505       -0.740211562837217
        0.136240474605898       -0.069669738860146        0.315932273128786        0.243270861941407       -0.869941514558307
        0.257132976525603        0.674630680763141        0.513836408875395        0.245558927665680        0.593481387820447
       -0.148221060102784        0.426787152654870        0.082628018844694        0.125681638513477       -0.133139518718873
       -1.172889957649041       -0.114665220590916       -0.119996041388535       -0.138792532679219        0.663165890823495
        0.449740944938551        0.498745823106480        1.320256195922408       -0.304093002517181       -1.333730768919782
       -0.153788854242098        0.946864584025837       -0.379844776709193       -0.067763965513777       -0.082619036349305
        0.176390716652507       -0.178387058585792        0.403482068604283       -0.462041421562954       -0.924040903225110
        1.226903202840270       -0.090366911056015       -0.035839679132046        0.335600566777210        0.241752638033002
       -0.139115989040614       -0.124139064395165        0.074151564320810        0.550404304000552        0.734938838800362
       -0.222139332787838       -0.065800003386420        0.997817416946673       -0.242522363275301        0.925410218724868
       -0.098472508935517        0.261066948889036        0.705040821692346        0.049590358076086       -0.882545105619661
       -1.849582435690410        1.005803220018798       -0.689023316475387       -0.050930578173897        0.272669586297830
        1.556913794983209       -0.112372145783012       -0.304458746328120        0.110788287232527        1.778009615550294
        0.923924876250697        0.232366151844362        1.100421088643221       -0.160238160338170       -0.355767277882646
       -1.723616746846777        0.362246776369189       -0.382248710349887       -0.106099393152506       -0.973878338838071
        0.384640224062149       -0.402815174558408       -1.242227962223095       -0.162694569310201        0.597291907738520
        0.577062331925264        1.019386053879273        1.278203796190180       -0.392090752911042       -0.574569472286651
       -1.130135975680629        0.540359312494355        0.789676728244349        0.276874734992575        0.234560297094720
        1.542300705947034       -0.709697248154776        0.333155732731889       -0.531318889375392        0.369525524037883
       -1.323675201350874        0.677822688229968       -0.546410611979485        0.655457734675218        1.011927726054870
       -0.104443581956040        0.216910702867345       -0.081888295022718        0.343523169293783       -0.695032829396776
       -0.148804593550614       -0.200922913784651       -0.902715010478168        0.085755875137041        0.825199374770655
        0.607413137273626       -0.450605782374463       -0.267560928980419       -0.314638469911627       -2.121486685705309
        0.767528732756558       -0.193250816723453       -1.918364248947141        0.812980959797205       -0.614827237042083
        2.078546892799124       -0.736775788295611        0.479373539747143        0.272823278126957        1.761358884771873
        0.156505137276862        0.145412980477462        1.461026763423941        0.012594195085540       -0.600614759253931
       -0.595564673839188       -0.278673017523726        0.038248591522551        0.269959604675402        0.196181131929732
        0.588503995321317        0.404032644827117        1.320044321803460       -0.767332153182372       -0.292194558807961
       -0.729752524907471        0.512784480710868        0.132578477116299       -0.338638358991153       -0.462302129381191
       -1.343554453833669       -0.025065162568018       -1.014704605205288       -0.465511209876843       -0.095182460353634
        0.968187558572411       -0.345396343327965        0.070342566171687        0.106401755416282       -1.091029116229465
       -1.093086437160384       -0.172955351636777       -0.890969422330471       -0.209586423432152       -0.191132211950537
       -0.308680482403852        0.306941214918275        0.541846220932608       -0.488500487986262        1.063027395158508
        1.707204684705668       -0.024589756547116       -1.758146714986548        0.935744653061119       -0.469118532858965
        1.020749604852762       -0.041012598981844        0.770172640095064       -0.094375227138692        1.530659247861443
       -1.120786841800292       -0.208929258944566       -0.026858718794546       -0.543825119126582       -0.915853453159646
        1.801668978503805       -0.286637748753826        1.569622813858182       -0.745112525113485        2.002816633174436
       -0.651583959788068       -0.048929412990415       -0.920629412344277        0.246080442564693        0.407341410237917
        0.588788687899633       -0.137205479268722        1.539336205605499       -0.287072057294603       -1.751948166179843
        0.238693305425889        0.055357860682531       -0.397409141703299        0.673296059243320        0.767203629110381
        0.354560705516676       -0.046075413946415        0.512914330039674        0.074029134285887       -0.724107163620034
        0.745260136258164        0.080142902490546       -0.264744383652784        0.526718245784895       -0.427673838721189
       -0.298809363825780       -0.048470386762538       -0.776465543041312        0.017495764333798        0.950680351257393
        0.043081969747111       -0.041698399351098        0.349782424088708       -0.036163997327246       -1.249889466167771
        1.032719359458647        0.172437926345889       -1.548845507843213       -0.023578256459759       -0.331674255408689
        0.557858676507070       -0.657408331946638        0.242781827628247        0.403091258257969        1.354281651124005
        0.004181479591432       -0.074484273427848        1.011150842411785       -0.104873625666288       -0.323390393518763
       -2.441169681145428        1.118334748140098       -0.398374989261041       -0.264022591724420        0.866267814102005
       -0.519947811481913        0.511327665269773        0.441215151026571       -0.020665599196113       -0.079513355403292
        1.222026177251733        0.094253829748328       -0.681983260548278        0.069510190086386        0.658674582622513
        1.031546192781247       -0.346084672552826        0.635140974518405       -0.448758207409855       -0.843442319478249
       -0.951697938994456        0.684324165369261       -0.390711075640211        0.064685452283507       -0.668691081060863
       -0.723139168612453        0.329667639063924        0.351153595460527       -0.197126713975660        0.338256774856469
        1.572915739031121       -0.245744188921058        0.597742826028277        0.086190924893912       -0.263235507040241
        0.255457446315971        0.497868112632923       -1.368690496600958       -0.064573947938708        0.258538255441086
       -0.184580576438177       -0.188016971464204        1.033377295759773       -0.226045092546251        0.338465472724363
       -0.849150039679749        0.310171408494562       -1.094914431979245        0.076188869344813       -0.785147713321331
        1.573911804704464       -0.487795048860428       -0.692660782249653        0.012929241624188        0.568500238041209
        0.997047131231994       -0.203754702488167        0.467209217092659       -0.117518305007110       -0.415939609803556
       -0.683290454681702        0.274816871708470       -0.476950675684057        0.350359721482099        0.934176306754140
        0.619653472346490       -0.288384520511013        1.031848086497514        0.165232068241448       -0.862585153414702
        0.006868626016821        0.215900645744195       -0.456341658977266       -0.362726039382706       -0.827955952405658
        0.447235021270502       -0.393997021464586        1.092773233919604       -0.033560235475333        1.227785285289158
       -0.591917127126173        0.122206507696480       -1.138697329094058       -0.176125095482987       -0.826389835027241
        0.453497426468510       -0.155582849629233        0.450202382428818       -0.074434224904164       -2.126788065278071
        0.296774523711300       -0.483823492277255        0.041221784230345       -0.169346464885553        0.692830345956918
       -1.050037646205614       -0.303330450792412        0.596411747143042        0.467697543032708       -0.380278092082269
       -0.659278888943556        0.591380181290031       -0.042774565749089       -0.102568600226291       -0.449442128963679
        0.297483978314645        0.264049619358028        0.573291304342660       -0.130588109198375        0.157455470469134
        0.462174036560624       -0.139654893830844       -0.956913799624756        0.287489904425052        1.156166688918633
       -0.040941489328522       -0.746759177845365        1.035195186323660       -0.361444383774149        0.462283948278761
        0.616408495935635       -0.497577625078931        0.489243553258601        0.011073557579941        0.206018653494310
       -0.191815089247280        0.067896075088219        0.983910248994623       -0.186881340342606       -0.837393081662646
        1.338328671099946        0.235256756974921       -0.792008446815020       -0.038007499781480       -0.615425653490132
       -0.183581315762111       -0.114661513381783        0.411017124125180        0.138472822846608        0.697472211791966
       -0.357611902411849        0.075625066062059        0.145972955519830       -0.014896252427543        1.267539577692596
        0.866088683883291        0.324780862387436       -0.218932232475318        0.627335925085745       -0.468296675096665
       -0.087465571043665        0.001267387256281        0.781458927768111       -0.555378482694438       -0.007498311118134
       -0.959850633224501        0.125971215391137       -0.831573968950584       -0.394323091352707       -0.189081065316134
        0.792915327183009       -0.102220834113411       -0.119457252199032        0.075789444896908        0.121171675332429
       -0.325146139887090       -0.013709062644604        0.028931056761190       -0.014449142292542        0.102469963022712
       -0.267323674009324       -0.138286976211545        0.085116536794152       -0.565974135612766        0.532212134009159
        1.884445056403554       -0.606520437580839       -0.363851265989692        0.398362459667808       -0.084424786146682
        0.007696165643180       -0.144597971956685       -0.729538796599368        0.082044843319919       -0.935664804641153
       -0.092194948527020        0.277929473328303        0.792522670264906       -0.470796149982030        0.248451010178754
        0.192462993026228        0.538901072931092       -0.691906207137253       -0.365326822206595       -1.192755110615856
        1.157933301533749       -0.730382757171199       -1.143405094789461        0.042473513492966        1.195437927891871
        1.002839672551054        0.032327584156275       -1.128185166927021        0.624953806049655       -0.297956737568068
       -0.459190235384737        0.226064311756264       -1.109304076542385       -0.272166496190954        1.308492237823311
        0.409944946727446       -0.162421442853935        0.072728953949810        0.279569450209912        0.120144048844947
       -0.124304436290090        0.142052915572785        2.203660957485901       -1.244955739487211       -0.666233681842932
        0.841841607497300        0.419532818910789        1.171659434050921       -0.123280090494029        0.928271085546006
       -0.163193734253581        0.338671544331440       -1.151347608851475        0.324320768990648       -1.485425534372329
       -0.803238832711331        0.104792828065009       -0.811099583944034        0.230969926995134        0.751695212766999
       -0.600012338209291       -0.147246588238477       -0.959471501153028        0.000218161440970       -0.763489603814618
        0.301725856314328        0.123440310446281       -0.464336064757269        0.328661565409574       -0.197972768159079
        0.011406201965848       -0.198313614156899        1.142052928577390       -0.139055275774478        1.636427645127296
        2.436723778838621       -0.849557944157021       -0.496953548284312        0.280118605040191       -0.390354265728749
        0.387917190073543       -0.195725650070590       -1.398167678866459        0.578722663079210        0.080126602531229
       -0.317606301110227       -0.140287143416264       -0.399378503457589        0.704958303227952        0.117007961605941
        0.299939451611213        0.617805013208867       -0.291514543356590       -0.221560926275055       -1.438173076737815
       -0.987529520453177        0.016193275915470        1.156427575725141       -0.351132033274391       -0.391087814384379
        0.501661541338131        0.825393053852011        0.069191215663520        0.349460163954921       -0.345479478829887
        0.634267305473147       -0.230276056771711       -0.958074202162917       -0.092790503086069        0.465383075844454
       -0.137058367835802       -0.324935920542191        1.718863679125469       -0.719785181682228       -0.068624964151350
        1.009947635243173        0.034833478817910       -1.009308937990153        0.159908733370856        1.369752841646571
        0.077575484936583       -0.729657632709891       -0.417818148548454        0.450845933657560        1.053474282090793
       -0.343413664161259        0.411774736162073       -0.170085907340871       -0.222328463256205       -0.552924480118524
       -0.060195238343893        0.312056828818895        1.150726931663825       -0.668335676890084       -0.448628603269934
       -0.349016413197693        0.401406390584044       -0.042074462854882       -0.238157541056523       -1.060177039680356
        0.867183892401461       -0.386085848694734        0.586199914799903       -0.424519702048436       -0.871473800563053
       -1.294303479057261        0.705530182773975       -0.744268967826370        0.124819280423316        0.732451466361294
        0.523079187084617        0.448819103161202       -0.328603584150032       -0.554422991566965        0.103340290682980
        1.223498542546019        0.188963407215838        0.976118074677544        0.354327628256813        0.031790291796963
        0.188476611723087        0.311885646580266       -0.056327365772157       -0.123532401062213       -0.003938455826757
        0.504926637066892       -0.248302041704516        0.561739970084463        0.200905749968049        0.793953291901991
       -1.087454210244034        0.302373723780671        0.132337995261927       -0.176256134577863       -0.350875560665663
       -0.476780732597112        0.653537495798227       -0.346982386103680        0.205868935249461        0.005941723667986
       -0.079540366558228       -0.204591489816872        0.601257459432362       -0.070955730160933       -0.309522509693951
        0.617666125764720       -0.200068049479510        0.743463623555577       -0.431788900998978        1.402495479753549
        1.639595558345854        0.272275710860651        0.581490272454825       -0.260270360636931       -0.431761414594016
       -0.457519236946236        0.007467935142645       -0.950421985503840       -0.408294101248930        0.743513431145436
        0.569049565213393       -0.415255117213295       -0.352339785859001       -0.521290437256122        0.112161757686136
        0.513607638110623       -0.036089865734907       -0.581590388878729        0.301026949159414       -0.398701696679846
       -0.978159369149025        0.501116731286742       -0.172674213168475       -0.296399657456657       -0.153876658531992
        1.975794749216686       -0.371697718710489       -0.245756047505596        0.249704803147203       -0.701208044292945
       -1.832900547093307        0.527531404645255       -0.575587120137069       -0.062472404697548        0.504808044422225
       -0.100440160716640       -0.109351910101119        0.121331691563639       -0.049245419145097        0.806912836630459
       -0.468857682337864       -0.057098669816551        0.331623846116234        0.182674209230974        0.000575771247017
        0.701935563244824        0.330080785541392        0.497635258855321       -0.296266144584437       -0.114677992780076
       -0.661481044083327       -0.048496397421720        0.131566806707695       -0.118430628556012        0.406794371833088
       -1.138601950723316        0.679826982343802       -1.267739279910975        0.586528204315680        1.148199237031473
        0.123882338733034        0.066213409057689        0.239901919992536       -0.084080679570183        0.636585388573894
        1.338069631965585       -0.472275077213847       -0.777967416446997       -0.065117370046526       -0.317107882405579
       -1.334487189772959        0.518748091745908       -1.156561678127777        0.727114784932486        1.070768804303092
        0.832830671046806       -0.407461343653653       -0.089429679507774        0.009328686351054        1.705227660900637
       -0.655955118417262        0.046237206947782       -0.963462545139050        0.710454602181105       -2.332272882189009
       -0.773796981361374       -0.064383709230951       -0.916424647937427       -0.127334672940076        0.007404488801909
        0.397831174448674        0.181180095144331       -0.091873573863151        0.866464973658480       -0.000780867259012
       -1.211909672920233        0.562526912626623       -0.593489797612597        0.806980681430865       -0.244394047222283
        0.503178234767240       -0.525923031463962        0.431314852983352       -0.095572359128997       -0.310826062316472
        0.760621587796589       -0.480472601205952        0.199899691269769       -0.507151834599489        0.156231316892737
       -0.455469146232317        0.117338390825524        0.428314983278298       -0.300877594642958        0.146137212046820
        0.904985649589656       -0.414665284522999        0.222386886028766       -0.145016647219873       -0.250297941743937
        0.097314669716558       -0.396903052457928       -0.477588811737433       -0.053080640427474       -0.706687700781631
        0.322557204174679        0.047569260599656       -1.434027617346365        0.718058448630713       -0.733604449159675
        1.092790409223963       -0.166119109559756       -0.009012957522312       -0.065268961238553       -1.098864373066045
        0.045929233485963        0.951455970338130        0.544353276719635       -0.079451847179837        1.191178664525060
        0.463383936736169       -1.269081651410232       -0.005818239726607       -0.069684522629830        0.231005743542205
       -0.579784246319289       -0.280418816041326        0.371895920078579       -0.154898691843403        1.134318548880584
        0.026551366936615       -0.248142518574439        0.021108227855478        0.380573985780365        0.641629599454791
       -0.801379632565161       -0.208567246536526        0.246951876305889       -0.044895780014548        0.606503531155327
        0.542643844272018       -0.225831540444357       -0.785809613483576       -0.215480729933496        0.143245882565344
        1.193144087118517        0.253568185499030        1.242418139698032       -0.538904520640205       -1.727237605103169
       -0.043044639205122        0.393048817805529       -0.311492218311423       -0.199253764405873       -0.007098479422310
        0.290213691142115       -0.414682209289303       -1.636313370662995       -0.625442874159431        0.292224082004480
        0.765702176322863       -0.446374308883505        1.046983839084103        0.252032541088388       -0.118453195506710
        0.846127910519771       -0.090951284471979       -0.125444804782036        0.194120975320249       -0.461142804661073
        0.128275066446572       -0.522313739206505        0.238991080749446       -0.419907443335533        1.038379590317959
       -0.253326728067365        0.567925910595298       -0.670675500250431        0.262429999869653       -0.814068108110899
        0.452179735243330        0.026994754241182        0.046579144123205        0.318419009383435        0.788789725679148
        0.317537559199230        0.013841241406878       -0.710962296169905        0.319963994727693       -0.504739967693369
        1.226032472993516       -0.375069548400819        0.370079916266757       -0.850170456774121       -1.073449816173039
       -1.527883687761722        0.283215922014684        0.636918936525191       -0.026517127077063        0.719219609852702
        0.585049435951237       -0.089436458494631        0.485504476138678       -0.484084231702653       -1.346651835127929
        0.204425344448200       -0.393406992660468       -0.183678558926233        0.229465105036809        1.198590303726540
       -0.445045554842243        0.829669242988281        0.640280417610298       -0.719837192449147       -0.879756641044801
        1.444763865242644        0.209228054073475       -0.055807296229987        0.171054525725106       -0.440777073269815
       -1.326481991253871       -0.033289072149397       -0.642549090428155        0.203245222122965       -1.504978624771575
       -0.592401740142678        0.172503790361433        1.329219374899376       -0.225874635319500       -0.430445629820190
        1.433351444097529       -0.301682236188592       -0.014048601131654        0.361705432686910       -0.262490973823562
       -0.094514596214461       -0.005782212524764       -0.930127346776837        0.050625034351952       -0.413304580495568
        0.757300453717574       -0.512300873374492       -1.665779068784265        0.787154425764872        1.318045981401688
       -0.060462537684054       -0.137160463175085       -0.724926434778326       -0.056662867544346       -0.095087857885861
        1.006990203196004       -0.306698369248328        1.530650298946086       -0.046898751885445        0.843334564420156
       -0.369146226095173        0.389013420853290       -1.088991251012695        0.299508222437674       -0.444019612903822
        0.918278315574193        0.360607495128772       -0.254296479705084       -0.335935740842126        0.784466771534702
       -0.570862978934798       -0.285080191803266        1.549580767477648       -0.429757346480184       -0.433360060369618
        0.106364603272986        0.491050164356475       -0.744063757244058       -0.161337348547854       -0.063663470357053
        1.951791190647516       -0.888657289958362       -0.042540089118631        0.147982565617124        0.750822266996247
       -0.335189343887485       -0.233397300735723       -1.162160091498883        0.388503765571668        1.159073898481345
        1.693900249408253       -0.756900826807412        0.464631766911621       -0.122870679896046       -0.167748060654355
       -1.973962138922092        0.590313821889784       -0.326920780807274       -0.657557106457186       -0.275971539007091
        0.842556652363921       -0.264788412378824        0.165772629361738        0.013075013513003        0.829725835506345
        1.164218549529462       -0.284299644979593        0.524835829318562       -0.415074637890784       -0.531247317352304
       -0.367196670420450        0.069688240344851       -0.556711299069068        0.485122693419165        0.365800451815452
       -0.054828085667546       -0.087881654159807        1.336819529301159       -0.269717288219143        0.609680805166745
        1.447693079533851       -0.656406414546261       -1.489905283640240        0.593948425656168        0.687853618686425
        0.489269682449954       -0.063350487378623       -0.436794233946945        0.902527181169637       -1.999877828430467
        0.231567644835972       -0.209817791113947       -0.356284235195184       -0.232712620112792       -0.859431986971895
       -0.425332732251133       -0.152869988338362        0.463274610738228       -0.143012095351397       -0.414486988996843
        0.620392542930039       -0.146512846558509        1.879569752481032       -0.792949291530314       -1.548484612516513
        0.601651074842274       -0.534275144876941        0.289906600145732        0.304599903124456        0.330082257873914
       -0.370787541538503        0.057251334177617       -2.014884398366548        0.490144655344292        1.321945627152677
        0.292556105681050       -0.154338928077159       -0.882147477778828       -0.200606476327234       -0.590912678946457
        0.070637618264418       -0.201186204616311        1.767768967719973       -0.672022833372361        0.383051219913969
        0.486072343277530        0.782679664905268       -1.009974200461005        0.598178703057376        0.537755636349318
       -0.058467564514279       -0.086597396619157        0.644288898624101       -0.153545908184709       -0.309390135342249
       -0.091835232145439        0.152110477623964        1.490526778318028       -0.791461365507630       -0.174397985263840
        1.572833368336424       -0.496342089964462       -0.242395065773433       -0.012161586728693       -1.438336963583791
        0.466472443826974       -0.148779864307715       -1.702988815459964       -0.414423692148832       -0.262321307061953
        0.235548751444980        0.453127727207738        1.950446587177687       -0.841787686197743        0.069814327960617
        0.074279236304907       -0.007493005757889       -0.432370978400607       -0.054726767699498        0.285754064598560
        0.653502503443241       -0.608343975192927        0.154595360292694        0.356581478005494       -0.347365810567578
       -0.483615250807761        0.029822413544940       -0.136841244134500       -0.266082431839231       -0.309659774357979
       -1.459843763665236        0.488450859458047        1.412831741480756       -0.304115700600552       -0.028291940393136
        0.493948847248557        0.212038782525763       -0.488689612233720       -0.007706889059216       -0.200496125016265
        0.871871127719919       -0.628714519671269       -0.296943599364912        0.197447355240874       -0.392796543410460
       -1.133011914079625        0.581779485668615        0.473036881499028        0.264617926808718        0.791000326121801
        0.087783957295361        0.053650450452437       -0.044097509913366       -0.010292167898146        1.496912921811640
        0.088453443556611        0.275795817454499       -0.560980202589767       -0.121191993537050       -0.411955296682733
       -0.655700606512948       -0.202272192181727        1.152062457445274        0.031105030602818       -0.173242985262593
       -0.933342743473181        0.184304343146582       -0.387746445387232       -0.203931167847534       -1.434952453379697
        2.138780895968993       -0.247406614787009       -0.879833935933142        0.042693043097561       -0.929044220324286
       -0.377890345236835        0.055323130051943       -0.348004849124887        0.399641867894739        0.004788806462797
        1.774676611165670        0.657100269660958        0.628835895855566       -0.050110591348061        0.049551833310400
       -0.760622617201760        0.616227947443219       -1.530513905520626        0.702206823959095        0.066878068408247
       -0.000762247102374        0.104086904810772        1.310176198261900        0.468493057684529       -0.029741128359921
       -0.632761014202336        0.614424264618219       -0.168578849900884       -0.248886911728691       -0.094300101631338
        0.614493595646331       -0.456155988380395        0.078849732599671       -0.249078218121354        0.484005109177550
        1.286024762147900       -0.323062417795624        0.058828794935884       -0.284972486320055       -0.035377900963916
        1.644460682183501        0.435986993572963       -0.017545042491344        0.104876682784960        0.916197263943059
       -2.968648649452187        0.637726666704332       -0.631325886950744        0.163959769099643       -1.269003753122119
        0.793036618888668        0.654769424342342       -0.596144477761203        0.461905439553329       -0.852784020552036
        1.481113682942767       -0.302316890647452       -0.205483302991907       -0.046487529079465       -0.093889580913235
        1.411205460978807       -0.704565362774358       -0.430218477028890        0.421252127363447        0.018852814368411
        1.217341471589333       -0.251639653632309        0.156058250296433       -0.037930384242677       -0.983351689475423
       -1.507580543198146        0.251768317542325        0.538435527394344        0.380315928769392        0.495490437916070
        1.634128340747730       -0.802018260467712       -0.074777410592567       -0.134202615491612       -1.132123226781682
       -1.653101955225416       -0.012156631032639        0.213171879684612       -0.080290384713305        0.133296758660733
        0.221298171958153        0.298494264665590        0.662902530394447       -0.214856307493681        0.277173048224314
        0.465473988430894       -0.270433236106360        1.705978679743292       -0.224331493490696       -1.878849444074967
        1.130623641104464        0.042164257598419       -1.509247437706990        0.656425740297924        0.916332268007813
       -1.909847074224808        1.007722003737629        0.726233312269830       -0.146539055923032       -0.108521885134879
        0.398142090005996        0.069061032973903        0.706531172908986        0.045306547906373        0.782812159433672
       -0.162365874161183        0.544918516227902       -1.295542928864657       -0.152621936602774       -0.257849048060347
       -0.585793835997617        0.221970073369953       -0.058254304769742        0.377788192228280        0.291089365935745
        0.643552530922469       -0.384144083509077       -0.112179717706275       -0.274686395677109       -2.018319647542196
        0.882328520051830        0.059409971369337        1.059539225011321       -0.391647843079516        0.805465606539397
       -0.154220275643744        0.647308940556007        0.541730143876212        0.010965344604892       -0.427252752605510
        0.372413609052593        0.511365539550223       -0.740968205876812        0.351729251472124        0.535709322066985
        1.240552104996096       -0.119618234652525       -1.153333213441140       -0.461010602491152        0.148702198646233
       -0.654136432540057       -0.068460907219935       -0.609456336772703        0.287616591582685        0.630943354445165
        0.902600006762124        0.145876704004519       -0.327963269103016       -0.178842984195093        0.438525103889575
        0.260819009401023        0.781744906195385        0.547950014216874       -0.101580560547282        0.068511733110897
       -1.519420991116173        0.386530541428326        1.205289145107630       -0.092657374050619       -0.034886122133834
        0.161204549246245        0.038405757701898        1.262124486707260       -0.148931001019724       -1.255109281887251
        1.114616468696682        0.178407292949604       -1.158644691898899        0.514230705938171        0.167085359842907
        0.262016942146677       -0.018469857513859        1.997477254810397       -0.393993516731218       -0.185082167632439
       -0.834483154882855       -0.576133601267016       -1.597925385257336        0.611767975521375       -0.030662445730668
       -0.860296375658365        1.000158534591562        0.804038780963705        0.136985384266071        0.190743144156117
        0.612974134267385       -0.531059225063864       -1.954126558854886        0.090087172556067        0.838747767097793
        1.440838063827220        0.608116089346892        0.038332158862907        0.370467794250877       -1.747735968888524
        1.153143899704495        0.092207814348777        0.947193707226822       -0.085133517846842        0.307241907630458
        0.094430262080805        0.006154632286507       -0.458639626567507       -0.581739183688340       -0.385036348340705
        0.752679260953382       -0.414748006542844        1.708318527486886       -0.734573917580263        1.170201095700705
       -0.299062356795203       -0.177841155871882        0.423378228659187        0.095554234767062       -0.643150849985130
       -0.392086521637125        0.228573852101347       -1.825924010858386        0.458538125347018       -0.754163394985747
        0.896523118458467       -0.384506181318433        0.395271365444189       -0.221191463869865        0.497751134679024
        0.790278370337998        0.183184722198936       -1.691905011940663       -0.197746311116030        0.662665952860157
       -0.400898009025647        0.016779736116300       -0.204589212103039        0.816959293145346        0.126900712787351
        0.568417759691233       -0.507560638410835       -0.754211408390215        0.188688042117457        0.124450567776184
        1.801253042654307       -0.084803591160806        0.452629229289363       -0.108521834626094        0.227492479410985
       -0.874147036239077        0.129334732650426        0.867157870165723        0.202316756028768        0.085952664821560
        0.072798163519799        0.532999537428177       -0.741964647610569       -0.498349380603496       -0.709519269194233
       -0.333590113794431        0.405495891870776       -0.232333977355167       -0.063675802334889        1.141584694873821
        0.295444071559099       -0.571112837957066        0.717025260865849       -0.214522828981691        0.609317685963653
        0.226208635290283        0.363809429446723        0.631914846694043        0.074643148847594        0.049380123838858
        0.949259660680991       -0.353582568208110       -0.465318737794588        0.178986124205408       -0.282576902762429
       -0.722281649580874        0.523296254700154        1.092599339397062       -0.230649160728795        0.557134570151293
        0.965941527759429        0.338074217193239       -1.163484512109654       -0.822295981449501        0.096378261085045
        0.718967307131191       -0.121054046716089        0.187704283871819       -0.357455771337064       -0.265779691806173
        0.512321766936529        0.195143257526496        0.419832607095578       -0.553221925548301        0.258178750986531
        1.330031060927330       -0.172252757934542       -0.883112311291123       -0.231079212483646        0.210733718552656
       -1.200616030985355       -0.217122964212541        0.628919178163780        0.261944571833790       -0.464652855934820
        1.300532971439438        0.232085626215455        0.255642909535980        0.114107173133833        0.935310156461652
        0.382367327339260       -0.293045115411644       -1.022265739423777       -0.196353917122968        0.353172385579060
        0.915988022494295        0.349270611974009        0.338790533288520       -0.110123282085146       -0.610701571922952
        0.891923546183222        0.418103584263580       -0.440420920625987        0.508365375265547       -1.144608639407478
       -1.127654687040458        0.463465910051307        0.567357919335204       -0.142643372152785        1.064520340855629
       -0.661599826051884        0.024182330449192        0.371445883206392       -0.902929977959733       -0.069311887406303
        0.417945876753934        0.518221414039072        0.016708421843846       -0.439664570670426       -0.060576553445963
        0.410561766501139       -0.217615175331923       -0.486482814589238        0.095473165922126        0.717276599236275
       -0.866130692666430        1.079602170641585        0.366023231016296       -1.058937904428176        0.275400767930864
        0.399952455909521       -0.037919854977469        0.239225930312658        0.553719993557909       -0.619514473393880
        0.931967850276754        0.117524813636580        0.735091765259657       -0.205461632456044        1.230237103250985
       -1.601440358930641        0.280162368991442        1.242045968583052       -0.912982992812631       -1.826944711555552
        0.811783001507425        0.211097456924074       -0.035340318208121       -0.091761764076158       -0.330229892816740
       -0.106715216406289       -0.545711433177566       -0.736841639883520        0.522304152609103        0.672971917562312
        1.245048998549053       -0.177914974883093        0.438376476450659       -0.079625587470251        1.509503307625362
       -0.726545056086730        0.170764431671622       -0.153303175370782       -0.082363702485954       -0.750371049548585
        0.036598889345259        0.070654522986925        0.821226897870591        0.515168809962650       -0.668972298183371
       -0.412347062783856        0.868586394121068        0.590241589334410       -0.446024673870425       -0.084014530372208
       -0.759408657512306        0.155732708129009        0.214413117718061        0.629492310972679        0.044874239421429
       -0.235914736831956        0.513291585086345        0.268087420424840       -0.577465667813567        0.116988512906909
        0.226912865162565       -0.070638113776633        1.214366083609077       -0.206172623173629       -0.068246172300216
        0.464305873194882       -0.276286273722279        1.501546372942730       -0.126847562891442        0.143026767771689
        1.567099495709074        0.612661202823254       -1.560688395215084       -0.530948202834237        1.597449735906144
        0.978024643354716       -0.122670933172075        1.537200489549098       -0.515284450079729       -0.957334240636837
       -1.033741465902553        0.550195507355151       -1.077558309315626        1.022480648836724        0.091975116957840
       -0.469480386396752       -0.003536147681084        1.514067008048729        0.450686339645757       -0.164469680896602
        0.810772698341656        0.371353155329236       -0.856830749529726       -0.430368310628829        0.144873346877606
       -0.088947373557508       -0.101449463754264        0.531428732057355        0.224915625419148        0.064337040068492
        0.927607404532828       -0.293417114578896        0.857232649004872        0.491525917336706        1.262525466791888
        0.269721564716367        0.566671233772719       -1.009202932090219        0.731370458641571       -0.302655063210630
       -1.231311712780263       -0.010965853532098       -1.485314651225986       -0.173375376373265       -0.396070981969010
        0.495468465903578       -0.576064782829378        1.196329811633041       -0.074900617713714       -0.260637087842200
       -1.684300851687891        0.899379063279355       -0.633097163202768        0.313000771356275       -1.033585752678709
        0.038936539171152        0.850933646066510        0.044070696443218        0.482987097029389       -0.294691041967654
        0.126134202811391       -0.040028952759670       -1.548749573969408        0.538168685628840        0.408541281476783
       -0.301312514265365        0.172481526188816        2.013956639319332       -0.054946155578509        0.557287600432064
       -0.382730248287866        0.069880909323075        0.983627309022531       -0.584993497875750        0.740974872386196
        1.517520232047320       -0.930948618492549        0.117757409656939       -0.543602625819576        0.371994682109845
        0.552255016759460        0.506140380341993        0.275777638923329        0.305768603652942       -1.726029918000314
       -0.385029244233335        0.083865294024690       -1.243825421251891        0.114441135432790        1.493870256932686
        1.090609360925466       -0.292817374273379        1.527151817732743       -0.711534865948955       -0.492367703657840
        0.048956916155503        0.771184914496465        1.245912590480597       -0.217315321792947        0.006649545485488
       -0.338524318489093       -0.224200254556795       -1.099097562316629        0.564372602226586        0.198192371760302
       -0.495832906160933        1.114647504321520        0.274553717377058       -0.123821372271504        0.871230017391992
        0.129445101208797       -0.529279974893036       -0.673139521754529        0.090474825254982       -0.194454145871743
       -1.463571857643247        0.710585412937023        1.271594701168500       -0.251247741300583        0.311211278101104
        1.389987375280152       -0.445091326678360        0.548025257575195       -0.333297221540796        1.184647492973600
        0.176860062059134       -0.285957046936688        0.407018951058933        0.507369035496376       -1.293009531927036
        0.877228164975396       -0.388586821906843        1.142787069245992       -0.482578529803172        0.204460269175352
        1.107366347504219        0.194354621876863        0.510883987016573       -0.370858478910041        0.559062280111065
        0.081976616848238       -0.455705050715410        0.668132469455295       -0.118943686118171        0.942266846437490
        1.853137406934154       -0.477504620999184       -0.631756456962005        0.034171215717996        1.154160964461564
       -0.897524913498000        0.219046007432642       -0.163194827546465       -0.377545151853996       -1.901117809605948
        0.606434742008898        0.370606868840686        0.385755933560634       -0.025665624434785        0.783550205170390
        0.174609153265406        0.172946292383752       -0.669330438952971       -0.280553354668923       -0.761017520130524
       -0.953558777957149        0.236943780353284        2.344109635125845        0.039422706673524        1.549385666752145
        1.399974627745318       -0.169477176533104        0.081106321245789       -0.021559069429776       -0.576986436842297
       -0.142901211596723        0.090644684792734       -0.070303837627453       -0.257293522106646        1.234746443549191
        0.379024260108512       -0.850628883252454        0.663985567136171        0.039864396066923       -1.551931563613007
        0.637250585630478       -0.542062767838581       -0.048034678920671       -0.336226737756748        1.018822306010434
        0.267051701183242       -0.222160199650242        1.506765709414849       -0.566112556972956       -0.675597886914854
        0.084336191575122       -0.206040730592436        0.687077874537897        0.140888883358261        0.963673151930200
        0.317632771123398        0.762987418955356       -0.296057621256972       -0.001746481117189       -0.783861491219757
       -0.600615513019115       -0.529825466446395        0.883286641577713       -0.239226519150875        0.555460640468917
        1.151229726764352       -0.096916768220355       -0.299967421201712       -0.414603697823987       -0.045394576119114
        1.018056371243278       -0.313189739842823        1.035160795470177       -0.152043458004029       -0.885725285196902
        0.262164220382236        0.269318767000406       -0.027113091827110        0.066407861065970        1.266559694062930
        0.198249687916878       -0.715770601264814        0.225791731762290       -0.258733838870418       -0.633414158648694
        0.397933262911404       -0.141623006327252        0.543852110845634        0.286547469615944       -0.194923717585290
       -0.362542468881952       -0.169020969253963        1.000070453752805       -0.598058456588671        0.442490788132445
       -0.037315934377655       -0.028242606955458        0.428345789681235       -0.383429480358991       -0.364448992944135
        0.905434261495790       -0.021559711299432       -1.143089376086020        0.267983617667235       -0.098130419937886
       -0.683420062851378        0.456725249619551       -1.089548219726899        0.177248705395872       -0.030247426567312
        0.141058515778811       -0.245194700185904        1.083787319594631        0.104001648713555       -0.514078726240803
        0.725599603752187       -0.187858291917745       -1.164560400549747        0.595739351974605       -0.120454715061687
        1.104081318379421       -0.527343500645358        0.190700099027538       -0.490685361810362       -0.046716864269594
        0.854534134000612       -0.284335997171682        1.879750993417084       -0.146000134407294        0.775982411339801
       -1.758274106150571        0.135542008599090        0.269512038412198        0.627852667115059        0.827644863300402
        0.827135474754063        0.249648249606473        0.415140245731293       -0.603377088500707       -0.053958078308610
        0.935973548990702       -0.082958469806035       -0.888679852778154        0.274493471733706       -1.319365381193898
        0.395098887327101        0.488758606487669        0.498598488867890        0.304521258406733        0.765098642479641
        0.841009561279877       -0.069712051882328       -0.667829319767842       -0.315296981588106       -0.070562066588341
       -0.463665216253387       -0.459426046441281       -0.281122056663422       -0.072134665900480        1.224224899191113
       -0.875783170077634       -0.165869848425549       -0.911063564239309        0.626318012494714       -0.326307418544981
        1.598099816864880        0.000917542526087        0.349725285737994       -0.218784506701518       -0.710758668454224
       -0.051537740303170       -0.594234415988365        0.412687337910610       -0.244767714583141        1.121044418830855
        0.261459222419560        0.095069881799286        0.319658958733004        0.348397432224361        0.542602137827627
        2.227657604062519       -0.101017864708517       -1.844480667883443        0.200044681959741       -0.216572747602876
       -0.751782867021426       -0.193286240439270        0.469032662313602       -0.185866351369430        0.762642255283925
        0.752068474571829       -0.227840494959851        0.038966753797418        0.280908595709745        0.228832301336840
       -0.611726869901511        0.289321828665887       -0.851526263773410       -0.234088768301311       -2.492771085454265
       -0.623076837483879        0.176939137312609       -0.894241793943031        0.407140870839640        0.199507149221177
       -0.502651042244981        0.574916844419432        0.651243540115319        0.208652752318379        0.190547438605087
        0.323201923710510        0.126145139789665       -0.448331159175935       -0.369259133179145        0.258125957994538
        1.181885479216048       -0.990732233454791       -0.000048704145429       -0.337164231178415       -1.850896258668411
       -0.645201387116734        0.382241730594001        0.465834810307162        0.221518653424219        0.665485257233367
        1.323350503892253        0.224886032393888       -0.754015944954107        0.657903621112943       -0.621773497598724
        0.776461632961369        0.299846094694969        0.221337345660048       -0.218101215956905        0.176286068388662
        1.888120820266776       -0.347164459963633        1.801005808641752       -0.336489875275790       -0.933721941743714
       -1.577859903583024        0.482997361147193       -0.901922514608782       -0.037693906590911       -0.742593985601214
        0.776873364526187       -0.604830389514805        0.473350643166124       -0.502056619276123        0.721607548120604
        1.502582895880703       -0.293638021185384       -0.850807976313034        0.436513718868753        0.739668872766026
       -0.304371095834251       -0.197856184847268        0.606714968879425        0.567715905204883       -0.611397149432050
        1.111148135589042       -0.395729921537320       -2.517818765062062       -0.020411969226992       -0.228986548421030
       -0.109918805739793        0.108383536766216        0.331196035309552        0.336258255224213        0.212755697512283
       -0.912794418172365        0.543812944707659        1.158080840049051       -0.676040765362814       -0.464396860637231
        0.701442044704015       -0.606235515783016        0.564336813396661        0.167545294871539       -0.138472166902608
        1.902411412978596       -0.131827136083475        0.859636598689178        0.043524880747964        0.431176411113258
        0.903732462770899       -0.715731043293076       -1.018224520824737        0.369923586116717       -0.796953696376483
       -0.921110042931558       -0.017297619262637       -0.318697364594548        0.175281760453634       -0.007740878327141
        0.202828197142831        0.357695392966107       -1.792318543751688        0.658533093098754        1.239827340666685
        0.586672837366767       -0.524293539550153        0.484022244169797        0.023461178004880       -0.567337187432990
        1.215986785391075       -0.374516153190518       -0.361759383630760       -0.405584773320497        0.538592062982137
        0.330335504234563        0.687160411516458       -0.141293327107411       -0.097228862518723       -0.769276356127657
        0.129358157011987       -0.971368286563786       -0.591262231756781        0.297953223031197       -0.115740430217130
        1.736551237863360       -0.385743857194113        0.848981148931055        0.063411382253898       -0.181675023426070
       -0.243694901974690        1.084566446876921       -0.479617845654839        0.582828906032119       -1.399925368794162
       -0.525058655245182        0.034211868845532       -0.669231687516183        0.493447627744395        0.633258939449554
        1.570644372090777       -0.344640056770434        0.032200084607327       -0.753472161500512        0.974244169450459
       -0.824335490367048        0.132388289210553       -0.020552165245595       -0.221158735455946       -0.227841341042276
        1.252382773116295       -0.721113546071071        0.737904868907139       -0.444847025461405        0.626842784694758
        1.309503364661509        0.152576766055513        0.221398253762647        0.061146581000724       -0.375495092350569
       -1.227963192456191        0.789430672333084       -0.763979695433405        0.799629340647021        0.028631101350752
        0.110117413087541        0.180810667524620        0.398516168602426       -0.470285515915833        0.311331428985460
        0.289755103558150        0.062710496915579       -2.864904073452001        0.523167111130999        1.811816276069724
        0.594949940033308        0.069663581804660        0.586412870867570        0.657698320875029       -0.508957065324832
       -1.724366821562996        0.212551849199397        1.335283621519731       -0.118257401864767        0.111620212019277
       -0.452613883158369        0.298434443127785       -1.288992050338738       -0.049475036417885        0.549174070872546
       -0.192700692581585       -0.497078438965147       -0.396722914483410       -0.235274689949586       -1.541040055070059
        0.627834829528314       -0.214162223586644       -0.255672599187673       -0.203297669905631        0.879412942514618
       -1.385983768091861       -0.327440840612601        1.226900124868047       -0.461937113849230       -0.203319666044124
        1.565109066536639        0.121890309767983        1.650388860620458        0.296750266315747        1.407402494093171
       -1.551953150100891       -0.234709542400093        1.223926182058354       -0.358428272471327        0.290253789272300
        1.718341408132829       -0.028077487977828        0.277348741559494        0.082447163089144       -0.308593718436785
       -0.654529755326334        0.485706998922266       -1.076884267335839        0.287732984945338        1.265383777271300
       -0.013672074685562       -0.377571415748228       -0.350264349821465        0.025177860158716       -0.551333214884078
        1.703902430274560        0.193199707295801        0.644163662336588       -0.431076889279598        0.218704364607462
        0.385619420359133        0.283427435938542        0.304913696440151        0.241112833535326       -0.882946476403884
        0.364618701579761        0.808098678695830       -0.936686419744731        0.416448935767471       -0.574282182514969
       -0.777649169568146       -0.303697660668779       -0.186888742412913        0.284275609601738        0.816485504663265
        0.242259598991563       -0.127013124010431        1.783227696661060       -0.695654661746621       -0.441726337334802
       -0.469190808311509        0.260358051940537       -2.730652305495974        0.152600349387622       -0.013410467829781
        0.751630330911730       -0.027202384779339        0.330899577647539        0.321360264503977        0.053729441266179
        0.927498727553510       -0.639591945490058       -0.524496662418259       -0.083021087500850        0.207751831550269
        0.857774702253400        0.395787200665493        1.117818667014392       -0.264149373991660       -0.369428382605503
        0.462818900090704        0.269196811068542       -0.620117736690732       -0.033551498370183       -0.522454347918693
       -0.616490199545229       -0.154246920333012        0.273106440995700       -0.517739319312675       -0.296125654490753
        0.682492195337010       -0.110764202293429        0.556291059378942       -0.212645069938749       -0.900722257132214
       -0.767072317598643        0.039406365960003       -0.040073719443113        0.042502865939767        0.558204771489835
        0.855014292709708        0.273457123144989        0.939137413630936        0.227372781101421       -0.433722327993414
       -1.102046942410773       -0.041420459497053       -0.881710506572513       -0.102357773740242       -1.366344634952718
        1.471137298714608       -0.298826057783112        1.585216823862165       -0.713048826856751       -0.520267376287742
        0.454015404701097       -0.314182224304321       -1.195430686592264        0.327344839336672        1.533639435383418
        1.051034922633506       -0.100727323789599        0.217803128401517       -0.178311595893939        1.783086722046773
       -0.233846218924786        0.005855825153786        0.253332729542498        0.597977887345501       -1.445423468692310
        0.874457437436250        0.276701697261088       -0.336829542088108       -0.644112850451564        0.249533528656009
       -1.553080744853205        0.482801345035632        0.439094245104840       -0.480631563001313        0.531827212784041
        1.507235465778244       -0.189812989992831       -1.259466387021962       -0.580640598148496       -1.444044015775997
        0.423596778780349       -0.902109320454286       -0.280250550717235        0.309298610543224       -0.103466123419239
       -0.082750086905625        0.113103571024158        1.466881537006620        0.117108813168056        0.713302031923634
       -0.043174633421904       -0.606201959778472       -0.882115555251261        0.302948388472355       -0.078589281141013
        0.086012191484783        0.066108312578296        1.461969313234635       -0.059242803181438       -0.261244630151329
        0.871622086956496        0.040142622769946        0.332893670488059        0.317299038141054       -0.436112782643778
       -0.224466588468374       -0.286038700492465       -1.368702766988704        0.837356997791284        0.425708991905206
       -0.530245424362820        0.096183856517102        1.214717534880531       -0.046532349151768       -0.042504503608426
        0.225007147010825        0.047725110299751       -0.091826652884544        0.260785131302951        0.302004540827006
        0.641622926193946       -0.350446429038268       -0.471793486259208       -0.125091201058971       -0.134211943042346
       -0.018154640963644        0.251291545435559       -0.034479455770190        0.064860811014976        0.480795844975767
        0.309342864534844       -0.757434679702553        0.265308469442916       -0.144302486819469       -0.250345254484268
       -0.450761468123539        0.850499686122201       -1.217131703600088        0.436296633165789       -0.417845254484355
        0.571772485496119        0.140951569777728        0.408526143784272       -0.176054659120737        0.106973529039994
       -0.548000201998208        0.212254785067703       -0.696030812863927       -0.212078478171653       -1.009209329367635
        0.547165375133802       -0.362024833654505        1.206161818126503        0.032513196212118        0.567327396963762
       -0.174021261378643        0.495890592850944        0.520510164891416       -0.285080771831220       -0.029072005567642
       -0.541059111034838        0.366000024000770        0.547008144883552        0.618769667204857       -1.255764507306323
       -1.666181641609203        1.023338246560386       -0.404605701503993        0.472103774887103       -0.830527717673816
        0.571023450490724       -0.696458679812200       -0.875302835480479       -0.515560864700187        1.674208819195693
       -0.644688667026442       -0.099674493916598        0.093910108475432       -0.137435753527387       -0.368690252687383
       -0.117231553662394       -0.525295587996603        0.279446628469734       -0.126918706482864       -0.646421145097081
        1.395944175111597       -0.136431347824363       -0.909271966164579       -0.049305152265523       -0.047608525506254
        0.316797344840233        0.038651479953479        0.234023344770699        0.359977597942850        0.213007577021069
       -1.449261368278985        0.000120887584632       -0.065273751365664        1.199446087869764        0.563344020954085
        0.749677262928400       -0.517388053133497        0.718190616933510       -0.686326610896985       -0.191386118094780
       -0.272780014357800        0.039781809621162       -0.139030880471647        0.429250516802249        0.229254466065203
        1.133690299182047       -0.187569645838800        0.581325824643618       -0.596931092742971        0.785563643988462
       -0.111036377500679        0.474050446103840       -0.843829188655713        0.525386759487865       -0.158620956831227
        0.014417834046056       -0.001524038335027       -0.254554333323611        0.314239049271171        0.346092716810432
        0.452011911068856       -0.711734853933589       -1.613381864491944        0.222147059984724        0.684289284071279
        0.430859294169840        0.400552679716916        0.811751485570717        0.257419113973279       -0.769106064194560
        1.452672416665651        0.272132196772504        0.144229349608835        0.143848748407904        0.528998465788283
       -1.310013522797305        0.189456098012383       -0.053357944485862       -0.188705063105702       -0.277317498401995
        0.680515705678211        0.123365035224158       -0.783285803785222       -0.223626732798512       -0.733474622379347
        0.259338721324803        0.222200876067785        0.174196770481325       -0.631837784025911        0.090719151647358
       -0.392886183439975       -0.142440717500921       -2.011223046592467        0.837523381678592        0.277660523480318
        0.398784522218300       -0.035809500106708        0.882929786618874        0.078860623564310       -0.923895068964484
       -2.892584926150279        0.883962482459078       -0.395730604034930        0.801672290387283        0.415695025815954
        0.795414617522073        0.401436126119257        1.397010330435040       -0.285106295886373        0.939310052391628
        0.078450761498387       -0.634483603984151        0.059564638346829        0.006178708375788       -1.642294582887216
        0.631699651711432        0.129661239403580        1.450872838382450       -0.287233838123554        1.229295129788652
        0.708419507912812       -0.657680508648158       -0.772139457835511        0.022184425653823       -0.725601757828589
        0.288045593881937       -0.072802413313209       -1.463024679693100        0.001856729796062        0.722795556156423
        2.312937247900925       -0.667586135705116        0.236519908919353       -0.044149261572290       -0.384939477021210
       -0.535798773880395        0.700464377652898       -0.383632120221150       -0.213919903654460        0.267573197876500
       -1.343200978993266        0.042269907430561       -1.925614125207034        1.005399097084577        0.057146764163361
        0.670284114578904        0.085936041036194       -1.482280820121288       -0.211545555224840        0.297190790611667
        0.518277285551639        0.107767557765613       -0.018623517521655       -0.158418150997542       -0.520729575556113
        0.567379959368596       -0.543946815493103        0.113588983844928        0.345225690541670        0.390045168840446
        0.515506115002129       -0.013019318786255        0.428211525085218        0.285658322462511       -0.575952194070224
        0.254414420130094        0.006168881646174        0.717635860575802        0.487371416128825        1.069172588771892
       -0.020926687715391        0.278980756210228       -0.085068333808602       -0.271538672534552       -0.207604284209012
       -0.611602141162904        0.969493707480780       -1.044740579982133       -0.442439770385372        1.348888100010584
       -0.200352522756642       -0.775702504037302        2.044464892617220       -0.645339920454007       -1.418676761365268
        0.076349787204957        0.644014955109898       -0.280584501533708        0.241460426461555       -0.667030785424506
        0.664731001998089        0.318966899545637        0.527692507709494        0.036402501925961        0.364021983149267
       -1.036703108918036        0.247881805989178        1.515885036879159       -0.345273031184432       -1.136552600968253
       -0.850262318293243        0.012822309527408        1.773667064669165        0.106632794664620        1.410740730067967
        0.688931114922761        0.202218168600452       -1.625193901479924        0.189163853824837        0.365729404298954
       -0.408529852337902        0.623776977946741        0.354615877031854       -0.839021355285557       -0.334142735660359
        1.051111915994469       -0.264384086968957        0.107816985721538        0.789417195421809        0.104509762093218
        1.160756662331166       -0.494453072030990        1.502223029889282       -0.599749192441292        0.025643329232164
        0.717964321015758       -0.272679204169671       -1.416110169795785        0.295062603090363        0.305993898283899
       -0.833336307605791        0.705686485725612       -0.575295956327565        0.165205481741818        0.584140513845382
        1.582919732937525       -0.108552260013594        0.021909670068822        0.109683988410248       -0.788359068538590
        2.062744620496178       -0.724816328316891        0.472830051703152        0.227504139072473       -0.438399054417933
       -1.993803782340129        0.787142129973736        1.569721854134533       -0.254037073962941        0.388126403791532
        1.884324272969571        0.025772720049882        0.139952514364568       -0.057409705881913       -0.469892601345878
       -0.798751980095470        0.301130027802358       -1.584718772681600        0.186747198005748        0.739164295942373
        0.398466021196803        0.363884903212685       -0.006000488282437        0.411581150293126       -0.631831538045967
        0.564233807123919       -0.072458962120835       -0.817464270131872        0.741064286012438       -0.320410002315040
        1.032008539033405        0.172532795961648       -0.081096539057469       -0.499021578810726       -1.437198934024998
       -0.281849332299499        0.012752470766393        0.014259595639876        0.416192309130228       -0.967936945947493
       -0.416080113589133        0.164115558695034       -0.493267454623522        0.384048912308082        0.611342192202172
       -2.166185802704689        0.608495436109686        1.235381957954391       -0.147809448053715       -0.941375259646016
        1.294192608632790       -0.269397123273356       -0.163365122525873       -0.769618194316313       -0.209496446219120
        1.054457526273491        0.043567465131588        1.620129205426662       -0.517982089194742        1.210654505207397
       -1.480012132743914        0.016790640532412       -0.263171884887852       -0.415430164502794        0.315011801401298
        1.321725532536079        0.273161106808296       -0.078896277251476       -0.150967874305894        0.916938668295515
        1.342119268915824        0.325974857395197       -1.102189580965939        0.560429672466688        0.154708488066508
        0.083923302876230        0.142307436817053        0.645386937862870        0.392774011054518       -0.386660618803402
       -0.444787234453006       -0.119837724733864        0.240142398316706        0.053575938051049       -1.903972407992009
        0.869061179301574       -0.416588465568582        0.697025594133532       -0.300309978601654        0.119664297228747
       -0.943582200984599        0.107398003548165        0.442012161590504        0.359318939414136        0.481330296651685
        0.062883787626272        0.198185526277350       -0.377429469371019       -0.114212575965275       -0.092114452728243
        0.703242719379259        0.174758986289329        1.115897690277815       -0.609313421643340        0.193466416936159
        0.335563291063280        0.132318218925985       -1.178113940836727        0.202504594599098       -0.879136053519930
       -0.279502392877930        0.313947541662187       -0.246366545250998       -0.147582973862682        1.088149738567348
       -0.038431973763858       -0.165397703755032        0.774412195084428       -0.093883391318838        0.090479886431630
        0.620674801546086        0.213777963469932        0.513172502209806        0.232835969089638        0.176180606842867
        0.560443380796898        0.216738788742083       -0.621939334839528        0.640616150431635       -0.936751594351247
        0.310373836803987        0.898609200461751        0.982815686521484       -0.938481222772979       -0.171221848465319
       -1.510971086988646        0.481046793015204       -1.327006997424989        0.523553092398114        0.420775696464448
       -0.072679629950074       -0.243346715294175        1.044813134045739       -0.175415996665376       -1.142839917034341
       -0.256443925904848        0.089648521299548        0.036358362134265        0.170550202871323        0.007360989593764
        0.439219960831966       -0.305023445646450       -0.579461512391808        0.838889410071918       -0.359703058397969
       -0.363958205707211        1.151740695341173       -2.475942881294770       -0.019325535064639        0.734168380953495
        1.669468019073804       -0.202052980855163        1.519863121320411       -0.463536946009891        0.078919744405667
       -1.059105340077467        0.997085646532302        0.169071200194127       -0.463080250588076       -0.361993532720602
       -0.551510345024291        0.012391645573471       -0.252685939818183       -0.364366334123163        0.704284211874796
        0.243030042946451       -0.495677798874357        0.009084866424755        0.908909303491248       -0.247454903916070
        1.996848722716169        0.063810013242620       -0.078032526340490       -0.943265211041154       -1.543836384056493
       -0.880173609134072        0.025410025927157        1.262749198920657       -0.325631979329644       -0.063483971202160
        0.009961836088817        0.679007077042267        0.030534540404336        0.310373802963708        0.423630953008596
       -1.361621248000193        0.000566330080245        0.392486699435107       -0.256900451532333        1.695052268768080
        1.913475748983449        0.287983276189869       -0.740570150508198        0.256323227433186        0.451904882553730
        0.691207518708833       -0.537160490325817        0.333741088304726        0.181414234004187        0.235485842674886
       -0.387040288176028        0.034356194917649       -0.850175730207092        0.539458986091136       -0.208430380025478
       -0.385189310101602        0.125076466950611        0.725717064794411        0.131300046680798       -0.704264995259095
       -0.396593915104856       -0.284817959525953        0.711266246900161       -0.636299396829670        0.902114626110964
       -0.731007163499891        0.696574769442545       -0.828973831769532        0.685340825863921       -0.854889715216627
        0.236113813143885       -0.290264750204849       -0.978023340239783        0.375784122028125        0.504205837162447
        0.606631060188469        0.586002819318234       -0.852729559035305        0.495428157086095       -0.097956723898734
       -1.271885667160744        0.558148284468552        0.074195005202936       -0.282306113961874       -1.803011695303428
       -0.246631921088818        0.610041897703149       -1.666240770732963        0.021861428424935        0.638293438694054
        2.171356868320782       -0.003844759616915       -1.176574014278997        0.719141281659745       -0.315428361357804
       -0.718077974884058        0.296251196386745       -0.165385131309902       -0.278422444612333       -0.183368387839429
       -0.627664775461403        0.102692350613845        1.027347860811125       -0.140207790240284       -0.030334810979201
        1.301866835145969       -0.653030809169538       -0.170701595527607        0.175041811724218       -0.092201126954295
        0.693289936005430        0.324679765518987        0.480137445842460       -0.627063037889121        0.835837589011807
       -1.553809006404012       -0.070836554775704       -1.019849991759469        0.732798404634472        0.964440982636065
        1.712030018513618       -0.059714939135977        0.707953370060368        0.570428471086892       -0.873664296706363
        1.720065918405541       -0.845849293062118       -1.482517146856723        0.281523726119112       -0.267831018621481
       -1.196692036689973        0.162546157996045        0.554695660488516       -0.522115293151479        0.957018401173296
        0.265294916480276        0.298663342132849        0.898769386319796        0.172444495377770       -1.090726872897846
       -1.253475497780009        0.206386714260500       -0.695488538074216        0.198130237317608       -0.771475468161693
        0.761772979828887        0.349751935835116        0.173546198225076       -0.075158561802289       -0.171967037327583
        1.786590543492090       -0.133669619544165        0.819644401252122       -0.269548730096799        0.054355594453566
       -0.634926255097217        0.218151768318386        0.103246211827972       -0.399380575288462       -0.124165374585055
        1.343003466371262       -0.370590656440245        0.652565178151815        0.334376751525664        0.222570243928350
       -0.080181560205853       -0.208829424876637       -1.198924515286619        0.225948927265848       -0.627618812874021
       -0.895492513378226        0.437024094085706       -0.933081583106864        0.257783300946321        0.372698926395406
        1.233682217416221       -0.507216680043334        0.577644080119692        0.096284416784722        0.555184362480794
       -1.247951482949651        0.832852814425128       -0.067376124650542       -0.761912653299207       -0.513114063271203
        0.680632696854333       -0.351959017921126       -1.065047829782227        0.086957889090999       -0.131296633323132
       -0.809477917690595        0.200707570881200        0.860045109776483       -0.237813783327640       -0.338678824371845
       -0.089240436618762        0.223977349421747        0.080646021267622        0.241439810532222       -0.088153437072805
        1.625582782063848       -0.295911296530109       -1.090669314561413        1.010319912633167       -0.928401577112879
        0.664984799388845       -0.782787673178288        0.314547158544592       -0.046599104541377        0.728359754821538
       -0.456098227495996       -0.211920759074363        1.320949821461845       -0.618545893584579       -0.386788459297055
        0.816013516847561        0.104403049142310        0.396094283132162        0.861890283195233        1.224095683234868
       -1.059858496515718        0.063544974927415       -0.144051238626017        0.347359720519714        0.594103229631117
        0.785215188000170        0.206415239535704       -2.509695055405369        0.700968259176820       -0.280790286856083
        0.896614742262922        0.608248559685029        1.299861404827226        0.562957480373316        0.377298018604359
        0.035257668377616       -0.299062773304929       -1.839867258252233        0.230881854779069       -0.049751211764610
        1.529011850296099        0.204006781635325        1.208565979689626       -0.350437936131043        1.183829602430184
       -0.873492409974263        0.276152229938322        0.198482272071966       -0.005676780221786       -0.113402570483229
       -0.645807643171948        0.971156786002876       -1.021925147477164        0.254751152881185       -1.243918327849737
        0.297506293102965       -0.068103178985894        1.456096521027610        0.458988648636065        0.328026807391844
       -0.784110580757555       -0.046147075848036       -1.095199711603309       -0.377851406412421       -0.965273847447588
        1.214351026850806       -0.722405077100887       -1.148684689592504       -0.053610623601565        0.239597771428857
        0.031587268971307        0.373832100479191        0.702099504164977        0.171498089615848        0.460730717320539
        0.949917388168177       -0.060266608204239       -1.082301408471350        0.325652735720628       -0.804029481342131
       -0.735994015902575        0.017478551422306       -0.639884578231505        0.179712361476786       -0.896946785462142
        0.790148628170895        0.300655515156204        0.171773707130445       -0.862193770178650        0.525322130696058
        0.478975252025818       -0.106838590937272        1.504933824169071       -0.280922697929300       -0.056408296646960
       -0.574238288656269       -0.213677762400692        0.572901210550640        0.426772170023740       -1.263473578530297
        0.918356454126593       -0.571217948939927       -0.956484525699415        0.225379427532691        1.829115021178166
        1.374103181557249       -0.472113620113172       -0.037157522917626       -0.227342022771546       -0.095775300736721
       -0.757504058466246        0.424964840791949        1.105938398098176       -0.002336901797286       -0.760812658786511
       -1.813737838374496        0.645310529560693        0.509880409340624       -0.365641966975600        0.499036087252783
        0.864846959883977       -0.699415908594068       -0.911782315297134       -0.305888615398660        1.287477906292720
        0.260691508608643        0.391203980268115        0.890634481660194        0.041952290333093        0.507018748251261
       -1.419012372436705        1.786376500383719       -0.901467098039137        0.214323985528699       -1.996039997903611
        0.024352484309679       -0.088895123410990        1.339619938091265       -0.098259753559052       -1.120673800329635
       -1.317558972454859        0.335880840246099        0.024958769177176        0.182736792823551        1.465691470063121
        0.921420826825008       -0.254242793183810       -1.291161089015352        0.687892992317552       -0.706170806276216
        2.122736483981531        0.161265550325178       -0.324259357833600        0.584647745894028        0.084011517310104
        0.236546195369025       -0.457567235928773       -0.717457249515656       -0.178833276796759        0.484540067577066
       -0.707525149723137        0.336509738662844       -0.346287416957239        0.753268369661319       -0.195780566330248
        0.061124874751193        0.095046801784255       -0.123604933427064       -0.250404909661068        0.701081000467470
       -0.435912082820112        0.526692232085941        0.293744844576214       -0.541326945367146       -0.294892540655395
        0.286558688421689       -0.017618501526213        1.061083795317330       -0.448426214993615        0.019805447229829
       -0.660100347729583       -0.345222696215522       -0.262606454245222        0.314449297224886       -0.837179737643115
        0.778719890161967       -0.409177137868319        0.297493154511342       -0.192854183361145        0.387490591360706
        0.138247403319141        0.195712837866785       -0.866294468212649       -0.188948257835084       -0.465557643975874
        0.283569725617548       -0.522695970515037        0.209232754810178       -0.233711665694518        0.017036253401811
        0.512920567322528        0.283981207781029        0.653914294068903       -0.184443959592823       -0.283564069599685
       -0.760156852706554        0.924021686021983        0.897882283710973       -1.026660192799243        0.382735447908322
       -0.687173699444640       -0.165717734272790        0.412350731199357        0.091729401497786        0.240856096271951
        1.176827098434789       -0.313676197200274       -0.632698539747963        0.222889438687370       -0.886542708901753
        0.603891780661241        0.190994808328176       -0.614571495817200       -0.699573960434404        1.456020698161232
       -0.183475831781855       -0.034710399701658       -0.834757075120302        0.941920841353161        1.102786431675755
        1.088604964614551       -0.639687208822065        1.036387482540051       -0.318860484027448       -1.007496416398231
        0.212919141639201        0.025063437514461        1.335115274488673       -0.398037216695531        0.777762511182987
       -0.156151640715027       -0.274656069610717       -2.474480877496459        0.680336223033424       -0.691382918357937
        1.765651433992155       -0.244795660532982        0.020256698729633        0.117732486343576       -0.257755451659161
        0.593830293194455       -0.197105915330224       -1.716604940916443        0.250146703871604       -0.329671451548257
        0.122198211225473       -0.416868893947812       -0.569703655022932        0.026281486672455       -0.039322192339223
       -1.612973446142252        0.416246637621333        1.176102381157662       -0.705375294595957       -0.419452175977315
        0.042671153515781       -0.635668142258839        0.225888186075631       -0.505931364844482       -0.275355048770108
       -0.131487953438911        0.155758223014990       -0.787769291310163       -0.527500670812036        0.198691051277988
        1.344342117277060        0.243586032641720        0.806263233618979       -0.072277172337546       -0.548446256579686
        2.355503211187492        0.283494809637029        0.177636700063899        0.142154717684326        1.100852045624058
        0.014112297875079       -0.181340496005338       -0.857920048954463       -0.141998682705363        0.068692271728132
       -0.925980738594140        0.291076942346950        1.545449032543564       -0.448599886539719       -0.348953387035148
        0.438031027324739       -0.104914552516868        0.844483075372299        0.130877149672150        0.363219441682259
       -0.149852110820640       -0.494465529687332        0.088437822940293       -0.070789396577853       -0.156143044268263
        1.184890516879175       -0.345357309122118       -0.502218164947118        0.001326286533933       -0.816775949261409
        0.216816690534441        0.611327453609321       -0.927441619376280        0.139391044769054        0.118557977292376
        0.658549889889720        0.084438156273366       -0.200614721709738       -0.461179082847700       -0.034165286629417
        0.428145826291706       -1.090290099979088        0.352216955422559       -0.099326153037474        1.083945365430066
        0.021713933271982        0.893159947844851        0.663503050131534       -0.305573948310052       -0.380033708545871
       -0.971685470019917       -0.082757699656824       -1.029365512555888        0.421149623289328       -0.422200380385899
        1.292748299690557        0.048284407333052        0.570270401706247       -0.505993287150720        0.418968644652013
       -1.021719026527443       -0.109979360463534        0.473902351781866        0.309577679890819        0.053631126963881
        0.714269759934954        0.546907529530192       -1.149090158922560       -0.139800909478358       -0.253415204707197
       -1.461489915400181       -0.216199233948393       -0.140435602737034        0.197886896429629        0.928037684900247
        0.785037264022138       -0.494743136221145       -0.396942471094392        0.420736190843677        0.738025434601463
        0.323691812043017       -0.050179518687018       -0.322832144194300        0.862393493707945        0.445985167573636
       -0.399727824505322        0.190129594999482       -0.961081587270325        0.342468066652439       -0.030182924176807
        0.607418071684129       -0.046126024047367       -1.389884514063943        0.919473722499743       -0.112011834010310
        1.246789520140577       -0.127733720797251        0.588722382575434        0.138044394422278       -1.127704565366747
       -0.094676953130050       -0.117543851738020        0.050995644535230       -0.316524989477757       -0.432753672369957
        0.089972369391051       -0.030821567321127        0.436641727899461       -0.461172269405998       -0.068066019756851
       -1.690407047591330        0.306652275350785        0.835373935032895        0.192635998260948        1.750873378068511
        1.377446536679479        0.339495317425075        0.712473760220622       -0.676221721328335       -1.262370515587308
       -0.663072979342733        0.138930011137658       -0.594358810327018       -0.132087579140945        0.662788071775905
        0.117463395652269       -0.128516989935156        0.814542961788093        0.298687031254794       -0.536814826570397
        0.070843099410534        0.321540159959485        0.410363916859431        0.693355796078178       -0.315064885710699
        0.425679719170782        0.194925719723370        0.736263333459084       -0.388078028086239       -0.544196365349149
        0.738210074025252       -0.080705557158116        0.516346980409845        0.622128980012049       -0.220375210151504
        1.262343386208768       -0.832113615119175       -1.500217076575624       -0.070542362680857        0.287928394873598
       -0.878653600193976        0.093469774108178       -0.812754895079166        0.380169708085555        1.071192414012266
        0.602595725996716       -0.121486087924306        0.565075407421689        0.065990103756909       -0.419304203964080
        0.573350775610112       -0.023122000689071        0.841163679887935       -0.734381776857497       -0.700104488607690
        0.914416431866356       -0.473991788891682        0.590500379445125       -0.356815132958569        0.789736735398570
       -0.392584152341139        0.066439605915331       -0.184423308492535        0.047707332479171       -0.179892907975605
        0.845475181229309       -0.120718293845011       -1.425185722356393        0.541798849523917       -0.080301988925434
        0.276372740010658       -0.186081327925767       -0.340866527147815        0.107940193380702       -0.407974356349732
        0.198925963728519       -0.162741623981748        1.658874457002623       -0.180774202121911        0.546578141729365
       -0.623922548725890        0.429130423309307        0.174937873208278       -0.466467012764194       -1.193724148072359
        0.899573524163719        0.276500617958444       -1.051733945548948        0.876687041516798        1.038891913712759
        1.512507943148742        0.060173155703219        0.632091647179539       -0.117249506148094       -1.435578358272508
       -0.443607028846946        0.226698623018660       -0.324573281540468       -0.350286248991683       -1.369878592330094
        0.053870291190519        0.216797263624799        1.131773004348767       -0.116360608578086        0.485188780523576
        1.001547956978253       -0.373210788984576       -1.149230158092703        0.446649940194987        0.897544353165393
        0.000394886386804        0.015305058150825       -0.233976901575703        0.239843890191931        1.202516383258034
        0.509394457679623       -0.670174295995593       -0.876365091692525        0.712151983510882       -0.429211921253230
       -0.278846119646977        0.886610520765360        0.574808212155528       -0.179210759849481       -0.503613914630046
        0.634590324046523        0.284852047793266        0.859140131619087       -0.580248070342930       -0.015689184371606
        0.027050840002724        0.091676563576816       -0.361638034983664       -0.398348803499438       -0.142519656681337
        0.004947133733991       -0.189957851825373        0.449014902855681        0.008533711955163       -0.091575634009230
        1.012827401589911       -0.242110397207979        1.517607952350333        0.135723651396612       -0.248006578579219
       -1.330934507863939        0.182684685302191       -0.431138429443798        0.356856520975806       -1.551136575805159
       -0.152722783701088       -0.069689538346434       -1.351359691027802        0.793544279726524        1.269841889714556
        1.809499382756610        0.024063116779679        0.258541976077448        0.186435597539966        0.525636939309955
       -0.269156760199778        0.520950823915406       -0.398161273598186       -0.585038795160268        0.458037558518749
       -1.012253931640958       -0.117123993938584        0.207930300429944       -0.064804686329007       -0.035652300158759
        0.356322219266814        0.495087224168971        0.410716885564943       -0.890788301491522       -0.350331291400057
        1.514063190868957       -0.548324451776918        0.479661330865669        0.348339876178656       -0.328709185973514
        0.602980872492035        0.144687738939633       -1.167060084852468        0.748627787760994       -0.271315411994093
       -2.295864673744996        0.953191677088237       -0.970395877202072        0.004323534831797       -0.946945331617830
       -0.267309652010404        0.604499606688770       -1.101994229291494        0.212623100730359        0.332698884024474
        0.457834642609469       -0.626329387261743        1.969457216375295       -0.435775891821167        1.673755249338118
       -0.278123196250585        0.371632786999852        0.829924400903329       -0.787688097900847       -0.941967764543635
       -0.181825128576012        0.259308152769778       -0.877316447151392       -0.013466892331171       -0.273477430473176
       -0.707332314881574        0.875210723096037        1.455603111669593       -0.345328957490089        0.083886850566459
        0.255561515641985       -0.248627230853337        0.285760200656765       -0.458556819374953        0.289016174263435
       -0.629593694774395        0.064830209903832        0.067837681082128        0.370491851884717       -0.131999536357453
        0.048798363408978       -0.372193190224895       -1.435862831882230        0.178544228163998       -0.171677727290020
        0.866761985082938        0.096943987686451        0.390384718691865       -0.023103945007302        0.013515065280996
       -0.694494942317601        0.205874850215077        0.025427960359058        0.042263572018112        0.970543198298321
        0.744988799951417        0.135268554243733        1.294165222287122       -0.350553326103725        0.677028309052423
       -0.481231378547816       -0.335384438292423       -0.413275761423869       -0.239614230346956        0.886640425066209
       -0.482202327933792       -0.081338724438974       -0.574925135400329        0.531291540625042        1.058264313052341
       -0.820824573370250       -0.092237515654723       -1.269338942550796        0.066087715247863       -0.574431061381860
       -0.243744641167602        0.752824309836566        1.467235920291030        0.112991674221040        0.163955702391737
       -0.406727488786838        0.100740287003809       -1.270841436661272        0.371759884841206        0.312298272026187
        2.064084423974230       -0.303746707560219        0.678942773309634       -0.407855288024664        0.007411942770674
       -1.376636479788846        0.473592940093521        0.725197563755501       -0.154325402935922        1.902736513251410
        1.240286852791384       -0.612917871827576        0.193312183596961        0.155373514836535       -1.425387602960260
        0.507853723192392        0.135690304852151       -0.048969526465291        0.051649058506175        0.224334992601994
        0.512648731363958        0.253994975799145       -0.977130187235641       -0.035650025033527        1.094750086475742
       -0.394160606935797        0.130408581433022        0.182898775809783       -0.027116516513871        0.795249295410859
        0.242611126058279        0.012616733887385        1.218043640892036        0.206621988796277       -0.609113706962959
        1.398241159298730       -0.340435360352822        0.369106262210331       -0.040865831113283       -0.771763918827445
       -0.164709359955185        0.760657544299492       -0.553052106448060        0.124768410122184        0.503057683635367
        0.036599873614864        0.059649914344656       -1.480706431347627       -0.010230595560834        0.534730670899810
        0.025597277247739       -0.054706714453546        1.717051063701081       -0.245042330685005        0.401108336653951
       -0.841265654225151        0.013893342310087       -0.014799085881536       -0.008254253903357        0.113916647669784
        1.018750893949168        0.066050065113015       -0.701936672291321       -0.065515695572348       -0.469443386930049
       -0.976719087638156        0.506978051792241        0.386385999621555        0.119405150039103        1.091164846445887
        1.157701923242704       -0.279741300186944        0.726929476787997       -0.379227693069408       -0.369852744440455
        0.841949527439557       -0.446182322836767       -1.908893055486910        0.843534691667627        0.291149660125262
        0.527757342656295       -0.039826818458175       -0.173969041124933        0.481397603653219        0.290473188147316
        0.761027096613691       -0.184869429585793        1.023568797704027       -0.534416877639699        0.359886178918620
        0.677326185661407       -0.342670092867243        0.359237824078320       -0.167744317238799       -0.929122726985380
       -0.688506455088832       -0.097499721627279       -1.881377151405976        0.088974918638767        1.533364957047266
        0.847596227778469        0.626048100927363        0.468062605778371       -0.712895949638039        0.781254183607948
       -0.278182427726966       -0.400928032527345       -0.235698060934161        0.775457164529458       -1.507061837510955
       -0.205737935400934        0.586522662548246        0.469921578023538       -0.259607023167880        0.571691158142120
        0.127246989391566        0.322642478666797       -0.109095576689883        0.232253973406875        0.248607331365654
        0.532606578613747        0.210546420483197        0.230060288293103       -0.120466253946830        0.371950461338836
        0.700871283008602       -0.654497973230104        0.946435763764229       -0.248574900813666       -0.788373164197979
       -1.194483524829047        0.909327700464796        0.397972235693590       -0.038831166925469        1.197469390306070
        0.622006515506535       -0.728802343449333        0.114255840706398       -0.085648242260432       -0.187440195290507
        0.333564923717154       -0.135394190583740       -0.830907328620130        0.338842783313909        1.334031005014201
        0.011406938444223        0.058124854068674       -0.265736443010050       -0.133687620831132       -0.176542465726282
        1.225290797157772        0.083898003229891        0.352850716661331       -0.500508993517636       -0.112654893542795
        0.346844919923499       -0.325177362598503        0.250462866885822        0.175395783236672       -0.493099305580144
        1.222573952131572        0.320881157301687        0.117811004368155        0.145897620141427        0.372616920687493
       -0.931520852209129        0.244396496447394       -1.360791032029449        0.570205326997438       -1.243604215281110
        1.483847874373661       -0.362108215875980        2.141686480187058       -0.417066175526641       -1.299083706059381
        0.290838270073917       -0.225531882179452       -0.477661529715874        0.174167780552183        1.467704328130844
        0.281612266835909        0.467330281796717        0.159001485957224        0.795722949152752       -0.606992167747506
       -1.801441966018670       -0.023766140196395       -0.390840647077278       -0.547492271890479        0.634661380857147
        1.580201742137390       -0.166308953397051        0.755547682440899       -0.108226860694532       -0.399148483882424
       -0.174929581237376        0.249612075737562       -0.100987581746016       -0.365797172651181       -0.329838218150853
        1.497935859049958       -0.131032132924815       -0.933624268760583       -0.042334398466452        0.837854273850986
       -0.321057991543697        0.365891548621330       -1.233790292065278        0.553498505664320       -0.993835772377614
        0.803076336662456        0.114894233325790        0.837403035224447       -0.026639403453880        0.619824139358121
       -0.776740260292282        0.335812769945054        0.075760763206839       -0.384115722461949        0.207364539879266
       -0.174667761890556       -0.032910949620465        0.177103096433670        0.272553775419770       -1.014370923889685
        0.956675757682498       -0.436603726107690       -0.448491676788099        0.663502678377379       -0.001553736143622
       -0.731338684559723        0.358531567759545       -0.245739821635820       -0.132123193343782        0.613519178004747
        0.716737202124444        0.198287191286462       -0.454312008832787        1.205445211236292        1.844912099727100
        0.597597358901900       -0.291138297699160        0.651287700439333       -0.785167547690331        0.326853269843112
       -0.220105962655769        0.166253975043204        0.479304437500526       -0.568636292013565       -0.144008299154422
       -0.469870910085509       -0.259850690446598       -0.744956782109205        0.425433560480050       -1.512972760641917
        1.140753174600626        0.001838661327317        2.252905744632010       -0.148217778148876        1.719100914514595
        1.043501970743467       -0.011109032836252       -2.609941505565529        0.776369351274187        0.741819509111387
        0.058822746921461       -0.083746536921805       -0.589473560455750        0.322550733427209       -0.769113508832953
       -0.878360725775114       -0.013806710270944       -0.043920172492779        0.737673391433352        0.373781867570148
        1.328688763162514       -0.450084196525150       -0.626426219727908        0.073433229495535        1.097098599810301
       -0.320369234219605        0.015085260865507        0.266605393687967       -0.009527940896873       -0.862086169985312
       -0.734381899034438        0.694221524328154       -0.364616413509415       -0.489178734592573        0.013781827977137
        0.314823255736651        0.320500738449765       -0.038366947584954       -0.018879186667388        0.370050656569565
        0.205313582380867        0.160693115532149       -1.490624112404001        0.025322506099655       -1.310421283790586
        0.352084791956007        0.020098440273090       -0.519889310828838        0.412031450714486       -1.221276245835250
        0.540406124225718        0.047839992698480       -0.173846605529615        0.245052061837561        1.188592459565369
        0.664312259809153        0.014052535464259        0.411250480441872       -0.257247717764532        0.275395434041823
       -0.167974872426992       -0.155532352161676        1.505182677019335        0.079531649849178        0.577039556116474
        0.829309570072760       -0.084065722021324        0.171769369636223        0.382284288125903       -0.464341709855072
       -0.552882525004078       -0.046891028356435       -1.220423410733773        0.843539735366601        0.330974574708319
        0.699222418701316       -0.005229114877091       -0.313830844671330       -0.407266361125448       -0.588958603504480
        0.229962996983153       -0.730871580627649        1.080451268022513       -0.830025837672278        1.349979142920779
       -0.504864864231204       -0.187866907482076       -1.477118376568824        0.243052385073635        0.000075057210031
        0.472202790445332        0.120680080669051       -0.879689889473909       -0.022796172382602       -1.201368735277143
        0.607332204121379        0.323842491348342        0.663862744835326        0.806274763749225        1.891501280432179
       -0.070337155012650        1.069394372565713       -0.062710704831787       -0.452623354664952       -1.278494416928736
       -0.483969651933138       -0.135529723713509       -0.416702516983114        0.395291141927254        0.969212996352442
        0.455513827618246        0.409308247831673       -0.445932372466167        0.015376829887649        0.943016261000835
        0.102445754924940       -0.158947663922227       -1.460785698358434        0.237657607783443       -0.224224997173144
        0.794188349995606        0.339336880825712        3.140992410096265       -0.314730496498469       -0.213260165686187
        0.232070848121234       -0.175129380126549       -1.298125953303785       -0.031356386604095       -0.953911003147462
       -0.898331874090120       -0.150350328877976        1.730899228409677       -0.356532964165859        0.380364201119606
        0.410623729917922       -0.012767285738722        0.721316752080763        0.125330091209867       -0.868825502156088
        1.455922906575541       -0.763120454936847        1.466472591965354       -0.542538297596120       -0.833579741706365
        0.986258163229876        0.166291366930123       -0.553199274212774        0.488605446025511        0.353639281949490
       -0.577395094785083        0.489081395810992        0.425231450811907        0.131322858700434        0.819280357791175
        0.951607449958323       -0.317069847195476        0.211107359930761       -0.201572447043119       -0.357027576285567
       -0.173536237397774        0.098093160017548       -1.567771720422567       -0.315904166212296        0.171428691476556
       -1.156824076765133        0.557805830027509       -0.738267493678211        0.145147328077580        0.571776478324053
        0.092718603460222        0.342227073663003       -0.361429923129225        0.622433959624151       -1.373192686505416
        0.603661280886563        0.326518975176498       -0.152554909296095       -0.253093467791293       -0.610325404425832
        0.349417934241704        0.037953057875919       -0.475361320810565       -0.222673666668546       -0.161582040090442
        0.549003401907439       -0.331718135753340        0.843091465267055       -0.397983680204461        0.693194211713833
        0.665548837144737       -0.422262513416422        0.123120225629268       -0.031275007331025        0.243411943605037
        0.379156853854159       -0.537378745477389        0.895637570549937       -0.631576787655778        0.869549211786127
        0.230286452404997       -0.107553667054271       -0.851249918182871        0.346644972311055       -0.129152775588141
        1.253677756642309       -0.086350255916869        0.019677696612220       -0.286933031861661       -0.586192368225062
        1.206439769420648        0.146270198251590        0.521969380663825        0.377677490714699       -1.124440782884292
       -0.313875657793083       -0.249281489360086        1.460003853079109       -1.086174816152675       -0.572637084941333
        0.235597373910486        0.287515101401730       -1.336328425637743        0.025117522922137        0.833343686978943
       -0.225552971950883       -0.626264706161008        0.705907692820885       -0.005163760623705       -0.500669525130248
        2.370955672677076       -0.431998306925104        0.464394313173347       -0.115885110443711       -0.158262900214775
       -0.339693324884067        0.036514525886495       -0.647668672198374        0.294683401485300        0.329482433917899
        0.215791403523004       -0.714932285348957       -0.346656085532924        0.245226648194619       -0.688541525608393
       -1.263635693331502        0.597715468615861        0.785640311934679       -0.251337080799349        0.258549253184136
        1.489852916584670       -0.107371352233876       -1.110013275902151       -0.072481762724252       -0.085125945503323
       -0.288701631027519        0.447813157611082        0.347273788134528        0.033636907566769        0.564439473647401
        0.678877580990538        0.361655594111066       -0.109877493363795       -0.171692751899695       -0.559560751486355
       -0.520685285573103       -0.084966832667948        0.185167600488797        0.031745599007311        1.108076909044974
        1.659742812214470       -0.914223671010342        0.491544870904235       -0.160661414920666        0.168806107064919
        0.547628174837522       -0.333393360967841        0.902972736588856       -0.729213955521070        0.173580602535647
        1.430780613898919        0.189509068415077       -1.410563994051411        0.314715955943569       -0.837709426220649
       -0.428681488185977        0.149044850488348        0.781503578581622        0.157425162380679        0.336439576513139
       -0.697683220584670        0.387295983967909       -1.097844051436633        0.104492049604929        0.712322416889088
        1.037138217538176       -0.114346947319698        1.152310576525963       -0.388897686254954        0.184643482993194
        0.137876184088664        0.413478682486038        0.142925342824505        0.064471286541233       -1.011088140438641
        0.827145685299917       -0.100338372328953        0.061190395827666       -0.457911818157904       -0.105801857707370
       -1.455725298022287        0.611957242633178        0.858749352998522        0.106197580149061        1.225145750823123
        1.298040543143804       -0.280587368833445        0.134322390829635        0.333894035076451        0.806688117224177
       -0.685299924243575        0.021431913568589       -1.967505468133985        0.036067708334228        0.028416479156363
       -0.702879901946830       -0.017591329870390        0.382791694572305        0.356675062751968        0.138381299283081
       -1.107821259125755        0.240985280191277        0.107997419254844        0.240609865425489       -0.332642421888637
        0.517917204507885       -0.224468054141104        1.763265579475359       -0.150511922490749        1.222804883512431
        2.121935327963307       -0.282452653406448       -0.479605247404082        0.511713833400068       -0.463090330637983
        0.890039724749553       -0.008236109264118       -0.398413880620601       -0.057352125408525        1.442097718531964
        1.125275830590115        0.167329224077311       -1.251298060899394        0.267388352188064       -0.502534431042770
        0.721436159499688       -0.132433908443496       -0.342014386212030       -0.778220833554776       -1.262146054547663
        0.339310026029974        1.043917716530041       -0.850577836849183        0.041981491335241        0.720427652805126
       -0.751574281901076       -0.633584575714257       -0.245969852448000        0.129877903954107       -1.282968556955790
       -0.533864416118702        0.089820142740040        1.007520647476498       -0.130942097444461        0.778123158443171
        1.590510212865478       -0.205096690008355       -0.725856743347425        0.304079731603608       -1.488267181939735
        0.406533030086401        0.379793910365590        0.360325689417295        0.210732366883172        1.495050558187990
       -0.453641467439170       -0.110987099957526       -0.343019598249670       -0.131795897540962        0.004500459286681
        0.132817668853827       -0.335726371861202        1.520040482201336       -0.561666198392763        0.180235564018220
        1.190403213751737       -0.168151277253664       -1.174538437501697       -0.186459350458629       -0.656685981855488
        0.321020492708956       -0.257255523823240       -0.383386670910502        0.251847693037855        0.740244976016356
        0.298149681794510       -0.282356698060881        0.451669270580149        0.213518521827323       -0.655879549219015
        0.226419752418461       -0.129775582962264       -0.562343583697197        0.045377933924080        0.597428305967463
       -0.303658751693084        0.264012321268832       -0.476432073371527       -0.519026451755525       -0.414056973173538
        0.558789041408342        0.409748313647659        1.119868844004343        0.130293652499654        0.017440389321750
       -0.431868412713547       -0.156369490457197        0.589113852630751       -0.581880682500080        0.318925237922401
       -0.641741891658704        0.243677478651979       -1.384315640705067       -0.026758470299842        1.120320816863722
        0.877974935952156       -0.072243877740932       -0.488119700363155       -0.021711651620364       -0.476303833991698
       -0.438582269180329        0.462268646556306        0.357831390543754        0.368104333852535        0.890818708631219
       -0.734956039936891        0.358751159901535       -0.905998505265836        0.109357668881239       -1.499869324098740
        0.793075595332600       -0.192039876258598        0.618092623534929       -0.866118040161347       -0.151444731996672
       -0.201643529518499        0.469144958830107        0.554203926264496        0.212164334288800       -0.035625890998311
        1.524322359112725       -0.817136087471555       -2.425522753228158        0.681871160625234       -0.629025348519003
       -0.495535550739906        0.414071926881212        0.030710384546905       -1.026662116167377        1.298900972272979
        0.089594082491385       -0.053565629307754       -0.629584371980959        0.514667099127364        0.932763262635358
        0.476835677775870       -0.168007933399310        0.232230499812792       -0.194019078185541       -1.174249431855454
       -0.267111711718435        0.812680760208612        1.220657108279083       -0.459958113726621        0.582466922257997
        0.465454625939311       -0.069057752955878       -0.802063174472959        0.974284001653064        0.374098495612929
       -0.736098155814063        0.435231673553199       -0.253350874064436       -0.461447563212373        1.035522511655989
        1.020637207026862       -0.271001351609747       -1.257606470075409        0.582016207743585       -0.707769980983689
        0.318636879708452        0.334484229341678        0.845272395125084        0.490152531666512        0.825547723192138
        0.365318281710924        0.128298791555775       -0.275642585992932       -0.347638824198425        0.142501760713142
        0.288722339554487        0.360627049848564       -1.184775977810268        0.187645287809822        0.418876212094054
       -0.736847816320021        0.103316980590806        0.441448411038478        0.106234594796949       -1.754131780741740
       -0.587431077494627        1.138919617170150        0.614986105690237       -0.087373711153251        0.269622442094149
       -0.267053221070415        0.268710209926142        0.130787516140577       -0.762207509689133       -0.247274316320585
       -0.715748988752574       -0.613453209124396       -0.663161735462334        0.720594843088287       -0.289003899000030
        1.995485070411937        0.053266656527726        0.535323956212847       -0.525085957843980        0.905062559871916
       -1.293805092053509        0.003081425090967       -1.077347143715520        0.182362491784283        1.689591926113185
        1.225611292564986        0.121074579533060        0.187801773045568       -0.759004738873643       -0.794441361305307
       -1.120605258677286       -0.015542976949152       -1.613259412293018        0.280864045888039       -1.219361641119853
       -0.209386714412480        0.773329320822822        1.681559180123170        0.082707992958111        0.491113511414942
        0.407695599947906       -0.094734516753163        0.306225473235621       -0.061148864013121        1.328030015210463
        1.691019372111049        0.506091330413623       -0.315513974137331       -0.057208508201591        0.559123968401592
        0.135358272290727        0.480865936414916        1.702698902358877       -0.170485622553860       -0.211671911412640
       -0.280047924864376        0.569464453433084       -0.885509119066313       -0.225934721018321       -0.411953124659741
       -0.290233668189918       -0.113564805432841       -0.438003884858556        0.036511674721686       -0.639749155631036
        0.291858802106764        0.055781695302639        0.275514806655490        0.260850114654555       -0.029853877543771
        0.502881489987196        0.826024416541320       -1.335218322689822        0.341977900340449       -0.514915414600870
        0.521765081102402        0.470499715567695        0.127520065142778       -0.212431985931682        0.810818396771134
        0.010648774071040       -0.064711860760821       -0.232927690037215        0.241957438485483       -0.929964410160993
       -0.150332292169373       -0.607832150286230       -0.227293247674433        0.186248836056043       -1.384226806608191
        0.022884842354313        0.293097547428196       -0.506128160965836       -0.403952308593154       -0.024820447175168
        0.619051302137564        0.020392124998592       -0.694723054794380        0.631950084170871        0.042565539428709
        0.525452137570952        0.446645822920171        0.734231701472300       -0.113953526020988        0.851777806328881
        0.767625685735074        0.603499377070943       -0.689706822139461        0.372650336033944       -0.608279992909032
        0.222583507578133        0.410712805189921       -1.700042650598143        0.271446835439288        0.797939382505344
        0.039659625223013       -0.269028106995440        0.369825921095686        0.242308176211817       -0.447132338310163
       -1.261236886230503        0.260030334660761        1.294817371076674       -0.763948086312495       -1.553816018726587
       -0.825662324367892        0.440027483106316       -0.291737057231858        0.161127727598531        0.700963852299223
        1.895633599686434       -0.082113016763129       -0.003515571002932       -0.578010944942380       -0.647175292212765
        0.632366676672967        0.751927930102480        1.240307093018566       -0.010561239218896        0.824585767781878
       -0.341896829798223       -0.025842917148873       -0.579362170375297        0.235062208431245       -1.001921475261648
        1.512109997181984       -0.078930454215692        0.885646175765887       -0.407985514279489        0.951639390360385
       -0.012986326084811        0.680906378173771        0.214151406753917       -0.191811347736186       -0.981277983705924
        0.366679942377394       -0.088815331510582        0.337596264236862        0.362723243541546        0.519145062440344
       -0.757818457072929       -0.163603425054068       -0.277954704859037       -0.606357999075956       -0.603635654392010
       -1.025730589622605        0.240794411590537        0.871790011430300        0.057776308708885       -0.298648923438863
       -0.243282594344819       -0.125153936730993        0.058267465820005       -0.314712070736071        0.061841640227456
       -0.223236256625392       -0.112612429518182       -0.837963224295115        0.522698055997883        1.168621989431671
       -0.672200813241812       -0.226341698246076        0.435120894603134       -0.311978158957842       -0.417579990690021
        1.064406903301427        0.219928481987627       -0.488795115511412       -0.269640708091992       -0.278089948264002
       -0.717676464492228        0.091354523915240        0.128376579355572       -0.134309630166017        1.124280445898899
       -0.273425252164529        0.616186366064497        0.897843854386096        0.116064793952867        0.491698539254522
       -0.993169530444448        0.299502470746755       -0.166249515233606        0.509920377682319       -0.480764520913682
        2.448853031707859        0.241067106842664       -0.566934510803989       -0.197515699169910        0.954704803571846
        0.182740081266011        0.482115876860840        0.866102964344141        0.184620870577073        0.148680096915132
        0.441147441137390        0.219266400543203        0.463363118894133        0.006575528807028        1.705535582399515
       -0.785333661808476        0.036000193399742        0.769116598568407       -0.892684327225727       -2.487328801314482
        0.126037960232137        0.359366943260391        0.408737341347051        0.474473704750882        0.122416206117504
       -0.183127690483632       -0.199486544494379       -0.070022341181889       -0.150250903175829        0.285444372518538
        0.096814094876784        0.191793573064175        0.053116583056463        0.679771422278418       -1.127071480396315
        0.631606151886970        0.367676439429608        0.140148904903274       -0.505534248806178       -0.210710841492295
       -0.693422364440204        0.237730126126072       -0.383469462494949        0.812524633329733       -0.094033362961609
       -0.478021325254696        0.983261184116491       -0.165782252975421       -0.242551141337847       -0.576516246424317
        0.191514658192298        0.343536345781345        0.593283601946649       -0.560423426260173        0.107075901487818
       -0.419451060803452        0.337511715871431        0.586008592215286        0.658992998209761        1.117338054021114
        0.808189365240336        0.018183056316984        0.067104867972856       -0.145923191466176       -0.724799797744650
        0.802977102372401       -0.608062502172234       -0.646375749205231        0.779518708896612       -1.024092141547604
        0.388983793928307        0.262689262758172       -0.914964282349378       -0.070010097747289        1.016976000263118
        0.663945868020879        0.081061572304634       -0.711343880673288        0.071475140300664       -0.565223116919480
        0.818954627222511        0.461225821087015        2.131368621616708       -0.225065949654251        1.162075611871040
       -0.077194246692477       -0.379868241495778       -0.918050602762189        0.141790606339555        0.512667306013513
        0.169497245785615       -0.603322428164923        0.647189916160489       -0.152767084357997       -1.972027420210521
       -0.626530044045023        0.492720526522751       -0.202387155335001       -0.601308871042944        0.258482875294319
        0.028086934370053        0.333233132032443        0.513556193825052       -0.333605739723122        1.460151732096743
       -0.511182941828075        0.482229816296535        0.421725355959548       -0.009343650453433       -1.016232702127467
       -0.248726419679940        0.029656998968133        0.629858963721868       -0.693443528030212        1.672888876723357
        1.129296096920872       -0.006322386275720        0.954539318598072       -0.612231527548323        0.014218795786591
       -0.099295462473333       -0.119824717069124       -1.593473985341353        1.316396416278276        1.929494944317341
        0.441167005657305       -0.729531363007998        1.671943484536212       -0.450537260411721       -0.221096884916515
        0.228499401416199        0.816634551948973       -0.724764183302221        0.606812357245516       -0.845466777414937
        0.807580079956797       -0.262963960916181        1.376020462601929       -0.726724683605761        0.547762440597027
       -1.390443005770875        0.864354094092958       -0.374941134982300        0.355437030969978       -1.351186617760542
        0.636282197459786       -0.119629511167886        0.442848318631328        0.357419100914475       -0.042990053018641
        1.145650295226618       -0.254671021382949       -0.392157538940665        0.570526883510190        0.956923314871887
        0.795987756468889       -0.765368503244553        0.432404482635129        0.093699612306664       -1.343258448462077
        0.573381192639384        0.029408934849854        1.466736602143468       -0.343771142144361        0.992473668733330
       -0.573135291191524       -0.194033463262347       -1.189800651552564       -0.037075240624315        1.809243875628196
        1.438059696145771        0.423996985204289        0.264262486982095        0.564328729097691       -0.747563723197884
        2.224631181644207       -0.187178407738641        0.425561608965115       -0.017457744587664        0.996089883503098
        0.084433271541967       -0.387052865131218       -0.147698970975988       -0.194317535757719        0.081140863991394
        0.051848435640728        0.213267445883889        0.585832399712577       -0.476573221852442       -0.345935155924173
        0.899058206706597       -0.083894077271526        0.811954612328494       -0.299665402006631        0.099629959391823
       -0.289626648895467        0.194776229116416       -0.014598823034287       -0.101662934369328       -0.090991149662186
        0.241512929222855       -0.010487960980180       -0.035717623442713        0.425554352536501        1.075840943112609
        0.016166267892442        0.438688949605012       -0.358761517761533        0.525358536996393       -2.016996103399499
       -0.168187035850909        0.091162304739525       -0.017337497402391       -0.076181682146257       -0.445204162891752
        0.372323965563488        0.499365064922798        0.296557461622986       -0.563695961175333        0.341646338751414
        0.057434680844897       -0.948028658955654       -0.603162788884713       -0.422742147032301       -0.135901832334952
        0.264484969768729        0.234810338433077        0.580285026000314       -0.097190586520783       -0.072292941259552
        1.416814997090293       -1.211813715128715       -0.801536183142207        0.756535768145375       -1.087194809031933
        0.411337872849219        0.434938358872883       -0.777886258517689        0.774624286940393        0.791757032557752
        0.585240850093471       -0.224012958076831       -0.015866382050379       -0.078138466787342        0.476167902255105
       -0.975014144106816        0.087592645349187       -0.004467009954344       -0.735491949965011       -0.957015591088801
        1.110381351220528        0.754941392508693        0.959247094969441        0.452724852668104        0.484212926993085
       -0.572293018446781       -0.265752566197536        1.352807957600245       -0.465341032939500       -0.364969209371789
        0.422767885800205        0.084063088567260       -1.856986137614954        0.213643746461130        0.715750972204980
       -0.713642516780138        0.157006590434073       -0.339096194719282        0.368806466011991        0.765337475370371
        0.573734730399161       -0.466821757768566        0.084298339259829       -0.177432307491038       -0.865872651898467
        1.149857745483505       -0.522659327356788        0.798645510264104       -0.343760198681177       -0.187744821784891
        0.577405483809597        0.379364730436155        1.568102338232071       -1.090766030351034        0.891966729194265
        1.258121068850148       -0.216199818817887       -1.213246686388025        0.097417307718666        0.008448309796986
        0.557075465224121        0.171897548744300        0.041361484840417        0.258603955562896        0.301083957443993
        0.889462167112187       -0.775420398722002       -0.739809797849132       -0.158438186677146       -1.503482255482336
       -0.017429751179628       -0.562684860761893       -0.099896744828001        0.624708340546252       -0.090901763564303
        0.239556175606868       -0.081894360901547        0.487926903997713        0.314534991109726        0.379960506935119
       -0.176718142509253       -0.326038948452255        0.390714168794066       -0.456688051951925       -1.678619120349647
       -0.336888602089078       -0.009550006127953       -1.587712630465715        0.040185050597200        1.173733736307822
        0.863673616801139       -0.275053714550905        0.113841275523527       -0.099830686976921       -0.218569598314540
       -0.131250034931090        0.604157306481201        0.673384971487657       -0.261493147521943       -1.148544131904291
       -0.464346388374608        0.730441448957323       -1.084331973441203        0.434158540216342        0.136008492801481
        0.103552488717900       -0.049506216432541       -0.171261541786464        0.367722585737122        1.294492249323386
        1.811843577420012       -0.183241241675140       -0.722905808962932        0.678874207302681       -0.063026959544372
       -0.120645241764781        0.877269379795229       -0.817286425974642       -0.082068816585991       -0.321414734841536
       -0.094726425496198       -0.162062633706786        0.537824247919236        0.111031954234792        1.295195355166612
        0.262728534737208        0.203315547272417       -1.565633975299845        0.667853760129612       -0.839358961723101
       -0.285572424504421        0.806602648929749        0.246129610603797        0.559132760842539        0.576811109248209
        1.097722821417830        0.530370497103772       -1.375987250595923        0.278125763601641       -0.398597626961679
        0.085965170684767       -0.306891070665884        1.031112660708765       -0.457428078395852       -0.207991944442397
        1.945105808128403       -0.947590735934697        0.414344468163419       -0.452696070804746       -0.606155759725112
       -0.031398849791635        0.300380386503205       -0.170795621897185        0.393792868615890        0.501328304279820
       -0.802471158062019        0.523562721035501        0.652209941239486       -0.548288229510418       -0.561121243584757
       -0.194896276069064        0.218144491631491       -0.005397019003615       -0.091778746737165       -1.042055724105247
        0.231912341203523       -0.157773431731881        0.441204292367959        0.129809171296402        0.519795715335416
       -0.159122573081219       -0.207765840658889       -2.137682625745970        0.243672390786057       -0.446076418085430
       -0.180366613083469        0.033132157967225        1.707000159795996       -0.321824119633013        0.904057258338463
       -0.135916234189772        0.303073683018832       -0.584055515583124       -0.127746986521808        0.751047212973253
        0.095394722005625        0.622579113038163       -0.697560485250363        0.672125630332344       -0.054748073355486
       -0.597751055122867        0.404817526227443       -0.899902460361142       -0.009638967140189        0.946426126439993
        1.220130513717956       -0.310730052306991        0.037221916084246       -0.353369895689539       -0.658382947293053
        0.706545409274968        0.039566588223596        0.248331611536391       -0.585089350894936       -0.764670357708046
       -0.392242438905839        0.260841066373327        2.368023316597292        0.207907636204433       -0.160307559908544
        1.394597217648627       -0.602137958240900       -0.855690476470753       -0.290728004927455       -0.284271853716861
       -0.900189422934379        0.262051260833600       -0.478570898526499        0.339143711401931        0.884510721383462
       -0.434407485352852        0.307466499496503        1.272629005224245        0.078099141243719       -1.157511037442956
        0.303576299514290        0.351426552937263        0.038191140437834        0.031861470115015       -1.307542518775615
        0.091870185156650       -0.548573276843956       -0.061642551446114        0.041000576729982        1.003899097391103
        0.840582374018218        0.227422546527924       -2.175389335226020        0.411356634207305        0.076495199361927
       -1.655227266829659        0.952921156101931        0.858108141765230       -0.946075021395698       -0.156801272720806
        1.090140786682864       -0.565544779347907        1.288697046046582       -0.523538377785114       -0.286206914289260
       -0.231095309378532        0.039121008428562       -0.169326661728795        0.241478705879773        0.189267550182093
        0.163161509162359       -0.742283253264570       -0.676245013660118       -0.095135861258838       -0.627137723992153
        0.459993925009175        0.107385938642892        1.125517110641435       -0.077154585481281       -0.400079002721720
       -0.714897705409770        0.182486784201626        0.302843086997376        0.324158984582335       -0.184001439225096
        0.840226730376221        0.198115542485860       -1.908350640343222        0.036071078415692       -0.542450626294840
       -0.354247418173388        0.287063997129290        0.785357443308720        0.020796050781965        0.457722395107465
        1.794319381843392        0.103508686405918        0.256617442628118        0.297868290005533       -0.787593801859680
       -0.142081942318283       -1.283931828619822        0.751561195211610       -0.583068363988372        0.289375246068408
       -0.169384790374468        0.470311481969583       -1.069801342235440        0.978847136134300        0.234219053920544
        0.568931582881869        0.664338118194629        0.105112167301837        0.105995459551893       -0.243055731155928
       -0.599880829859419        0.122749008143462        0.501300099490942        0.133749441722589       -0.299166600718649
        0.203378830239017       -0.386044917581723       -0.621936112660378       -0.104220464747172       -0.348100100196631
        1.145861721984445       -0.248620511423212        0.242448023683660       -0.011904423304533        0.057309718799505
        0.141801668476307        0.039974734094242       -1.486351079638047        0.447081807966231       -0.956850012805063
        0.735713252137078        0.706098348151575        0.034161558094456        0.330817604589154        0.349447014755174
       -0.622550205110896       -0.208583118514920       -1.377169495090316        0.509621889289814       -0.295734236905901
       -0.455358865656508        0.808843892930150        0.116735794725668        0.280398464272020       -0.190695678083786
       -1.523279128666899        0.256237967462049        0.039019559689274       -0.989412367648814        0.909045019959872
        0.254452264525503        0.313410953330356        2.005143398850655        0.188285778353593       -0.016200516743642
        1.308512661008512       -0.264595763141697       -1.463234835011974       -0.004026609554798       -0.166663349841199
        0.102256349622562       -0.285542930616239        0.384704421502254        0.214055256821712       -0.414917499245826
       -0.684543509576409        0.305297610783512       -0.118657060489253       -0.593310205897851       -0.177201039758241
        1.994003430887360       -0.088687703691242        0.174405675261181       -0.103175738973157       -0.489197123710145
        1.563938350817109       -0.274130753120063        0.131475926859930       -0.401225794870936        1.109362957884726
       -1.135569701983342       -0.214325625391364        0.748254634176955        0.177778415975249       -0.482751825163387
       -0.051481153212315        0.161389258217023       -1.188976378264164        0.391104125411975        0.485534802432578
        0.250889556459036       -0.496552370593943        1.594465921879872       -0.206085058318154       -0.565071539958102
        0.171074957127848        0.655098688950451        1.783348285975570       -0.108954508191604        0.921756124681155
        0.292152714761318       -0.421772565763571       -0.411499231615667        0.110869174917174        0.537396894103607
        0.144916033861052        0.400934096806605        0.977915652094257       -0.120325496214377        0.233722906844804
        1.050338040183037        0.326533294861205        1.039103635354572       -0.563808843053167       -1.321665444440573
       -0.510941781115263        0.573121547660211       -1.226191009912205        0.328949676048854        0.193925451569018
       -0.215887069554495       -0.333159797830676       -1.429527102386797        0.104596970632792        0.863370532562970
       -1.036785805602216       -0.187413261374468       -0.387421979330862        0.374307795448469        1.582629007521157
        0.800085562599863        0.055684715032877       -0.929410344978757        0.316257084273244        0.407923001685618
       -0.875562626988646        1.055621970184425       -0.998899105412852       -0.407960582194280       -0.689263122619353
        0.927586399554065        0.322306531176365        0.017774739577405        0.610418323855824       -1.066064658599283
       -1.155088462691383        0.213370590839238       -0.506070909400184       -0.274533298629956        0.726258309166127
        0.192339937223032       -0.167393163729808        1.500342793575114       -0.034824963907046       -0.768950273558949
        1.257637943511607        0.314032686217069       -0.225572580444206        0.171508992249746        1.070083196832850
       -0.738476691909406       -0.002439799402923       -1.622171104523735        0.680608911931103       -1.371655726789004
       -0.833205744055885        0.927766640030011        0.794152258392573       -0.322550464042528       -1.211806328284982
        0.552231197684827       -0.725379833534370       -1.144452498274019        1.282337793228134       -0.333164449133781
       -0.790500891283045       -0.122037484297518       -1.040430882259074       -0.102422255299134       -0.671559306103638
        0.333692677180346        0.004001841344496        1.729904094820258        0.088521445120206        0.303459067454202
       -0.538314770399530        0.124312001323090        0.051633231297402       -0.115376610855196        0.702119133126239
       -0.243704303471513       -0.128679614450138        0.217679262362346       -0.281793955905718        0.800854342031053
       -0.107976547154102       -0.634677815897397        0.580114812135916        0.258026273123989        0.670071904048002
        1.366661862095629        0.235771873077272        0.470860811006673       -0.347997893931187       -0.770692318623838
       -0.027587519138173       -0.611380683817842       -0.113203883053366        0.395750605829806       -2.036803199432191
        0.782487899437907        0.192843898178530       -0.206227056808278        0.245080893046853        0.739904346871166
        0.239328835783241       -0.574460531674087        0.852867544394876       -0.353711498410090        0.967166183685211
        0.280075976559721       -0.057420222142311        0.465100092965485        0.057107849105868       -0.472957944481903
        0.493582383212687       -0.400923712112871        0.457297270761726       -0.060262317149489       -0.752140890856999
        0.140039781834430        0.038582260268012        0.602351348106356       -0.487240748864578       -0.978104339524098
       -0.066947675291865        0.348278955709367        0.165577654070816        0.216488753732166        0.613282895254495
       -0.047270637003342        0.312792005320111        0.033360194101249        0.691682847054111        0.603888160809297
        0.932596453438793       -0.153793922070122       -1.304664952695440       -0.382522555022851        0.824443828952014
        0.312128764223980        0.146728497948977        0.354357939708142       -0.408432960214766        1.356861959941039
        0.929788473910109        0.052598659152929       -0.388375998413914       -0.183409869887581       -0.385128178031796
       -0.946952419627594        0.017396733552460       -0.247800299144937        0.209146015961309       -1.006330724000715
       -0.332713486261643        0.275163667151303        1.534068616203420        0.049580328542339        0.023632112634461
       -1.158152095206845        0.158558571959230       -0.707511338419621        0.207679924847044       -1.014975129611901
        1.935434880160426       -0.093105505417215        0.397557476980006       -0.500017130034182        1.128482200764235
        1.621810577534307       -0.069052902352884       -1.860913888665658        0.407079207401603        0.204528066791222
       -0.331555428318642        0.301494872420690        0.669380919859244       -0.160868688784254       -0.436379538004154
        0.013539661611354        0.483359015208554       -0.374316875039197       -0.024361763687362        0.275115742080918
       -1.746690960085064        0.438416468777068       -0.513235091366784        0.310685525367392        0.142382809862125
        1.909480975092701        0.095285703154865       -0.975901852404653        0.641943825618588        0.592612131573019
        0.226100508937660       -0.197945851225789       -0.368064480582768        0.127077199297618        0.508992842973869
       -1.054900646084255       -0.498204893074223       -0.484584165346245        0.525844304654939        0.711200757945102
       -0.597118100740492        0.576430501424691        0.775427574717216       -0.304386185378967       -0.781326925059428
        0.387285094928587       -0.172996764126853       -0.087134896368120        0.190924135243971       -0.066333155100024
       -0.396735210148740        0.497221782901720       -0.375050279126699       -0.312191886707705       -1.319507606742161
        0.118344401321357       -0.374219969751862        1.308058081680022        0.135925843075735        1.208913007502715
        1.698424265026747       -0.540567807310666       -0.024570957384683       -0.218826311567698       -1.156814309516708
        0.237538281418580        0.637263397511814       -1.268772620061262        0.488009946063406        0.976579914732138
        0.393433364202650        0.161161108383173        0.765373680226403       -0.311554261824184       -0.260589556254529
       -0.220017992780821       -0.366290950407733        0.154734641441861        0.438101899179175       -0.004626039767869
        0.850446745340603        0.349910378336707       -0.597406386066661       -0.264128113150928        0.009751718575554
        0.042645543692262        0.244666576743587        1.461224618456458       -0.120354258647388       -0.523444234971948
        0.443587156191578       -0.598972196971025        0.645420247686386        0.097650461500052       -0.531818643178193
       -1.559836073405696        0.189681632275194        0.937050835769314       -0.130340485764157       -0.178540402666152
        1.349853125756204       -0.587685318092386        0.346404262031931        0.293891101295778        0.876652199615487
       -0.589703731604554        0.004039008077865       -0.316335286003295        0.820161663620832        1.948388814568658
        0.851604843837304        0.285317033439988        0.444933722929198       -0.313598122952946       -1.892291336345218
        0.025687649717638       -0.569294819922935       -1.597411781254923       -0.082229365637728        2.419413437937395
        0.842956147415630       -0.144082894927227       -0.183531033011402       -0.328182390270497       -0.999357624199754
        0.781235497232803        0.352310663088321       -0.110882407834636        0.754612918562691       -1.622940593565975
       -0.987839953275445        0.364352619889145       -1.470436858777393        0.232689975147039        1.367350877645501
       -0.388845041633217       -0.060745773146970        0.882897411331332       -0.213461261459543        0.566127819082870
       -0.277219830513957       -0.245079259628156        1.613104097291428       -0.230828207255827        0.898195021120864
        0.341479818272949       -0.065728837290527       -1.368014101281019        0.051510143661850        0.818842210929772
       -0.224374694150253       -0.063270982110450        0.428801737340369        0.677557284383917       -1.931571099483706
        1.519448943703042       -0.541420285554145        0.062094737866483        0.268811794746414        1.366137894716550
        0.438548835342572       -0.173338438541848       -0.657309120835889       -0.122889285526022       -0.442250180571822
        0.328275309003562       -0.028708862591910       -0.459929541860209       -0.270961919134678        0.739164425378463
       -0.152330580627877        0.316148371242170       -0.803150183256822       -0.055336942904178       -0.056365893511977
       -0.303917064370147       -0.034945491021770        2.155067060097821       -0.585060662012433        0.892944301987211
        0.609408218223543        0.295944732490702       -0.175551981265967       -0.498114134445243       -0.348927732318301
       -0.232917034327310        0.180420463908912       -0.578399298968830        0.631464875136509        1.407755902710418
       -0.262925705465521        0.649701225203720        0.245727927252324       -0.681460089413994       -1.282812189569227
       -1.096140554964120        0.216523509273670        0.592384478955466        0.062135339193299        1.683953187621224
        0.973857908357419       -0.404136350604505        0.770574749157965       -0.390422244531003       -0.980455672979600
       -0.386445530574259        0.349446741759535        1.445552593098359        0.754890241076091       -1.302097864268149
        0.623307965350209       -0.141283801357790       -2.020242353805077       -0.075583063020334        0.642570301284293
       -1.731203208740678        0.374602445994270        0.075904577852728        0.394363461193411        0.652875192991571
        1.848806039771406       -0.217211302127236       -0.721321047528449        0.337403431869652       -0.178992626094568
        0.724432614072208        0.138957803273613       -0.166253857360259        0.370498352120254        0.115213410080318
        0.900785508025245       -0.689042386333070        0.765333213951773       -0.515692898463706       -0.146235645502651
        0.234004634726003       -0.065910583341006        1.703383274163304        0.071086643842065        0.951201327420917
        0.306545381296520       -0.368148139688508       -0.659166931117876        0.516350704637030       -0.401642924893936
        0.394988316938100        0.404281282462535       -1.023803503511165        0.265720158623149       -0.670665997133360
        0.666486832185502        0.118139528581468       -0.802010895048620       -0.312600365113337        0.279186110905107
        0.150656784498169        0.712789035083013        0.706403452738235       -0.078157416595620        1.253795418598150
       -0.441498968886300       -0.124539937434590        1.878795497229504       -0.536619374670548       -0.432576315108040
       -0.007092926478205       -0.236867768804240        0.173950046241162       -0.198978021461330        0.444167317070302
