        2.219135942444278       -1.158248981266138        0.241512378653360        0.038200429572732       -2.051772695248745
        1.225533377685194       -1.425923494795875       -0.759524292842933        1.074622949616496        4.949071915489183
       -0.224974488562815       -0.065447148114446       -0.036994245113472       -1.095163700615729       -0.418581280733528
        0.059374455604054       -0.398048627328279        1.317735099194250       -0.529625834317559       -1.775812461286112
        1.425514152687933       -1.506996987765779        1.502878294045584       -0.125000253893786        0.879735207982088
        4.928847445200500       -0.170515475840986        1.369852735066583       -0.671937572280841       -2.963909689479676
        1.179681290148698       -0.432992990640221       -1.075492574648789        0.259361181807089       -0.471808552661961
       -2.804721462796920        0.787898252791949        3.726893313591773       -1.397734835719026       -1.645562857911116
       -1.538539174893912       -0.382634781207291        1.644570232605613       -1.005252662945342        2.785708407854329
        3.063994926147526       -1.534207609905491       -3.358837975081443        1.102191431738097       -0.041874504498721
        1.261808953716566        0.073484267838029        2.355934776261519       -0.365858777538675       -0.559629394666250
        1.733206316612168       -0.532785267562101        0.511259128221071       -0.004354211125072        0.294186369831420
        1.049972025177601        0.138868734595734        0.250744411740050        0.482986478168213        1.176148097844238
       -0.493473571829914       -0.304921304152232        0.680841984448873        0.150627326715366       -2.133525608270572
       -0.192280778844918       -0.951531019514244        0.687075318080760       -0.362752484631269       -1.514978036716625
       -0.483278910593123        0.547539095239268       -2.729994808736615        1.457653446944648        0.568459306803701
        0.560670253089752       -0.492039218158779       -4.176581125697956        0.730677916209810       -0.527376441614183
        1.260302813320854       -1.382697403034531        4.146469904404629       -1.615547251347178       -0.116588069132921
        3.714019751424970       -1.560596727152162        3.037191783848343        0.225889340608126        0.215937234684743
       -4.092917786165308        0.443914676991729       -1.338226708090555        0.718286257483268        1.430679462574359
        2.696493227967035        1.237370110706206        2.189276267432283       -0.744370056985328       -1.393329385481569
       -3.277607416634431       -0.869859352187338       -0.653796660342536        0.636587762974122        1.009085132240219
       -0.513695438954934        0.782309461532334       -1.985267412328950        0.956523372649859        0.610808040736812
       -2.782223369452861       -0.533382736207701        0.592414169182435        2.076638587155580       -0.575706700111642
        2.063322321276583       -0.391132600898318        1.647341541395862       -0.307601510670242       -0.244156909672810
       -1.212602371186740        0.682879476401332       -1.252349537519272       -0.166024158858025        0.026699296160028
        0.908704401998136       -0.712245727537421       -2.860681431150338        0.674743611851531        0.779000482703186
       -0.781164603613465        1.416866902832879        1.306222347325019        0.767818819143563       -2.595943921126274
        1.401872721576272       -0.439258462232243        0.185253178818786       -0.565361821487813        3.378136192697111
        1.913766038819373       -0.868849772039424        1.324947902807181       -0.105296530840117        1.547288451359304
       -1.519829407283820        0.258237255358055        2.556539521608907       -0.395809971097960       -2.393673079505597
       -1.046075333079737        1.080388517110939       -2.042914560208483        0.442393511185872        1.652029805879145
        1.233192411884725        0.681518843026198       -3.521575436034499        1.588230306310033       -1.878495857114433
       -0.521602865393575        0.300632095112210       -1.174446431446236       -0.565019342212074        2.709484314006356
        0.712549143284362       -0.242438054553781        1.156134323861484       -0.134555238086283       -0.113509188130300
        3.111822808030290       -1.390685031724751        3.200003760786352       -0.495925242071597       -2.556440932826943
       -1.791516120789164        0.433540900983330       -1.965358951944023       -0.004861839055594        1.789630140482974
       -0.019023536460896        0.376907443838940        1.770260044381715       -0.923335177001227       -3.127550545280038
        1.739565306472711       -0.266661943236743       -2.370208332420738        0.270592559298593        1.476994542859621
       -0.649812748023516       -0.675066562265737        0.210180042655777       -1.018559380041337       -1.807732757819705
        2.225189476801710        0.627571617733635        1.924096749054383        0.716119092544378        0.178419622716144
        1.784088516413240       -1.927828981931034       -0.720232232992215        0.900695090905630       -3.477234359726319
       -2.398909615361681        0.036508378535168       -1.720296641762498        0.696682817012577       -1.022873582822025
        2.391330811801306       -0.945464351551353        1.836954341713201       -0.017509433791995        2.785241334915550
        1.092536860732036       -0.237137695560039        1.396088789155057        0.093624703671869       -0.048565438343762
        2.635114439961898       -0.937268599366748       -1.905490237069246       -0.202962730494117        0.942567438038029
        3.190152795103382       -1.608318093094480        0.023502447675793       -0.811419270682705        0.315248126712841
       -0.237991647431162        0.158432104056256        1.097137950269024        0.242703038108589       -0.986254537742042
        2.667027850213924       -0.598984836179744       -0.706859815251953        0.482933588463368       -0.170570083937593
       -0.731492733838477        0.277316187709357        1.849839748447823       -1.594008398978585        0.461200950305879
       -0.783727237020633        0.586813001325648        6.030070401384701       -0.142859518963361       -0.739869821033442
       -0.358688430742759        0.390084991009881       -2.060860045212073        0.742463568322462       -0.909813840418196
       -0.252352120534378        0.018562111579635        1.880114330540354       -0.987247814445512       -0.156303925196935
        1.411816189495604        0.144908288071254       -1.015330857965123       -0.592898603709223        0.474832299813466
        2.180955466179489        0.953951311436802       -0.433632286443146        0.268369567908422       -0.509097296840174
       -1.406506657345312       -0.373783621421551        0.873963653448807        0.867898816513483        0.346492074948536
        2.442636411360064       -0.622322950348031       -0.423264098377636       -0.849285940179101       -0.558479139646347
        2.809256690751980       -0.150184745396070       -0.853102929106924        1.463463821108289        3.093053616988676
       -0.316498077516666        0.277333519383356       -1.290739474066578       -0.614583277021025       -0.771237438815754
        0.153215035773101        0.278081608769907       -0.711318227906841        1.966025511729447        0.859485550570868
        1.978575837294076        0.425789268454191        0.358721607459217       -0.726405200543583       -0.637413462307977
        0.034019376629691       -1.280585647066828       -0.775698655720310        1.039491596681854       -0.278381501615544
       -5.028782238563029        2.222902127898480        3.975093712995015       -0.650690893743302        0.395694350082719
        0.965837126302566        0.353435149290207        1.437500195447236       -0.254950096799876       -0.293101153905425
       -1.738473402734142       -0.282736773894635       -0.410688444511008        1.572789543241530        1.183332256349896
        1.232063433763391       -0.726864607605069        0.252848630607083        0.790987615999298        1.164748640184785
        2.078028003356187       -0.964245573863427       -0.468424627273795       -0.506988209931626       -0.993736645199190
        2.252490294045639       -0.898528969348665        2.927489124221827       -0.885388707180234        0.661459647995904
       -0.722891549790153       -0.989590619697927        1.830484816478754       -1.994957760546874       -0.403044322923548
        1.710551770662725       -0.180068235076638        1.314177490441685        0.560486887912029        1.510153487543516
       -1.330026080381115        0.449497250167856        0.658858879970874       -1.073350687190568       -0.415316298355847
        0.654466488851931        0.310120633188236       -0.917673732817179        0.323801331569232       -0.424943271326636
        0.993050035915597       -0.684564519137902        1.986023649818956        0.053701516437701       -2.287954508391605
        1.019500783513440       -0.815452549449699        0.998623953463417        0.745989701229962        2.446455899539016
       -1.558189088295865        2.276078814783098       -2.893973953317452        0.951328901714606        0.376930932692614
        0.830388540199436       -0.339507723491378       -0.329025368185674        0.203760228603253       -0.365272101871784
       -1.294179938334876        1.230788177985596       -1.106427279300498        1.106876708046007        3.215065809887289
        0.465957240753653        0.576125261921088        1.554607033884535        0.125386797940967       -1.465747912504040
        0.483989939491236       -0.733778155051785       -0.084594375358046       -0.375379008429146       -0.871692243294770
        2.109711250179770        0.046999845276764       -2.931085024323097       -0.284880885783195       -1.628705352041971
       -1.546237633020076       -0.642079711591424       -2.522710489507261        1.490618330123009        1.264361525903823
       -0.405721562319220       -0.169852034881260        0.864558126677533        0.791979262617354       -0.969397337390395
        2.741055907164904        0.383537428952419       -0.054642782094493       -0.871225991231120       -0.188267866498411
       -1.799074463613152        0.367797213696346       -3.253615125713714        1.882188827216701       -0.029761141823312
        2.867032054074544       -0.257342596131155        2.226763272530046       -0.316858562678940        1.407411076410477
        0.600114865383801        0.142374424038969       -0.984505117920350       -0.200788079976338       -2.076279734520127
        0.209282389247701       -1.155814443846396        0.859430107236690        0.583826720342177        0.888905950897172
        0.380307937967351        0.159810082422266       -2.756334593666573        0.601871531749141       -1.166052499338115
        1.126295184369092        0.587242934492472        2.242783985715435        1.179529445706051        2.087496005251280
       -0.314975910942850       -1.015362730944691        1.053465480265923       -0.231335971729528       -1.324468459996339
       -0.748810814346452        1.295093586172534       -2.750529445806889       -0.593599395023039        1.865212418001680
        1.956197790419163       -1.185053789145478       -0.214741513631886       -0.508270386184000       -3.156039089592621
        3.443865356271321       -1.061722155983971        3.162653451487153        0.825653684147577       -0.658159994638942
        2.530891222731295       -0.399079717523760        1.938853862823363       -0.308512125412472        0.286697569245262
       -7.026484377640336        2.315723204726089        0.051685573574754        0.913015195301674        2.166644285339103
        1.079090487165435        0.848160512379836       -0.195570338377419        0.247270518468058       -2.370257578092454
        0.141958792629444       -0.564913259190314        1.630195596490587        1.181566800021422        1.192462938008718
        0.670524212000698        1.325009130050773       -3.025404763178835        1.065297676899482       -2.488029502947987
       -0.159705968642252        0.376006121426675       -2.494515350466626       -0.749143638244616       -0.093914386072254
       -2.600121187236160        1.011946503220445        1.946864729459118        0.974612861808637       -2.102378949392810
       -1.837713405036868        0.275286139619606        2.217444414919543        0.272545761872049        1.057753899582249
        0.858745694606138        0.408802198051110       -1.967602481625984       -0.003610080512416       -0.852937824512028
       -0.422204542586384        0.366666610994776        0.578144951080608       -0.758428672652351       -1.115458909330537
        3.296614956382288       -0.230828120897123       -0.934912046510525       -0.829784775630871       -0.261460371255727
        2.988247179579504        0.114574926778601        0.948567404103033        0.179590083857588        0.212506263402093
       -1.932651046611574        0.442589305820570       -0.978154271525021       -0.517617754946469        0.827751248849607
        3.122837079282023       -1.718647660920232        0.941996215438777        2.700972891552793       -3.840856242817983
        0.258523115966334        0.224471567085821       -1.879765557082304       -0.011588677375552        0.260174050184312
       -0.244516095404355        0.250557966969550        0.772536931313252       -0.728203604151330        0.689616983736493
        0.539706912037134        0.254418187381430       -1.409632345932712       -0.107635342004579        2.987733912402348
       -2.073059635142154       -0.070129271610329       -0.663332163427197        0.922813313241376       -3.180369366371911
        0.104169205377842        1.917324675032052        1.471822170901192        1.038212555998480       -0.785606386828285
        0.587533365896816        0.701176345864077        1.607376102864590       -0.384654348419867       -1.614010787716714
        4.253775452407456       -1.738636788230951        1.068832914509839       -0.395698150834289       -1.114076218434491
        0.637129849778689       -0.304756421201747       -1.124625578852921        0.298841628778259       -0.413507475320992
       -0.383333040683457       -1.027975679346365       -1.358427825985565        0.914132046244050        1.166392607344494
        0.633919776522919       -0.219479157271494       -0.479075443562316       -1.063085425610616       -0.073998389842921
       -0.750170089547101       -1.356624518124963        2.691427968410211        0.039626365662710        1.042812710954664
        1.106129078514939       -0.592579557016280        1.003362525574034       -0.900082277754123        1.985860837417432
        1.527681860219414        0.267503073825415        0.277637144368431       -0.246503042358375       -1.139840138224097
       -0.714840111570038        0.095472466459425        1.080536340894088       -0.016758567639913       -0.411158597853630
       -2.804534940148796        1.317985351506885        0.237482560369146       -0.539611257378310        0.291846451290535
        0.471216092853181        0.094975114539961        0.043396830089844        0.992647288744186        1.175732674487852
        2.020807881055915       -0.769630101961167       -1.354231626605466        1.405490100058612       -2.575825277214526
       -1.735037899430803        0.548751139022986        2.567189642505321       -2.142470560315699       -1.255755535347097
        0.772764414583029        0.416830975455572       -2.525668481899829        0.632122132301677        2.470766456903634
       -0.913165777538437        1.232662989471402        0.609187218747093        0.734251630536468       -0.313117181109684
       -0.486923326685407       -1.123870710930615        3.057265370107270        0.598605494986372       -2.735440602098181
        0.866924432532217        0.715829006449065        0.404874472521992       -0.623734375983769        2.788322962480266
        0.762244301475860        0.560330047438862       -4.152145134749675        0.533750247023799        0.010170584729428
       -1.474162833143429       -0.854383661060332        1.341463492588575       -0.820121220085783        0.133671379897155
        0.182674166136039       -0.434134955913195        1.495878010835192       -0.173927284255477        3.471103041000416
       -1.160841353818650        0.697833936265884       -1.255575454600151        0.115198398833394       -1.108651923459527
        3.096438620626561       -0.762768811868891       -0.293757809659887        0.917505540905284        3.756728077372403
        1.061765187172909        1.486427580042058       -0.895414628147749       -0.710961209603300       -1.112030446975087
       -0.230110040800251        0.098743014455766        2.894650931705578        0.175289144845430       -0.423196605041651
       -1.449808676695213        1.581313728011774        0.719644813098319       -0.764323998339569       -0.913019606063544
       -2.374410485050269        0.081106466934556        1.390948175423905        0.770663559493976        2.015644956186602
        1.761260016519232       -0.448587997297594       -4.377102423222582        0.615714846937165       -1.684357760232309
        0.569045274926060        0.663627372490084        0.569172485459316       -0.083114036146548       -0.708525733770086
       -1.963196574104141        0.198590249037285        1.115111468320338       -0.352521306636074        1.938338178431176
       -2.181438832916507        0.054060607560222        1.507355572921809        0.192272954132480        3.474741467433661
       -0.507844512420453       -0.256930234009611       -1.706585549924420       -2.058443431936826       -1.199530500873797
        0.259647377215589        0.345650152980371        2.667983232689821       -1.043864056562471       -0.007918879716074
        1.845406840067261        0.701359483604183        1.558713885018256       -0.757839149417586       -0.139497095929200
       -0.712743662219994        0.071178771632182       -4.976899360189305        2.395060822453031        2.116825228082184
       -0.336019375667375       -0.240934436091105        0.312446807441889       -0.769144324581028       -0.022717742847170
        1.146809574765898       -0.305393414662562        0.714058852423481       -0.951779377843064       -2.494083689784493
        2.825675616715038       -0.721770543783879       -1.887391677438665       -0.061883604836656        0.377899436179230
       -0.601988212998734        0.865010777293453       -1.039247209544317       -0.338281553526040       -0.230343413971407
        0.255051873140597       -0.369537213592657       -0.500966477303595        0.377827642008490        1.785963050673699
       -0.017355643095945       -0.808106571267004        1.620542739004695        0.348892276935754        0.376578820717997
        1.661490024224917       -0.659135047986198        0.535497010452224       -0.121623612911642       -1.276865824417152
       -0.563536149542977       -1.036262082286277        1.877867597632957       -1.892209028093780        1.707190008705020
       -2.454783795060265        2.496993842057055       -0.246565769820413        0.577315558408579       -2.428794322329203
       -0.296207210581777       -0.740994215011924       -0.941203368438569       -0.565487843006793        0.487118699108329
        0.051106394926369       -0.006243127563182       -3.542697614343052        1.479644121232650        0.986916971359380
        0.708776918848399       -0.080343610792455       -0.383632409786608       -0.054207721986703        0.134141113727566
       -0.638873211804709        0.933904858719221        1.647735127763050        0.927497188002533        0.097031668292398
        2.094366225079527       -1.070496255827898       -1.581302820285321        0.577043744424330       -0.722869002262190
       -1.236868118246477       -0.222882433471341        0.205311477038369        1.719430838331174        0.299171184579185
        1.724203814722471       -0.169739316944687        1.675388731483120       -0.155144029892017       -0.703851718707220
       -1.026043409900430       -0.415946130277689       -3.260199077128009        0.059229797167112       -2.504305721247642
        0.375688086737366       -0.045628253216404        2.089916461501469       -0.325276849456062        0.730063922566943
        2.618353719691194       -0.147800850381146        0.833411363592563        1.266900658454952       -2.510119031798905
        0.743344911298330       -1.524585543076190       -0.850475412788677        0.079043755461559        2.430566434004597
        0.433861363016920       -0.492745434807885       -0.585141301469099        0.116979362304695        0.081321701755081
        0.942391698653332       -0.429020577570221       -0.450802187198158        0.930585754109057       -1.388935354780057
        0.090653766371021       -0.005256357953908        1.022857836890753       -0.397499543888254        0.710876258079020
        0.937973280034133        0.653729719546592        1.293930149352578       -0.786134523255427       -0.598385225378956
        0.750643483205514       -0.752976802549525        0.832946817818833        0.620612433467824        0.924037482544186
       -2.976889690339372        1.212354496741061       -2.573321632394304        2.074616474194842        0.486254585532730
        2.429390431793793       -0.055233087485246        2.689501297539411       -1.039929571314819        0.941193888751029
       -1.847217938789601       -0.461823701987057        1.902570988088388       -0.677035664465100       -1.178014219543029
        1.032754047412947       -0.084160681331090        1.357089162784211        0.534670957539724        0.292176256366802
        3.557686884165487       -1.181919508542362       -1.127092543280368       -0.608478108241676        0.935195399568275
       -0.214113575685502        1.038025988243242        1.103557396068584       -1.357232318728906       -0.700454146045144
       -1.299156461894112        0.314018898706345        1.131306232628656       -1.428302133479171       -0.325323206759443
       -1.695621095151240       -0.062353363549084        0.752936014437627        0.172416713226013       -1.599035236097097
        1.098190991474820        0.316024845422627       -1.652135764409142        0.075185553033586        1.658535676807558
        3.940976261513355       -1.845307137219748        0.815263973682530        0.217956029397057        2.658879211847956
       -1.507294868553822        0.499088849385961       -0.622618940549656        0.700738219849220       -3.044840621992919
        3.204246786586929       -0.901656003825114       -1.353841798995493        1.136244283465718       -1.164508581375512
        1.452484950789752       -0.271133251568227        0.333407260835766       -0.483848636080118       -1.984384484183095
       -3.373899131846134       -0.184240028215816        0.482917842128274        1.061838995762609        1.035434130181214
        0.494369372180927        0.159267231897017        2.537421454000598       -0.319991581302905       -0.467186374790766
        1.953386121955869       -0.027228495929467       -2.856183832603275        1.537032800134061        1.174076282378111
       -2.532454274033187        2.064840412619423        1.077127721034280       -0.483417976462848       -4.168432413015345
       -0.860813901204865       -0.616234708338931       -0.990254655224089       -0.091612065394484       -0.551614257497830
        3.021293877269352       -0.647108593677537        0.589982252156201       -1.027032405527525        2.390612305548312
       -4.590407361930856        1.243532339917029        1.990626622616075       -1.026730112320877        1.323453857252799
        3.374656388847973        0.245989640351271       -3.102393079718651        0.749374456226958        0.127296983426678
        1.030497766814122        0.196871244692023        1.876122257355592        0.052289671598717       -1.852992927161042
        3.664193000094795       -0.827805806810317        0.645954707460155        0.065104866225812       -0.487681490137602
       -3.891659299842643       -0.195161860612799       -2.864895407662357       -0.534959097337693        3.263320358528154
       -0.165065982132756       -0.836766179777729        1.107150890444727       -0.207608589106877       -1.857171059351764
       -3.606767034910817        0.486170274150038        0.661830784562204       -0.088307818027204        0.863830404143619
       -0.779142207729827        0.714305185416404       -1.692857533798176        0.643106202000254       -1.529731142020685
        0.457851312076903       -1.130225344534206       -0.483086745286192        0.197342409136813        0.121243554676604
       -1.341561424107317        0.162867994476131        2.639766328146539       -1.396252864185139       -2.420130893469797
        6.761276838412483       -0.400499737780046       -0.293388318494393        1.023444257827371       -2.064459457876195
       -1.589771561126619        0.184113914666442       -0.740712568684883        0.934541128348939       -0.246266007910579
        1.435771268169908        0.474825578695020       -1.019091994974471       -0.043051660536448       -0.843997334023919
        0.190720342496873        0.465521335480888       -1.163197842753145       -0.283617307599560       -0.875941941066035
       -1.137423721979782        0.689347893070386        1.236296790729140        0.198234834163085        0.717754567146631
        0.938173329682674        0.311976327576782        1.459857340768379       -1.012457336061673        0.945859931713672
        3.205522029614814       -1.109470580313217       -0.174047792054685        0.691185549543392        2.528695498592635
       -2.435159282162830        0.310805934642375        1.131796523112189        0.522148059152309       -2.038928172908139
       -1.238402423917202       -0.266222589297450       -0.524104288526386       -0.845203092628310       -0.409054647415774
        0.394300454645714       -0.339150241775380        0.787962669260214       -1.063332188405917       -0.635792932407292
        4.098022956047334        0.116316497958139       -0.460122183833719       -0.510082276430755        2.382613153632572
        0.177878915784625       -1.050455403104654       -0.464774491345655       -0.953137124875887       -2.821477956223684
       -1.722911839397579        0.555572531697640        1.298591657455932       -0.403429126456112       -0.479874011508594
        6.285631904305466       -0.300737651461392        1.208014930810259       -2.293068577885802        2.147028921348547
       -0.219249509018803       -0.668754655383292       -0.207454835963848       -0.130521701891012       -1.697807212871983
       -2.196553398925846       -0.581895590792742       -0.392418488440451        0.524689920327665       -0.626082427601304
        0.494533999746708        0.722122745813225       -1.065750490546426        0.464771894454167        0.943587973293261
        1.018041138208411       -0.699448204605638       -0.669937155533088        0.157631178013153        1.178933420593430
       -0.076956214401887        1.268035694006170        3.219030166927445       -0.754727098183646       -0.130188887119128
       -2.072205970744910        0.598517404351455        3.914384015492106       -0.461158995233117        0.761045898511718
       -1.071268376678834        0.474813805145719       -0.006196098277953       -0.576500076372562       -0.743070843086159
        0.640708572443588       -0.734568972340639       -3.342139758874763        1.368597852656350       -1.330122418639649
        2.611765388112620        0.401511229990877       -0.847222643876207       -0.315879455129626       -0.394046831807215
       -0.833218989274361        0.535442853814392        1.123262359546036       -0.581821325346385       -1.297298330748470
       -1.260964016184108       -0.918502836452873        0.700947666995743       -0.643143867148492        0.334923039778411
        0.042714343850314        0.246340421474691        0.397436092920711        0.497011921271817       -1.568336360410938
        1.830350626627166       -0.008295248850731       -0.335645291243070        1.018765675262123        2.897034883617767
       -1.401333526964868        0.708332806880158       -1.710668819992440        0.380874536796593        1.162510591499538
        0.371867019453057        1.236704257053786        1.892684008104680        0.262425363850176       -1.223237791273841
       -1.569117374893832       -0.102922613233697        1.053443424059207       -0.717055037532827       -1.870869046195044
        6.059758023493397       -1.586797736172120        0.901798766328061       -0.632066555334161       -1.662499079282811
       -1.995415847928518        0.185871110535428       -2.651504819939580        1.016725385039370        1.088482921679103
        2.575442933275908       -0.064048455177866        1.093849152095355       -0.459813380671301       -0.871623481626444
       -1.737425752702381       -0.320976330389466       -4.077024107686082        0.873676520953651       -1.443745091183952
       -3.591504740717829        1.016068596386118        1.613461563374571        0.213601124684887       -0.898130894521827
        0.547390846170480       -1.202793361161630       -0.706834270914822       -1.823038316895411        0.379565434615043
       -0.756527840711138        0.582031361127901        1.174459229526772       -0.799755574650146       -0.608933349990698
        0.844392391907444        1.036400423416254        1.798195275963795       -0.345676943072745       -0.231894387709159
        1.472569875720477       -0.069801847447084        0.570551006663092       -1.200991270837143        2.514996760982143
       -2.555669660451258        2.063156987358756        1.158089961767265       -0.321610395798969       -0.988420204577192
        0.504161655606122       -0.459408165620260       -2.903821703127655        0.197432367703112        0.806145240218492
       -0.298570626895000        0.994065653516734       -1.648161894296233        0.595143994174504       -2.669522514737937
       -0.891796582309878        0.172852355326272        2.108460381413001       -1.724158844283146        4.093470037281173
        0.871798238834849        0.071136476221656        0.609405471857508       -0.046106810245630       -4.520655829515373
        1.550143436048752        0.838058924844421        4.337803314479705       -1.494044313376686        0.174362577608418
       -1.626918804748803       -0.333136032495723        2.847596761787116        0.393299790399257        0.326871122635960
        3.053225755063642       -0.478926772711632       -0.278135506309239       -0.790043492539837       -0.084044122100881
       -2.422469145976937        1.052285500429831       -2.293881476418173        0.058378903036032        0.637619586713966
        1.353293368747742       -0.788411623688597       -0.322659555504543       -0.558488955750586        0.427588148911266
        1.664708188520677       -0.316768569486201       -0.486154764913694        0.022433707279579        1.819939108881701
        2.048068798814071        0.287626793701236       -0.400967712002592        0.182897946735484       -1.045929615793519
       -3.895633323088580        1.167035800501788        2.454899476873260       -1.537186947633262        1.512722104410551
       -0.385836535686033       -0.952579714979123        0.189137570091825        0.769568503479879       -1.287388617323393
        2.127092377223617       -1.185086123795640        1.698989378219018       -0.187565148597780        1.735065353738314
        1.531800921229988        0.137601056930788       -1.404544573691659        0.559871928799089       -1.742985629989584
        2.792926316383808        0.013820168551182       -1.969313164323979        0.062640109047207        0.461149056319514
       -1.060862128661212       -0.337918341461883       -0.899301895709780       -0.475709742742880        1.646147494783908
        0.261927941806924        0.427526450888314       -0.791815995258224       -1.977334754137819        2.186591450574222
        0.122973718238149        1.526318797665564       -0.418436415445826       -1.444681755902983       -0.926569609007003
       -1.185140459457155        0.211318221259020        0.017239454278431        0.002475414389209        1.035484607720942
        1.923939714473439        0.079522363372928        2.980540676401791       -0.557766444501835        1.457050065422180
        0.493081124659723       -1.479928544350012       -0.973011980582726       -0.121105298084335       -1.234335506465883
       -1.025048069002718        0.109780025600164       -3.321898099787797        0.272939949430608        2.418035272097224
        0.874072043798590        0.285995260645731       -0.349329046110972        0.702838110124520       -1.530220711141165
        1.571906475870953        1.613231386960991       -0.644685093800062        0.389679885541775        1.244471442068043
        1.329349886380165       -0.200269868739972        0.067192799463935        0.578868156276824        0.525516112194657
       -0.287119973035269        0.381026854498732       -0.237966857662729        0.451121190722672       -0.190801303838942
        1.149457056637514       -0.734743639808580        0.839594433779194        0.291548932054325        2.496658884180319
       -1.316597606277577        0.876456521780562       -0.553515270851898        0.734532820796660       -2.656768674453770
        0.422943743943743       -0.460146569909757       -0.956572677584941        0.894205508115269       -0.655171512543232
        0.997881829185684       -1.537268072439490        0.068081545814688        0.305396072582836        0.324441671823228
        3.929793198079161       -1.549564932344978        0.261224914857750       -0.677874797512258       -0.634069309623502
        0.179411393536743        0.417128996421060       -0.795239964013833       -1.314216397656742       -0.449144760410063
        1.347241479097630        0.860335757053116       -0.032478264882896        0.124683952212713       -1.266793160941134
       -2.230020367086337       -2.382791602517196        0.760416721100600       -0.104237575151359       -0.243998743403377
        0.249100277615009       -0.236633128035895       -0.346103343078940       -1.267877048500398        2.157040363275455
        2.053431877262293        0.412060127784122       -0.076602356338461       -0.713894238271328       -2.184196035340509
        0.126590585731499       -0.859512937281894       -1.482781535742619        0.771535243638998        2.916411243926210
        2.249715250074146       -0.451817045134837       -3.256730830870227        1.280149071364380       -0.420829877247288
       -0.188626995845343        2.122438756902136       -2.953630931884828        0.650806488022937        1.010196114397081
        1.961455593518713        0.166344437322228        2.343807861255416        0.184771501781196       -3.359107697076173
       -1.736455293330849        0.317481855378655        0.386119037191733        0.269520349290427        0.873703783961723
        2.604806127835760       -0.089259650880106        0.463183415846846       -0.161332134175198        1.660573495958725
        3.757084404435408       -1.628830504734908        0.469046451819029        0.294533480153440        0.120452693896669
       -1.981727255668649       -1.626671926397526       -1.650807489172690       -1.054032763075860       -0.492721695566281
        2.357752643720659       -1.525157918246987        2.870373015247576       -1.117626522533056        2.061224419209958
       -2.883684219944693        1.599252214852050       -0.739037239365493       -0.093246363546381        0.700933823068392
       -0.016437751538474        0.316676785657676        0.338778379707650        0.497366872851309        0.672944544644103
       -1.587978655105403        0.130937673140250       -2.277282357913955        0.116083459931713       -4.947488244206277
        2.497704188625633        0.034507650294105        1.178405329657411        0.134381077227270        1.493135766449211
       -0.093605260194479       -0.122993096881339       -1.733552826606626       -0.083179169642765       -0.049409147857922
       -0.989444926499077        1.005468586360854        1.894612592799874       -0.716562484446582       -1.329756630015717
        0.915624691496214       -1.440926064529328       -2.680746115494957       -0.403787590363629        0.367009591915455
       -0.344912413514867        0.639002334265154        0.140213981047488        0.405522818266766       -0.239712198822586
        0.824211998083973        0.036376176691316       -0.106801718734911       -0.503365979870098        0.843357756945636
        0.103242980647488        0.405648519096254       -3.366701200598017        0.960825193844816        1.075593397686240
       -0.208567017284474       -0.882349164073158       -0.654821746500778        0.220607700063321        0.189167900668925
        0.834464621318398       -0.626562874587477        1.887706094951140       -0.292845382163227        1.928544358245097
       -1.823936814784598       -0.535734329237533       -0.411359082711823        0.790327056635423       -1.769804882884674
        0.606725054237206        1.040961630520210       -1.802898486118125        0.027615618632340        0.138997230896182
       -1.001450723300930        0.721110680039755       -1.964773201730178        0.356402408898748        0.575933221881683
        2.696819215199664        0.203929386448110        1.339269180786698       -0.260699904666784       -1.085488997920395
        0.115606034303954       -1.453950892131693       -1.023670943184495       -0.504761394337299        0.530048994617580
       -0.413708051551877       -0.078304865873731        1.799316891501142       -2.167229395765638       -3.019137613036035
        0.083843932576362        1.049973465773532       -2.697484486806131        0.845158537255920        0.447859328510616
        1.944308499372466       -0.841451865262055        0.186683683988750        0.380267414878453        1.166512436456443
       -0.476401097039767       -1.146381037647236        1.844367645843366       -0.167674523223055        0.213528616452657
        2.271748784643607        0.532297012210067        1.416310168713573       -0.487056386737940       -1.929766847236960
        1.370906460571283       -0.327711022225903        0.119402912131192        0.992801536271768        4.429062522649033
        0.352731269928472        0.076655932184326       -2.241036070385898        0.669146177946965       -2.496851594159735
       -1.728704938799287       -0.975709651567082       -1.198233802163644       -0.463821980365039        3.173215089286451
        3.100516375501165        0.012111886311566        0.700781092058793       -0.172817424668184       -0.862275230660635
       -1.239960843168669       -0.753343805584245       -2.799035042289932        2.413428230560744       -2.845293325360525
        0.778544775270352        0.319766921878647        1.304571897163048       -1.973046648592329        1.218792714884858
       -1.151694340350382        0.682619937317685        0.254563276697714       -1.384262820881611        1.335732798237989
        0.106158295784948        0.336517720789366        0.990224349251723        1.863016619878155       -0.402008653734347
       -2.091004922241001        1.418418777210784       -0.744568218097428       -1.226105892568181       -1.407113026507389
       -1.549168536416026        2.090070237340253       -1.887442647743835        0.958858619196302        1.474316058244212
        2.527494498698818       -0.697694374828431        3.307812493074707        0.784273267089575        1.608764464598249
        1.624059180764251       -0.140686041444328       -1.718991480593890       -0.453801997054543        0.583051169491498
        1.731537380716085       -0.605986578634507        1.516942556934430       -0.567920012675912       -0.884747110797519
       -1.053042390218586       -0.331822799337151       -3.985571479617482        2.173921951221884       -0.913489463898867
        2.238985497030945        0.438256345403877        0.253259710248736       -0.086466432559603       -1.005762903340472
        0.491910708874952        0.874466171886145        1.586422968704358       -1.000289777124182       -0.544924548820368
       -0.406535590949279        1.762788464279851       -1.206740871519730       -0.604512372217713        0.539173660642575
       -0.320497210306246       -0.389303090301920        0.802557545154563        0.304222828810552        2.638610337216128
        2.006808914852911       -0.463333413896500        0.841339324064747       -0.597270876787772       -2.833641270361589
       -0.579155654473160       -0.548043963306371        1.867189719871383       -2.008743375067707        1.688429304139974
        0.900013164167218       -0.443634559123936       -1.434839281714211        0.690557982711282        0.388782243395698
        0.923796836742971       -1.249918877726253        0.708282278997498        0.034032401799978        3.330397995724204
        0.671457043305034        1.278522736943462        0.056112098448354       -0.481444915348919       -1.941076309311707
        3.834777412313251        0.385536367306632       -0.257620780135593        0.953207565841597        1.123230899499190
       -1.745173878923067        0.137464268997331       -0.794697515872734        0.687767588865286       -1.055911604745762
        0.242749327713662       -0.776340535075166        4.045219955311678       -0.269795395209521       -1.205455868915598
        2.199266097048632       -0.339135120389757       -2.197095405050807        0.502685122953767        1.092476297949721
       -0.915032462652127        0.380565681588071        0.567004249638239        0.344748022629778        0.887981331100105
       -1.691924424312451        0.240567978629119       -0.310066271782335       -0.940812317158239       -0.661451267132337
       -1.369205802342281        0.436307059464630        3.138864003396373       -1.193344660695710       -1.198734211589227
        2.039136089536899       -0.345571783984880        1.227812270476356       -0.767173949295372       -2.254227378881605
       -2.341187736483969        0.259978100954589       -1.133785912226041       -1.296457142410348       -0.345285251954860
        0.010294973763124        0.885502485000673        1.209318991005511       -0.411647910082967        0.420693232788200
        0.496464597265250        0.136782660432926       -1.194719489538644        0.616537347643647       -0.104940419068653
        0.054164201829893       -0.241264775616669       -0.729324716638653        0.362061363286409       -2.153349454751833
        0.985713481306964        0.456250241227615       -0.583355421998420       -0.365052007445837        1.174225541653969
       -0.538719565355778        0.859518621618840        2.263949491362386        0.341759405428787        2.025822481567463
        0.928953539732912       -0.926411201455288       -3.061123157741917       -0.495977352119980       -1.105192874756946
       -1.754980825038707        0.989587442577340        2.098762394996335       -0.840035622536710       -0.169947234850144
        0.123134439764611       -0.718379886129117       -2.594677148383780       -0.279259738992846       -1.259202358778502
       -2.905362027417169       -0.504598992848746        0.959850545605435        0.034053247981215        2.044211211664036
        0.801634741321455        0.909611005028319        2.201715638200530        1.242091568589597        0.586429401281470
       -1.092701517782469       -0.076970529347672       -1.520736222516872        0.883774055623376       -2.146157243040035
        0.915931906992781       -0.691973535897546       -1.153396546758478        0.163474516945247        1.063129904726706
        1.750146416188819        0.104310725952747        0.572432721350202        0.346775324330850       -1.133232914389424
        1.133767323158178       -0.685050029370651       -4.532095454420192       -1.347668364372119       -0.719946601692745
       -1.873655739385586        0.687588909756144        3.422099812841563       -0.960630123206787        0.248832175592170
        0.034197920623588       -0.247015768071937        2.245398612079298       -0.584936555651056        0.865817187988815
       -0.541779407942868       -0.428155314338376        0.707946438526289       -0.457564971532558        0.086548878014221
        1.711045056537796        0.543744422402863       -4.197093332199026        0.510893877857839        0.148697685652772
       -2.350664176451801        0.883450386679732       -0.478312604616461       -0.147927509337730        0.740907754844552
       -0.939415131632908        0.993220731902225        2.662627607161786        0.087427425786443       -0.488003084053808
       -0.152394408508060        0.633105273300267       -0.285519421277914        0.221957588583837        1.312165022122959
       -2.253058921337937        1.289781031192104        0.561761965998099        0.252297297817853       -0.160771234650067
        1.939695152717167       -1.065772139054842        2.656748217860032       -1.437891995738524       -0.248557746487371
        1.609155327960000       -0.004485629607870        0.613502578680651       -0.822621044735024       -0.000318218235152
       -3.063519598800431        0.391279437554236       -0.658449151407627       -0.059779077086120       -0.868121012604447
        2.507513642553200        0.418041441365486       -0.697534572223753        0.820209891103897       -0.779612301500321
        0.598282549659882       -0.858863049080674        1.903570916866617       -0.838112680529726        1.313387932462357
        0.742643402722842       -0.425887523332008       -0.602871676094604        0.789668670048425       -0.453136740557216
       -0.265258625916107       -1.627979714968711        0.737855788797069       -0.431266227409766        0.645115715021791
        0.305649425302579        1.893033624569617       -2.918176881172276       -0.691856916283905        0.578903966419655
        0.930167306542407       -2.040125237113740       -1.208434476977097        0.968436171404161       -0.791872657801154
        3.354836728045260       -0.711489947385275        1.053979695242154       -0.272617292148245       -1.146385768844270
       -3.527898846197314        0.972511298447081       -1.063381036761821        0.180888207134806        0.613901084239384
        0.758031422960444        0.316609122283603        3.231430728083275       -0.837748804687499        2.350316369677381
        0.477170265174192       -0.036153292186060       -2.473355998200796        1.155441197721889       -1.179025841654528
        2.181581645196585       -1.051771577348737        1.844195419919695       -0.845134968366562        1.050529879894159
        2.261602853061275       -0.601742959968793       -2.431433482679069        1.256643664219761       -2.397837711849387
        0.190245253320257       -1.511288733841000        0.426245948325186       -1.446925199348482       -1.496187087556914
       -3.989859747398943        1.671422279643578        0.251726666079415       -0.103210403573772        2.618327602078719
       -1.569567568707186       -0.175868073556883       -3.602075239467321        0.770674036638035       -2.205964834101191
        2.931451673335461       -0.419592696585474        0.802378015769692       -0.368677628326254        1.418036714719948
       -1.561850649390719        0.242885383713408        2.025324784532667       -0.379767478034789       -1.187124074001084
       -0.964356995523596        0.358197038949981        0.700558581679493       -0.375534690791704       -1.629116906929497
        2.281952786835526       -0.596657541013215       -3.238206245115904        0.839826594742166       -0.003297026278815
       -1.721153296685877        0.178575157411097        2.376728473794115       -0.730640610426380       -0.323767324552370
        1.755608323155148        0.442995766126509       -0.809326211146867        1.178475752821603        0.658323402220002
       -0.036572820916113       -0.345187792430871        2.308196121302070       -0.585186417005331        0.089656196675055
       -0.145221788760027        0.565916129725346        0.661076913028943        0.553616148369499        0.671564809404633
        1.242690853694080       -0.423398567652833       -6.012805407555807        1.066986580147714       -1.502438266698448
       -1.507546608546338       -0.164556065435092        3.558044046429357       -0.066433980098556       -4.451309536984462
       -1.166777725422320        0.704143971406027        0.130735229728416        0.717679377467759        1.493005155764503
        2.071306572040617       -0.112620877864030        1.507368401408078       -0.982937224711230       -0.035326251324974
       -0.953467742075597        0.155078709954318       -0.512216316423372        1.264214021343866        1.052669054888103
        1.452386497915598       -0.976934697299234        0.986816165716508       -0.018019586481366       -3.540679554072409
       -2.301593538573597        0.642952080007657        1.420361999987949       -1.290395562205259        1.432737828298418
       -0.394717511942073        0.694185018958625       -1.240371767164681        0.569239526898982        2.073513861040932
       -0.111909062154831        0.994596471032631        1.953862111132234       -0.774186167061021       -0.834466804662971
        4.278621501118546       -0.215296704149156        0.758770646320279       -0.857236730229370        2.627890620270741
       -3.182937224232231        1.329791649970561       -0.049260749767388        0.278500972020999        0.676332222871653
       -1.437435477617049        0.804743532414773        0.148178278384998        0.362015584308149        0.543080673817240
        1.948216872485484        0.949543524027359       -0.303183006252207       -0.574198146333457       -1.798530648015072
       -1.326853855779553        0.135722381202822        0.950992423501617        0.091384205532916        1.912964906279737
        2.031780028869233        0.271925699019479       -1.651841444183458       -0.133821465337945        1.178316002558334
       -2.914453419813748        0.200508270643981       -0.090545112988642        1.496658966391156       -0.844865070971216
        3.261523700466385       -2.001755726882545        0.521235974488634        0.611217962340494        0.016097744151242
       -0.427172680378772        0.657517812562646       -0.965088729509143       -0.348956607219166        1.149133930607742
       -3.768158550365147        1.283165444342563       -1.288059745105303       -0.254139850484702        2.082210101878066
       -0.133113334876852       -1.161339548175021       -1.905095081423705        0.251579608680465        1.013199320217093
       -1.578021780613478        1.912748537709364        1.637438501698201        0.075883498204557       -2.018726354638745
        0.652320527847225       -0.746805500824245        0.405397133707725       -0.012540076009917        0.678909364729924
        0.203131020292670        0.831580290154355        0.625269679369796       -0.410833483424682        0.885454083676898
       -2.339641710006394        1.505936027217474       -0.297641513545823        0.095589595325762       -0.240493935936411
        2.154536454522013       -1.328312472378419       -2.693053927267318        1.706315674185799       -0.964687567058186
        0.464228030476492       -0.800550812703047       -0.523836795231883        0.532662886389295        1.183078403314647
        1.916480150392837       -1.029491058755924        0.189829451135438        0.891357549064657       -2.205272370765166
       -0.526576121750939        0.132385733439913        0.013514943540954       -1.091676240416429        1.345145541777111
       -0.437696143476197        1.096588836753194        1.892860805029167        0.427096321961922        1.502133123002226
        1.594205780317244       -0.873617728254323       -1.812173329684546        1.780714918358549        1.227030542415534
        0.839165698672602       -0.396095539655384       -2.478852970262960        0.911448772369546       -0.206232252523195
        1.143229185450662       -0.873665993521174        4.002957415116046       -1.372160181556666       -1.279549813915680
        0.581397644393888        0.096327947407783        0.203486924993775        0.123135477419640        2.003234543831171
        1.578646844091036       -0.241091124582697        0.549506851149356       -0.673277278362275       -2.857544323505681
       -2.582597829691291        0.089209827697686       -1.508352859551572        1.459830007096907       -0.658316130692364
       -2.253666632762921       -0.207648632515756       -0.818984624567471        1.968759819354251       -0.880144683846996
        1.129382349946606        0.281484899228979       -0.999284714941176       -0.213212120812175       -1.143244580315243
        2.613877857395847       -1.291298200454606       -0.576798255991582        1.427658469903743        2.920302470794693
        1.720612225501904        0.649440720279865        0.059593343503633        0.302168147239465       -0.682070389100658
        0.707303691711431       -0.118609652346992       -1.082595317992277       -0.210418132112892        1.086823409119050
       -1.635558329818864        1.564223518207477       -2.093071956154238        1.020961641422561       -4.355366443629025
       -1.457953928191720       -0.646086164050942       -2.636321225802684        1.371793562607450        2.417329459522028
        1.973974656585628       -1.333655171196846        0.613361290043315        0.642815258558517        1.183167756298819
        3.473541812956761       -0.616432612302743       -4.056419257989314        0.429777991469424        1.941420392897406
       -3.366391740441157        0.351901418885107        0.874073953585984       -0.673432467290028       -0.263611820775566
        0.843129449108517        0.636354508244061        0.064249164648972        1.204957797089989        0.266306373430075
       -0.915771617919707        1.635273165997154        0.794983035703441       -0.268358966656920       -2.456634140510143
        1.320450705055042       -1.004288925542606       -1.719853044873175       -0.035287065309896        2.014257375078674
       -1.449790035910673        0.873421432528512       -2.502538435522966        1.784259194020357       -1.201184946707679
        1.624349029345113       -0.574951412913096        1.322735475146297        0.327328243964097        1.361720107541805
        0.821439932748557       -1.448910261839136       -1.503819293593039        1.074494163644387       -1.888801771307473
       -0.282478659405475       -0.618718615847363        1.028623067685969       -1.993859640801469       -1.559310036881536
       -4.439844916895130        0.945735087671505       -1.238349848673431        0.341939506066349       -1.352353633507945
        3.261141215266797        0.903100168847897       -0.954320091902029       -1.318253138510594        0.888761952148415
       -0.634275349621984        1.330743617793380        0.289476711549253       -0.389520554424338        0.105444292541231
        3.522098116382499       -0.503133357245237       -1.268754283667690        0.065654379070366        0.715013776106776
        1.819098638017680       -0.150710877696514        3.574597719125783       -0.288010034781552        1.177970143144693
       -2.378283126159101       -0.653101755136294        0.406010464546632        0.442308885822584        2.732417622458591
        3.117758256376499       -0.436115433068836       -2.348885123438357        1.073815539398400       -0.950024358526175
       -1.338046320888614       -0.215786285565863       -2.065152561385105       -0.877791342484931       -1.497838733223511
        2.138941667961074        0.734708296791010       -0.185638158997131        0.684343821158516       -0.098030592846697
       -1.692832374017167        0.416298789498122       -0.585762834230477        0.969099795213878        1.061645549112206
        1.989590831620803        0.300126856376772        0.943804599797478       -0.164088380646780       -1.764599087792586
        2.131454841666882       -1.078099280880891       -0.134031475424644        0.085281902106297        0.716071760993333
       -0.732066000663482        0.913346053665888       -2.628842570426410        1.546081827254894        0.860649380809132
        2.832587798806188        1.408441073973303       -0.901651500777238        0.780920450110867       -0.946288817474253
       -0.053817834435584       -2.079609362941943       -0.480823559049248       -1.063461258961514        1.180559244860240
        0.786253837231229       -0.113170418972598       -1.400143582930757        1.466944252098567        1.196038113855376
       -2.954260905205069        1.026764923907470        3.083177387071500       -0.799964996992007       -2.741625272983438
        1.202649687471578        0.666178164443408        2.016891700569765       -0.179094988244612        2.916408696330008
        2.321687153572044       -0.463413454502172       -2.258315504836052        2.021946450753690       -0.164386098972506
       -0.533782389833250        0.034087551806785       -1.724991550245859       -0.560274818395254       -0.516765864045827
        2.309327975426626       -1.592544363937800        2.081031256268346       -0.863468150468730        1.816084843978806
       -0.411487832234201       -0.456601624378281       -2.601923089346815       -0.852638857414430       -1.300609588839426
        1.511881743336772       -0.857346945517998        3.372740959315070        1.186051925167163       -2.398261040233880
       -2.542866292181161        0.768792826280176       -4.140826265858387        0.387533703023547       -1.301472181281782
        2.629671687295390       -0.067938151782474       -1.777650585753235       -0.073051419548837        1.246356139156763
       -1.543806365636167        0.117147193382922        0.004823576080631        1.565467044621887       -1.885359309456825
        2.083412157117103       -1.332089852243211        1.298515969335569       -0.200108600858009        0.161377269921305
       -2.258325272034895        0.553106610211672       -0.043562669830204       -0.000520798185398        3.489317300434705
       -0.400166244676956       -0.505119231998704        0.997149611529429        0.593046293883180       -0.307920665254483
       -1.637288802529222        0.755529743520107        1.568278404864624        0.998101644998673        0.847059240696416
        2.169066363850146       -1.520270157862359       -1.783689740024473        0.560565862589927        2.667274192402227
        0.940820666718710        0.248370930371165        2.444613938685655       -0.982633655153008       -2.904153721105900
       -0.194720425749453       -0.464200624270918        0.093777316233000        0.513454256770660        2.478383243080612
        0.308115936053980        0.431599678805758       -0.109639344501068       -0.479881664274399       -1.018590803820212
        3.814836330120373       -0.341316527089690       -2.868392720903298       -0.795529796338679        1.692994838792233
       -0.411519500663555       -0.953655203510231        0.964142170153039        0.472263274967174       -2.164442939582722
        1.466979450388554       -0.731104359884475        0.597505477172990        0.174304450697886        0.664216128938294
       -2.538957398066578        0.406371074057367       -4.546259226761499        0.330436294332327        1.406128734548395
        0.134589098466783        0.311675344522960       -1.236692527037262        0.041094675786097       -3.225158240477361
       -1.955863590661308        0.187641103951680        2.092090732490318        1.143382664277059       -0.863957592692133
       -1.562261700631179       -0.338353639358672       -2.920066570217712        0.361646802806590        3.446505806835646
        0.426722097892885        0.633790706325449       -4.289920739751373        0.411363252216395        0.040922045680528
        0.641526031163349       -0.334209513886457        1.731584748245806       -0.953771502630457        0.518710869795957
       -2.233413046384560        0.070670682724749        1.004364169730779       -1.903586395237591        0.487625818096347
        1.526049099027197       -0.365362274123117        2.044081664827632       -0.066099020519372       -4.814660450514945
        1.653903696061273        1.475155064416296       -2.308044526785021        0.554198318830151        3.119839202371158
       -0.337764404960164       -0.819526123205389        1.036154239714719        0.211168030959072       -5.278188678221295
       -0.164943939736558        0.757234781223943       -1.252923293147428        1.016335967146037        2.125335158763881
        3.810521237401490       -0.843484823613697       -0.111635384401719        1.193255482807651        0.804776276910507
       -1.580912406201524        0.350030760212825        2.237849788193235       -1.280451249768626        0.482840957641817
        0.724797717931488        0.820695213024115       -0.433116148746075        0.468449499451435       -0.271453886446879
        2.247347229164616       -1.769930959868606       -0.253950226291286        0.524711614940290       -0.746601134301239
       -0.237045074272368        0.786649318496868       -1.132871638029970        1.304912050796115       -0.353092725178986
       -0.616705082497717       -0.693647224272650        2.135522864557618       -0.254096352691596       -0.207945392391604
       -1.784438414019083       -0.463604743765418        1.984225135872643        0.273437036331538        0.141602438705787
       -0.603257483718518       -0.661977710275481       -2.034790973241740       -0.306196298291776        2.390040335087371
       -0.021221929311731        0.067870947997155       -1.500789126485922        0.520514549348931       -1.068103500211228
       -1.769770202117604        0.885962311499778        2.669590154339533       -0.074853601538619       -0.458128485165647
        1.457893020463451        0.015713236605179        0.276134512664140        0.317476918621212       -1.606721456795196
        2.278989394840381       -0.188112923610569        0.724644780970822        0.254310826267004       -1.239404281802650
        0.153291211824671       -0.503812273371663       -0.793566068616543        0.870105008248475       -2.723218223774878
        0.782901606713416        0.279787364871727       -1.154688523260444        0.219645605880942       -2.069415796792245
        1.208266983591882       -0.067611195896690       -0.065401255469664       -0.317986092221291        4.438284620284872
       -0.645683987391441       -0.194586081486076       -2.522682393102540        0.335676297356026        0.023096355820180
        1.145394706443788       -0.149275841210359        1.436780260191665       -0.038401240897326       -0.494698571586376
        3.218119492663174       -0.076696826906586        0.530521458426021        0.481588775634497        3.414556783403468
       -1.589953341340396       -0.800373955018003        2.809173112173850       -1.062587824352246       -1.120737785712099
        2.349007496543885        0.315406901367824        1.278266691589017       -0.209515923627460        0.321238624996523
       -0.509869634623267        0.785492809004067       -1.047494853906988        0.421928576544041       -0.836453611424485
        0.924079159575704       -0.624827763573120       -2.188647219139755       -0.934976770392789        1.281075138285440
        2.026015344422162       -1.775477163645399        2.629549495020138       -0.596931492666300       -5.148874796785815
       -3.281823183768323        0.586032663073935       -3.400708753536247        0.005150081005296        1.074073937926214
       -0.563213673215728        1.004941491832416        0.548766187072601        0.859415027511856        1.123715914327981
        2.390498695000945       -1.414833471411854       -0.460207274419602       -0.296193960619024        0.154625012788563
        2.079092253135046        0.084425100830191       -0.598763302434682        0.929733460661310       -1.699276231647315
       -2.514199927455413        1.093666503380462       -2.803916620490345        0.628423648466723        1.165071837351349
        2.866793615999216       -0.181788447166256        1.479649211941437       -0.100353493564162        2.085356741247739
       -2.092541109639237        1.096718927268262        1.493386174082872       -0.072134333755394        2.274135104285568
        1.562717547896807        0.544526326377936        0.236047382512530        0.200617676132989       -1.595696493566694
       -0.939250422055307        0.811547978255492        0.039461709020186        0.492793641334513        1.255700530669387
        2.293567073994252       -0.866046370907964       -1.572503585396593       -1.354762578662605        1.594127132497381
       -1.393016299644364        0.334506907337789       -0.293884761305504        0.389429125389358       -0.153631635105448
       -2.516443418373977        0.972809793767957       -2.006860753626168        0.341924691591296       -0.038673800713499
        3.988908766428424        0.725994400658915        2.937596407052343       -1.164537706445659       -0.025913508024270
        1.650241025056037       -0.696417442209516       -0.031418243305054        0.092859301732620        0.534047238027410
       -2.217578912503770        0.851225130281091        2.167217963214318       -1.801115470932475        2.648417436976603
        3.144773896536051       -1.683807084930258        2.029228972341905       -0.086321415153263       -1.365840506977778
        3.114619476185796       -0.897705298607869        1.688280724815877       -0.587778138586204        1.842696366527717
       -1.507182010662417        0.694751827607647       -1.512549745252470        0.184887193737080        1.971407080192209
        0.137167160415233        0.442447874848398        0.991927534610443       -0.915765230954276       -3.261707627619517
        0.858471788165267       -1.282864104889419       -0.457346048380529        1.510803837668755       -2.154086301051472
        1.188264514986711       -0.971942108652809       -1.293399461608786        0.269302733493058       -0.731434257303129
       -3.382938954888913        1.014267745199987        1.518203877474283        0.754678711528988       -1.281085339440525
        1.236072289339345        0.033950404529270        2.742977586368009       -0.795994290348236        0.486900221645735
        0.654128746347317        0.699481840933459       -0.931609020376593        0.379931500806428        2.265075499198643
       -0.285803988227214       -1.890265892468240       -0.711883673702031        1.559676200751461        1.181348945118069
        2.223379923209423        0.113462913471830        0.547348250560029       -2.187391094545689       -2.470192337734288
       -1.403235209735535        1.045215916991019        0.533847356109934        0.275450491846198       -1.831321790718775
        2.747669683535303       -0.241810160213007       -0.387894351352932        0.029207437724305        1.442482352929026
        0.015156508287401       -1.022843376076397        0.047362785767671       -0.020580359436983        1.272768064789608
       -0.677732204153495       -1.031951767330421       -1.612713203095619        0.309456164943942       -1.226913753794695
       -1.337974317384555        0.400516484933776        0.032443332708721       -0.975183281640193        0.421248183936714
       -0.309908963246670        1.571604485732168       -0.686354427704949        0.123804203184155       -0.258083493495005
        5.372204274820273        0.534326523232749       -1.539602013814183        0.058076054968782        2.279519789166035
       -3.546695190744897       -0.180506720247941        1.618960629318375        0.345248658676664       -3.509296136985520
       -0.293366719303858       -1.440089783511593       -0.413001361950707       -0.470914492809392        1.373074171323316
        2.616810298545254        0.304124088806655        1.688001098066260       -0.402748922803143        0.616485726319486
        0.930170230201652       -1.106523655134188       -1.078497138641341       -0.053924395966479        0.033127864876756
        0.469960743622452        0.379051449076277       -3.099623312149828        0.174021099659214        3.048652156393695
        3.179264986846322       -0.998026411052364        0.943542769498653       -0.888456323480187        0.328187067006885
       -0.878878558688801        2.574584307449299       -0.160225648039196        0.947667845253064       -2.641964743692769
       -1.372312132104806       -0.371627451538622        0.818088691674149        0.128387604782667       -0.562369087159382
       -1.871211980691425        1.584711789575339        1.294403039757637       -1.122966975852888        1.827645952061110
       -1.128921127595797        0.626187910021477       -0.455142293028307        0.058850428452208       -2.241827006227899
        1.954890458023687        0.187687388108764       -4.014793263591487        1.417040578143156        3.249810499338485
       -1.274316846260010        0.983472031330787        2.403821743938217       -1.673861405205430        0.910514926086193
       -0.690786546919564        0.858299578731558       -2.623416082501314       -0.962689512146991        0.259185804628925
       -0.637328781764175       -1.306521572313698       -0.235477194943618        0.427023699767590        0.458174694724970
        0.235274455918287       -0.657653857144363        0.664812815967485        0.677670440492749       -0.139437891368413
        2.758211873136882       -0.733498477140274        0.032588679372272       -0.698326941009743       -0.221593872665423
       -0.032200623019340       -0.353400024726505       -0.768035679901677        0.325520398027629        0.759477251979189
       -3.188127005685524        0.887970197815516        0.195760729731579       -0.111920888493765       -2.437484107847820
        1.542188873548978       -1.353681777360890       -1.519066909685222        1.320109057992101       -1.273118816819534
        2.617583976238854        0.274430332883361       -0.860252413682439        0.683889737682157        1.535705385424752
       -0.654259255989316        0.220270814025459       -0.479445441313747       -0.584673034143516       -2.427392837890226
       -0.067510536046609        0.319412045294407        1.128771551519102       -0.739433841679430        0.369223442001725
       -0.855498516552086        0.858026597670051        3.758526718076874       -0.052818322714798        2.105190541107772
        1.843804290839735        0.674053081235021       -2.017048117093577        0.034247683839792       -1.875687113153506
        0.820703232339315       -0.147815866180324       -1.749715889695949        0.179052266635623        0.310011076525580
        1.630672561899712        0.296463235422481       -0.578752118346469        0.047853127420481        0.310397889530422
       -1.641954491370023        0.234256841302252        0.386095911835735       -0.559676899732259        0.241170471512244
       -0.972271702550550        1.059454835997344        0.576287781154920       -0.436080949069665        2.906475438705173
        0.641882429817114        0.695396024873783        0.747381431106185        0.019617551600225       -0.737681306040875
        1.962525728229209        0.183936502690932        3.947171904977945       -0.580885254374272       -0.440745759480763
        1.988578076125451        0.119846629483376       -1.644010055795400        0.635289543395301       -2.255574346278882
       -0.543152151204958        0.497018200054260       -1.632047511372295        0.026155947472559        2.382701636311898
       -0.447251906632452       -0.180766201520782       -1.293012822552528        0.874179710653215        1.059676358411867
        0.586467231963373       -1.632797336488040        0.768041420163185        0.630645424950744       -3.183255882672903
        2.181902796445503        0.051271220357192       -1.785843581669545        0.190186146909279       -0.164364161220963
       -0.481016161198875        0.719966707881849        1.544624185179742       -1.102347435079324       -0.299754368426387
        2.732633058348844       -0.280269808785292        0.139298585644821        0.566737051891155        0.705733525930895
       -1.778367182703635       -0.074802092894420        4.683638909237482       -0.722745429067153        1.354304804534465
        1.399315468139303       -0.280819605322739       -1.896334959370925       -0.251345754470166        0.266814158175233
       -1.822803920605077        1.096121448488948       -1.730206175601639       -0.303469720968430       -3.304534911711062
        1.783822649866476       -0.178791760212060       -0.608292163897725        0.684980629544569        2.301112382101712
        0.676151611234871        0.652580550573962       -0.958171174864231        0.580225234261636       -1.159076705523897
        0.704703896223691        0.045602174036520        2.454226388694162       -0.517820678606447        3.368894020438153
        0.327429435119072       -0.466711329895964        2.382828098596413       -0.295302246782496       -1.847038141905304
        3.860348048859135       -0.204064331320782        3.633632364806306       -0.924851939865916       -0.494513852407189
       -1.400746944122036        1.669783423221178       -4.810623349338873        1.001231044595543        0.467141082017444
        2.520700513014185       -1.671564117541662        3.087296499431194       -2.155861412766916       -0.201458132759957
       -1.123431891876799       -1.207335525321174       -4.294415102898489        1.242680472857737       -0.556120836240793
        0.889284085511613       -1.552277657646305        0.828450688886093        0.848045832597603        0.206377156250727
        1.902796596818867        0.394763714830616       -0.212903734621734       -0.542632517648175        0.337774941449965
       -1.538162959141055        1.384888018416993        1.396769297795674       -0.669074821193965        0.701055883491855
        1.059290688090188       -0.023823541507935        0.047961695441724        1.819027470894772       -1.190507086202586
        2.585018384977096        0.088643757176913       -0.571948457303248       -0.998433672699640       -2.263931675341290
       -1.644813515867710       -0.172704608299644        0.107509880662358        0.896273208401461        1.245023937414598
        1.730181410617248        0.292554629546409        0.384360160933870       -0.582685722177513       -1.248994806815773
       -0.814280779655537        1.297555105895345       -0.423539559056386       -0.547726543304300       -1.240644269212175
       -0.077843814866093        0.748779130774890       -1.057542445063090        0.936689302588886        2.109315207622689
       -2.539513195213021       -0.715090820502111       -2.285960539654913        0.777690809132812       -0.781445208095246
        2.919646474478053       -0.460192851872637        1.507505779888749       -0.362466297471209        1.217757809393863
        1.049914168158228       -0.779158593298343        1.944034263350344        0.558034675512117       -2.154415429848900
       -0.379257660755440        0.857538255347547        1.985863695803952       -1.006783260288576        1.651776853734672
        0.640711539215694        0.067643440519641       -3.232066336258674        2.488791536565581        0.671642359070168
        0.868849864449378       -0.052520481935332        0.561668358734267       -0.612592296032835       -1.933664925304881
        0.977937078482488        0.518338089743710        0.559173750841523       -0.439503278087984       -1.332410514904642
        1.010209276537073       -0.217408029407742        0.817235870539648        0.409731532791708       -1.876877996856109
        0.910242413468829        0.214753547409724        5.997112752030891       -0.737992177955447        2.003291244416427
       -2.546155649085793        0.543704790077051       -1.218628716003608       -0.148250920048441        2.365579024096351
        2.336097918632024       -0.820966090923794       -2.457691807115070        0.659718477426514       -0.327896338522740
       -1.485379784782476        0.548835120078434       -2.766508839752812        0.447169537187484       -0.732209502344576
        0.089133972204062        0.114928232572686        0.498089065424653       -0.181260440771008        3.132381556185458
        2.479973592872092       -0.488892454214814       -0.832683892562148        0.061085773093783       -1.910570432613350
       -0.545625636130406        1.187319839400105       -2.216412171379256        0.994726714056207        0.308329181684594
        2.015091364357356       -0.230051281102409        1.393126622791302       -1.113153275729632        1.015151941301645
       -0.400213778034429       -0.960901699251730        0.801058172674698        0.323226552041327       -0.182688305124425
        0.054024831518293        0.354121421112972       -1.829118086200066        2.153682939980199       -1.380032453271083
        0.352095318458280        1.786282775158285        1.774682566454604       -0.359643365971952       -0.451128567984274
       -0.228422936680634       -0.841032301027143       -5.959786697791000       -0.077549766259076       -0.277338352891669
       -0.022712102438053        0.018110413784269        1.756909461130818       -0.777563002737735        0.463639614016177
        0.933284827503397       -0.957251186022213        0.457317731595333        0.975891427675748       -2.036568390856467
        1.458369315600244        0.180155573548023        0.044981937001487       -0.900677622165076        1.613446620681252
       -1.227363276550055       -0.568651203498651        2.069556972774095       -0.987890508044115        1.973988115130693
        0.974128013770065       -0.266949419521273        1.299517460206583       -0.941121408659573       -1.959275398700016
        2.708655433361466        0.016261160550388       -2.179413735682258       -0.103732255011120        1.764959986862599
       -1.926013567057345       -1.300702857981132        0.314077137869035       -0.808560130145769        0.723546141430659
        2.511344251881700       -0.922918997544259       -1.451269359805110        1.242190405531245        0.217429713884273
        0.701809581128244        0.836516365454436        0.084984901712156       -0.415054077104444       -1.159192322037564
        0.447504996932903       -1.752362936382076        3.121431810733863       -1.130419826802693        0.043785676286165
        1.073741596471174       -0.576368477178331       -2.347627289667489        1.852693751353514       -2.645341667347459
        1.703940437738281       -0.753654399705224        0.495657079568273       -0.781803122413613       -0.567651131846767
       -1.547449255382872        0.047612449191426       -3.067155776891962        1.115115159425372        0.167404337601025
        0.195425582575382        0.276096311645635        3.520326277740780       -1.095505106642608        0.389239014910353
        0.585722887589202        0.613515352587354        2.005506390905297       -0.890123503890308        1.462009521184129
        1.666292044489079       -0.574981708330264       -0.464833767883168       -0.090504362546195       -1.777319196380990
       -1.875639050567382        0.807471105330783        0.856538125782698        1.062446964294509        0.359629947222234
        2.779107340771334        0.073531270960834       -1.268486121075419        0.010917529524393       -1.308833286541356
       -1.792810739156547        0.550971937921543       -0.973469156949470       -0.122861000842601        0.019827702933354
        0.672014259239672       -0.753995366160147       -0.903410918864335       -0.125016666243818       -2.901269160175343
       -3.344877393008570        0.526987473339063       -0.376111192950312        0.002111117599315        1.141363236132625
        2.448554783958290        0.154048786736546        0.593405396041967        0.279931652199036       -0.511079199020705
        0.920223558209882       -0.756141322213540        0.138174971814030       -1.998983270629257       -0.572431364827509
       -0.460161593904288        0.705962633019721       -0.018052517748698        0.434060122177989       -0.877002658216728
        0.027747438287281       -0.680944111202685        1.284426619357637        0.493334642143649        3.173630988919338
        0.708257108522219        1.000068558015226       -0.604575008822756        0.138506508290866        2.157036498164457
       -2.596252495863696        0.659678975720305        0.554940270171816        0.848634601863761        3.995412646758647
        2.785006646142419       -0.666265444145126       -0.240201092282404       -0.020336851361815       -2.322393105244714
       -3.344053390044567        2.028145767097865        0.640489273773801        0.590798837298657       -1.142131757330466
        0.732975391092381       -0.999261127848206       -1.636080865763599       -1.259739254277309       -0.071498962456956
       -1.885952376190511        0.816619306516298       -0.705613044359862        0.096853014573134        1.357055703592930
        0.117759090117596       -0.485827681273419       -3.422214329228233        0.533908378888870       -1.749566751904171
        2.209407288198658        0.581383848779585        2.585577374823807       -0.049459067995448       -0.615831966032511
        1.124295032425786        1.141414666695704        1.831336290992039       -0.382321685656351       -3.650598664355626
        0.293211916687650       -0.989543979230291       -3.306073903778930       -1.101980033772943        2.043438852288421
        1.754869635610828        0.433145916981404        3.229219542256727        0.614668837051562        0.535558648600303
        2.054585242299496        0.475115611660502       -1.189904579022514        0.860671592862790       -0.812686056930072
        0.067433273060418        0.147687373497300        0.406828466609140        0.473507757674840        1.956663925045242
        0.660699857775912        0.349153471910694       -0.985055332712840       -0.526728608158448       -1.693398786466032
       -2.185075254711634        1.535840870276961       -0.187864907472154       -0.158600414249541       -2.877563706874234
       -0.433243890551929       -0.435479911128955        0.913586248086763       -0.836008440482714       -0.211152456133719
       -1.941311787176748        0.887613571348184       -0.446762098568099        0.542360890879669        2.130801719090924
       -0.770749565082518       -0.913845555381213       -0.112281034640352        0.717385203961521        0.020891118953316
       -2.362892890496634        1.353065697246185       -0.278883580152582       -0.734964206438310       -1.435305868049564
        3.872449438758178       -0.925037370576899       -1.044621187358219        0.599710599813443        2.831789951357395
        1.668487313526892        0.304195105786281        4.735089291759577        0.090307134647170       -2.967976028186904
       -0.499176883951326        0.520624614880224       -0.314862647219967       -0.814467933089882        1.954697592810530
       -1.683922304016684        0.742468683822067       -3.065416004565527        1.681301992800859        2.906724652230603
        0.264786930519471        0.044523536761398        0.827451348709598        0.515712385506580       -1.436049379443958
        1.369834507254103        0.344866546764346        1.356535397302180        0.033432299828001        2.050909796193916
        1.494486737418229        0.092731484248494       -0.308859307826302        0.269055780966556        0.136479951118076
       -3.008246125334679        0.462396778008632        2.134400707694248       -0.823147005721342       -1.750228690087462
       -0.218175234237442        0.195329471149107       -2.242132037401988       -0.056128520719544        1.570945349833651
       -1.729253556126181       -0.451447092739940        0.173263167974938       -0.305371602180012        0.412295778469247
        1.931549856703643        1.323587110895651       -0.813824037690379        0.359782221966729       -1.918331334056684
        1.716279213246474       -2.001682403890899        2.362343667349897       -0.812142746971987       -0.534470559110539
        0.084458743964477       -0.010631405022266        1.076307569782069        0.071941501005248       -3.041620315615157
       -3.242723745626580        0.680680745077717       -2.525025434952699        0.645761331328520        2.063672668880184
        0.175248053179363       -0.401824962799408       -0.780932712265284       -0.079189730168667       -0.524569855882890
        0.300158919254786        0.771026797947264        1.246253061312640        1.024909866013419       -2.894486962553136
        0.792760996152828       -1.056356474926562        2.009094092260314       -0.320484516584733        1.351939306941236
        3.674011009221230       -1.098329108281199        0.805009935503572        0.662733338829172        0.897909726405447
        0.259415041639972        0.543413244739809       -0.099012105736894       -0.096335728107780       -1.500873089968253
       -0.691099633791564        1.147880584660040       -1.601083308162181       -0.451684513190249       -1.076323467284835
       -2.507152096631129        0.443161913095732        0.049540818626655        0.257290475952909        1.953852278632119
        3.253600874608018        0.220668611764835       -0.141374206736243        0.148043603853208       -1.274220539326000
       -0.141947018626415       -0.560446354063372        1.908672660036354       -1.728520024330850       -2.760980925528515
       -0.496038698736057        0.285287473113096       -2.075665738377389        1.266723468004547        0.591406165436813
       -0.307038400774543        1.266152141083648        2.356879114875416       -0.187652758758422        1.516295153321695
       -1.112357205040820        1.033079223413583        0.866325729232609       -0.576587503124842        0.810278008043532
        1.982732328949874       -0.964181185304420       -0.060163652781478        0.812029881730306       -3.584609784006219
        0.327883969540177        0.259853326436135       -1.256095162642386        1.396384753335511        3.127099003859942
        1.332289472470845       -0.257949161468974       -0.873979306786883        0.629069033536709        0.617715404837283
       -0.890657078891048        1.446124595463490       -0.212262451366965        0.773920963484987       -1.029572846832038
       -0.401933383418245       -0.326559358967511       -0.353273133117880       -0.064500367882238        2.090105724975345
        0.560393156798980       -0.905307341538827       -0.829213200611853       -0.470784899251691       -1.383322207514355
        1.893973980015973        0.258030685062362        1.371239861909648        1.361083581610391        0.850211768213680
        3.793218253083448        0.115256724569985       -2.816634724175000        0.145282639231232       -1.770574513894682
       -1.440960300106749        0.916083005274334       -2.309544154984742        1.232036598552931        0.216562419971518
        1.709846003946991       -0.570381123260024       -1.915406280317812        0.945616150397752       -1.532952577133263
        0.162512299294422        0.426760605928515        0.512249296978598       -0.487442089845853       -1.112207226312296
       -0.790310285548888       -1.240466587646689        1.479569091924777        0.226495289382023        0.889430431515327
        3.665580244519583       -0.107830571694727       -2.954539806122984        0.128921590829805       -0.532253444091115
       -0.221676302387214       -0.972970415904569        1.743906935349980        0.244760041409016       -1.139869738432384
        0.433784569921290        0.587542489428193        0.059784749891095       -1.790908606147870        2.784695876998572
        0.622671924989971       -0.776078943451522        0.168712880532105        0.774915197279028        1.991283770478435
       -1.903130616502790        0.198420560924571        1.655019057801207       -1.253212156506750        0.778400818557486
       -1.057255685528691       -0.468966410823862        1.401951239204974       -0.305402596167935       -0.593367288658494
       -3.111755588285906        1.407756153923519        0.987098673918617       -1.440012272522794       -1.575913120830770
       -0.784948316941970       -1.197712965663927       -1.035893376973023        1.235835445298644       -0.769495720868731
       -0.000003715984732       -0.313201526481090       -1.514161169401492        0.586183355968938       -0.734710427300751
        0.998308216925020        0.097014542807746       -1.300906438417155        0.978114734743940       -0.516673554712295
        1.298935309953048       -0.178053708951631        2.237659710949564       -0.688102632032681       -0.472716586707483
       -1.103494437059808       -0.915631402539614       -2.295257252377365       -0.419899229635704        0.793679990248097
       -0.515535163091706       -0.918267536997115       -0.969307379625623        1.471846922541815        0.367639325701954
        2.132394975055967        0.448654625658688       -1.677122592258454       -1.292117566426370        0.664586696198442
       -0.242978344035731       -0.134841696975935        0.137546323653286       -0.442682445360656       -4.515591530334861
       -1.203263829821555        0.672916549265571       -1.256195923701533        0.219205125868094        0.126556285171336
       -2.294150368927700        0.378734403962811       -0.626218668327111       -1.224108664481409        1.313265454231731
        0.429616827067004       -1.313890589855930        0.245360478872485       -1.248300911653971       -1.449206622034000
        2.537668862868408        0.066987003499794       -1.923128122056044        0.906793916841932        0.244809631594960
        2.296915988194953       -1.020333140641701        1.886777554410297        0.735123018246003        0.399746061442420
        0.364769699453489        0.179849258094879       -1.083327343100058        0.197680088848275       -2.142897642953657
       -0.246024667428008       -1.587689364252407        2.709218563885991       -1.648295050126921       -0.818068681280933
        2.791388040692643       -1.183090190783586        1.328207532351215       -1.547440041948279        1.048620322718322
       -3.088845280963580        1.901378392757553        0.041387071111677        1.306121192869424        0.990424071266056
        3.885534789756087       -0.941610678522390        0.222343178776217        0.596289854206543       -2.087952341514604
        0.029435730047977       -0.420404607102571        0.110344564305956       -0.283705203672223       -0.601979834072238
       -2.694851645620115        0.000231453091280        2.446296727773816        0.356846897685159        0.890845052292525
        0.703113983921001       -0.540729580966888       -2.026805453763335       -0.618083050361946       -2.743201162829819
        0.949403693203254        0.202993856064432        0.148612464932244        1.757721817047665       -0.489716008145817
        0.254569514343360       -0.740798423452891       -3.739373367295929        0.692382356494701        1.905847912883049
        0.018367535243710        0.491135323205918       -1.123323115744970        0.132736779188441       -0.846844253601325
       -1.269138251318614       -0.116951216334359        1.727950513024122       -0.494040494268767        0.057905965159086
       -0.098994640329755        1.009905102826155        0.294206041181855        0.668811369191264        1.277649449542512
        0.510069964689686       -1.020172323264248        1.368798472636055       -0.421302535567727        1.680064155036682
        0.597436742212631        0.360071343378859       -0.160094211746817       -1.377130637513378        0.464554118484154
        1.891752705388062       -0.073659855379489       -1.161763375405314        1.900630925745923       -0.635004261654959
        1.839850101253225       -0.956953627742813       -2.660169929860943       -0.555396883280715       -2.237040456245166
        1.657554731614321        0.636379335721047       -0.429816244363550        0.413737002089664        2.133709224077957
       -1.107944917185718        0.168662201515800       -3.439630309619030        1.547197470151186       -1.834717248614363
       -0.002261122792241        0.279380383296052        1.076689080025383       -0.330513550372862       -2.447507003461448
        0.188302274552699        0.457659309921034       -0.529047305612785        1.677749419777524        0.651419836188128
        1.916534946698693       -1.744645268731489        2.954162031933438       -0.957743054290656        0.435339808204845
        0.601713212042020        0.290599498205275       -0.459466751669780       -0.205927869709006       -0.445907107566579
        1.405484500547445       -0.735042551576613       -0.838383378760515        1.277255535993626        2.979199508971972
        0.983576346303945       -0.648075553463507       -2.641897378973221        0.118327996164347        2.658908595379866
       -2.736389294490376        1.796457620128329       -1.347575907213334       -0.582903072595739        1.185777114435816
        1.999615586031731       -0.084898793678591       -0.026901081633438        0.482861270370646       -0.432141087283312
        0.586688603384750        0.464140724549490        2.147007520684375       -0.833916110276654       -0.322361717938658
        2.708648057161785       -0.332255557678237       -2.255469815453436        0.406204463991477        1.282615911867547
        0.282282802177208        2.009775037239991        1.931143461254061       -0.087648984638239       -0.570573070309080
       -1.263206046104980       -2.157217968284071        0.538922138594940       -1.215431616494268        0.333888538472550
       -2.962878924401183        2.431241880113363        2.736520240615904       -0.448574678909444       -0.504355449055213
        0.282836161427195       -0.624982121349266       -0.849951694660948        0.179640253802349        0.018908415440809
       -2.416694087745456        0.853913492654978       -0.313534776694465       -1.366904285481809        0.793066466801241
       -0.567593984545402       -0.775744635139825       -0.082423258448544       -0.455984366721770        1.611932141787485
        4.318514818221997       -0.728248609376268       -4.137834001317291        0.750558170173182        0.121337458579483
        0.810953790751551        0.126161617670880        1.574330868435367        0.661410987273942       -1.680901630012182
       -1.389661896194327        1.138829679458524       -1.106095842818760        0.366515032427474        2.205675979146908
        0.141100458887994       -0.685564260103145        1.724189245909465        0.346915061349297       -1.042779054140999
       -1.532328531917787       -0.632859495602045       -0.465056747905263       -0.882626669002528        1.080618164439240
        0.243855655825465        0.429968783412666        1.423770622385564       -0.547197310180300       -0.633738018655690
       -1.722115668535629        0.742747953920391        2.443430012784915       -1.576453395841557        2.626076596512484
        6.851539805077450       -0.911018630118814       -4.508028184738176       -1.397334326892799       -1.690341845047139
       -0.619565372521961       -0.850858605932448        1.014846578568152        0.899804434006556       -0.795297272063321
       -1.717350256533740       -0.850831924688352        3.411323377759930       -1.026585150327683        0.683649879325648
        0.410793560411679        1.269229427631978       -0.200667979728752        0.525485216729978        1.051581722651049
       -0.567058859881986       -1.323923596311773        0.423658689849483       -1.548466155769385        3.027303294705333
       -2.399051140278357        0.953406041560599        2.429354008944790        0.072259415566725       -2.301074197157741
       -0.038581823837762        0.757930150920841       -0.697007354815327       -0.010988460129411       -0.456272279318273
       -0.859022022948577       -0.160105254126731       -1.386751415773924        0.791821977621794       -0.670386113340687
        2.138723603437045       -0.771043119818938        0.731333485891733        0.611154803238873       -1.054550131854803
        0.465155891688573        0.016152507890109       -0.801648392352859        0.198667054605654       -2.048857576518173
       -0.326353556105516       -0.906597951188514       -0.605345538444011        0.683847001902853        0.159784607943781
        1.603326505312986       -0.463950499748115       -1.298073661623141        1.801320483024750        0.494022280457821
        0.468274002123328       -1.467199300520823       -1.860929620027297       -1.020737536519939       -1.608422258527850
        0.322289553655218        0.052507480195292       -0.775935753191344       -0.062006843735717        0.769885506566754
       -0.458188337542904       -0.659360490702107        0.019841489029345       -0.513306970826988       -3.250524003457255
       -1.003572418754933       -0.964925711359006       -0.148955423668984        0.601073083129693        2.469841687645753
       -0.020220759319281       -0.116536975403628       -0.230592193174410        0.824778730234787        0.839805764666750
        2.550680034436430       -0.839356973528910        2.278156093715502       -0.969603333459214        1.834846038942184
       -1.691626774458608       -0.764239498604400       -0.550344304685926        0.637508754338630       -0.211578263122986
        2.797664460315630        0.156234319427568        0.119291616315711       -0.400683585570849       -0.268786940345878
       -2.325629681057535        0.641750218500182       -0.697464715171441        1.223220134210240        0.663371683493403
       -0.666094079155136        1.250715794579979        1.917044879506949       -0.276542583381689        2.348529396042310
        2.163961143094105       -0.381176587671735       -2.557103424230859       -0.227850802479311       -0.472250146762724
        3.365630885451422       -0.788371578369544        1.423302133988966        0.427355354786350        1.740756491623975
       -1.666279212667767        1.716414256684495       -1.057598836013083        0.583774262676540        0.111105779285368
        1.769137672434246       -0.266456646912560       -1.588530469468826        0.673218151767677       -0.511493028072474
       -1.283035972277150       -0.335692356512577        1.484011668248434        0.440604985537034        0.379778170947134
        0.209959688884542        1.181308000895764       -0.488432665440730       -1.191450312330029        0.577025390192309
       -1.223992237456609       -0.300257171027944       -3.224506239057806        1.149706257939520       -3.195642637129362
        1.364202527574408        0.113479409094046        0.649264089015083        0.056854854029208       -3.408849441302711
        1.070038609660731       -0.419370922769388        1.851481910424515       -0.187775465204888        5.404715843712301
        0.434953753450927        0.636482329165956       -0.301699016230378        1.445276182968117       -1.616327302208046
        1.346794354386564       -0.332531332986783       -0.624907494877296       -0.028056419115425        2.407987125819367
       -0.018735246388231       -1.038011863475989       -1.934693707327624        0.164915204664643       -1.817730917583612
       -0.826892093309210        0.866277281135961       -1.797754437907411        1.650671315552826       -1.034654017962382
        0.634898725397969       -0.497265233065459        2.287455446218716        0.291526712858295        0.746699740298964
       -0.104809101510073       -0.117834925362393       -3.248339353765117       -0.953912668676590        2.612425458631975
        6.048983663751003       -0.095031589090602        1.702928061070179       -0.231425046091253        0.728747753111490
       -1.136974952648948       -0.114556089638364        1.249739445864549       -0.301688345851193       -0.419640212311366
        2.780468794955827       -1.063097879926918       -1.267762792718511        1.225660465341123        0.068656390005257
       -3.462309435332510        0.527337567734867       -0.718154600230926       -0.301079976616795        2.953258829801440
        0.771987778635935        0.963157673260963        2.616052112031394       -0.482883746900451       -0.883118857112297
        1.708239941959970        0.499950963859259       -2.219002411963800        0.958771920017698       -1.519137407745432
       -2.355972023323586       -0.214204751833964        1.420777217090171       -0.374844865783262       -1.435400496237405
        2.348114205252707       -1.048511786325188       -1.270281251497638        1.234379549689565       -0.154363628396272
        3.500238001437346        0.477048933253996        2.728250442945540       -1.457961037254178        1.257409127034428
        0.080729727014519        0.078407015449754       -1.591867582514306        1.209420037641235        0.091162768535247
       -0.882576603712767        1.559943115045936        0.561370336737822       -0.083472037693382       -1.535010843120916
        2.696192178340481       -1.323688266880470       -3.692664693658388        1.687682783961685        1.056466049425275
       -2.936977382145150       -0.422302953284322        2.952140011837621       -0.785549373113436        0.855269292853983
        1.387184734513787        0.372733383469290        0.172955317981688       -0.257106900232220       -2.588204429296805
       -0.023087622925575        0.421697549324949       -2.107090044086193        0.152515716172545        0.579866170780038
       -1.563792565339139        0.819021771095036       -1.452327278063793        1.408818161915642        1.189266723049251
        0.328664553606333       -0.451201210710793        1.321988951856046       -0.317436882638737       -0.551183185747820
        0.267603977429260        0.921660463796083        2.497967497286735       -0.795546955427915       -0.700556319546799
       -1.245043427570406        1.536711900806909        0.158719850697332        0.056443079830494        2.112239667066548
       -0.575983384855906        0.652967449575565       -0.899967851905358       -0.232588545861817       -1.626100594694676
       -0.159722173025371        0.465410180613803        0.089008926013961       -0.116993778401556       -0.114530462904547
        1.381375686582809       -0.470667452031255       -2.429242466346432        1.615611244282143        1.861944708340171
        0.993495822597254        0.333081567001539        0.966130326905596       -0.646044328356611       -2.870054449579696
       -0.536833894615501        0.941174047189604        1.036117855882566       -0.306205573611397        0.408832599424655
        0.035944761157365       -0.347932279538128        1.737907186739841        0.582523866219688       -1.002622195356706
       -0.742737602486444        0.722594390437964        1.280349011670058        0.169456509211629        2.154417180961937
        0.820822973920909        0.530546065379483        0.626062751480206        1.204382280243939       -1.771480820048902
        1.381125056498644        0.581876057565713        0.205700145938399       -0.132082474935280        0.766971128353047
       -0.745487623984014        0.525625179211624       -0.043268426137726       -0.162754030946673       -1.261631174037221
       -3.869277158424383        1.479015491341932       -1.767921511928770        1.408890550979294        2.059660944841718
        4.102078835434943       -1.695639646744877        1.823908727543759       -0.006564639221412       -2.539708582547382
        0.958169867298873        0.191117538103614       -0.279772056628295        0.255484003075760        0.547550607888298
       -1.054133232483898       -0.261708255153269       -1.213045047035844        0.072251581369319       -1.155782032252210
        1.803675556893202       -1.360312003647239       -1.245992800013885        0.213832341546094       -1.288965155103655
       -0.959716281509860        0.241821273252468       -0.201103165306817        1.066684610858853       -0.193428612092150
       -3.421773995003428        0.902189431181509       -2.183829045326225        0.597842364838427        2.505829456548678
        0.718877595958203        1.261691685684562        0.712166659362494       -0.407453010210259        1.632016663784217
        3.114556536975829       -0.231740917412843        0.758941383141653        1.439819663612471       -0.393355323456007
        0.943939450844106       -1.183955309628858        0.403678024050022       -1.087932699381458       -0.040396668731797
        1.364666399481045       -0.925178503513885        0.699879602031232       -0.284149875223564        1.576612108877922
        0.593805495211233        0.270543869388891       -1.564018828422969        0.569937453658793       -2.332363798702261
       -0.812832878395837       -0.216564934505638       -0.347435030854283        0.178697109879972        1.586693666596414
        0.864246690182458       -0.496505123701553        0.457929866509862       -0.003542477952161       -2.168092023814370
        0.472342758287556        0.125137799544289       -0.717081046015097        1.641094048379858       -0.354497269755270
        2.294683043544521       -1.591495772963756        1.653672252073291       -1.770929856405082        3.079164501290459
        0.930243029565332       -1.097916332624813        0.291148484375778        0.106021023360537       -3.145801568214826
        2.341241798634915        0.505550232299928       -2.617867186789418       -0.494555911064736        0.510722280575784
        0.557703683945960        0.706230041249623        2.799600217143888        0.205128442553193        2.751310250183811
        2.473869827340677        0.116830540735301        0.239907855039057        0.367260456616929       -0.537780581992134
        2.570423695131236       -1.887683322585860       -0.856833376753762       -0.200750226146931       -1.473018996823187
        2.213084901198743        0.211237609673284        2.519259467196993       -0.585877146024433        2.172392953040328
       -1.274735505791333       -0.887969348553197        0.138332349522129       -0.872715029689011        0.355963321915139
       -2.417719541737319        0.882815400601072       -0.565825261417068       -0.182304342761975       -1.941333134798861
        1.890890104290140        0.713199955965347       -0.085244887907685        0.806341273323466       -0.937134877695146
       -0.571412021004696       -1.261189527162112        0.723656313538606       -0.409004792425850        0.167119282311124
       -0.246380717308193        0.720345520991791       -2.906764866421788        1.315766955779077       -0.128333571839503
        0.829373099910049       -0.859430926753828        2.127647325022170       -0.594400609069141       -1.077712436725077
       -1.009035152584779        1.366471156870479       -2.686279342754931        0.780982026948973        2.668394585414374
        1.473516647143809        0.173487796576587        1.924359643717104       -1.249781613336589       -1.157353326898852
        0.969027251429374       -0.081356039884768        0.429349578416049        0.723606063610730        0.449732661311100
        1.492967611537737       -0.141804481490227       -2.211340694584996        0.093709427060481       -2.118973446623484
        1.673827013560565       -0.112183271630764       -0.715138140027412       -0.241736650332394        0.820935416511724
       -0.894167083277672        0.254407298952386        0.937230851353984        0.103880238571433        0.654790595706311
       -0.395848126896396        2.026512109688253        4.039980895197947       -0.383362339641209        1.981787437716376
       -0.338390006888530       -0.610098446690285       -4.490659524292527        0.913053171966923        2.021163115064391
       -0.915945106646094        0.295496877716637        0.789686607297267        0.049926351372101       -1.227870478997321
        2.190628355766151       -0.062009373004033        0.482144738117267       -0.694660405686160       -1.307742370744601
       -0.482661770588985        0.687635103148306        1.751435973363838       -1.404645962990969        0.732362475244302
       -3.180207479445794       -2.321426556485287       -0.565605592153321        0.156312088141459        2.335664826606424
        1.219898873566392        0.580130111087491        2.990055275858440       -0.197635246137140       -2.209682970247197
       -2.637690613348815        1.058361814995460       -0.657853169107205       -0.352681216284881       -0.073748532760289
        2.193360657313629       -0.675292105114406        1.221155443861092       -0.425263991403414        1.625343899543574
        2.194039870687738       -0.814975998472162        1.653512862769614       -0.491137350782038       -1.041512058249431
       -1.284703585129240        0.149739556932453       -0.587387233745355       -0.406054418372339       -0.409096637360978
        0.789243994398304        0.199555578637750       -1.658485976370802        0.142973565902035        0.655013669960318
        2.124995968511611       -0.723918022635799        0.581694750327143        0.431499203366750       -1.635344469328254
       -0.464522616399264       -0.268392206399436        1.118148147085608       -0.777489770276244       -1.817342244335005
       -2.030211925747687       -0.947245507651933       -1.931794977584140        0.411346704319195        2.198834804882269
        0.625819012143841       -0.768513863374070        1.243925027286423       -0.770891526382467       -0.605954365859292
       -0.085175907085871        0.245267357542121        1.840666678083116       -0.722944319732810       -1.057396678807077
       -2.554740689293919        0.078100315692933        0.306626180719332       -0.467715987895133       -4.522210260550438
        1.688749339306633       -0.711750603838262        1.112771012596050       -1.071680973234116        0.136303004475527
        0.392700764970168        0.301383738820013       -2.272449446807896       -0.173185685938068        3.342159124420220
        2.295790838859811        1.123162138137522        3.371311533918797       -1.371073904878788       -0.120253529050792
       -1.344916536141491        0.784101644641758        1.294700010565820       -0.120180585892420       -1.507221984800186
        0.547441652711283        0.638285133278017        1.220523571447522        0.142132516575476       -0.941340221962170
        0.521932839223215       -0.626590229983671       -4.392777081577756        0.636260578901031        0.225884878123373
       -4.211958438233925        1.717506177972937        4.233188619519436       -1.105162952117680       -1.011427062213906
        1.382394980001682        0.059195461992411       -0.007309608037978        0.198467851590126       -1.342728951127227
        1.737875309172006       -0.401228168576797        3.007805133340608       -1.392971622436930        1.607042210508831
       -4.764626706272217        0.816091776124043       -1.216472179395637        2.474316366196916        1.662631336959622
        1.273569563231565       -0.682334918542120        0.603381017456418       -0.948925764689913       -1.332028319242561
       -0.539361517240906        0.450500726287447       -1.837922334487938       -0.352320147843466        0.185999832444233
        1.694703485704930       -1.205139484984345       -0.365218020364907       -1.767421116226826        0.230265862055507
        0.484693580135043        0.012365136656856       -0.709871427337030       -0.325173945529507        0.109007802225830
        1.493473636633026       -0.424864132614263        1.194007077822246        1.629869622980187        0.666288636202055
        0.936808792150894        1.554096148401823       -1.584581562376910       -0.226233435050975        2.295122779407448
       -0.088795755184695        0.202714722585874       -0.706859970265755       -0.402295571316651       -3.308832219086912
        2.930846369860548       -0.916081909898998        0.470630715905777        0.426798135936221       -0.822195282751421
       -0.077223647574100       -0.467779890508627        2.384891310726498       -0.533721859360671        1.303627576587449
       -0.513479162834127        0.949944066792137       -1.141261497400019       -0.065730703453585       -2.110863424925117
        0.870983149585335        0.065838975861281        1.048934837442072       -1.888845875546747        1.936004681162334
       -0.278068403834860       -0.696444781682680       -2.861598186304730        0.370578388175859       -0.637841672979325
       -1.451531862543437       -1.077311110777969        0.309870600814517       -0.657439943460412        1.396488221611916
       -0.484792309810151       -0.219532629721780        1.777195012523760       -0.361901384292550       -1.208041843502426
        1.052658916838868       -0.265943958709122        1.766926063449453        0.656289726968373        0.327855325784438
        0.849885484232768        0.099763563418535       -0.468051952065387        0.973917781240845       -0.091774476584324
        1.527616362972800       -0.050854120154937       -0.996736528886354       -0.221784236759509       -1.384741738965211
        0.236503489852009       -0.837475968754965       -0.456109758985317        0.303352202774514       -1.672670892975107
        0.852752321581598        0.514505258780511        0.969028588411063        0.199626286692918        0.020352892406907
       -2.980292227642107       -0.905040543724494       -1.155670698350407       -0.547089755676908       -0.419351531595992
        2.758384955149410       -1.371538064007420       -1.917087801401949       -0.545157254281982        0.557677557555576
        0.106934159306095       -0.293240132636014        0.416171807115930        0.140480457417710        0.318256844791870
        1.114345801971846       -0.891165184149852       -1.117684453860117        0.579840728411700       -0.392931746864770
        2.815879646445701       -0.213491243596457       -3.599148623341608        0.694330341895532       -0.002568298854409
       -1.960142511521296        1.214913536030880       -1.593253104007903        1.581087404280435       -1.754602418624131
        1.299595113825720       -1.325726246070107       -0.610351937387311       -0.070084885505874        2.506415745758175
        0.374089614049977       -0.475705021185970       -0.636600639662835        0.118710205570576        1.489962912152598
        1.537942933067998        0.744451957913158        2.231548117929641       -1.293192457797645       -0.188166555053487
       -1.062625801906441        0.140728343998731       -2.113871592426261       -0.206964851085222       -2.046807039427437
        0.983374690220883       -0.153578778572791        0.554875145795521        1.304444584433260       -1.536214486305931
        0.002018569156299       -0.988675325310949       -2.642488799246979       -0.376695959275074        2.461107579974865
       -0.926318267187996        1.043820407148799        0.956733113429601        0.210648490492749       -0.851611248619633
        1.691247240953012        0.632488085159074        1.102975961933927        0.391208303400489        0.058783512727368
        1.505893696693330        1.896208891805599       -1.612130745276434       -1.857424561450802       -1.911132289855402
        0.318785754108950       -0.107205211674615       -2.626971858576804        0.259808553772590        0.984493166731355
       -1.258328414815170       -0.458869336479387       -0.652443532797538        1.865686081151763       -0.442373415100902
       -0.671073092546077        0.904736928712049       -1.001915090904220       -0.239644975858821        0.729835070247320
        2.851192157217326       -0.740072187601873        0.371458948192360       -0.007720748383870        1.251734245199702
        1.764700616315511       -1.301381090023891        0.408948373559881        0.858683892121930       -0.667984064815687
       -0.998522501508198        0.964091047986258       -0.011190780094328        0.851111072575846        1.351608367152981
       -1.210378933067373        0.434566984008796       -0.616531908755742       -0.917950538245619       -2.091748828404433
        1.626007708174706       -2.122442169202869       -1.654448403410425       -0.041326293812219        0.768388860610738
        1.082473950979093        0.955807331358518       -0.930599448643367       -1.211810382748579       -0.501642867325220
       -2.209761634755435        0.826590594039803        1.340841352855426        0.942461487639784        0.996493002632810
        1.282360412964662       -0.685246464791564        0.994184445814580       -0.137074825862181       -0.862185896487317
        0.156705536392631       -0.597966637928377        0.909434903626351        0.182896626158334       -0.084471879845583
        3.011415294310009       -0.695313051698037       -0.742138154546905        0.148045489663896        1.016673689658689
       -3.279457316596042        1.535339109703551        1.847528995978622        1.036846044759373       -0.383861208205479
        2.607103743608981       -0.813747366920413       -1.023494165126332        0.186698723666864       -2.662170756486589
        3.863410398979445       -0.509968032681882        1.414710967181930        0.255373513015895       -0.915459620126651
        0.236676593007505       -0.579384327301036       -0.178171914436783       -0.959996861001514        5.130692540948393
        0.627514387384859       -0.259748189606669        4.349259310715639        0.170330241979903       -4.658677552175544
       -1.046954738110557        0.205633185487479       -1.736680503386277        0.577672795951584       -1.677404160981392
        0.933579984178210        0.179209788522542       -0.811688867602157        0.685428439688061       -0.740862758412521
        2.105406137016334       -0.943149783333284        1.925051304757779        0.887546074369939        4.083961814396826
       -3.087926164876358        0.594814830920588        3.824398693489767       -1.293444361158457        0.080763070116590
        3.160788915088204       -1.062718328416819       -1.730087559007079        0.918136167888941       -1.115521811193952
       -3.658686005596242        0.983589865934924       -2.527675451398898        0.660866272814300        1.082990331852821
        2.212587474901619       -0.757882371019652        3.619714325321086       -0.441947328407026        2.014082995328304
        1.032602371529454        1.578595791676843       -1.917462807736072        0.381973678261292       -1.376223303548490
       -0.790949321293111       -0.431930927504809        0.297729762597057       -0.414031873388087        0.085808620136449
       -0.073607891451028        0.171268222498620        0.255162685224145        0.021666581856914       -0.404970769623975
        0.025203558796179        1.824229899593935        3.073905371712461       -0.417674760391841        1.179925087864878
       -0.159274354021595       -0.797120188123516       -3.636869102677470        0.774066518327531        1.413590439443011
        1.552109404747884       -1.332975082077219        2.488371404651418       -0.506176590141831       -0.772462330838469
       -1.031490551221924        1.618974854662776        0.001737088117908       -0.810427197033846       -0.878452948270730
       -0.479117214851339       -1.078509071771207       -1.228851825243171       -0.318104346599392       -0.244581594783365
       -1.076477439049826       -0.229183547829075       -1.266433865706473       -0.009617786627415        1.058441166914900
        0.516533695042650       -0.096587533320586       -1.241049243140797       -0.003104353389116        0.351919575385921
       -0.146774551517756        1.041272684854783        2.496210144930640       -0.896785887486130       -1.553009122496737
        1.383217766875979       -0.330056119141104        1.315138033718068        0.277424493102561        0.256662068558083
       -1.790794680804816        1.114794238354961        2.478814655299702       -1.186911901783258        1.112403853915751
       -2.516600988946054       -0.143384759017015       -1.782712121168089        1.772446085996519        0.324049060284313
        1.017559695949402        0.541641703273809       -0.654566187777307        0.172337021768158       -1.060012040508377
       -1.131135602543111        0.333704586932960       -0.962118768092254        0.949711100542560        2.031046802980021
        1.923697375041684       -0.545256941366061        0.011005217133510       -1.784929658315789       -2.339065774758050
       -1.360377940465396        0.995458761914864        1.196129530746429       -1.658485276264418        0.825797390239194
       -3.845269648933813        1.252194056099630        2.265785008258144       -0.716980924937463        0.401291954256725
       -1.554571253299004        0.072861270148468       -1.650538332821756       -0.736238426283505        2.374550614820988
        2.198899526765107       -0.510780026952401        1.442232665808357       -0.768717683242874        0.512989665462730
        3.626311794257440       -0.434185315137714       -1.486570949479227        1.018461800097762       -1.389812552565170
        0.395490032427800       -1.303112407840914       -1.470387323917025       -0.204571148018988        2.808330690166402
       -1.230758531714123        0.649126774764982        1.380055344364219       -0.966696672383314       -0.165133265681337
        3.608519565049207        0.333700345956193        1.036047533596003       -0.963119797310275       -1.580288913586247
       -1.005286259370335        0.150474620003781        2.504266447102987       -0.146498258935825       -2.513776981003651
        1.667004441421376       -0.998205236524813        3.784886925272802       -2.875618785630083       -0.013347568738672
        1.071775875145810       -0.604755906915764       -2.053297539161360       -0.306060904927428       -0.164142527229022
        0.931068885063356       -0.533690807199081        0.511823238318087        0.446586915263094        0.660439750699276
        0.041200066219719        0.231526441436553       -2.459553672385349        0.373894027677836        2.326933287482195
       -1.405307974962549       -0.555243089507722        0.033843674166256        0.620173454173686        0.182521543097039
        2.186963064678284        0.670336009766946       -1.359406755221719        0.435221829605892       -2.383732524980849
        0.038276045014905       -1.450822492400708        0.846295475075129       -0.586855771320648        0.404485965305474
        1.270174631686440        0.570623889130956       -1.885193639526719        0.893680997329788        1.097410084655178
        2.026696346238997       -0.882976018320739        0.946394799695158        0.727838937176585        0.124566881567507
       -1.199142710911508        1.059833849367585        0.851000762822974        0.951824701608676        2.589634106358467
        0.569758209160071        0.047795588198858        1.978335004149123       -1.108047200921851       -0.385039225735168
        0.515353249571224        0.415639369018711        1.510827431364026       -1.062357110265922        0.158234384001782
        2.001207952600042       -1.265886548831725        0.160706843576566       -0.576623229622936       -1.076918943914767
        1.599921188951341       -1.589652670309729       -0.651799288233559       -0.227610544532872        0.038233028540344
        0.169698272430597       -0.373583047252930        0.576934929602918       -0.993467644220603        0.999310610428585
       -0.728742004973456        0.487347919648194       -0.277925028648867        0.460986996321990        1.105902035064588
        0.194661255949268       -0.522167283892274       -0.416582850388944       -0.045088109674914        2.039927510991852
        1.648997711713731       -0.306460052649090        0.664537328251002        0.133870354617410       -0.496296033531296
       -1.443560967628601       -0.637635012065958       -0.695118949675598       -0.413843153827532        1.587593468101102
       -0.032858777759347        0.736419800277633        2.856812044203285       -1.770661928620110       -1.475912188886928
        2.351415827874258       -0.364710441692848       -1.590481941960807        0.589990386372623       -0.830999049492354
       -1.678279964562427        1.290117088728050       -0.312045913012698       -1.349280089511770        0.833763968625776
       -0.472396291135407       -0.405994077187338        2.412485775679167       -1.220339986583897        2.534743661089849
        1.553405131158525       -0.505542532564332       -0.927844325539410        2.096694635365348       -0.837357118858271
       -1.778454903907486        0.706296285459635        0.017147370823276        0.323322288940077        1.276093901704469
        1.426639210469301       -0.430721424065490       -3.079245177087217       -0.517842405130422        0.035063919644311
        0.591684810138397       -0.769017243119111        3.614203896896369       -1.242251112017620        0.470432599685315
       -0.099834717687963        1.474866419957252        0.564127743973097        0.195483706632747       -1.664083403008719
       -2.153266023684401        0.511472603088506       -1.117569302845015       -0.514102088928493        2.215903405704974
        0.027345065555340       -0.799338835682260        3.779388451499283        0.263809322306834       -3.284717485663438
        0.404474991539336       -0.283708345248933       -3.106637015394456        0.469800559539796        1.178223091868172
       -0.312216031231226        1.272119693580845       -0.481510364103140        1.686906611991760       -1.519868660608165
        0.515064957353027        0.387392200201679        3.013678143131779       -0.320003931139581        0.020279061615140
       -1.421263594697335        1.253296342511727       -1.423075886100684        0.203555463143979        1.496487713622622
       -1.995860140404132        0.686939499382028        0.899245371581808       -0.535086818788150       -0.637523271556685
        3.027521137942454        0.434550710918005       -1.278524122374704       -0.156218363878618       -3.185795727510083
       -1.671162716989333        0.756829524957410       -3.673837387479598        0.836333496724646        1.912460113195855
        1.949623541549311        0.394120436268778       -2.069465149697094        1.080691060414130        2.820095877564078
       -0.229930240579387       -0.984094059671804        2.554004084247566       -1.129780797572665       -0.873978433062987
       -1.555613366175488        0.114184364485080        0.790938091079812       -0.417280221882384        1.891057729710047
        3.385781721080372       -1.222023326237817        2.453299928311760       -0.695769471983319        1.080073150397291
        0.244186790344490        0.774370259589390       -2.394901691735907       -0.217454480263238        1.939854820610240
        0.601859035343457        0.275470273542454        0.416066719614271        0.361822474044310       -2.249322606122327
       -2.480233095727622       -0.227796367558882        1.155488656901343        0.691302887751939        2.936680039021989
        1.031465483174935       -1.190060169327476       -2.946111948051982       -0.010791075712292       -1.714446296149938
        1.515968207546923        0.398560232724599       -1.909905475690228        0.323359188588489       -0.362160438302961
        0.510056633676062       -1.266448545891450        1.114366831998122       -0.618194121092425       -0.589465136826955
       -0.870241761463484        1.474231380740339       -0.479830444829166        1.836434519173857       -0.061613986831683
        2.803671995768529       -0.636711219935380       -0.520889166934199        0.088145144894361        0.048055229244465
       -0.710692280485637       -0.180961635453315        1.751261991313730       -1.121320313118303       -0.074301689767163
        1.051066533859555       -0.188310133258376        2.060464545932323       -0.334054914511249        0.173413316084494
       -0.057383669675157        0.803144098402378       -2.716782856816490       -0.827980488653418        1.400835129904830
       -3.425906003490980        1.009311699992410       -2.091101206141224        0.407294742748661       -1.160606851851896
        0.308927265513240       -1.093368263369406        3.785456948059092       -0.513311852496294        2.128304898422865
        4.891373504457343       -1.514575443885695       -0.336394537104522       -1.245991984810403       -2.170040414096793
        1.587040781185564       -0.477451463254191       -1.573038032556771        1.623884367019061        0.517300578945246
       -3.028753682421925        0.298235274495744        1.306755266204729       -0.267800511796843        0.547907927634718
       -0.246033974532468        0.675268227699467       -1.534593180344717       -0.507677931309072        0.125609347011776
        2.054885210114605       -1.267738916092289        0.364581342413582        0.459077564228771        0.139745536706656
       -1.814614050553761       -0.820420143674688        0.238454222382364        0.876617529877517        0.955011764365992
        3.699567963976793       -0.827037528208070        1.355197753671213       -0.756174775323862        2.322178852143805
       -2.014747921858337        0.373209795729349       -2.199700443065520        1.619102287381048       -0.991023285191625
        4.690378123237661       -0.909757168281494       -0.425953921317456       -0.060236391192743       -0.306396273434244
        0.527195872122249        0.454276120307938        0.420799205028202       -0.713222579624701       -0.618488597352778
        1.079962041018862        1.443753631872422       -1.916137904947126        1.519370195064252       -1.260715720781443
       -3.937946718240543        0.380734290910377       -0.540032355541853       -1.187422773046857       -0.464896596317361
        0.370814128923462       -0.025279631433828        1.691403301835102       -0.052591012164799       -2.265852375866531
       -1.849351796273956       -0.811250525548478        2.022567084339603       -0.435530407880024        3.221219730258493
        3.127561504207987       -0.178903351694515       -1.058837864243247        0.669159778577031        0.137858796404217
       -0.063822149124493       -1.011761018843206       -0.263601890038814        0.192359584910426        1.954062830396289
       -0.848693511009326       -0.386262868532374        1.234568813299334       -0.031454467265494       -1.187118518961452
        3.370392311494770       -0.322060026682570        0.283084210300547        0.369830758036799        1.375873666964419
        2.274903585112058        0.541602966192870        1.688309688219736        0.190971761880336       -0.225229091356243
       -2.361137229246256        0.866999660130737       -1.686517268012393        0.555948308777552       -0.918731767565735
       -1.291348213865358       -0.520410910489461       -1.772758135081111        0.476214071063529        1.672263556389053
        2.493586318385519       -0.753292351252609        2.936423225858257       -0.520124851931410       -1.583443240387787
        1.535738132828177       -1.323624901585324       -0.874714760856612        0.988780126238264       -0.441786222373162
        1.010503869200430        1.001849188453310        0.697295338257602       -0.720191506577559       -2.361062969741559
        1.337919967175136       -0.717096486249496       -0.543360778575191        0.783528180092542       -0.282385903191752
       -2.161159969419271        0.395088734638742       -2.309259043738253        0.460003534166482        0.262455383249069
        1.640518714080059       -1.820346086330580        0.327453669395802       -0.767433667270258        1.571638703789495
        1.850372339986371       -0.155954567996105        4.758066401527163       -1.466955905488549        0.108846804673525
       -0.103988734843606        0.254897545868413       -4.068052669773518       -0.562109431435898       -1.404428326863961
       -1.487627125483135       -0.525795031011265       -0.622521008344933        0.859466873168380        0.370802175515949
       -2.118107279887405        0.316559036196063       -0.310526587914397        0.926876315921223        0.841798930073682
        1.662587634847484       -0.852721515117588        1.572898691730797       -0.188945670875351        2.508857630229416
       -1.061283227719703       -0.551795739537059        0.021489640605698        0.024611785292122       -0.975155682132214
       -0.952888720504989        1.844102210439287       -0.430574896351460       -0.982896557098656        1.685911833824222
        0.974697308689878       -0.898747812962513        0.080528171766161        2.092164645353260        0.421973085490528
       -2.351165825363459        0.992317066022380        0.094759489018686        0.070660923158757       -0.408775864714238
        0.765094965479877       -0.268122138947296        3.456846030322458       -0.425180576890048       -1.478458440951873
       -1.176304308779197       -0.186861970979687       -1.687101985466010        0.224209031361779        0.499722144176118
        2.675416784953787        0.406087936786957       -1.469189148812742        1.176237996081388        0.685350317540307
        0.009052320707464       -0.169834264111671       -0.971978342636549        0.670120408683290        0.613794027338491
       -1.013971278748780        0.465092962518437       -0.424202540510603        0.180248168896435        4.143077299117463
        1.098104576444225       -1.353300092757883        2.911049444216711       -0.671881212793657       -0.653688538067054
        2.130378847993427       -1.392690748823113       -2.703873093930626        0.901135742286891       -2.133298553268824
       -4.218989496415068        0.977902784964605        0.527752886562400        0.472447681817149        0.338749325682799
        1.193388426966995        0.453887012814922        2.569473819848854       -0.006987345443697       -1.874932782572448
       -0.952492283242102        0.295374117866556       -2.369373036055027        0.903929321744413        1.286804807614939
       -1.716439906537940        1.276756501192365       -1.415965709205208        0.108759775406846        1.148683242269266
        2.420279178572728        1.396854023490727       -3.631540183096973        0.161786949531542       -2.468165637845612
       -0.221068887142955       -0.611697467159269        2.570785393558570       -1.051224190952008        1.823654955699106
       -0.273428579570329        0.046065652535794       -0.587498996576280        0.902330402026312       -1.031056930516217
        0.192197738584500        0.558793962742053        1.288018349442496        0.102199842395296       -0.353513073858089
        2.995148915677358       -0.611985236997703        1.308587884081013       -0.632479808717454        0.140723193684282
       -0.049500029852150       -0.652828252100320       -0.700930391594583        0.114763617828588       -1.779891020053340
       -3.078697041351887        0.191505703996453        1.146978421283043        0.921121276719161        0.819265905411403
        1.447395185713358       -1.194099775445637       -0.324429807960116        0.149521052063901       -1.171491058822886
        1.015608439272531        0.356887910696138       -0.505568530340512        0.234578127399080       -0.449145388999330
        2.817297112538040        0.149185777763364        1.900624793816940       -0.509651190674512       -0.336579575164142
       -0.462122095645075        0.143208464088739       -0.990107736735804        0.816489636211595       -0.571191260150078
        0.978407975533509       -1.215739842872388       -0.166969561584500        0.032530419770397        1.338866964015664
        1.893236388359908        0.273072582664524       -1.897903073510622       -0.195794263176161       -0.687746518672752
        0.146411507085320        0.001569923990485        1.071431969339734        0.726563508317584       -1.388031495736912
       -0.047186168885258       -0.113937205401762        0.513617203637676       -0.066974045519882        2.010123245841368
        1.607585718285006        0.038236947274620        1.038977387295027       -2.604625152094906       -1.361588332998271
       -2.348061895725652        1.341326261912853       -2.278419388771309        0.644885467147469        1.792854130973172
       -0.734092205228545        0.760676658326808        0.384365766153142       -0.108383211928839       -0.764761848705377
        0.825141964344033       -0.682792058063404       -1.838502013532805       -0.103150824571733        0.532583363017231
       -2.422008867900878        0.721686260046499       -0.422067114931682        0.504014126097200       -0.313317290496633
       -2.220589202190107        0.145619376316014        1.491143770591478        0.214182468820990        1.006279235166954
        1.656941117655468       -0.165706179659807        1.804810412539329       -0.865042618663914       -1.655505936286028
        0.295461068297577       -0.155864550463216       -1.649556200996494        0.784257787330412       -0.034925847533857
        3.079986892153272        0.284521927567449       -2.864490819758286        0.658073452342912       -0.353528890480478
       -3.350531115071512       -0.281214054708435        0.499912065353873       -0.271356161793282        0.842927437503250
        2.528848879477136        0.024183293773524        2.266509510276002       -0.918090111662639       -0.185267693535603
       -1.572023334027719        0.771696880366831       -0.706917535208360       -0.230128781205866       -0.955957278252489
        1.378290977827586       -0.486628417863025       -2.205318110817734       -0.508767907064184        2.441223821191509
       -3.032690249588506        0.396666153234393        0.135192510696746        0.778246149743614       -1.439779556959832
        2.622325278792743        0.983923257027492       -0.558228082125589       -0.350100118288319        2.398096782217096
        2.043432646859863       -0.953317587857035        1.270300371331970       -0.365336474275892       -1.723412762459481
        0.245984899237353        0.251876449251894       -0.526614450902443        0.513719163173882       -2.437893410583498
       -1.436745914594049       -0.406798074819357       -0.687203703050606       -0.511893959293163        2.929866837342937
       -0.010372896528634        0.143547399039290        1.026640292188699        0.516419145329755       -0.115432922116321
       -0.588547168801535       -0.717339535770601       -2.349295480601044        0.810023450725394       -1.114070567245568
        0.465491894811631       -0.227980283033664        1.375985253669457        1.076467708498435       -0.156286219380510
        1.145673858802026       -0.643937510988568        1.950237004841803       -0.290754617255651        3.268418619981128
        0.002439151607874        0.212635358428236        2.159903130977634        0.516225721877755        0.008868026882610
        2.303499449676509       -0.904240517359754       -2.616842721965171       -0.311504001895277        2.192398805981038
       -1.021912276564060        0.497675610669007        0.681841115476759       -0.051146775773437       -0.682983419160491
       -0.085138108654863        0.659966472292993       -1.403475203715698        0.083863305342811       -0.230625653130437
       -1.831872159540636        0.237144802046910       -0.217332919949561        1.203638725488728       -1.347841014027045
        2.932025429246240       -0.381973934889218        0.498897555373439        0.435058764739124        3.011728264832965
        1.849218167483931       -0.852385489986758        1.577111890135584       -0.060902702866473       -1.426551423877599
       -0.651119391600367        0.687271916284257        4.547629869532487       -2.424438153869492        2.652319373773176
       -0.185686233987977        1.070784086806730       -1.216824386976580        0.720825562594756        1.043528686308996
        1.014153448433661        0.130658922826888       -1.827805722595183       -0.156394639245478        0.576788846722175
       -2.935382988090784       -1.333641911920346       -1.345390799351669       -0.327951237892845       -2.384272488727004
        2.305999046962195       -0.094252471639376       -1.173599945707625        0.018144564144925       -0.410252763370507
        3.343840529933380       -0.560703711239693        3.380212236739430       -0.503742090488474        0.785006633334232
        1.410681357583589        0.121683683286709        1.305772428529199       -0.958006972028812       -1.055088214598895
        1.988531204106811       -0.952885528453414       -1.160130152863784        0.043903394884244        1.291975298142122
       -2.486052075960993        0.842806026084872        1.648368297029316       -1.254680120596744        0.819447620851629
       -0.484257482201155       -1.493419997415898        0.087781229703857        0.490088940431241        2.205410380885505
       -0.536799183031429        0.246920972643915       -2.557021160112779        1.944684198324136       -3.266277581108485
        1.674585199650313       -0.138369958364348        1.297042686522704       -1.270247688854231        0.501200886114313
        1.611860960179983        0.872832352923538       -0.003757714269938       -0.286840930404949        0.849297493800083
        0.639840079766556       -0.866660944964494        0.040662946362132       -0.283362290641032       -1.307556633331201
       -1.610462534176401        0.299675527712783       -2.355694365832606       -0.104384692325762        0.236314449021974
       -0.352308650282249        0.352474955974229        0.638084292335978        0.086314585507160        0.011884011514366
        0.839154378049170        1.403771749693352       -2.749598641286365        1.459623156538068       -0.378629155027684
       -0.514941965798880       -0.052041088176028       -0.234702378060016        1.302888014268893        0.431994433688894
       -1.181225560449616       -0.350880015231480        3.115080963760409       -0.340683867556012        0.719103722138362
        4.077670734282398       -0.415969489221027       -0.824203652033512       -0.089411922184602       -3.277572157817338
       -1.317265895001651        0.428503115294219        1.070741941721943       -1.205940650024132        1.018838618046572
       -3.349566622008200        0.112624083773399        0.537266634269458        0.212419352141233       -1.347331637795429
        2.538251290089118        0.152668352464561       -1.114721011849348        0.031428941505024        1.648342804077244
       -0.361949966586914        0.671551271456151       -1.407419652139056       -0.154437634365481       -0.147329901825190
       -1.047356305294424        0.070941035065690        4.277513131103142       -0.287643918052356       -0.931170060704591
       -1.602380507678718        0.685680266476157        3.559169753093907       -0.351561590885099        0.579019884364698
        1.790966082972095       -0.512515925876203       -2.037852327953160        0.738548916884773        1.057135480854581
       -3.969321945994527        1.402008145576960       -2.197502140290857        1.405712173494657        0.974028355513431
        3.221142889701063       -1.532645786351588       -0.684679316025475        0.155668980538192       -1.729682593016944
        1.073273678009766        0.473920064472119        1.275390872674999       -1.169612888173821        2.498486576704371
       -1.484311155242433        1.480759799590143        1.285273257119226        0.035199892542141       -0.666944791882378
       -1.896666182814710        0.610309031036212       -1.114319371418718        0.834366360460199       -0.860572102241740
       -0.799850308695464        0.942466896279552       -2.179750760110438        0.563877763180526       -2.659084758481506
       -1.985643181622740       -0.164737299854667       -3.024081168803016        0.120146006221524        0.129993701707511
        4.798568689683943       -0.870680674966880        0.765538822612812        1.846634314881974        0.867182712623178
        0.054826404093133        0.615427942286183       -0.658331012493540       -0.733803874870493       -2.489738673798273
       -0.491747778302864       -0.445427133667113       -0.707652878515022       -1.024762229772347        4.201571038092885
        0.619148686425749       -0.112161085029659       -0.228035638182558       -0.191234915800173       -0.264756069935285
        2.663805451875137       -0.835977464804214       -0.807881511890088        1.232241829705647        0.125580810821585
        0.286641760109519        0.052645689368641       -1.369516117691704        0.458180233394145       -1.267102427214146
       -2.172292513951700        1.347533282837742        1.928463378724161       -1.553594939402106       -0.039607333240069
        0.204538841274236       -0.124748914466734        0.330541381902713       -0.070961253146225       -0.026231628784308
        0.221111156621630       -0.469255252790663        0.968006933557520        0.789006071813698        1.446529949301215
       -4.433652802097420        1.345628539691452        1.877819282482481        0.436221245379216        1.327747662676333
        0.951097556445688        0.143448855576922       -0.758384822251997       -0.454648388112605        0.612223603163262
        0.816430347931944       -0.567799870907740        0.543686248432144       -0.151818681733130        0.087019919629407
        0.376612744493674        0.316431876048114        0.244899146199215        0.170514450935729        3.674212381214353
        1.924985569735195       -0.700707483975491       -0.574208054206137        1.059015100523256       -0.194505034686375
       -0.662454942272485        0.857631097693728       -0.960623206736724        0.381040609667578       -1.684605502525639
       -1.142330971649384       -0.318552287414463        1.673650674383511       -0.309355412280310        0.390855638127411
        0.569772833664381       -0.705289366777825       -0.762375900979043       -1.599850663551305        1.578430347745222
        3.355904278760948       -2.264679008500794        1.710498800218476        0.749478743622945       -0.280364872876894
        1.464059762991658        1.211257708881498        0.270772211093544       -0.423598729272224       -0.990314859167342
        4.857505320604390       -0.079606446045345        0.901274601464666        0.923047319225034        3.114598205876993
        0.366214447254628       -0.644278914688855        0.367066179767603        0.159729992815947        0.338441509668106
       -2.392763288552851       -0.783541248961446        1.600833200706531        0.281594421980552        0.361455640417623
        0.735270094129192        0.541253833437712       -0.372753759487279       -0.865166375082219       -0.085894194593941
        1.476429267796802       -0.239036029482782        0.667949902576895        0.361093030235218        0.121678432220135
        0.084233658624681        0.245631034473366        1.709058276637104       -0.391493582331961        2.083008743417409
       -0.226842849345843        0.027947183154086       -2.071521768620224        0.677863738073110       -2.192649157679464
        2.012566799582189       -0.427713485024527       -2.467008980410154        1.176170995973048        1.097038095525132
       -2.192285351777521       -0.308175584253358       -0.971299957471697        0.686301870683574        0.961173829706945
        1.880245875249511        0.128415656417734        0.460355262887862        1.327307790346065       -3.059093562253213
       -0.498483297606979       -0.424983930835257        2.747246383133461        0.202768706860096       -0.353094702443767
       -0.397904378094865       -0.289527130014617        1.372691330803872       -1.586081732655863       -0.808947442961867
        2.372865686956100       -0.620983854639706       -0.701383684627911        0.291293723741776       -1.401032629468629
       -1.764527793326051        0.461979462475386       -1.972016507088332       -1.182700344987627        0.278591144628680
       -0.429776329644561        1.182714618121491        0.930544029527594        0.481142961196792        2.611955201458792
       -1.462570699348560       -0.734321409524566       -1.864174923031861       -0.712698705848304        0.344282208209383
        3.588120488536095       -0.643210793058533        1.737094222268626       -1.230291347778137        0.951830679169240
        0.259058895721434       -0.286612646101954        0.407574574845164        1.505766682430724        0.068813485883585
        3.965314867575331       -0.400136680369360       -2.899624891710836        0.091312659448799        0.222737004781022
       -1.355159606346590        0.676846973544267        0.840327251923034       -1.102935671799155       -3.834994690003976
       -2.350139055825131        0.804464604827758        0.955872716116113        0.774828794492738        1.677626930298115
        1.664895071465328       -0.112570128033714        1.495595965679818       -0.789090846880722        0.412656288000759
       -0.852653203726982       -0.984639890909711       -1.269523011035943        1.109368219556901        1.784689610315112
       -1.215968035563124        1.941774567799120       -2.172594120731542       -0.373936023313395       -2.093910514846038
        1.427070214063839       -1.101456404832449       -0.646056686218965       -0.448516180694301       -1.254353663626866
        1.654212224667944        0.126873947403467        0.884703524369479       -0.315111653682731       -1.231229078227701
       -0.191959777871602        1.636075441866728        4.146221187732372       -2.449104450571395       -1.338258665805455
       -1.806183808804201       -0.311315707172796       -1.367032579896439        1.961941064139625        1.958979268338999
       -1.205228953107307       -0.210075123984131       -2.030438908076891        1.289159564955147       -1.660620774342794
       -1.983514415801723       -0.150355661793699        0.082771872889389        0.550905943218904        0.436368592515361
        1.423511087051929        0.116254759947812        2.207364482573857       -1.906793231085381        3.188542469876341
        0.478901892999940       -0.735674071665492       -1.025088168386082       -0.275568241735639       -0.692488857299535
       -0.514095887234046        1.346774753226194       -0.531784605524550        0.434575346331546       -0.662081559790239
        1.478567353387441       -0.618961091653980        1.774807767569735       -0.485275020688705        2.210956855229362
        3.930799959797445       -1.095435871575086       -0.215091754187435        1.131393826988337        0.490529791171100
        0.199208905232476        0.602666734628124        0.973776546916518        0.206896327854861       -0.415195666566852
       -0.973047144765100       -0.846398735120416       -1.780909101510058        2.011422749194884        1.517900804509090
        0.029494775133604        0.231348768176972        1.868992831860725        0.149305718187268       -1.364995171918971
        2.104854085806064        0.013794572743248       -0.118855052111204        0.117996284962546       -0.727496984044147
        0.219037061572806       -0.804487941694402       -2.052210869186724        0.551971998966520        2.023828131771428
       -0.148736926785937        0.122170065017909        1.808033658126136       -0.763499822629523       -1.272613670718210
       -0.746575805729658       -0.824784038672301       -2.750015979053078       -0.886758935021152       -1.281197308853425
        3.735751877590983       -1.065360218931632        3.875985403294365       -2.290483334511098       -1.075601883709639
       -1.246358519025393       -0.622056561225173       -2.013953669838504       -0.055912878739716        1.158486577832967
        1.119367333660464        0.239024940379627        1.530267540464061        0.219239776836509       -0.748718585254433
        1.855713696535328       -0.506755709069156       -0.198720348890333        0.321991776127306       -2.140877379148400
       -0.414032749725098        0.847072111409189        0.009655232132209        0.942914482307008        2.076036893062680
       -0.253144795456431       -0.855031917503134        1.207156905514976        0.269128267543393       -1.838142294698033
       -0.932239918868933        0.185336078537267       -0.127998424514959       -0.284256218781730       -0.941354482848321
        1.640890102359403        0.102596545212501       -0.448487562654668       -0.698177119712422        2.321175749381635
       -2.782679823682422        0.731457120048593        1.245312195838716       -0.281281429602995       -1.239214139532908
        0.378657065925412        0.399930411010722        0.628299511429013       -0.285596610772267        0.620754736472936
        0.970099308483354       -1.005195225898743       -2.151761247432874        0.327893078052094       -0.673990501432085
        0.318631622992949       -0.233704364826398       -0.585294970071897        0.580147577071220        0.969822351144410
        0.676254118280297       -0.152106824758281       -0.093147801415320        0.583573471646032        0.318123495120267
        1.590437941658621        0.124937568527146        1.318875454041584        0.667524024615657       -0.187686224212075
        4.098056116876970       -1.874504960643075        1.530232183765853       -0.607417345892799        1.726656377450834
        2.866920326173037       -0.473569533012148       -0.647227442615338        1.189216053061855        2.840005251285036
       -2.017170085640590        0.362600355950962        1.085022855579177        0.184595797146706       -2.604599761252432
       -0.050017918646847        0.041298939993095        0.789996487548101        0.308422740769228        1.437075349173741
        0.089095738016217        1.710323867156865       -1.398414580011740        1.767125874194178       -2.526614919270199
       -0.631843161901032        0.303641679767224       -1.582499351032287        0.370195588249073        1.009714453822824
        1.042530346460984       -1.186353678044928        1.719900098228848       -0.710981661563225        0.597992262437609
       -1.342648520632956        1.565780492028555       -3.123188246598356        0.992554503546422        0.794394893317903
        2.437607892324680        0.408751744535532       -0.978864182395809        0.367311416093844        0.164809827643138
       -3.138498793876462        1.718842196260458        0.327523298523395       -0.275837796313262       -1.115381426485112
       -1.174688250757919        1.510685452636945       -0.838172295143820        0.107311438366133       -0.493483076352417
       -0.343538524121663        0.482829323167533       -1.067102007129525        0.538606326761839        0.516035314784216
        0.454247397843213       -0.096288442446872        0.063755809455084        1.223010824208179       -1.590004360621207
       -1.913392743252790        0.213206940039280        2.918933241612100       -0.821812329705030       -3.523518969753098
        2.406271759007785        0.033418849208290        0.801767466115266       -0.386350605751126        2.063342037335780
       -3.645594301173448        0.429187606136920       -2.390617396645240        0.481659577296544        1.134850946073448
        1.857662777709286        0.201199511211319        1.582226351672469        0.291904498842572        0.773327043480293
       -0.573952857114863        0.719069014783499       -0.371024088560206       -0.675922289455015        1.894327088292570
        1.478705988871473        0.332468061401020        1.711956140872818       -1.827122867229011        2.341137058268810
       -3.311374519890570        0.509200394504359       -0.962376044487415        0.520989704437022       -2.993555078551207
        2.294845660864357        0.015468249108490        0.657873399017783       -0.595745625555958        1.809916177780825
        1.422876449381873       -1.690840623273348        0.872701246469545       -0.252629271856468        0.999030119667630
        1.190370274079470        0.637041257276800       -1.642736174918262        1.075323930219650        1.888978115859569
       -0.458544279019873       -1.578397768844952       -1.495528211204604        0.537779531076291       -2.686037024214329
        0.390144933106210        0.366589835905529        2.110945235045067       -0.581048502072290        0.813028739677001
       -1.806888958371122        0.866105117771553        0.727964077602171        2.050649146032924        1.994838812787512
       -0.157703990834069        1.144712416245617       -0.792042069102427       -0.452392088377014       -0.867508542253767
        2.013254189356157       -0.809744211273788       -1.564386848317706        1.286839864622081        1.363480950848845
        1.214270653839688       -0.239929056787484       -0.902863199450518        1.423759778263774       -0.708880025221272
       -2.002135216539586        0.152758148324537        0.671781846569581       -0.265245834702336       -1.437932787014310
        1.079717900235551        0.516385590903552        0.190376046280010       -0.441059779711565        1.897689615871816
        3.968201691835183       -1.199499967971572       -1.341452521855210        1.704200974850383        2.471398139779442
       -2.747308857675868        1.354346225201221        1.049382915827207       -0.508864738841408       -1.468663646835390
       -1.390592202032645       -0.969277257625594       -0.465670071363368        1.024628782794456        0.141101555324988
        1.551356364589938        0.152533254792702        0.636249639124224       -0.780955451095954       -1.112054821858894
        0.140974625028588       -0.846186307368363       -0.841997503853434        0.032709145529495        0.694527620724239
       -0.542254609015662        0.552419761090798       -0.694930369268311       -0.885385188246043       -0.375704899874307
        2.684802785614382        1.123316492423399        0.276041999645635       -0.070442573368848        2.782862341437670
       -1.201540073921008        0.054324506770141       -2.293666026978639        0.819093657471441       -1.549019872156238
        0.608659368377140        0.909251607659334        1.424077813943892       -0.026357251574130        0.321206777517203
        0.187266779561903        1.415781621705810       -2.765143753803196        0.840487496325704       -0.122371094404477
       -2.101703399826648        0.918008636063417       -0.202245489418094        0.463568605737110        0.093030672340348
        1.536561486006501       -0.005893936373472        3.617164096324066       -1.338654847808945       -0.734249168837285
       -0.214910409452755        0.003520981561183       -0.079130822737434       -0.023325207092485        0.119902842674681
       -2.046316634614735       -0.058242866101088        2.343197560907704       -0.223238924604171       -2.623853243672614
        2.188544395798247        0.822101496344149        0.740605945750791       -0.529974677279047       -1.798803452328299
       -0.741914359645629        0.057536876093724        1.885507687200494       -1.073849229523915        1.862532759915067
        1.378223198605360        0.076876918314705       -2.476518824633515        0.817970495647554        1.537487847781624
       -0.914371223578680        1.041275483584361        3.194362183514887        0.840512983730113       -2.394849129920661
       -1.416204132801346        1.226898348383005       -0.869325583354637        0.075204934306952        0.071989349603093
       -0.443765115596910        0.487121757858634        4.769826579261979       -0.586230716786855       -1.271022831627913
       -0.265186902878834        1.512440879970006       -0.781401958153133       -0.618424556273264        2.469847361540039
       -1.758447939592291       -0.430049553304939       -0.652593989941681        0.798620063831570       -1.551062544558593
        1.364488940143192        0.512761209791988       -0.325527108709413       -0.608947820899633       -2.882571965206369
        0.110324587125680        1.807537507325795        0.245645737467432       -0.441474988053162        1.213757709153853
        3.951000840766316       -1.198687687916804       -0.127578426273282        0.660349209569088       -1.879932594195413
       -0.488518755873446       -0.375887812812081       -1.554195933601452        0.162598691008652        0.167447854210977
        2.876519438698229       -0.298512385802970        2.227305585905749       -1.052019086410742        2.408847126711487
        0.482459936768282        0.301380113643947       -1.123850432199505        0.235862499734098        1.130456900144472
       -1.816335503903631        0.603736196754477        0.730003051176625        0.148758495159346       -0.921931641931682
       -1.037984815973779        0.430405764117345        0.727232272647381       -0.254924424304046       -2.464575799999189
       -2.103606894280731        0.349228453864513       -0.126332288450216       -0.857882525948791        2.183990786771297
       -1.657841774358922       -0.825127715520173        0.974140663996903        0.044204049563297       -0.054031434339540
       -0.549158918842626        0.300781291062544       -4.287958506258205        1.431725695106582       -1.714825276633353
       -1.529499228810431       -0.142454464128538        3.633999316845038       -1.471505661447041       -2.707772989185964
        0.884134970798856        1.131340227613780       -1.066449630382844       -0.786771793634315       -0.953113255262480
        3.666126661563208       -1.185181977018052       -0.345400266672275        0.210876555890839        0.317467847398609
       -1.824975462294045        1.049282602899732       -0.538807002762366        0.167102345820279       -1.514431408921597
        1.277333387553254        1.042191135152196        0.459875135301807       -1.149026808733440       -3.547051327944692
       -1.162486294562646       -0.386226673211062        0.931220922830530        0.550752315734172        1.051483007331359
        1.323722338397361        1.202930902638951        0.420746083200192        0.450052375275500        1.602761242599553
       -0.891330555520800        0.363976581834781       -0.209037603742484       -0.294196094085292        1.180212287981501
       -0.418268653439497       -0.804920367879849       -1.985827112330213        1.002047668380356        0.808622104096981
       -1.498000314420135        0.648349238703692       -0.564060839050475       -0.373293053209329        0.346702591542968
        0.064999625185366        0.144118566520909        0.950254588771315        0.503331596786474        3.266661550693827
        1.373704054230903        0.061539543301412        0.061806841368209        0.085581413970540       -2.508914798341586
        0.678703887094844        0.002072568105861        0.024105001021954       -0.001057182465924        0.643556943544188
        1.641816892400142        0.098724312076706       -0.236436475354989       -0.150818290313880       -1.075818251129923
       -0.195809370124681       -0.953964593130470        1.381805644970509       -0.796805751259977        1.998108184657123
        3.492088661141025        0.064839836726037       -5.670773174054434        1.029264089234348        0.704774589421338
       -1.341571244556022        0.682404613106978       -1.319934101102608        0.245897969486000        2.227677773626756
        0.430931941018115        0.102058312855673       -2.326709316155225        1.157392465252371        1.921420015708499
       -0.059147438613623       -1.023888462832053        2.683989977394828       -0.230656188066135       -1.314575376313349
        0.668711376545627        0.573669343925977       -0.552769527031870       -0.617101030768617        2.114784913578982
        2.982492723051680       -0.898889982737680       -0.303836647084836       -0.420761409054045        0.861825798142330
        0.691618365027026        0.663888276640580        1.832117978495854       -2.395732853271343        1.493778264860640
        0.911629872594765        0.297463516516446       -1.975163987212042        0.260494758699598       -3.312380275912820
       -1.540580212826492       -0.916409857897763        0.097299683472412        0.940570546994857        1.177356294093934
        0.660557604773794        0.834782887438573        2.208033630233341        0.171625083543351       -1.028478303968330
        2.240237770700726        0.126356907534903       -0.711608949905652        0.309102555739150       -2.188542793313926
       -1.559261526640919       -0.905934641968464       -0.080658184874976        1.427423846823462        2.299218862923579
       -0.708854628322201        0.479752833534942        3.394101062762271       -0.690814304210384       -1.888265761325832
        1.116749040684823       -0.770302022016377       -2.645915685609232       -0.279187200535483       -1.002172732409074
       -1.065132393993070        0.649723329909737        0.447454065960847       -0.406385210319987        1.278080307354786
        3.458533732093349       -0.382877641286444       -3.240697125531327        0.118363294003175        1.750868193277547
       -0.895120757699597        0.665794072180496       -0.037450562882248        0.173564361253350       -2.132239434407671
       -0.492416382992859        0.584277867193398        0.434705872142774        1.341149300747055        0.276315108798148
        1.043313961383368        1.390273984920008       -0.059164863251119        0.477964027477395       -2.515469192783500
       -1.843867678829310        0.537095120535904       -1.620712628985314       -0.398060655932158        2.204783158619286
        3.414647840694333       -0.758244592445525        1.901992055182766        0.909381776652879        2.574036729645356
        0.082946493469120       -0.497342602014699       -3.311735616445809        0.229457794060441        0.832208903170253
        3.169706534023858        0.685152311187910       -1.104489808706443        0.965020249637616        1.264906798449568
       -0.005262543143669       -0.354254614046046        0.065305196311633       -0.140384645169686        1.078725141958539
       -0.923804752414414       -0.420977329118593        0.175913359779736        0.838846644911475        2.004732920409025
        2.433474104537514       -0.767247396110635       -2.510856367996422       -0.626081600763782       -0.278426259361244
        2.565395444923151        0.446629556353941        1.570674477760177       -0.725580610148161        0.683477621022620
       -1.103166470805912        0.967439118900915        1.111520826614474       -0.830318841672322       -0.835339649663836
        2.298605810414592       -0.954200543638134       -3.447099640485452        0.739870051517215        0.065609352553201
       -1.184516036946344       -0.134638344484927        1.615510574796102       -1.753166564543387        2.141913491043203
        0.988047706313616       -0.043931426450890       -0.923924700273709        0.371175991997141       -1.573790901263149
       -1.692901930529336       -0.542214628031340        0.873331526022854       -1.159367484142393        1.075581131038173
       -0.800676040366063       -0.367097163137160        1.195077573046559       -0.378357843490898        0.430945656134079
       -0.702483843510541       -1.273653293417766       -0.401613418678094        1.697213180928477       -0.486873550560547
        0.354268542336179        1.200753176762948       -1.901448906244876        0.473690096007741       -1.018607341575849
        0.623442191601620        0.748971425592760        2.207517592517024       -0.471807699961690        0.940211156872552
       -3.187617221313561        1.709215434303919        0.421796037957479       -1.102045032048791        1.301477691902229
        1.108289337010016        0.498641607171669       -1.723396613091709        0.821083899852809        0.291197609490097
        2.389985171264450       -0.745545233228523        2.205240234286986       -1.735454281132087        3.533635246744937
        2.386188500677302       -0.715819360182236        3.110454726404533       -0.069639382247011       -2.158947501111212
       -1.743519140545857       -0.296962442140668        0.804444873895260       -0.089882240250333       -0.384690628644070
       -0.757613584401822        1.692712369032908       -0.259107639703473       -0.466282617101595        0.034211500552744
       -0.481241487422732       -1.659930930312288        0.888448551454909        0.605706541559778        3.758399280127412
        1.339120737767306       -0.208670794768296       -1.025088666282228        0.277387176608181       -4.756848165838020
       -0.204738470065997        0.295336508840951        1.080957057874919        0.437511014674987        0.502862981837303
        1.079773451031833       -0.500325527747133        1.027675262148495        0.292811638715081        3.479833987471638
        1.067687431371415        0.426320001344411       -3.824612651220133        0.354654641018585        0.069255652486282
        1.288016187476310       -1.164965519236152        1.178624499920335        0.699070632483632        0.665988762775824
        2.794499561771290        0.251877844234429        2.791678371944561       -1.190377733703250        0.126798104830679
       -1.226710183672882        0.444341996264543       -3.171252958708696        1.073152188869946       -0.477238199965292
       -0.327520018449679       -0.688710925138135       -1.188837694170690        0.679670214815894        1.564064788149319
       -0.044378282755110        2.392853785718727        1.952974758908629        0.444095041551791       -0.296111316395884
       -0.735368080281395       -0.293729597623081       -1.704904668604360        0.378258437860443        1.036169521841125
        0.672105541172970        0.168834243180411        1.729377374130035       -0.717588578501565        0.666410700334307
       -3.157763693947615        0.679410421443416       -0.443822691255779        0.029776953027637       -2.608992319928004
        0.612070302599345       -0.020149206744408        0.068337726540601       -0.684273450003887        3.560003315320469
       -0.596506583535061       -0.396425834466626       -1.290257477780383       -0.472943248397646       -1.519545211093969
        3.510380440238682        0.269098843401916       -2.434951659583432       -0.249400645976857        0.111780828843642
        0.570577620238492       -0.920065750406912        2.070068998720046       -0.649222359475924       -0.109705051068913
        1.826873350907325       -0.283647991616803       -0.271688165543862       -0.273352905920330        0.128207805280391
        2.709297375219863       -0.125896605152279        0.614393712364257        1.034877682198050        0.338062022449248
        1.992827137294478       -1.588342903196775        1.771416606135782       -2.409240609124057       -0.947286324971962
       -0.120706844361849        1.469393380502733       -1.067672638880665        0.336069505788528        1.994565671981580
       -0.221466543395748       -0.951613189087911       -1.596095577029205        1.299403726346791        3.626847190837113
        0.743280031757137       -1.046867356789567        1.071591839275545        0.644821060150158       -1.628776984027720
       -0.847848273747111        0.652854505146148        1.381883908450770       -0.622162917330173        0.505205686350469
       -2.602513487601322        1.968860333287948       -0.751875093549855       -0.132186691598639       -0.193152931835514
        1.125793942117467        0.287784502338316        0.746056525299079        1.504832845389063       -0.552548552589955
        0.295205930692447       -0.058787436269773        1.870135864430914       -0.446435742715563        2.350471753946377
        1.516199229431756       -1.131583374926074       -2.401896454552365        1.100645616969693        1.691608915461246
       -0.753006931652148       -0.314670374669567       -1.733229398680996        1.106583130100055       -0.224986076279558
        1.323039806434574       -1.002290838308485        0.385150195313292       -0.830273797918681       -0.736183223607890
        1.874656944791156       -0.956802613178570       -0.132661629069283        0.329758481124720        0.939149187092351
       -2.039681655036535        1.493290300737495        0.219184689637463       -0.649898155666895       -0.137075926749787
       -0.215966445986278       -0.689720209342150       -0.604847541057815        1.404190554495691        0.782477472198634
        3.247576258662455        0.867703786557283       -0.629572970408144        0.332666044068219        0.537093133721903
       -2.588624351378688        0.000718936973829       -1.855066020038720       -0.359042111433072        1.503894404972978
       -0.385919541925507       -0.937845456710872       -1.308240607345423        0.250736125578711        0.974622935152920
       -0.938008443936736        0.184501617877738       -0.063795694206054       -0.048403968559956        2.138906652538442
        0.299460954472321        0.475371960570069       -0.126636515717905        1.946482271081981        0.345645021259700
       -0.755500273534224       -0.155846574149471        1.276000386577714       -1.292076438516128       -0.387450343546843
        2.213453415126401       -0.301289126369340       -0.160549989482454       -0.114799432576522        2.617940490559047
       -1.865623793119340        0.654499463371184        0.378256763360372       -0.344860952584201       -3.356080645425719
        0.726813100709088       -1.139657404154469       -0.939693723016942       -0.055821032602289       -0.457718245021103
        2.530926817076599        0.570492482936642       -2.076247481657269        1.679957671515366        1.264131799805846
        2.118831667218291       -1.020851693920362        3.596210426253998       -1.609216107381371       -0.683200319652187
        2.056492326567729        0.185569973160045       -0.047372206399803        0.284907112003753        1.051622825217314
        0.193831682003661       -2.434929575505700       -0.804253469334656        0.071578038264448       -1.591142023301861
        1.753034439870232        0.419663381518235        0.073863064531387       -0.147668166022709        1.279517252933295
       -0.646672813319620       -0.023550907345943       -0.861329471477866        0.671361473948841       -2.162924444385869
       -0.443802007565197       -0.287956417670579       -0.169473683663411        1.126649374718664       -0.294211284470146
        2.503320420575613       -0.289715335306122       -0.653229262230241        1.514182500929762        1.797718478072880
       -1.176163376033308       -0.063899180280440        0.294182404271817        0.511964416928493        0.782506767748717
       -0.460479940389640       -0.119560396242436       -0.320348828830410       -1.046453421464608        0.281370642028865
        0.205529776642916        1.343058694676788        0.093441092593879       -0.737722139264268       -1.415616336810361
        1.777938119952148       -1.784213548402840       -0.883330793763335        1.062304638554996        1.771350247585824
        1.809428516337578       -0.393672447636703       -0.406851356650902       -0.370092417077078       -1.928064576808185
       -0.656037808041023       -0.393307246005071       -0.491165031858346       -1.103037908052444        2.663908622503619
        0.314850061134842       -0.626316605356024       -1.799883397148087       -0.156058977408347       -2.194860274839889
        1.799333295719170       -0.052292025324696        1.417470196681443        0.132761582468481        2.840823763736675
       -0.965462420921924        0.071321359104865       -2.234525247244235        0.480702568261302        0.028714108613978
        4.459980427050023       -1.366724478835829        0.896642818652891       -0.651250879324042       -2.254265721669505
        0.850868895316564       -0.545249217927263        1.319175751042208       -1.324699434827262        3.243349539910142
       -3.848829895883661        2.810139036092376        0.114512683724653       -0.718433062338878        1.826870914816034
       -0.227034816671084        0.094345502441164       -2.793840791898763        2.038401374799665        2.618319070284524
        2.217370361590497       -0.746950437904305        0.948929922531171        0.452745844298149        1.027695257391403
       -0.639168473980286        0.553640231370200        1.130950901720642       -0.174621602831725        0.958287131706755
        2.254244695950529       -0.747483592983909       -2.784168795384886       -0.175820165034638       -0.303206423394628
       -1.181667308192738        0.475856325191042        4.358777116681452        0.044721252445372       -0.352951251935789
        0.921659536636685        0.493864974617230        0.298354472752054        0.224254534159096        0.607102144679805
       -0.914825400572653        0.296211690477706        1.025922178991223       -0.406469687072820       -0.205935521149756
        2.884498466259085       -1.149338056669742       -1.160085508286201        0.365610500281498       -0.398123554390282
       -4.457519604800043        1.045223999469480        1.097566597438914       -0.548641246961895       -1.538470668578249
       -3.739236822560758       -0.301855111660952       -1.559097215382888       -1.326587468422024        0.280168431674612
        2.855343417595193       -0.771002155621306        1.527346221025364       -0.454462865287568       -2.551454598388140
        0.114102862255331       -0.220516212919163       -1.559708526777927        0.343947251707879        0.925165713031987
       -1.883409657375449        1.138611447018149       -1.711051596607130        1.380142015155405       -0.567709184256662
        2.220937781742423       -0.259111242764934        2.630167667472863        0.085147967258211       -0.479455675547567
        0.817515479488184       -0.485587994854303       -3.199720655683911       -0.373069289761219       -0.392541092879234
        1.536945552036519       -0.626444508757115       -1.351090564893517        0.618747289627238        2.171903630701629
        1.188840681358043        0.218458486820034       -3.255236929712796        0.220267790159705       -1.736208378384568
        1.998895450772480       -0.035025211822718        4.271864186714500       -1.766584788930960        2.751715109757969
       -2.686136896786612       -0.473279510442208        1.964698711656274        0.494038789363552       -0.143969620658623
        0.195861327778256        0.321498350231035        1.276642722649039       -0.727226414632612       -3.361717201355728
        1.549042821366900       -1.302473065823603       -1.352808938299787       -0.310710255887827        2.144192744218721
       -1.024829500529222        1.979442636849218        0.429774396747408       -0.148532886104023       -1.946616438220246
        1.551158323213981       -0.020463927047093        1.843596077324967       -0.902886436882375       -0.876791805308569
       -1.546877833095298       -0.558103542857167        0.137316510373035       -0.511303681271654        0.546733219758800
       -1.233734205336621        0.363132729490506        2.721423069539257       -0.966393045533543        0.408558748983293
       -0.383362948186672        0.259763169575478        2.115885854471256       -0.701568743343738        0.554527081039223
       -0.154608951949661       -0.865169561197547       -1.426964736206301       -1.003914702300544       -0.278968600726446
        0.480688982325414       -0.084778298309868       -0.809856795701089        1.914153685287593       -0.888165782701385
        1.084888235333354        0.094375145762135       -0.412699723510563       -1.075714589619732       -0.689709973091350
       -2.212109425410367        0.072619300077473        1.247689342411449       -0.227702329188450       -1.053767290468806
        0.949227102175120       -0.519734112782656       -0.886814076302431       -0.035524563030537       -0.276972968394951
        3.060803238312977       -0.727973068771189        1.647244484611657       -0.011315938477306       -1.487534991878468
       -2.032811326040402       -0.381521762835627       -2.294805553887255        0.191300902271971        1.108443202304151
        0.766070263280428       -0.000460546347819        0.491517704436193        0.013302293325958       -0.780660792807450
       -0.251773534640207        1.310728270888268        0.741954068304526        0.136055970741312        0.799767384475053
       -1.191372708092608       -0.116729957107976        1.759892274893457       -0.252004807475253        2.055509079055663
        3.176693024441824        0.434323914684290        1.394557160331893       -0.451032034703064       -3.300005735873633
       -2.757460559236822        0.939508808126568       -1.863201114334181        0.699210077965056        3.109596178126337
        0.715785459639636       -0.254711173747470        0.289345994913478        1.113032253781939        0.367243533992349
       -0.764460430430898        1.129412258956727       -0.640795402824953        0.923991410773997       -0.255594922926295
        1.309250300271796        0.024724372254681       -0.813169847515982       -0.107302744196607        1.141394703218306
        1.943229875138588       -0.197824661700227        0.598963566975625        0.307965534465535       -0.454269685663471
       -1.076106661629334       -1.837092976856743        4.140811492247689       -1.045772008911946       -2.800310665096630
       -0.255983451231014        1.572343852729278        0.600564900718339        0.997454778184385        0.896758335128929
        1.849810081379537       -1.125043565851195       -1.260206104560802       -1.062013664077781        0.096837752013592
        2.590640952714504        0.017965217242591        1.003022466021733       -1.294254826210391        0.407771367159826
        0.926730564323476       -1.803331592804813       -3.759815741218351        1.703414715978096        0.666824050464687
        0.967386996246460        1.905346492462122        3.071688867388935       -1.447786671867610       -1.369970174843390
        0.199360366482262       -0.083545025336485        1.740969064017054       -0.162839525775690       -1.420168507546582
        0.754954740915842       -0.369091429650178       -3.145584919555195        0.223409695494428        0.297346826473572
       -1.027223875337673        0.610333713137669        2.922976914544006       -0.985419073398610        0.136454379297900
       -0.047587626157434        0.994352979776931        0.979384915292711        1.019447721419344       -1.379608417930238
       -1.328843624155717       -0.047466378243098       -1.005768815126394        0.154310846203458       -0.625553288540222
        0.489752501237435        0.712452293563089       -1.305639934885841        1.268551266794152        0.860526123101490
       -0.043640717769803        0.063808708950958        2.255538361170907       -0.149188414109855        0.378712387548649
        1.598491520567179       -0.040321826101486        1.586262371281198       -1.311104941740533        1.342590998972981
       -2.394904525476314       -0.397944541915349       -0.916467646499019       -0.824866735046484       -1.593185130700932
       -1.866481962823226        1.052924717989031        2.758059912834931       -0.365819097182302       -1.299469269939428
       -2.499639663540920        0.110267295934906       -1.405690326951740        0.341422490861764        0.298342236686755
        2.088769427067988        0.337747475762981       -1.010337468804787        1.750893995851267       -0.841593324535182
        2.922703306917573       -1.771140624389925        0.458523594074245       -1.103885569774834       -1.458933998966790
        0.145578396214253       -0.989856920957246        0.701738273242413        0.115534782739410        0.908867649591167
       -1.392781608810562        1.127420142896804        0.910224861764073       -0.661791769485618       -1.566229673337241
       -0.604687297567207        0.207668961851023       -1.543964175364368       -0.154922169618534       -2.035587749051624
        1.139890825450014        0.103733154677406        0.896121333370796        0.378116751506528        1.252859006587880
       -3.485955973846385        0.892992930626712        0.399575818688566       -0.490127867789243        0.356340181913117
        0.386161465744255       -0.177205837761100       -1.277074657224813        0.493088505140071       -2.414617751070827
        0.899725212130526        0.487332450380226        1.014151979573395        0.255759891170675       -0.996728568818684
        0.257278941509752        0.980577621569743       -0.922271612268354       -0.554414892839063        1.467175806934312
        3.272969324314003       -1.826563432703157        1.991593116147035       -0.625181178157834       -0.642682054942856
       -0.719628473192675       -0.598791743601812       -0.382171170179171       -0.386570370836406        0.801206683643326
       -2.643016530551637        1.172994782922892       -0.694999731164923       -0.608163153730150        2.733486729703833
        0.412083814684862        1.548772583340396        1.081967501419935       -0.341267125901239       -2.943940163926595
       -0.698258910505816        0.695103132940841       -2.704449507360638        0.179997179457102       -0.889426044328380
        0.930707771181323       -0.827336228919068       -1.941643855723178        0.525229946388059       -2.919485958756982
       -0.873083394450150        1.216126895546119        1.133037588120946       -0.795453249893150        1.301554195813291
        0.798427090477016       -0.075314318780094        0.920938899453675        0.395398016785807       -0.475498061291922
       -0.379770288719458        0.347448384121869       -1.657256155267383        0.903193844508260       -0.893598409246055
       -1.915830398718599        0.789852697116274        0.523943015261687        0.556070086661781        3.055062526595555
        1.895665118997824        0.298085491774738        1.238911457759087        0.060551121414239        0.623104860539711
        0.926787317851267       -0.573445827691144        2.689466570438082       -1.656480255360262       -1.549123581723297
       -0.277017973081204       -0.024131256022174       -3.572697272941785        1.777925167312475       -2.724104598835713
        2.725282826989116       -1.127649094119443        0.896307139676038       -1.093125153938380       -0.003153354340680
       -0.426425421803898       -0.037426878564665        0.991702225004995       -1.092673650987645       -0.585228234618032
       -2.928930509600951       -0.264675204047732       -2.296391264680703        1.369902984093771        2.320124283776158
        2.288234346614445        0.816950794701484        1.428604726576407        0.937233900149463        1.366657216567215
        2.763603560120997       -0.279378492327611       -0.345547125493318       -0.022187147859981       -1.529936100046593
        1.547316483792065       -0.887915772996391        0.854222549528884       -0.773462699309858        0.342427865843152
       -3.256956674272417        1.456385636329863       -2.657614660003476        0.837218668934933       -1.883630737973580
        4.301408666236573       -1.420520233379281        1.459647518060177        0.157167419653360        0.994432556200515
       -0.501924486774319       -1.078447941146649        1.589405786464223       -0.844521917100722       -0.193147387078533
       -1.519471826661235        0.686375116572232       -0.970270268973284        0.732733387955089       -1.050658538846172
        3.099691081215897       -0.859214964378252       -1.803378946929038       -0.991913397943575        0.186534442020028
       -1.960443340630287        0.269762561142929       -1.122699543297700        0.163453791161471       -1.940808079169516
       -0.235036492759326       -1.337030877341469        1.684412282126212       -1.862748580848862       -1.167908746286421
        1.942300665548731       -0.439491459746784       -0.189921625033794        1.344048596032509        1.450427439592072
       -1.828702277007032        1.123232882526676       -0.033966685638804        0.953871872222785       -0.658414554367677
        2.791748782528556       -1.818783288455095        0.754287559844869        0.321009591897119       -0.478145169868343
        0.915762048515991        0.129525946263094        1.436648149745681       -0.746835367247750       -0.535401963155535
       -0.654100252830409       -0.620981035680253        2.582948165480611       -1.169565274666799        0.085281980958189
       -0.646620144486833        0.449962305814257       -0.389852043390904       -0.057565874344237        1.919412939286694
        1.637726232704244       -2.069457094510703       -2.683484091071525        0.134603229906577        1.576967064059852
        0.972499967764268       -0.393936813183082        0.298860103674719       -0.451797103648401       -2.032964837449480
        0.674160634090316       -0.716499103154935       -0.055200103928446        0.703803068873008        0.917931299757055
       -0.166902517400670        0.472841666189832       -0.939255039455301       -0.848952503130989       -1.203196626638267
       -2.266990635469840        1.751004522632530        1.250183023950032        1.415886111045733        0.478299947684245
        1.485907699542649        0.290642451168404        1.777094831428038       -0.360230543491721        0.951164558154437
        2.082655631629829        0.832050440849441       -1.310223545837130        0.900333016906990       -1.377157675593126
        0.307193041442764       -0.006286297535847        1.332091559728585       -0.788103010338512        2.554284682504512
       -0.829878698719789       -0.225714889933093       -0.738035036391792       -0.181585931078300       -3.089947205559220
        1.556316861795505       -0.114766135207779       -0.594424682280374        0.616437279885567        1.065342507397041
       -1.479204104757083       -0.516751706232347       -0.717552743519675        0.076231285243910       -2.285647088250923
       -1.535025344427513        0.211685562015268        1.609295014314459        0.901513652539624        1.712198359769152
        0.730479181684461       -0.200374206027724        1.025287339544746       -0.023671865799110        2.525398797656414
        2.302702134356383       -0.451301104900898        1.572439217096200       -0.508637469414461       -1.054663595407455
       -0.591790356658139        1.263968805149401       -3.625115158159132        0.787807188593876       -3.905335055736061
        2.493817242291970        0.780241683448761       -1.318252656955075       -0.095947810949732        0.545233494838815
       -2.073147598681525        0.400670929167916        0.211530025639607        1.063831002045174        1.357491048602877
        0.141834027203830       -0.352986492973902       -0.333401086094258       -0.065569454881368       -0.704555529759376
       -0.078929527565347       -0.078933501782091        0.505652995817766        0.600043266939967       -1.776724416709409
        0.165604254759283       -0.250599151623452        2.645325975182894        0.441825214797545        1.590838614928855
        2.980393785400896        1.198788715571927       -2.471733024036255       -0.197241340947088       -1.138913963139838
       -1.963664560014853        0.404911490913968       -0.318118996084708        0.266793482856999       -0.360985110908621
        1.169511887701539        1.004305641928386       -1.489652641417611       -0.250016490000340       -0.555996649276141
        1.489204275259291       -0.942323238925719       -1.538104837897341        0.188051369487843       -0.558932264894653
        1.030597696588510       -1.042040195175520        3.857445064094682       -0.738625941910619       -1.761123277674713
       -1.318329188514220        0.643233262991497        1.852465221168694        0.733565610638477        1.998755527599520
       -0.174770296555141       -0.713426925576131       -2.707304439177933        0.933726692631711       -0.526282313750713
        2.110508332603599       -0.149683213492164       -0.118257938514142       -0.798931085001004       -2.145384541651810
       -2.088924721586838        0.307510012928408       -0.217848885902102        0.880626908007531        3.732022123013946
        1.098239316474508        0.095506079755620       -0.619675633389253       -0.318521671553442       -1.844518987543074
        0.866145571111088       -0.406141464029497        1.279283813517486        0.709363942837047       -1.589600032022191
       -0.291619187099795       -1.527372046734776       -3.230817140819711        1.156754014542366        0.135764140965314
        0.365812917335721        0.609715247921241        4.210444820347423       -1.142670513454376       -0.894261641031353
        0.222789229165294        0.748741985002950        0.359103274630656       -1.038121697036789        1.649250107963854
        0.378200622990165       -0.456298309201620       -0.283215009817682        0.314113650514054       -2.233953320403576
       -0.551942598507946        0.607838315714804       -2.190618821879803        0.300699933371386        1.416726042477543
        2.230240342595417        0.100306909459525       -1.154553553807432       -0.612712669276900        2.016103445429823
        1.515175613095110       -1.087740585733241        0.260251463269005        0.746608517537653       -1.255835420859214
       -2.346856377746225       -0.103651678598396       -0.059270574495934        2.164063815228465        1.409189517390037
        0.106192271655650        1.566068095722654        2.495698082438618       -0.563181685059739       -0.177083437850011
        2.141425284175432       -0.052200900343419       -0.339036478474566        0.516883673689058        0.070526876305338
       -0.998052744575770        0.809572841726688       -1.527300518131786        0.214676120072056       -0.957083560169908
        2.838363253790553       -0.666446999762537       -0.744609300461499       -0.241813888091554       -0.201879254807119
        1.374186360398350       -1.057320502824104       -3.003727499559637        0.599375445918264       -0.377841027343064
        0.730473213258743        0.845398576763334        0.892600872168900       -0.732673975899819        1.158980310488359
       -2.229796036575622       -0.682985630819912       -0.842638880091486        0.808650286939113       -1.890079383539922
       -0.164595720223274        0.837998886197871       -0.962612861110658       -0.225079530037264       -1.362449831977893
       -0.917194235814049       -1.061179140575399       -1.012191174432883        0.784261567097641        0.994664361959971
        3.117754604842261       -1.339194410159691        1.791448609870576       -0.284661129155023        0.957572638463607
        0.517295125985211       -0.763851431679837        0.108529941116886        1.201383131934652       -0.446921575289047
        1.898756142884355        0.177249930385125       -3.088666969952612        0.859482597096219       -1.522129145689726
       -3.533810095739447        0.530655817000940        0.679206159718805        1.152238546484869        1.929954212057600
        2.719648764611204       -0.365124633056081       -0.154718197863384        0.707384012783958        0.004456096852449
       -2.601733952545796        0.989612033320500       -0.035867104782245       -0.340613333621862       -2.726420508645153
        1.920860728203646        0.040275209168281        1.587914408936302       -0.677001606851858       -1.647709817128293
       -0.086883778499316        0.320418079708080       -0.661232641416936        0.408245532405030       -0.510545751819546
        1.524184155055249       -0.297603752289980       -1.490555220052614        0.592763246845204        0.000481231704316
       -0.578240388484047       -1.424639948953293        0.503218061918163       -0.203816087460174        2.776210267077270
       -0.813047116834726        1.837547470019141        0.629494903588601        0.425678870203700       -0.032219712764105
        1.675883582368355       -0.970177678350339        0.516780776907957       -0.429480089614299       -1.753336468462955
        0.307810881933040        0.959856735658093       -1.666400064080880        0.595879545601119        3.694406338869936
       -1.658350277597840        0.336223638712278       -3.800852206037710        1.308529296056128       -2.313038199412775
       -2.169270589421590        0.287432604825211        1.820209783083090       -1.459069329353818        2.210877354691949
        0.790376934644117       -0.327219223005593        0.765212435497004       -0.999311091698429       -0.601125102529538
       -0.857121859801289       -0.382396417487105       -0.066737241452981        1.555157083026571       -0.122297974903388
       -0.723836160530880        0.041376626000798        2.867515683758053       -2.040024622258060       -0.464125348107664
        0.831820798847088        1.248053226274288        1.945811590148877       -1.486628506896855        0.069674362555172
        3.906259255628748        0.027788472299859        1.653618697482619        0.407928859393121        0.658785858950446
        0.450503900774713       -0.691834179872923        0.914211510276094       -0.814327806299735        0.571641255499947
        1.361305485722991        0.772688689143573       -4.268374997459354        0.853184189933584        0.482198110855378
       -3.996408239175306        0.658095434609556       -0.158633965752645       -0.551601450323807       -3.709824186855392
        0.357058836669492        0.910244356270722        1.379593522474747        0.280460998823200        2.671446148727687
       -0.398950142373637        0.787009419214817       -1.615497897393685       -0.162803411638393       -2.102783691317099
        0.112834386547822       -0.125921262577215       -0.056379662320203        0.929387602416366        2.358688588901230
       -3.236944736535320        1.950301892152743       -0.890656320834256       -0.912166942218624        3.013601286260446
        3.322980748274776        0.412673484389131        1.418346856984923       -0.071629929748123       -2.479823518074749
       -0.336465926109126        1.055916589666799        2.964661476902660        0.714374256922010        0.887037314073249
       -3.817909045678844        0.392672334777936       -0.543692354520104        0.005347567255380       -1.308000107949063
        2.246296724642079       -0.089931050654685        3.375468504854389       -1.038532716317533       -0.886781259711184
       -1.643058866579765        0.908830044352837       -2.430033221548373       -1.761272758935189       -2.168552411338252
        2.497848612537708        0.253825626948872        2.266527908726151        0.032033550202066       -2.564333955558797
       -0.057627798088992        0.138972456998488        2.836663802269663       -0.033976514265602        1.973695373940272
        1.732373630375909       -0.454562013460327        2.209952150092617       -1.556055197028392       -0.485810964515865
        0.676777091781974        1.167930649665973       -4.662297574727604        0.366347701495497        2.655166581130692
        0.114982607165935        1.384252994405642        0.975889005807044        0.518066750701766        1.062368313361283
        2.266364305744041        0.293328020791014        1.871662371835896       -0.223579537921528        2.034808709160050
        1.305844503180473       -0.646961406620910       -2.151047387859951        0.225683077369175       -3.318381330696289
       -0.373342230030447       -0.803475481009574        1.803402786754207        0.109277534057658        1.131444943995605
       -0.735568788311381       -0.007950672670900       -2.933490670307297        0.299867503007078       -1.781050066735643
        3.214435636324709        0.151235595710389       -0.964439278266814        0.497895660137553       -2.363852258959533
        0.588767419184592        0.853464933387817        0.338588849909189       -0.568559414958694       -0.096507652217229
        3.550688351241117       -0.742915684018260        2.118561732801942       -1.184416518342003        0.452224882163752
       -1.667962732474975       -0.308579669288702        3.314341378334110       -0.118138382677242        2.174666281782662
        1.592371669571012        0.251038327797959       -1.649095045963935        0.455642807685240       -3.056269162598964
       -0.498569819247798        0.328911081051726        1.305184199823915       -2.113226171025119        1.928460068601864
        0.705768243455572        1.063446322453521       -0.792432826608209        1.604117194964533       -1.184564677464381
       -1.740311493230449       -1.092910691557466        2.733612177089196       -0.222575505956524        0.239041292003513
       -1.744376447306954       -0.419303656130457        1.010815878704637       -0.752835865004591        1.799665721465726
        2.580494539915449       -1.453648480503595       -1.476239150907784       -1.106238184091358        1.018544312322146
        1.195807246605859       -0.055076837560123       -2.592398666988114        1.418210121770531        1.592181062571793
        1.664904772924168       -0.143749335045923        2.365737689886796       -0.452297310729690        0.484039333624620
       -4.223559124392047        1.546894487228465       -4.150577837230104        0.685777597360089       -0.979629951772869
       -2.574133504085149        1.039570873655312       -1.027226274384464        0.062835472339673       -2.723529095153214
        0.614099580533202        1.797131524639300        0.555238169565006        0.014479824636403        0.354690050375279
        1.527293903460518       -1.524545742016916        0.955958692272422        0.491567602121032        1.302117571744468
        2.484014281038364       -1.125040955560634        0.463737502896278       -0.344976072291285       -2.330582756003101
        0.792502213570942        0.273490073975798       -3.518185381083493       -0.095433513465562        0.609947347136742
       -1.045421430032595        0.669484088043606        0.918416949444052        0.568372831797950       -1.595685756561338
       -1.924563611426072       -1.234156930718098       -2.002668529371737        0.201252976210498        0.533372665554340
        2.741442185826790       -0.286180866688411       -2.262579908492370       -0.943406561374987       -0.260932798365052
        3.069665374973546       -0.396373424828821        0.384351123768994        0.696196004502735        1.716698916031761
       -0.248531704865585       -1.330682486317663        0.077882810482435        1.023200439505165        0.015058255876976
       -2.113375270060398        0.560121807718027       -0.014826912589626       -0.156632821665237        0.943068567201440
        0.262774976057591       -0.080445164816183        2.102921710396258       -1.130333176890810       -1.102673706371344
        1.850986337002041       -0.330582313273959        0.989626047280346        1.124508193137621        1.195155692470733
       -2.938745121481281        0.467764211715739       -2.490233711954143        0.513456044005058        1.066792610585069
       -1.950219006896526        1.802040333021468        4.301017543892592       -2.038367429975781       -1.605505260898373
       -0.220261106123643       -0.310158418275437        2.349463930469606       -0.577943851638551        1.498282009821176
       -3.189248841723530        1.195952093030145        1.666102128717955       -2.426939284056526       -1.310456997509104
        0.333211552960196       -0.220115652499422        1.731554718787648        0.845727673117142        2.321299327603516
       -0.062156727691186        0.614881235964706       -3.069680108465927        0.971848762114250       -0.274829651725341
        3.437128559815862       -1.024638075952489        0.584983121148053       -1.404621853649495       -1.070796823898107
       -2.274355436407026        1.251079055049861       -3.372439563977224        0.260899839476622        1.078850287652369
       -1.378217390388081       -0.264804393729737        2.792449473045480       -0.806655793822228        0.718070953584302
        0.257400475302742        0.148941931544374        2.860346739634366       -0.585217824213468       -1.877352529607315
        0.219436971216503        0.151937900082612        0.235004101728579       -0.722627121159588       -1.583859798710149
       -0.301426825483781       -0.635121069915580       -0.210989010932746       -0.683524928319077        1.056580144710960
       -0.526890529601831       -1.762308044201288        3.202742651506906       -0.234351692304239        1.790359458180971
        1.138212477170119        0.364395453133121        2.205565909149507       -0.315851400611285        1.112523621945360
       -2.112200943052608        0.788105547727794       -3.460807894065467        0.120329173143163       -1.318948924832339
       -1.074053554274901       -0.367952850157739       -0.812045256094273       -0.064369976529584        0.710464730524038
       -4.051960909849588        1.479441447087529        0.272879108286929        1.046603134996877        0.105205781610189
        0.849010372536665        0.223686790218314       -1.059808291317954       -0.318531226602275        1.125922203916090
       -0.362177133904865        0.716529589360623        1.882094345961338       -1.278081816167598        1.460312068234515
       -1.445846703721373        0.995568557125206       -0.610531280534215       -0.535170894884272       -2.114934437919014
       -3.664689595753249        2.214200322949825       -1.296149338609293        1.826099635759381        0.296363447392278
       -0.965390580579349       -0.150380950091046       -0.411319627320361       -0.675371803289320       -0.919066285722543
       -0.423363629992482        0.338286846760700        1.305391397466493        0.051392841340316       -2.197964718121471
        2.285247416234638       -0.897979630343005       -2.676089266641527        0.259870620843017       -1.182834620588655
       -0.705168649105801        0.406161387960599       -1.008504424814684        2.086385555805067       -1.139309208675914
       -1.843386652422027        2.069000320840692        2.905169345403936        0.631855977702650        1.077887730644846
        1.911242816040099       -1.475452921390148       -1.975217976710316        0.048052429633809       -0.351317571055967
       -0.408548317738110        0.437483717195751       -0.860949692657583       -0.962790682692408        3.013101817046780
       -0.230941070573708       -0.864011906324609        1.655641292659448        1.156130402378179       -0.668406495850451
        0.030224926620882        1.126897290954830       -2.975331256442729        0.480813405639608        3.181288544547586
        1.378558649330637       -0.293561535087591       -2.997173052604273        1.212010366016528       -0.054392449513497
        0.314483852489887       -0.778186208034713        0.255058533926810       -0.045318566667057       -2.703262234625337
        0.390020950321344       -0.356047080270976       -0.272955048726794       -0.662975829423387        3.286010950816911
       -1.874443322383565       -0.202074627583030        3.321316619023851       -0.156383476268708       -0.511926720036556
        1.628496642333932       -1.281439316842735        0.665435594422308        0.896150065524615       -0.661153797230552
        2.270683971724277        0.006148371404262       -0.547184935904543        0.388253721208967        0.256970881150858
        2.841525752294800       -1.499497426260503       -1.532544568095200        0.323495527623696       -0.632278869270385
       -0.689086887195816       -0.279399398052228        1.238121952409956       -0.142163485460053       -0.442010306801350
        0.836643190233984        0.115007327219112        1.320282670436591       -0.713857997528142        4.315557478379366
        3.352192697925270       -1.196510247613553       -0.236584345774680        0.360789503107503        2.494598376893925
       -1.631781137602618        1.397846052814386       -2.794822958463727       -0.301643797825340       -0.312991483475355
        0.483809490272078        0.324421800874807        0.475336640928158       -0.990638525459770        0.123146536615574
       -1.656885184136903       -0.619663845657659       -2.774552125002812        0.682141111850290       -2.072416940243911
       -0.719446211598817        0.213096821649484        2.230566763833749       -0.088696117404499       -0.171396265160263
       -0.850844539927975        0.486439947679250       -1.863594594856122        0.186190193751758        2.505086189428782
        0.838483000360543        0.627631658910418       -2.154928397077459        0.872052091541539        1.156775858865546
        0.010478422831192       -0.354047698353636        3.230279833635851        0.447275629858256       -0.704368209033752
       -1.032784946706803        0.521923926723048       -0.591805628740809        0.485447856849844       -2.744614570671657
        0.708454923848206        0.002570639001277       -3.688057994920304        1.865210424750192        1.081146478938990
        1.551405248540716       -0.368448930375805       -0.236785146305189       -1.838208764379208        0.363925843255857
        0.731672040039179       -0.934453262052772       -0.448353812640725        1.094454374879204       -2.570910175764842
       -0.066470122475904        0.543099670700023        1.251788618615487        0.312039724353405       -0.779546196859029
        1.985010172821259       -0.145171125734624       -0.841080599628467        1.949322506794033        2.300577089887734
        1.720716716077334       -0.416413802734415       -2.070965664741302        0.542447193274929       -1.580827233901629
        0.536089369672745       -0.291245089104441       -0.409771214720733        0.426352031138077        1.771577685576074
       -0.441144829822285       -1.346850132092336        0.890958992824343       -0.365536436655375        0.332825452954049
        0.165165181617832       -0.184241927593261        0.925749715591426        0.290531397602202        0.064822715161830
        4.289713700985687       -1.634574615136493        0.988213682442393       -0.936654175108918        0.627163741418456
       -1.582643739811008        0.143219324980356        0.976252962351204        0.466574275643365        0.666177927915503
        0.780479315533334       -1.868903485739381        0.303518594074017       -0.620305483226776        0.561422393523502
       -1.622767075220216        1.829795259431176       -2.667938389222475       -0.021767203180106       -3.142655222482764
        1.453955454610634        0.695852664921865        0.135172381026749       -0.469107092370633        1.029304103975818
        1.387826135858022       -1.125504143505034       -2.266862533084640       -0.266051231043894       -1.223587343037469
        0.158191111397605        0.239800997546173        1.065441748974199       -0.245571663493611        1.386940011459649
       -0.180461240306637       -0.493190035065672       -0.934874439409511        0.070214195140275        2.771712740039533
       -0.182295742749711        1.572474022357735       -0.927933675906869       -0.891306532755854       -1.567567390993222
        0.418193322703310        0.227965664689456        1.004352016725265        1.438693912662953       -0.275558184774671
       -2.085221684845924        1.368417193045772       -2.348723622807241        0.130289563005426       -0.186751401103639
        0.449066797450719       -0.957489338802111        1.897364635665272        0.201606509380674        0.390301477650571
        1.229450672288664       -0.289088191823854       -2.061196786967168       -0.074721229976106        0.539902884915812
        0.822308795316271        0.330335087557394        1.942149692777983       -0.157297235772736        2.356725255313595
        2.496422537902591        0.503854402732853       -4.083432196403721        0.761841525485479       -2.023041605907921
        1.026007723283522        0.156232698519801        4.522353593280189        0.921957188281704       -1.365160387469959
       -4.317611931473701        0.685977172980396        2.091180072986650       -1.282351530495967        1.743243733806149
        4.195494360601135       -0.813359758670468       -0.673944013017785        0.871139791137395        0.926160387495126
       -2.348230647623609        0.671656489236055       -1.842992372385170        1.085179502792124        1.880063555452957
       -2.616167196910024        1.264336089186280       -1.053138541680488        0.086409737911346        0.182638359786106
        3.951860201875151       -0.771083956265365        2.809553911362894       -1.185407071330279       -1.540039886886983
        2.146691391385965       -0.437507035114414       -2.892247995727598       -0.049202766528597       -1.701702436013724
       -1.286784828686852       -0.576796095097478        1.842353075264046        0.286383932985206        1.620627275083851
       -1.382084646711242       -0.462043653217618       -0.638192569568533        1.746417215753194        0.213647059184859
        0.006584829000680        1.386456693573047        3.673093975884560       -1.977007247284832       -0.775074863509354
        1.312843151597523        0.561426795424414       -0.422882201635825       -0.236040722230845        2.163651129686394
       -1.550191446366441       -0.335133192071697        0.576341120815581       -1.279634771627931       -0.860999411263477
        1.601731146813996       -1.025079028880528       -0.149132082645623        0.880692599182211        1.041083871332204
       -0.115766645899552       -0.849547201969194        0.017269559414329        0.308994423278729        0.441949551832586
        1.164459069252753       -0.701293768819049       -1.744505076269602        0.772479169551893       -0.709050437229011
        2.920100952826244       -0.541137397519142        0.130590857078236        0.931037759617056       -1.330245530967241
       -1.051222442739955       -0.020705364802343       -0.113659536733341        0.596750079196435       -2.452526962742728
       -0.902455253530056        0.178582002247574       -0.752348885642010       -0.292034939336228        1.875007744405921
        1.537498777183706        0.056314412623289       -0.255360791074525        0.740673457762350       -0.940116764325774
       -0.397993247380643        0.148901959239831       -0.532414152455758        0.797681365486480        1.041579100729004
        0.651652861345667       -1.332352954941700       -0.625358395411679        0.077669235774040       -0.573225184298530
        0.561666304301472        0.058047620229615       -0.348038052819072        0.386324663180032       -1.198365987694093
        1.201086584486508       -0.330663303225341        3.083771376152675       -0.382715806587446       -1.242695884321693
        0.719365496186353       -0.608796452801574        1.295122443625943       -0.482705542638690        1.621858009836298
       -2.798949835065827       -0.584894608593258       -4.623745043367513        0.191646876426247        1.197632739611989
        1.481700373916723       -0.442485433611014        1.026536072450500       -0.489671965407461        0.658154930633128
       -1.735815144453925        0.834472465762975       -3.105672325353138       -0.086557984372528       -1.473123571235008
        0.500681364983335       -1.783465175780089       -0.294136608670080        0.246708403727802        2.029976459377611
        0.585875828158494       -0.768577049099903       -2.204777051036159        0.138709492680346       -0.691746688689473
       -0.838709947678629        0.715008868383871       -0.253291667802016        0.528710011811613        0.179934808693017
        1.689033250287053       -1.018980738988272       -1.145530498999151        1.057953008097217        0.578615995115489
        3.274842361990846       -1.762457556690762        0.587553805908303       -0.073932803094028        0.198095038774118
        2.372673145398430       -0.901041414692296        0.743850587240519       -1.104332540371905        3.296021677711119
       -0.197605876931134       -1.279774762851609        2.330588078439759       -0.997120762992745       -2.307353791270127
        2.180227583038902       -0.399181793844575        0.162111830539558        0.468404805778848       -1.108115624262224
       -0.136783723008824        0.529909404513676        2.277746004802581        0.813092125664029       -1.182992036560473
        0.090932313864364        0.209796698884389       -2.199664864453949        0.995563851596882        2.255931122191236
        3.055791989164594       -1.473226706346601        0.720185832149468       -1.026862926727917        1.719811063481157
        3.115223856402558       -0.938398310592752       -1.400792741364913        0.667909149700114        0.196122386946313
        0.530587789180619       -1.628088213224709        2.221897877784376       -0.338046833493409        1.215663258139056
        2.307512133680412        0.606212244575411        0.862755234142887       -0.051719106761991       -0.787082854378194
       -0.565031814044667        0.301455850609208       -2.251631720569155        0.950374089296779       -0.892266698988655
       -2.081865051402127        0.838736188441605        0.237071307654989       -1.092879371668785        2.214808054863960
       -2.069182760969984        0.075475309783208        0.316855102016650       -0.272380465914472        0.618006326176950
        1.377414240467463        0.384508139932193        1.329186916131410       -0.102407433213532       -0.660304027376732
       -1.208963422753912       -0.359574586366709        0.035401946055161        0.888017835959189        1.427636846463874
        0.036806192463634       -0.292495989360197        3.481932149042904       -1.259030674778317        0.467309478348434
        2.035677211423189        0.484893927493861        0.300385184631772        0.077916029353304        0.460971214886991
        1.075713640435389       -0.415036568659401        0.772782261125491       -0.847698346294823        0.762919345525868
       -1.139756653323879        0.898587406505438       -1.614764017046675       -1.110689537273875        0.228231752766974
        1.541767291159678       -0.463329483749765        0.032471170079834       -0.711691965696404       -0.769598475354344
        1.947198201544430       -0.124892979662519       -3.569106189065378        1.465302728748238       -0.748090518232376
       -1.861717149092720       -0.811204889274637        4.499521438353872       -1.094961986128456       -0.911470229671930
        3.817890486937347       -0.171301615963672       -1.897016816348650        0.208352050682877        2.166636011860382
        2.197706798423786        0.119101605291908        2.105903311984051        0.203248544092806        0.456960625094994
        2.054795684326582        0.294108277806680        1.076060671257298        0.144529189407614        2.330706077602065
       -1.748759535735817        0.152178261222512       -1.183600578152559        0.107645194076951       -1.837395276662370
        3.839450935333436       -1.073537618992309        1.360654534239601       -0.482701801367526       -0.124483460946212
       -1.444529512657351       -0.575247569459348        1.380177536676425       -0.890153392686586        1.895366980181182
        1.886812529408873        0.153155223784512       -0.153348939078073       -1.005571339218287       -2.248426765138132
        0.293508568341743       -1.604313778181577       -1.234604178721630        2.177719271421723       -2.709512704886683
        0.707326413276964        0.725692282090519        0.944421964068577       -1.289809536737786        1.762688019436325
        0.972859854867078       -1.253148826299088       -0.560889761200997       -0.239078726560999       -1.066530720068540
       -0.013391084778516        0.442832992206904        0.318106849759025       -0.472088767560789       -0.720155493386366
        0.086026840639607        0.606820875549691        3.732678017995176       -1.408911019666556       -1.499292259466989
       -2.675710346382459       -0.616503940234213       -2.848672313399415        0.334297126868017       -1.154990414803090
        0.325051117019016        1.565708700938637        0.121371522054636       -1.814481868668193        0.071337740469402
       -1.551888683462814       -0.417391111446938       -3.523613336501872        0.622268155664903       -0.496694513063668
        0.934676035175205       -0.474461294608784        2.108805738187411       -0.766909387191850       -1.103502953668626
       -0.023088236143546       -1.060236460353473       -1.269666012695227        1.185246790637119        0.173526643531343
        0.213794443289048        0.199930636854787       -1.980905531675919       -0.006123570880882        2.165697697497600
        4.284578964233722       -1.448434812295257        0.279208690880038        0.345677300720832        2.216361918189815
       -3.589292909212260        1.223281968866908        1.713952364128673       -0.834739776155915        1.399727804926729
       -2.177059532018895        0.846816744563710        0.654679256241238       -0.253992731196573       -1.723876032302383
       -0.659524952827906        0.042374860588874       -0.358927722436252        0.594784736248298       -0.629794574973894
        1.903846321273782       -1.244945319911050       -0.660904199560501       -0.616905215661323       -0.859834361881781
        1.579362954928376       -0.253048735481957        0.124964242658261        0.537103452386575        0.003779764395325
        0.753852725524571        1.018159153680895        1.775359759639397        0.167620571025871       -2.927022082037807
       -0.266532882508307       -0.823853609264736        0.927923431643498        0.275205895545434        0.638766298727944
        0.625958457093683        0.561962740411767        0.033267807504065       -0.376560538758516       -0.447315803983077
       -1.977868596374406        0.214450346608518        0.461453049385888       -1.691882494386822        0.434652058604779
       -0.973346335907972       -0.379778068936267       -5.556823267632600        1.079429113476275        2.728439821249056
        4.371049803452617       -1.495670597972502        3.617147161314193       -0.107667145410337       -2.942202778067727
        1.035330673748429       -0.056906181083234        0.552298419938692       -0.528770567141182       -1.786015701429125
       -0.326197564982114       -0.107641133917767        1.457846050494671        0.442078543242052       -0.697481269925783
        0.474237092565059       -0.407981638391743       -1.151128269590584       -0.739981225183747        0.008599631280091
       -3.988422512566103        1.814287978433990       -2.011379389805172        0.305562501988735       -0.249838294146673
        0.818883096607545       -0.108296260240456        0.425541669069507       -0.683797214460540        1.527594540802714
        0.748518708353245        1.313064059496862       -0.293720561849755       -0.069114547259743       -3.582893247466604
       -1.771702323422051        0.505953179853327        0.932152569652942        0.047620401204975       -0.517987699628893
        0.598583570757596        0.932846474858096       -2.232812553746776        1.166469008582749        0.371491484577615
       -0.773571065534310       -0.428389572963497       -0.522047845240367       -0.430809803769144       -0.970369467789825
        1.360668325099742        0.398150297080593       -1.674708090585317        1.393675941636694       -0.637282781196830
        1.882435799565038       -1.010544418428817        0.199890563336060       -0.950225443599433       -5.338743355444039
       -0.929056428681503       -1.148702748362443        1.322424184108542        0.686061070496686        2.863493556553687
        1.088965498374364        0.586970820381145        2.727320193804957       -0.359737572113315        3.122110754806371
       -0.510163035711350        0.976121981228036        0.726712235188150       -1.234259899296436       -1.917224264889232
       -0.244046006040282        0.710533021122241       -1.440834552944774        0.199717662124294       -1.541020018234851
        0.752351821400105       -0.582526038207928        1.450657487803912        0.000370718664608        0.156199602636647
        0.214811344794702        0.753704447578257        1.516752186822396        0.381594744177295       -1.397158410419572
        0.678447593497658        0.865640160397446        1.521815289745470       -1.917131668126539        0.996968057801521
        1.423103232030948       -0.631468252528932       -4.815758114121262        1.144260814463701        0.727621219610736
       -1.638121967115679        0.043315117252366       -1.945510083465201        0.237585132946740        0.437014279114866
       -0.282600750024715        0.134982995069711        2.607432098303825       -0.047620530869082       -3.311653021253148
       -0.665705645183742        1.972803172150457        1.056412170627153       -0.978874421651263        1.913621608129016
       -1.121384810826584        0.040059680820617        2.052769017004336       -0.586665197690437        1.806765988133884
        1.383425773124906       -0.157939374393012        2.449431272726936       -1.588019381664365       -2.356737921937721
        0.325955212069108       -1.251940776199097        0.525362687028471        0.298319985484463       -0.400912490153771
       -0.612932094984405        0.540118492708257       -1.332558279720598        0.200305502757550       -0.859137291635482
        2.248126275184627       -1.188655809107971       -1.221407296384026        2.084452316461439       -0.203818352898674
       -1.861540294972646        0.455596714816881       -0.136829937577858       -0.444078246279489        1.049224853282884
       -0.242727470419351       -1.753575916782939       -1.769258039481217       -0.502417727514379        0.618959444750058
        0.729928530285116       -0.207549594766147        3.135906341820148       -2.381987676233813        1.664183397108910
        2.029576333595479       -0.332367851754036       -1.292230692644747        0.452537042037136        0.531741245466997
       -0.028465925483133       -0.055012151102047        1.303098831474690       -0.386835674509497       -0.369477595727201
        2.996983665058319       -0.159543200680810       -1.481406270814436        1.702562893630565       -1.896763257724878
       -1.516208993255781       -0.189944483928204       -1.803991236425185        0.344567148933180       -0.582625315142415
       -3.961299293976039        0.512835797081629       -1.253481926593065        0.072445842907501       -0.307904569061727
        1.501731682816150        0.157669278560389       -0.480904552239637        0.641486622407447        0.592428885797772
        0.547990899648057        0.171696707795893       -1.454828411293026        0.985012841763099        2.375846913295554
       -4.032974247654706        0.736945731164838        3.020975007130434       -0.363865552554060       -1.268522498092172
        1.229327437500318        0.591993917968291       -1.766749134461249        0.276732430359537        2.796136480266845
        0.748673144124319       -1.601978785457890       -0.193461379786202        0.505335173038126       -3.018350367708453
        0.070347334622796        0.928254366882291        2.051457314665344       -1.514434809854564        0.393297532120426
       -0.016658855854508       -0.836721254077700        1.464237565557692        1.208463730806920        1.950641424014851
       -0.820491919230094       -0.622814181566130       -1.044682065401450       -0.168187029565777       -0.900855643642892
        1.637925336686616        0.181748234416156        0.164578021279158        0.200162742735218        0.591550691117888
        2.107333965394462       -1.410360379435593        3.549475933791752       -1.535913668898613        2.051209857481056
        0.437361948907450        0.727788968935012       -0.130399108615995        0.136961913938851        2.034675437883363
       -1.472340200830131        0.702975815401406        1.627414361047570       -0.880299702727884        0.728023306233431
        1.813222557499255       -1.121792179297389       -0.973967762354370        1.436178503714721       -2.399205549274356
       -1.072741422795363        1.493641396257906       -0.363329704098888       -1.392759348025364       -1.111392759921803
       -0.098623721546481        1.397933168297839       -0.756101085527893       -0.473799860680332        2.949792859724583
       -1.225996677200975       -0.947175229856638       -2.352294779883151        1.367629315671375       -2.015556842108541
        1.067262274130759       -0.029984205023115       -0.654905508125939        0.865407504796406        2.768834264100235
        0.940406780382441       -0.368771172644181        4.289362067090453       -0.344461853006926       -1.689133996552315
        0.239582932141723       -0.069458447805528        0.876336444252636       -0.030854271471477        0.335068130176500
       -0.512009432414552        0.607444731938158       -1.973173326766769       -0.125683544260737       -0.786872140072037
       -1.296617588855735        0.671158735570620       -1.599461688192444        0.754196548185702        0.455933464117550
       -0.267931496207192        0.566308639430146        1.575168682363153       -0.240971905819718       -0.700657992151483
       -0.979471303381911        1.240080137147876        2.925438004874281       -1.188097767422449       -1.730051591222090
       -1.780710907174226        0.678678189096452        0.375484248195129        1.095329560590631       -0.575253073216430
       -0.812675224363754        0.802036798554088       -3.057060456630640        1.826139899394697        1.007947235557063
       -1.601121737382438        0.388908743147788       -0.678823295913429       -0.919171706207942        1.987823992792884
        2.447986432217005        0.100282675899533       -0.857892167446963        0.745763812484104        0.026331344709099
       -2.615600100134360        0.237843076062415        0.321475176510304       -1.071360902685371       -2.187500665447072
        1.622612077236799       -0.039268015707759        0.654062666115325       -0.075131903554732       -2.688330453993830
       -0.863674208098064        0.253558426518399       -2.020007486891032       -0.329443741689016       -0.086806507631689
        0.087651255930381       -0.347633964107544        3.965348599996034        0.316155370798282        2.606874492030189
        1.173922677606228        0.103874351339765       -2.933985065162332       -0.532717623081892       -3.826193110430735
        0.158021271171354       -0.356210742355900        1.849922090070139        0.652594728445504        0.670267253571018
        1.899273512081938       -0.403557824130895       -1.209926327959232        1.818154489505420        2.502730861269562
        0.657365999498926       -0.063955117869008       -0.831477355234649        0.922071184373910        1.209355267140549
       -1.126627334112589        0.327569551154345       -2.552695267391456       -0.177365887735526       -1.498009116547203
       -1.981729145592696        1.656880340829405        1.257608881867982       -0.699478269424022        0.165299358486544
       -1.164146507684349        0.464927740662659       -0.672069280731119        1.364199115614525       -1.513155185494226
        0.650101047312774        0.621880899930478       -0.861846410495482       -0.429305236078568       -2.233707010941255
       -0.369143003882384       -0.797978211836165        0.447868953131788        0.960086681684138        1.923450475815603
       -1.190553433649143        0.051589398175962       -0.530583187335211       -0.378618555886300        0.922766774843750
        0.226793735802928        1.476263023689685        2.702245977855619       -0.118613158307828       -0.088638077433682
        0.521602659807343       -0.719147795976611        0.443074152525061       -0.882371291507449       -0.494993754465537
       -2.253501027678825       -0.279773208147195        0.779989682993386        1.231352064704753        0.930239349856042
        1.898786389276859        0.393421577139302       -1.846053180901382       -1.565891659558001       -0.099216804608434
        2.800027461722606       -1.119211833661760       -0.450882717811903        0.344135659116153       -0.097743581320390
        0.976892817452970       -0.249376241280049       -0.519734146098176        0.513120064474031        1.469590618774281
       -0.526770068463927        1.555329698332204        0.405533406569878       -0.408817412821912        1.549070023319653
       -1.215599414440012        0.407783080426503        0.806464747585491        0.154024619768542        0.008745203117260
        2.048030805200759       -1.139258380474576       -1.298665765068116       -1.373854276404298       -2.681127482401777
       -0.081480828618790        0.236471926189026       -0.138617218958288       -0.570229019185935        0.447906246164749
        1.699681727406793        0.346126816133729        0.529042385956018        0.315310936395761       -0.895098521092836
        1.502247275749109        0.430460559482830        0.402479392222520       -0.280041585428332        0.372287237110199
       -3.493262227788400        0.875230976352552        1.419525919474820       -0.055956645226049       -2.119191618396818
        1.064497736647594       -1.115884971077761       -3.128449435501385       -0.304692363505626        1.304592995625631
        0.247872291818637        0.069599723963365        1.890613942208875       -0.259175323851000        1.148294050937111
        2.135889459737309       -0.138270751049763       -0.553564644519885        0.350489978946529        0.579721115332739
       -0.884581186198447        0.549252113408861       -0.726825158917730        0.226200914327056        0.420099542722292
       -1.291923880351428       -0.495341245024251       -1.191002309831201       -0.200338658300727       -1.847702944874429
        1.290621304704670       -1.105120290206187        0.196570878568084       -0.676920956124225       -0.415368568651287
        1.443848057581228       -0.265050947433739       -0.994452722552224        0.169006271231380       -1.659191897621108
       -0.333406769439113        1.012285457038964        2.413238439520117       -1.062006696646135       -1.018553500064346
        0.989302833783471        0.716689812261342        0.471504221361736       -1.495699995034910        1.720191567161468
        3.159947650894645       -1.315045897074800       -2.622943680538429        1.114796860735051        1.851992220592167
        0.947204869843989        0.573290338064598        2.066265248416021        0.561596345051811       -0.205734160518705
        1.336204265642001        0.421486208498039       -2.505344677676195       -0.743009174970269        0.689720988215567
        0.343556771972231       -0.219324174311653        0.123568830794502        0.756297823367679       -0.739986663740288
       -0.687611745137404        0.884708487894479       -1.910064167233750        2.167236978005986        0.588572203861568
       -0.389674100561934       -0.276655981284421        2.175281432282558       -0.611814568154568       -0.227333323099935
        0.943519663111426        0.624904956353778        3.062360767796159       -0.535948726899302        0.245216308625388
        0.012072347354003       -0.420784498536591       -1.601530957186235        0.256397676982939        1.420421235224149
       -0.725190197612695        0.684525771705331        1.121581874069207        0.135439563210171        1.180128693016285
       -2.038368379509446       -0.700285825462989       -1.029619761942974       -0.587393245069910       -2.092856439760852
        2.063732570655276        0.635995501916427       -0.753371094562139       -0.595093669592844        0.470481895286225
        0.666825376201562        1.713788280810552        0.017528444845698        0.501340274363886        0.112570340450066
       -1.864925406113996        0.109938786682620        0.369552921535485        0.941874606168752        2.420181429887252
        0.205107337918069       -0.736808812098382       -1.623186046403484        1.412572342109603       -1.605228039199696
        2.437997079425597       -0.218134882215838        1.337543606416329        0.550397060971096       -0.030660180481817
        1.146239242012763       -0.720447276384915        4.226564216790636       -0.262371122566509       -0.081447210983534
       -3.342602490107456        0.103768729015262       -1.278513291651691        1.989332712777699       -0.269229440760967
        0.749811106189192        1.202385723339249       -2.251703157734148       -1.489783388483948        1.087734999883023
        2.449335919106372        0.084454081716048       -0.436270904397809        0.677180354133142       -1.207373297923273
       -0.799562623151292        0.566696835502110       -1.207384985615063        0.259530425854902        1.910252938881595
        0.066187943387254       -0.342793737989104        0.676179055431891       -0.066303396007440        0.273987518813439
       -0.266874641441478       -0.155998785096667        2.297214041583183        0.314551048385225       -1.378059793448378
       -0.003099995180667        0.157809921220620       -1.016473581207890       -0.556286097088041       -1.168860592119296
       -2.330850443790020       -0.256788670715259        1.015186258651728       -1.222401111985526       -2.432324167570314
        4.310322732402172       -1.974015760652456       -1.240311094043681        0.569106176919011       -1.941311538234352
        3.274084747485448       -0.128142798244461        0.491051713778437        0.368692725228176        2.493883716916455
        0.598774705334316       -0.022233720815385       -2.044541980367473       -0.259541956714271       -2.075875361933966
       -1.203438300112276        0.386460932458282       -1.057859773189574       -0.076765719312086        3.315925055449620
        2.307114861282144       -1.413552009065786        1.545326771366298       -0.191641242248062       -0.569252383324422
        1.410967504693674        0.072675955648669       -2.336235191030693       -0.242997723152559        1.467273529046568
       -0.718654767253140       -0.084507423596757       -4.776032523516729        0.673764559487207       -1.147331747508292
        1.075565624845155       -1.165271059999071        3.738205122499970       -0.200210543881472        0.986236527251003
       -1.583199006590015        1.685212627318858        1.983166152488940       -1.318743717101149        2.136332080836954
        1.567028454637242       -0.880929885486127       -0.806792107418996       -2.020728583735919        1.651235089070013
        4.676684953898479       -1.034071934718913       -3.119931928975304        0.820271863269177       -3.326621442991826
       -2.301982548075113        0.587429414800840        1.428530225178398       -0.264216598727753        0.373650163119989
       -3.342541983252263        1.427084536597118       -0.545309158594676       -0.507479501525663       -0.666974223510158
       -0.713879599085305       -0.682976178639092       -0.094955331228554       -0.759832717391931        1.944089966053411
        0.142762723495838        0.417377459679761        2.988201759910067        0.257102178216498       -0.332660033429286
        2.334616171931336       -0.726102706892674       -2.724589560054120        0.705699893811310        2.200094879543789
       -2.346968861028445        1.856157572282879        0.669792296033424       -0.647937886156076        0.379071584523751
        3.885312824111061        0.035819398613395        0.219719626763673       -0.324938126540020        1.184683585436427
       -3.524072618138081        1.022100095431700       -1.241243026968343        0.245289817310560       -2.984270511999318
       -1.792059954472908        0.398037884241716       -1.285381594987961       -0.613208840789020       -3.373977060691054
        1.994128269790889        0.018718434659012        1.533965164792489       -0.089367440187662        6.622370134922742
       -0.544828758234008       -0.868670568768533        1.982350764316491        0.700150146965688        1.214903716711785
        4.118486165488058       -0.686925908460882       -2.234465925976331       -0.471737840835113       -0.116328157733527
       -2.199713885169351       -0.441028956747429        3.728190067078149       -1.641036667733642       -2.700783014796995
        2.685765439860552       -1.475595593907480       -2.009862393342693        0.277640715433008       -0.994886789997847
        0.072629568946128       -0.205011769311859        0.433402591239115       -0.251702843043709       -0.789257259544331
       -2.595238294552210        1.336323362824820       -0.130606658516523        0.435278836972746        1.374751404070424
        0.826458089262819       -0.489505591430926        0.391284812928510        0.640243194831380        1.222132816130785
       -1.380888421007210        0.046138447907973        2.984221936744927       -0.814481485861113       -1.514246521326331
       -0.753271418572705        1.529619905497797       -1.943094343024939        1.075056547926913       -1.220267430255161
       -3.900174458787814        1.857171545189784       -0.264368995337822        0.833245467213042       -1.064907737683957
        1.662727686219414       -1.190501773443676        1.332458729825612        0.100262151855802       -0.551078200140268
       -1.442470430273848        0.773600688695786        0.853530724828006       -0.199248732883949        1.284561049736225
       -0.657489763771844       -1.035716725031355        1.011999222624621       -1.114570882006348       -0.717125886860413
        1.449213726819694        0.905317711555618       -1.410394224527712        0.916456038461774        1.834647300514904
        0.366405887947901       -0.319271140640246        0.270566003162971        0.302510815939696       -0.408886643399600
        1.122352534643680        0.410841663672693       -3.036748060588207        0.868116784159548       -1.289166694234104
        3.111961550158741       -1.606026718917483        1.161996828061219        0.479882292812746       -0.356868097884738
       -0.676333724040920        0.701353696755357       -2.453773774859867        0.864788990465405        0.096357845934210
       -1.894580848731195       -0.230075530864591       -0.040370910550979        1.754351887132229        1.406780756699322
       -0.376651764482208       -0.525332132879784       -1.336119541543213        0.100610168449911        2.603072297075784
        0.281499879853275        1.104241305210676        1.429154659925318       -0.404794176656191        1.020981517296677
       -1.986968325411052        0.119642012380025       -0.506156048044604        0.763815816341056        0.877744490538412
        1.732995759352707       -0.481922083281629       -1.205596074708028       -0.270970285436997       -1.859203299592047
       -1.184388396369141        0.834896707404649        0.869515397071680        0.073200107293751       -1.570864565667873
       -0.458595544468112        0.422806127607577        1.081580052027524       -1.058635200426492       -0.763586620669103
        3.893747033477069       -0.441056730466999       -2.255034501032399        0.316893417327697       -0.610005583039376
       -1.506375136642170        0.832291153468850       -1.265567464586945        1.045067826097572        2.526688122950075
        0.421339379284828        1.393938248905580        1.828176257364225       -1.738607078712638        0.685661044878351
        0.706592816546842        0.575499652177964        2.260121451550722       -0.488439770039460        1.134192968443100
       -0.391415905117493       -0.355747938198347       -0.518071594757888       -0.403982370456069       -1.213349663570934
       -1.120909514234992        0.434297921823209       -0.938353993345727        0.469141292099220        0.922199854299988
        3.711064855583392       -0.418240857369171        2.419149865149315       -0.158670519256064        1.381192647927380
       -1.346445014491586        0.361282612463829       -1.445784938607018        0.088296505726795       -3.082306152868546
        1.927856586733029        0.481895196185751       -0.483570149430296       -0.049510924053419        1.506586043419956
        0.058719607492121        0.455902650688828       -1.912816837726928       -0.132969777409480       -1.289212337700871
       -3.547227636882428        0.656815250255750        0.091894533692043        0.094623717253161        1.385479016163295
       -0.170036289119466        0.282727767440408       -0.057719580052236       -1.041454595838237       -1.023311984820135
        0.808135966801213       -1.605275742313315        2.670947205803048       -1.207173134889603       -0.541115912054083
        1.075624219500581        0.054428105271693       -1.704275367680621        1.661713485066364        0.187639996960741
       -2.227151303439244        1.068357913455125       -1.045931516066005        0.505445716643121        0.863594962621683
       -2.160811983181067        1.223870747000381        4.092224907472534       -2.082574801532443        1.258499374566793
        0.986798628996986       -1.193708400571387       -0.725078618870473        0.115236634565610        0.068102630841972
       -0.404371573408954       -1.533431623078284        0.786071978345738       -1.246039670061692       -0.777195065982304
       -0.245206073002235        1.114138189388385        2.528776829094669        0.313240196746220       -0.391874930748972
       -0.622194822440504       -0.272724473244284       -1.803363792663079       -0.523551230829405        1.632842642029252
        2.676086812100314       -0.829506001848821        0.501130039590073        0.985060382298307       -2.138556494219524
        0.569440495775307        0.421004466044576        1.008304598845060        1.094404493902795        0.247497296185852
        0.296504422988141       -1.558507022061233       -2.320594855524018        1.249203895642812        0.304957827509001
        0.452180579166395       -0.261842550042877       -1.300563985591111        0.382320839303314       -0.313267820784276
        2.820572376664294       -0.005464960561016       -0.381127261479147        0.157500344107089       -2.047146083804522
        0.484128293403604       -0.809263998452668       -1.511181455784113       -0.238413886006373       -1.098555056303936
        0.465463175107920       -0.275892291100318        3.287059200053024       -1.504382075949209        1.087359458699395
       -0.660577838793948        0.714080957321202       -1.288492542324319        2.279276527724347        0.003892730210756
       -2.326743005051710        0.091744610535322        2.718819820368786       -2.349904868028748       -1.239845599371213
        3.610312501597958       -0.545270395973375       -4.956936942090891        1.324689376562570       -1.426967675372904
       -0.161725911498075        0.509561765294488       -2.101515734943128       -0.030646232464399        0.731485844058994
        1.850612417475470       -0.383795980105121        2.069944628799916        0.319508197334049        1.934148637867810
       -2.717007823474536        1.479627029382183        2.191588523053916       -0.547711778410031       -0.658026068485896
        6.744958335955769       -2.673782810530224       -1.006128353972191       -0.641167947089894        0.889691877744320
        0.287303267946539       -0.914260937520217        4.035941490045528       -0.491694017332918        2.381364785622557
        0.181745772796863        0.386779220716575       -3.412438694179037       -0.412980656390953        0.433034493371334
        0.411250371969862       -0.594943624329255        3.666845009004646       -1.067099006418790        0.107795327843093
       -1.386041085238991        0.012611099843542       -2.283743293520490       -0.067499045264446        1.355929264909913
       -1.158362833095516        0.989032656500173        0.579769751332335        1.367573365740899       -2.793291299677314
        1.038441554224004        0.061073098654022        0.243734527244964        0.131559050079834        0.642859639633621
       -1.291325730896498       -0.125497292324018        1.645603156519027       -0.011753099333933        0.649695759424261
        1.317747295877351       -0.226067522069462        0.523205960157634       -1.104000930368908        1.311743771569039
       -0.001660648534547       -0.374996238612061       -0.552635333402111        1.447760665039607       -0.956126137696374
        0.321410437193183        0.115395578956794       -2.192292864506943        0.016613476941751       -1.297463832276562
        3.791768492946671       -1.610365859817320       -2.611036237309457        0.575759295129199        0.181356328690141
       -0.292767971017149       -0.615755490659146        2.136251489228659        0.161102760573698       -0.069116967217820
       -1.499986479013960       -0.437187827471393        0.066062918022464       -0.000067288304067       -0.940202256205436
        1.654274550343937        1.470435342843333       -2.012053831693638        0.546029636724507       -0.829555139322095
       -0.471237204295824       -0.385599842005051       -1.509544143922650        0.295532339431531        0.246670451971698
        1.839569931957178       -0.096205621528831        2.444057527965568       -0.681388489478549        3.253820719414871
       -1.739790877458701        1.025202123669186       -1.780818726530823       -1.412160177261857        1.577232435154015
        0.656126597221281        0.310488945814045       -0.256828690920951        1.093743097237911        0.420881588639158
        1.811749635432320       -1.182206810862963       -0.603271990344869        0.189176473404523       -1.741837052878860
        1.672424691697403       -0.100095257142578        0.934271395559197       -0.121114817276143       -0.951621747041600
       -0.343164884256055        0.105032274315689       -2.037828679793543       -0.040986532082373        1.217850716707610
       -0.774908191523239        0.905240067505241       -0.023590636491232       -0.377548822087166        1.541962652003757
        0.309784357136746        0.948391869626242        2.637728771515047        0.841173566713842       -1.990713845497811
        1.353114999979754       -1.221825475449243        0.391858769354021       -0.402244005865148        1.647457495130973
        2.836161996436819       -0.385951817701179       -1.399305003074131        0.087390884898397        1.973303071760776
       -2.229729789738756       -0.125245445990433       -0.724677435901574       -0.274713321019237       -0.282513400671221
        0.864083348682508       -0.205156276657743       -0.685339332071718       -1.164659845193094       -3.009356480154079
        1.464786488570471       -1.114131152943547        1.307622794939467        1.857259520477664       -0.256497356074044
        0.878243806998170        0.208508439545145        0.378451544143082        1.363605984073896        0.533583664119590
        1.975432291437605        0.167480742235307        0.948213613844272       -0.375968918292101       -0.122825624455951
       -2.250177029249800        0.282619168716512       -3.123851327523210        1.184061534391851        1.014721772472261
        0.375971471409512        0.982325098421542       -0.070761271809991       -0.823503133008325       -1.799433262351215
        0.531299599213761       -0.143480987956457        0.134750832840274       -0.381174000212464       -2.156791276529965
       -0.650965573263693       -0.149269346209752        5.650050319431787       -0.914102998057095        1.590764183259130
       -1.551653546225231        1.243021207137157       -2.172161634103904       -0.368801041617561        1.371508809517721
       -1.735598417012492        0.669733328103922       -1.112980101196983        0.091243224448346        2.037844795598896
        2.747918327561279       -1.546799096175043        3.341793716318056       -2.383619484177667       -1.595656572021813
       -0.656851824794067        0.251784608734001        1.430154887112753       -0.653995303839336        1.109814327831697
       -0.273539412343151        0.464343030163175        0.293422858486389       -0.677810304799220       -4.924851989494479
        0.777245076595464       -0.066886991440022       -1.218019094824037       -0.000301459093699       -0.432780769939856
        0.246641439624998       -0.088331988137389       -0.915443509874860       -0.326648372053121        4.203997461515214
        2.051147913574238       -0.954551102649321       -1.212691012984990       -0.516379124188543       -1.192474167877169
        0.931703595372185       -0.379398407592417       -0.703052683108449        1.850343404189141       -2.353543472772289
        0.561958198749934       -0.543854273475044        0.795270646621482        0.010102896862454        2.498065138612133
       -1.533196792654924        1.018346400938791        1.393489631313934       -0.132546914855224       -0.924869370170945
       -1.745462844465225       -1.578938075900275        0.054402420476615       -0.011897689996459       -1.731652998544912
        2.020404535643894       -0.731220867854688        2.972390170878283       -1.757562953583724        1.571936307713488
        1.388260409884413       -0.356341869017320       -2.227806298258189       -1.313242092755908       -1.431903436232698
        1.267835884440128       -0.555934772251533        1.002352921295447       -0.646617268026426        0.851928701202694
        1.060901379202539       -0.790057923185057        0.542593231244804        0.072025787501242        1.232289601571171
        0.278450127086905       -0.056881426242505        2.309044815036720       -0.177595548716113        0.310031407455731
       -0.649577038967127        1.373518025827461       -0.670637512381882        0.284136812121327       -1.062451266371603
        3.434104713564403       -1.433867297750512       -1.151913994802036       -0.052277968203992       -1.079862092683575
        0.947213673782010       -2.142159521471148       -1.265596732876272        0.932160579855633        0.415004469456182
        1.304905739186312        0.185168423043336       -3.692095572734277        0.584369333378876        0.872301570959014
       -2.278878109191888        0.456039914925410       -0.717149230548698        0.622335889302277        1.879053143003820
        0.213743671194983        1.359273534334117        0.997878832973674       -0.010447327264738       -2.563407696870703
       -1.406115783403676        0.663142088159786        1.066794224195510        1.899439956445741       -1.074275068471474
        3.392590495626194        0.310963531058131       -2.019103425439460       -0.540032280178801        0.418830270761697
       -1.553539569388356        0.784405538883533        1.209154372304130        0.539922814058066        0.038237614560741
        1.408334809299810        0.239280696477686       -1.719344625577140       -1.111641564371370        1.075167932353821
       -3.404775783495169        0.943622364391896        3.448971132584454       -0.914998125054249        0.216306109196428
        3.786787116812733        1.074657530658804       -0.812255160703650        0.577103536158408        1.155032644156224
        1.787833257513468       -0.658781850226624        0.883149151803723       -0.683892922955751       -1.367344124243470
        1.495847774224306       -0.042564275689832        0.561272914206672       -0.183251677865326        0.326328420070201
       -2.006636697757295        0.686161634734770        1.941392008033699        1.003496920419393       -1.224487981858804
        0.549416762965606        0.367933062043978        1.395729603717777       -0.301365349605485       -0.159052147891367
       -0.282806721924340        0.104766515895256        0.038136761029538       -0.475819694115599        1.493026549546489
       -0.880019234004035        0.063208272001447        1.511724368304930       -2.245674017915221       -0.823846032791004
       -0.944589100167333       -0.621059015265438       -3.523265348304284        1.848277607494265       -3.140157193990711
       -0.644130307850374        0.661528843450138       -0.248716034506517       -2.135237061373739        0.255391460284051
       -0.001809231597793        1.069817886361812        2.152684599131402        2.108572539764440        2.071463459464507
        0.902179043125802       -1.490171317923537       -1.329026614356353       -0.019735707236097        0.351310919684539
       -0.388855825892829        0.628221893883727       -0.591889524357101       -0.941516714494610       -2.507265246760721
        2.449283125739455       -0.736860183901553       -1.699870724764718       -0.009356439644321       -3.893036045287007
        0.944270444629752       -0.281849692783227       -1.712948295359493        1.434018503944732       -0.142258495847737
        0.733860915287745       -0.035986879589976        0.579785135482050        0.195687183164868        2.635844329843022
       -2.538411700943770       -0.085768344791710       -0.309505050516501        0.687386869224579       -2.338033131244363
       -0.741404503732029        1.082154028246806       -1.070896769405764       -0.062714544724617        0.943185370838860
       -1.804421530631165        0.928518717962828       -2.060282063209915       -0.480038030283216        4.714531456410977
        1.670970150891670       -0.449819226552036        2.789459207621845        0.575218381922094       -1.028665606432231
        0.415707546263684       -0.345080416517491        0.012657709639319       -0.882948745569041       -0.578218115649874
        1.403865529366557        0.104478374446616        1.441589714581325        0.430433899337756       -1.707757084791928
       -1.951396314626026        0.276562558054839        0.786334448444635        1.522719424747488       -1.124785846258648
        2.970999207730630       -0.041287885814332        0.211972343056838        0.445810179818644        0.798760117444738
        4.371095155520870       -0.830042773220035        0.088796780784021       -0.176036737666704        2.783444454184369
        1.357728180691954        0.107928346113545       -2.914176365906885        0.124526345107394       -1.899329660674004
       -1.591288509245480       -0.015924756282625        0.174249487587441       -1.403771417336622        3.993460033588390
       -2.941464474843420       -0.147313077198828        1.147854452891327        0.016067092062341       -0.797436014282499
       -0.016106211095730        0.264939446002466       -1.028886316510926        0.050784694009821       -1.364437285952093
       -0.126650469345445       -0.478029671374724        1.003953330741487       -0.265876614419472       -2.496632174366079
        0.825786635560262        0.165358087614616       -1.606013679033768       -0.549460066680727       -1.229838983532477
        0.207054372610366        1.081803901045598        2.790831435630054        0.561787460670396        0.919239899072408
       -0.104707958271743        1.059735249551116       -2.492210629762725        1.166225224080177        0.655489476190829
       -0.896277647372553        1.506881933378144       -1.217514972374899        0.653225284858158        2.204681490238227
       -2.090646751190035        1.000333819101668       -2.263548078620024        0.994696376943788        0.611153050661030
        1.134568855278052       -0.858927599731583        3.326238787856232       -0.380927450702639        0.060067106146978
       -0.649435089573537       -0.849870139453935       -0.359671805266603       -0.349510020858133        2.670651312419869
        1.152671700661126        0.716755566629621       -1.713886165094429       -0.457623121854251       -1.364122025378668
       -0.387608249443799        1.003394591139363        0.911375780923627        0.864250384428989       -1.620908492863210
        1.219128620125830        0.491778942763394        2.125487647358735       -1.204852213399780        1.149726033456674
       -1.146266222294624        0.351446495451897       -0.463776504296472       -0.538385065106072        1.630645535012202
        1.930331270008140        0.064854962236879       -0.716855668174869        0.555677668695491       -1.057193501427349
        0.594971808560081        1.396247832198527       -0.102718244479370       -0.176165690703478       -1.428113664864509
       -0.525770457170918       -0.391298463616115       -1.896203896193785        0.530825765197142       -2.112130302782885
       -0.177984353110523       -0.173549439399387        4.143825138433130       -0.732828324868792       -0.128015805757668
       -0.349192161168329        1.691716724879667       -0.755522867367634        1.146495919163540       -0.145427208003726
        0.966314857035331       -0.888216821663002       -0.771026264767734       -1.487015022297004        0.387747026343415
        4.073516717711573       -1.644510885208206        4.221479650692255       -0.875984451024136       -1.042522722332066
       -0.224340337518930       -0.559335215426664       -0.192577077076453       -0.910102856374987        0.535581632042277
        0.671606515392670        0.994075739042195       -3.942896645494080        0.717770366810997       -0.314971640914513
        0.136946481163803       -0.123308119239949        2.483035694407787       -0.891245673548242        0.560890296400388
       -2.273166093456808        1.317491490901645        3.053435889811941       -0.766992213959470        1.738962174877128
        0.841416662484172        0.421246022004833       -1.827848028094947        0.565819212377824       -1.983206636420239
       -0.804467187629643       -0.034467687413746        2.235467340831508       -0.357218420284396       -1.798184436997550
        0.002104207079422        0.542912580130506       -2.154416007707581       -0.716664330101139        0.745084889147428
       -0.556199230577192       -0.258004858061049       -0.205775920660267        0.301474484040799        0.366036321579520
       -0.722638167757347        0.619098674370360       -0.555453839263114       -0.290335948119759        2.625014939617396
       -3.706774468147304        0.425172407763648       -2.957449805723563        2.038852058189766       -1.155072052578897
        3.735275932288258       -0.584379801900122       -1.689936537574362        1.177328343667155       -1.374775203583330
        1.512509893308235        0.110119806804485        1.630615674893350       -1.940270418604482       -1.752342417947753
        1.450887127789979       -0.527165669143533       -1.126160119323579       -0.292394946690622        0.933136943688575
        2.293782236957612       -0.765436657267395        1.662828156195426        0.518305422045199        0.156783760118987
       -0.538424024003134       -0.102362498838946        2.327345459529118       -0.974995846712082       -1.044193493432234
        0.628266285420966        0.412886976565586       -2.080194142428146        1.472466556703834       -0.797228284378012
       -0.349972068523682        0.683732315336870        0.265561107331088        1.016317450086364       -0.564640930116642
        2.067197019469536       -0.921034466599475        3.225061905196101       -1.000241800258763       -0.194204698724226
       -0.601642924647515        0.806589704200320        0.922239775292202        0.039599611280023        0.676994534560118
        1.322868721735651       -1.118738310039606       -4.212423164339173        1.471305264684859       -0.259265508570583
        0.241005422149445       -1.200648404650893       -1.690149437648566        0.035414850786836        2.035690565131345
       -4.086255958579264        2.301899081830514       -2.365728489480348       -0.284993824471623       -1.729145355060357
        2.338464087203543       -2.023432075956042        1.143510519695429       -0.364483880798179       -0.353845818038600
        1.459407945664601       -1.774550528283533       -0.857846452327647        0.565003043741179        0.777872550865544
       -1.572567540660260        0.348316164220631        1.923849113646418       -1.169188510945303        1.081075997111483
        0.132985880165660        0.825971887936031        1.165083937654938       -0.301385578762707        0.876512227744658
       -0.166787166312495       -0.051536749770459        0.336035465911871       -0.978014694996438       -0.945461154708312
        5.589304809947877       -1.151835173269929       -0.793452250014256       -0.228614198039136       -0.913991577794463
        0.409081783772671       -0.519631720784614        0.803750273048722        0.662097302604331       -3.316645025405634
       -1.796880065774392        1.221279896199200       -0.562827493310584       -0.747978284568989        2.303054172845731
        0.216095384201221       -0.438800560022981        2.535267238949322        0.374911060909388       -0.486706252713954
        0.528561024700067       -1.359229599721976       -1.612714848122775        0.305880985613138       -2.513036158018661
       -0.646297162318064        0.923005466159145       -0.030823422169635       -1.662560514624932        1.400306171293558
       -0.540835455992861       -0.108963558335482        3.400672960779934        0.064707437851007       -2.641670293404184
        0.022773045997851        1.260741826984834       -0.861005076003312       -0.614188828599045        3.254703131676614
        0.375569843456294       -0.447240205919193        0.724955692915942        0.308243059879737       -2.064272702521726
       -0.129212824293674       -0.234604060945693       -1.735474304076766       -0.038568452120938        1.935446320699719
       -1.972203853295348        0.321694615191707       -1.274600086614188        0.398365304976704       -1.222841047218920
        0.304884877690983       -0.514253191702685        0.985551955796314       -0.165197345637470       -0.434388178989917
        0.217473658412236       -0.254744828349089        0.609159180810508       -0.629107478111074       -0.823453536255736
       -1.874358357213108       -0.174378226063752       -2.720832233972562        0.819416285226281       -0.914179926263409
        0.528567154534165       -1.125927239608880       -1.262626040918928       -0.294739442116004       -0.343570630342328
        2.586674284323603       -1.907392614648958        0.673985285386133        0.614347379285084       -1.495345672052049
       -0.266338398961811        0.139695317295079        1.426104869510536       -1.293389026628561        3.436658260837345
       -1.582548499249195        0.847851986692674       -1.573586734367379        0.888405570561715        0.034870386199070
        4.213803005244322       -1.458914766423342        0.570624500918858       -0.128513663621319       -0.098807746637374
        0.686396210983004       -0.223280386654403       -1.250573687143095        0.037123743112835       -2.375149807396311
       -0.319282742563914        0.645780628168897        0.183681780808649       -0.397779464439806        1.564230057455142
        0.581523478986929        0.194534748306475       -0.963043883311245       -0.016148535476378       -2.375594734367406
       -1.904510304118115        1.600610151467711       -0.683649358338278        0.680719760747177        3.615750045524846
        1.793701412351513       -0.894754851000300       -1.411855626620671        0.831501462690386       -0.343760018495969
        0.309455725318348       -0.742627609705828        1.226403107274904       -0.794769031655503       -3.945031715639296
        1.569811423235070       -1.602583210293070       -0.434730085788165        0.518012284221047        2.899777449688499
        0.901048024542783        0.634272485994861        2.908527253321886       -0.685791973032073       -0.603194191099301
       -1.709021913398804       -0.689534225618802        0.343477527595032       -0.086746810630370        2.454546258203917
        3.904183051452912        0.719001006649550       -2.038286265015596        0.003699044375164        0.775433636423422
       -2.530619899461473        1.174204987461136        2.337305267595634        0.884931111289250       -1.708697086567421
        1.755279017291628       -1.326981311502730       -2.093307184903432        0.132917079971000        1.347864155048185
        0.362600063904300        0.882969293135154        0.654493879295317       -0.669793048528679       -0.982162145405642
        1.755396566896743        0.812863662760125        1.991056414267638       -0.126375063336495        0.142871006148724
       -1.391490843761721       -0.109522913867363        0.273418204990203       -1.220785285273371       -2.006080046870072
        1.500211797675673       -0.883831956850955        0.411488673106624        0.337170860965178       -0.601895155026363
       -0.801302586066716        0.665795800802639        2.853372032830887        0.224306655208169        0.344213503219354
        0.610248088206881        0.082303686776329       -2.576182998362455        0.470691180399736        0.492478641314336
        1.863075282671814       -1.277147452923305        2.952493851084017        0.153031617670002        0.069045762166868
        0.729682581920299        1.397439254994554       -1.376894324451331        0.353488359437089       -1.564070129509539
       -0.900930860704893       -1.038026249008607       -0.495452362951150        0.268427294153977        0.771857123410043
       -0.362793044890644        0.660491494910188       -1.513045639247593        0.386778803994403        2.469660497728507
       -1.750380488092324        0.239022998695723        0.440845389024756        0.226846125209152       -2.495263672803125
        0.713745909706554       -0.325572550633624        1.654499112773593       -0.155530049478076        0.549852386782802
        3.044233988430592        1.215791274906831        1.189485553895556        0.906136983874512        2.583748234998920
       -2.355126751681383       -0.348401796184385       -3.457415883967384        0.932993263659527       -1.864077770092173
       -2.138176842681748        0.936237218640902       -0.168968473612860        0.010458958601704       -2.187931205843304
        2.941020212460050        0.829522720739129       -0.522679083296101       -0.074388101382470        0.573315303207922
        2.724897017035760       -0.341615537290491       -1.156590424376907        1.966921496014190       -0.552110610892127
        0.710628747043092        0.021662074886994        1.269134569526675       -1.174847337947261       -1.016116105379507
       -0.110429091547382        0.145427113369840       -0.764515231811486        0.448772744430757       -0.138826701305310
        0.695350042074071        1.265289912554853        1.477451563738067       -1.218037342711177        1.417103787799937
       -2.020277580158785        0.359506695449098       -0.327970210464905       -0.234124829808818        2.105450935717943
       -0.690159376220832        1.335092891489151       -0.247351914681378        1.530747018412084       -0.136931425656949
        2.173387948352328       -0.120144317628832        1.220885235460005       -1.691871410773401        2.502775356591258
       -0.557921868564727       -0.636215319584209        0.538504403112518        1.151007179880939        2.914722226242926
       -2.050656844344335        0.550709024915133       -1.319108490605986       -0.123433616494097        3.047243227893330
        1.798789115689034        0.010351064042667        0.791797804395041       -0.533804479001187       -1.619917653006346
        1.797891709758763       -0.907578252187898        0.530463031981888        0.372861195478634       -1.107878808493990
        3.334500768818250       -0.489726443451956       -1.199807500613670        0.299330445765659        1.899896438059787
        1.553151784090776        0.580661821993243       -1.886374684608654        1.011447596058066        0.440164978835273
       -0.304138355287473       -1.355861917587847        0.216249130117282        0.659386811778294       -2.545026248593182
       -0.414426479798406        0.873168199243191        0.628502196050651       -1.026394572206969        0.600311861128521
       -1.597296702148469        1.818023647365423        1.721093674197185       -0.693418680531266       -0.839092395059250
       -1.068732363257426       -1.107031445000817        0.058376796389508        0.413752704212678       -2.780579488093819
        1.921516459317975        0.945036988742125       -1.594918064175046        0.483050968995525        1.345593869110770
        1.942017040916438       -0.618319905736007        1.818642191103409        0.663094699065756        1.251756011753190
       -0.216479171339299        0.216162464286177        3.675833052754977       -1.371839528469003       -1.395468020819776
        2.848931402326388       -1.516747618421701        1.607430917751111        0.612574264671520        1.264125590964379
       -0.216751919832282        0.168900686208627       -0.709185193675800        0.091153839923218       -0.352002562525307
        1.303962695437243       -1.281726414885843       -0.109533419594496        1.270830686186281        0.012279926039482
       -0.846181226914436        0.484316093898697       -0.123784848243621        0.254600643959107       -1.782402495263576
        1.032473443873350        0.033445247934945        3.072337641051028       -1.266756489133348        1.031755458358620
       -1.605524248506687        0.779467092055505       -1.970213646865677       -0.047717048693277       -0.750326510888857
       -3.567103013534973        0.334504091601284       -1.209141529710876       -0.361781234400264       -3.323164408478851
       -1.130320799255800        0.242081351301018        1.616394559953095       -2.193011315222384        0.106042801911262
        1.530718938802865        1.365599427396971        1.997916819255915       -0.202943317352825       -0.796163027038980
        3.208789029917736       -0.843912067446169       -1.607892286503204        1.072338063398337       -0.021510404199066
       -1.996254435238873        0.196443236484388       -0.582742586456922        0.336434134458621        0.726978835194139
        1.358882017649599        0.002643359746393        0.789007438512248       -0.224061011381158        3.855053891025940
       -0.091565375273833        0.514881676608059       -4.611595961453721        0.204833111088903       -1.520239864063942
        0.273693338252468       -0.632814721357072        1.413570306923143       -0.449084512705500        3.605312638604829
        1.107317369659281       -0.631438892069267       -0.996192336020531        1.567784744112825        0.829234486159156
       -3.047031849091733        1.204635248150972       -0.100640864698671        0.458063653891136        0.192507650884855
        1.743908938679464        0.695908912668464       -1.110137228638603       -0.230128728420420       -0.158744852577893
       -0.317186990483948       -0.429054748871404        2.062562391904288       -0.865273186150779        4.482150076974917
        1.367581066073658       -1.797237480498005        1.194918489461620        0.019938688637231       -1.919974445660187
        0.240479842508071       -0.144546024404527       -1.036653065231645       -0.409587300304347       -0.631166508172276
        0.410930088373143        1.062472087267631        0.759751262162525       -0.695779310958183        0.883657899685552
       -1.524226648233667        0.805500428329795       -0.644122319767304        0.989215010275962        2.299436400371043
        0.404755072195390       -0.012071103891679       -0.664857905428036       -0.674714800912244       -1.749052571419339
       -0.194453686712390       -1.490355541135916       -2.344596716149379       -0.099879153917100        0.117409171172621
        0.040918429237983       -0.740479555001634        0.919214295115470       -1.203684870644539       -2.891591537782035
       -0.276406907485052        1.107967837863697       -1.838323670970019       -0.029315280090522        2.005699556155597
        0.539339074990033       -0.077020102563334        2.545511057220231       -1.164075853935999        0.476113923040815
        1.819551443593382        0.126451745755962       -1.657128652907585        0.667647347694047       -1.363692426950460
       -0.344068868072414        0.221760115328903        0.407355590852035       -0.829812677916216       -0.933894481834735
        0.122187613350893        2.152752743487343        0.173232612477209       -0.461859285413624        0.062288894168592
       -0.535551980429601       -0.983480794180691       -1.891229155654882        0.455197149101354        1.166411783149342
        0.752347881283101        0.252232147783637       -1.414754083727920        1.105261354625339       -0.844818121312146
       -0.469178672246006        0.120606645931709        0.748327205252390        0.554374893951410       -3.320770967397249
        1.806798327256937        0.449468264777770       -2.033822369336572        1.036082370284357        2.755405658369494
       -0.910836723922442        0.905560940027426        0.959560785884815        0.195712278491943        1.705799784141366
       -0.618519708747249        0.148956278058027       -0.082536363293930        0.954898566040432        0.845360373705786
       -0.103477409287963        1.148391288985448        1.496691748025917       -0.774104764888045       -0.192466798305184
        0.360514248858157        0.535929977828365       -1.377672726530952       -0.211410507264190        0.243647715622786
       -1.411790652852753       -0.200687945560369       -0.768064066459423       -0.089395694915685       -2.023114929303040
       -0.717292280220972       -0.485270955200657        0.204086155960513        0.187808566110057       -2.769393544482459
        2.055606127736324       -0.719021581244232        2.720646247307403        0.711257602250962       -0.308543052386510
       -2.016435210847663        1.036084182827380       -1.146448595484710        0.492264062448584        0.406172586193528
        0.758305587692862       -0.690569700285138       -1.877867569303041       -1.751656754186971       -0.940160348888729
        3.288941652602955       -0.601971399210345        0.445882356557712        0.233820463603901        2.060625115699838
       -2.090648974932611        0.246065647291416        0.596035014323831       -0.260290689904874       -3.403844391311392
       -2.352674421237091        0.829997996926970        1.495262085173998        0.677841816811758        2.629499906792084
       -0.606055093956353        0.456956850607803        0.246931479002723       -0.903190984684720        0.891001853622622
        0.633369040467842       -0.410795965996200        0.631358779880260        0.976503043791388        3.355229907156683
       -1.618077465793436        1.197271876875800        0.181630432299942        0.816275655090259       -2.229084523906970
       -0.737512988486676        0.474803070992574        0.208451959771565       -0.763753545001476        0.150223652393176
        1.068876518381037        0.528026405777875        0.695467289383033       -0.956300783099389       -0.436441014464417
        1.451465289997348        0.273922683363642       -0.329223787481078       -0.305802415971087       -0.128006665899045
       -3.122589374954479        0.477148345417774       -0.707199664021986        0.569654507618002        1.915654948755533
       -2.644591756566801        0.791034437739292       -0.908580661840411        0.266609257496707       -0.275674259536577
        2.208767762655318        0.131464455251964        0.443654617338876       -1.239622196098048        1.499902852590743
       -0.954567209334215        0.747558801934637       -1.122680421361022        0.000694004820152        0.317768917346589
       -0.189175164514747        0.351864926087427        0.843115300425373       -0.465737788604560       -0.060116410173421
       -0.272691233248708        0.067291239694088        0.937886216227901       -1.185345581471700        0.195471314737911
        4.084156540749591       -0.380993384966435        0.635936279012871       -1.549479566223924        0.497196247673804
        1.119448275942503        0.332771519300559       -0.046391509094691       -1.248178771697831       -1.209518352403061
        0.200960964623049       -0.441513396373075       -1.846377431676010       -0.120972990341691       -0.063428032840522
        1.935410511998024       -0.465066824074619        2.775203316713181       -1.828721171257570        0.895091834070196
       -1.471648010299100        0.359305585617947       -0.033551544401202       -0.831083865470188       -2.679237931057084
       -0.219505722286717       -0.769407376915911       -1.511806955414427        1.034749220232293       -0.414021721706673
        0.842477938761532       -0.632084129311464        2.112460184493630       -1.259750968176603        1.113982197166782
       -0.614210562099305       -0.196771918398105        0.750029591443910        0.364355493155468        1.995112802317854
       -0.099066882352212        0.193097047866841       -1.726863574693143        0.486187167690297       -3.126653333844748
       -0.466774760892624        1.600848208695457        1.957572737780490       -0.992369546575147        0.937594730667825
       -2.292325345848587       -0.249913976985376       -0.181244587133822        0.733585346258131        2.727389570510835
        3.944223918038728       -0.197801973625277        0.604203964048605       -0.404786868562122       -1.224740239687144
       -0.157566945983305       -0.158199469733589        1.057629250139524        0.630475266001771       -0.852062865564100
        2.357704268283744        0.291846523295753       -1.934635121422319        0.716376595564098       -0.142392107073878
       -0.693419489192413        0.879550399745840        0.064424208287661       -0.532129478407306       -3.203486824570266
       -0.616521389473982        1.258292503753171        0.330113414037176        0.894131193930172        0.342406702890450
       -0.768027133172618       -0.377186665412605       -1.201956474996800       -0.187149450219731       -1.058810405813284
        0.759072958458239       -0.388518754300082       -0.420568341807893        1.167594036373712       -3.729343980851185
        0.276559571502458        0.707585781934200       -1.289443173992974        0.009064150688833        2.884041700108567
        0.903248008298048        0.136796712800804       -0.751898637837664        0.413076026448293        1.782789380655555
        0.054813450346043        0.432287915111160        2.559560500896712       -1.556840015518245       -1.737047864451876
       -1.924618555480516       -0.194511286781592       -2.475558126061440        0.172042453376804        1.339420428177555
        2.942002967195952       -1.153871444823162        1.494011536175922       -0.166351420544020       -0.167161800415025
       -1.362034701289666        0.330659346614772       -1.950153462824134       -0.783398451663130       -1.594510964554685
        2.549167959439356        1.207927012022363       -2.745582656873468       -0.049865186754785        0.827741966200162
       -3.824625476467503       -0.125597092635661        3.482343327528398       -0.242497248168039        0.445127358603653
       -0.615016804083188        0.539292232546458        1.086349937044896        0.066670158873901        0.694274523329526
        2.925471357340141       -0.567365940518251        0.169115453689370       -0.127735162280667        1.566420781364267
        2.505806914924854       -0.667424735594108        0.148288320227094       -1.513842909251116        1.712002670667546
       -1.436146218261679       -0.771833240499150       -0.700004956652900       -1.394895001801590       -0.914897865861052
       -0.403256213708636        1.552666547153660        3.430015477043121       -1.037172489025018       -1.472014523261723
        2.370099821259835       -0.289357493683418        2.210366243434308       -1.149886021368782       -0.445111242646857
       -0.777506206618346       -0.364609900932619        0.528850193686810       -0.405958756206144       -1.111920512195019
        1.758643703324124       -0.613179635159383       -3.069260400237600        1.527546281599459       -0.479579326146209
       -1.188327965461655        1.278443656980086        3.431146304654174       -1.369816732030496        0.553163951707696
        1.282974698495549        0.143478937990561       -2.404294597637165       -0.705752827746904        1.825466316900585
        2.381257142282728       -0.669976435660470        1.746992130178558       -1.179690235047407       -3.971389299358656
       -1.076899622497910        0.512941707350417        2.918016061664022       -0.476333738555476        0.876706740199143
       -1.339986613304337       -0.222961901127979       -1.823659630564307        1.749533030147857        0.990166124480875
        2.631709103536748       -0.391230010269959       -1.475217667904415       -0.451346263797964        3.025532070680184
       -0.932344334358339       -0.209380485285749       -2.214732722572825        1.277225147930979       -0.726366235930758
       -1.028135327725562        0.665248232499600        2.468048479397050       -1.711523852235470       -1.732798359444361
        0.114789889912905        0.447496737278165        0.316249028694126       -0.360208668774092       -1.494782417800615
       -2.772806259097230       -0.108422365365940       -1.068564118654059       -0.190195127632233       -1.987564331303427
        0.820536562857533        1.597824617762151        1.643292628210543       -0.325564077991515        1.158363734194873
        0.273301702037212       -0.463837854980585       -0.350932115308411       -0.504882586431506        0.456460801204033
        1.063632615163621       -0.796895945500003        2.371690209101793       -0.985967923481599        3.530561941309126
        0.056607789076718       -0.882547104012196        0.201672417825192       -0.040897321259557        0.697327471097257
        2.127870576722056        0.544967046919682        1.036142023232518        0.066910395118997       -1.743372324811179
        0.279358897872628        0.298501240545445        3.795581281027423       -1.826941724775715       -0.582272319676634
        0.872481516791057       -0.188381485437568        1.758422932992909       -0.901576384546418       -1.486096089178840
        0.487198682684732        1.027470540916521       -0.155105903544501        0.191035906546625       -0.453706784980799
       -0.724300146207890       -0.038386112943006        0.371149042767397       -1.494024075142194       -0.838302240202528
       -2.395737800440198        0.953381173012897        1.778048195600469       -0.224096839631684        1.680868909547353
       -0.132831047040440        0.204549835223104        2.265849973047841        0.035797731145412        0.213133997677897
        2.627044760636814        0.000264646172373       -2.383755750499810       -0.090453644504380       -0.921719558457850
       -1.776686785875893        0.513282364840128        0.644075545417656       -0.396762795783482       -1.221807139228039
        0.044462870336917        1.517581698764765       -0.752702183053560        0.887997233142269       -0.742335915557707
       -0.882894759764795       -0.865936334700344        1.205882485654434       -0.558090552619254        2.460490027241748
       -2.107741171666003        1.409222029561639       -0.065201643370210        0.819232544061960       -6.265775126158193
        1.558915765702603        0.008330179551333        1.982063057873340       -0.635137938302304        2.702499313676721
       -1.058274157123277       -0.418872253501481       -2.092407945170861        0.933085500450042       -1.248419588694654
        2.012394646887145       -0.348228054935423       -0.506897722525947       -0.622177904846009        0.379467076695274
        2.953064482939047        0.433981682268810       -1.164994612159074        0.931193334816753       -1.190458697363735
        0.175667308507696        0.175325567741874        4.996400847835205       -0.281656204323196        2.017051795263373
       -4.184911520715588        0.927704623117665       -0.722974087238156       -0.516925880457564        2.818267499531322
        1.190772359777808       -0.162630640766925       -1.305313634877240        0.471271384079294        0.672995896099542
       -1.826216798879191        0.022895254167628        1.229248971805712        0.242045039481479       -3.317066323037765
       -0.955320526261192        0.893917577828915       -0.737010898134037       -1.235192029661591        3.445404124233309
        2.124501303618156        0.064252102863167        2.523579763743809        0.518106297555773        0.454733185559512
       -0.047980476692569       -1.358102155607206        1.555491508450810       -1.487082595482976        0.109690241256158
        2.876655278334594       -0.539062405348429       -0.607554408491542       -0.747256407606299       -1.010602894525633
       -3.436669675441206       -0.154865317940720        0.935565025832006        0.697443688015670        1.554585935516589
        2.815034221079773        0.515512281221035       -0.205613895611244       -0.361610165755747       -1.059410255601104
       -0.762832270273617        1.582791027745762        0.810794162030640       -1.194282016752148        2.786345360005303
       -1.773783102933930        0.326771009719673       -0.380651106890947        0.543546368230510       -0.153693112836545
        2.378470708431902       -0.194463978449903       -2.406723295339746       -0.285008593668064       -0.577305720612044
       -0.008987890111616        0.217103220986638        1.390570620975947        0.453561342735065       -0.754634824776430
       -2.188244341411707        0.586582274720056        0.035151687843097       -1.064818569746430        0.870799938389499
        1.325607663794769       -1.127351830904583       -2.723603332145022        0.340676044262223       -1.871178969872398
       -0.867510932112222        0.710308558487926        3.396411135175422       -1.137416988957394        0.623634687597561
        0.588573463799364       -1.128542666956325       -2.049102515302658        0.634608920677324       -1.075772186263847
       -1.001648815937960        0.560846480935205       -0.836754921669004        0.413843259791870        1.028745281528817
       -1.424969973286291        0.014810123622368       -0.581867935352214        1.243860048282579       -0.659457400466369
        2.000987008798752       -1.068718742936260        3.192573587734100       -0.831517052869374        2.569173067680136
        0.856183971656916       -0.729506146039684       -1.701504647743532        2.407269336028704       -1.863905774515845
       -0.689706019772063       -0.921538082967800       -0.890753270870003       -0.163331085032965        0.555092979550225
        1.801626265472992        0.190065879374308       -0.747016164751399        0.096625196443981       -0.594785582848233
        1.340908806082683        0.029012774489705       -1.348965115027758        1.258581765711397       -0.295174116654676
       -0.896065999594952       -1.290797042723594        1.249846900297902       -0.275785696559771       -0.658391665057617
       -1.742342733604799        1.813323694202462       -0.760877228169686       -1.445579881361235        1.169045878699388
        1.490294410290673       -1.400696572533501       -0.294653003029451        0.312506800185947        0.411862098286968
        0.282355291978592        0.109350832797572       -1.288405358020352        0.105170076459812        0.627394420594863
        0.448819909822403        1.350233521363010        1.881763231170419       -0.911043182167990       -0.396911732455088
       -3.153756489828938       -0.940859324681221       -2.334074387813407       -0.363847053589920       -3.403236717816695
        0.608465447444296       -0.724325210144883        2.773916842820088       -0.215415839378382       -2.236741456311125
        1.643206646072515       -0.279940480977217        2.695917202169182        0.298688195647258       -0.607931738218216
       -0.564307108437245        0.502653775182876        0.652588320167703       -0.935191077494462       -2.172807120903611
        2.469385404815084       -1.290430012062120       -1.121717416283500        1.060511545651117        0.415537932166628
        1.275404659544282        0.232992782219979        3.024509976881085        0.223865406182707        0.629225764084969
       -1.633765347217686        0.212487418625533       -0.358686825986458       -0.213300473908705        1.221285428013866
       -0.110907715411037        0.288896491627885       -0.799643828767784       -0.051579105765819        0.147032965224278
        1.367684735424961       -1.282969347444061       -1.131219937171659       -0.078716953366768        0.404515484584697
        0.569467600643556        0.566266374053171       -1.936185751149609       -0.276759944984526        0.423728812561115
       -0.418237105461121        0.208293086488636       -1.414657172847420        0.989050625833496       -0.008490498556372
       -0.180984945327909        0.492807139947371        1.036165311767374       -1.831219224169207       -0.425013767143129
       -0.220052355229945        0.395248183393131        4.238180302879528        0.195134367072164       -0.963072993423825
        0.717199774974714       -0.125764169603378       -0.155627304046168       -0.514580632506653       -0.810027404116787
       -0.879173553128004       -0.695813628004536        0.213294402043836        0.562467995616034       -0.264125763282357
        2.409405068013203        1.221604399510094       -0.321005798823638       -0.634932022866118        1.106763069369541
       -0.091066462030234        0.497462253316708       -2.203530721655510        0.067403011352445        0.608195251664939
       -0.756645533051281        0.694905159667114        2.636497494412487       -0.188391551779563       -1.039414663533528
       -0.923908752941267        0.934606507745374       -0.733170543957462        1.039592229531458       -1.676757944165544
        0.223251028890449       -0.838782683839655        0.855260772232997        1.152623135773422        0.704438643097926
       -1.311461722512504        0.433003302016136        0.712135098396868       -1.451795449334262       -0.480537886707059
        3.331853027791406       -1.148954001511726       -1.597767518106899       -0.010153201295025        0.263933684154761
       -2.687641244890749        1.043058801897964       -4.462642900527013        0.715152788827632       -0.633137072514779
        1.298938226625026        0.890109022224600        1.058208507971355       -0.255084053814966        1.817307936231887
       -1.027847679919452       -0.935338868506544       -2.589934508609579        0.083706787509467       -0.236349434225521
       -1.337399334786174        0.610247267532607       -0.163889647467013        0.529809570458636        3.601855354421385
        0.343125964570258       -0.100419073983521        0.891292057848506       -0.416517855750162       -0.517303323406164
        0.585257112679284       -0.937919085912183        2.591026213564144       -0.060294562440261        1.223828852254815
       -0.482199971420985        0.382147065211637       -2.217745621394591       -1.002661945325920       -1.506694008677492
       -0.610221136955965        0.029846840421604       -0.696225968913113        0.945155161563370        0.859829854269515
       -0.790804535451651       -0.330236756373728       -0.372028925513257        1.033379099625767       -0.066810935322710
       -1.423059918598565        1.061616508743559       -2.404523458258595       -0.173007654515254       -0.585202952797163
       -2.012779185250114       -0.218389018114022        0.780792024168592        0.514458764266252        0.276147155519320
        2.124096241244041        0.099511894182124       -0.404798746135212        1.027001514429096       -0.475528826125369
        1.775506872106335        0.271346293425461        3.657672276113953       -0.441274391345269       -1.549375936951574
        1.521864024241767        0.554940865020118        0.552568649488319       -0.766830276307629        0.212004820199103
        1.427880638902706       -1.477559404651806       -1.551618760047021       -1.089705454539373       -2.990219406943349
       -0.980302328198144        0.139461144209115       -0.275078306661178        0.051501072672319        1.238127125786614
        1.184583191763146       -0.926012333163973        1.352162740856279       -1.288196096677699        1.508258692700931
       -0.399449364853263       -0.224944088069732       -0.310029689314799        0.591191252216297        1.266186681985261
       -0.327799163144332        0.605437143505531       -1.566902842406328        0.811237904617364       -1.091385484965423
        2.010211491315084       -0.470935607095629        1.108616285505492        0.056153391861299        1.117868355176599
       -1.070990813524663        1.448253080864765       -0.910846138643665       -0.414077520959213        1.049460914871282
        0.473654383307754        0.606557302339171       -4.139440428752179        1.638049824250180       -2.102195228151360
       -1.867612677204026        1.052923864232832        4.921120666823846       -1.384510216117441        0.671413228780605
        0.570830363278582       -0.721723545798357       -0.851383878507705        0.190765960311153        0.974968148168734
       -0.035515597333576       -0.457818492827228        4.188180595260325       -0.614589758140561       -1.462900643274698
       -1.926595542504605        0.821283702716477        0.427776254380240       -0.167791341048279       -1.120503491509554
       -0.055535114534214       -0.225005415279167        0.484353428165049       -1.458642560370079        0.863042976252225
        1.028982977285431       -0.164149480832937       -1.623247494645730        0.261627668847910       -0.812852697629892
        0.247842402398700       -0.604945845638114       -2.470509170157179        0.808425073171801       -0.250506635811494
        2.265943689209717       -0.144244938900942        1.605957585312469       -0.825772769810274        0.637777881180179
        3.125360154235325       -1.418618147334596        1.429500744330510       -0.908497133177061       -0.011073356436438
       -1.413187349988251        0.489440382021393       -2.652559154665846       -0.247930364654825       -1.587611167112800
        0.304004179341310       -0.189569763555061        0.583296044692968        0.834181385563930        2.959175424722903
       -0.426616656676621       -0.053845382312996       -1.490604547917187       -1.597081665414313       -3.211059643700388
        1.732380957439100       -0.437988436296202       -1.957264232719397        0.841226345277412       -2.987687840822133
        0.295099877472418       -0.799499033020937       -0.228761254643521       -0.742113390285157        1.035464264530420
       -1.387876076002214        1.089491172252192        0.731040610945902       -0.584775345523559        2.212606064926722
        2.284734918404612       -1.144814031798629       -1.033248179691012       -0.501993921123859       -0.834323206629308
       -1.310007932259931        0.578646183107418       -0.954596596248021        0.355271168499093        2.128241113359661
        0.271522153270408       -0.171552997360570        2.827382090891997        0.421475522311178        1.390710072153006
        0.825308322560174       -0.652776791884910       -0.813668424062749       -0.418362782137451        2.461599480409127
       -2.245812704195415        0.539534196045472        1.306121817123582       -0.655964189267500       -0.682330513809796
       -0.710886404160522        1.109214704165580       -0.852847804178929       -1.120136774096729       -2.148545963031837
       -1.683429609082584        0.940099359676612        1.099842957010806       -0.857582770415699        0.634127250860281
       -0.292402487683984        0.701154560852353       -0.575173668577007        0.236767909239845        0.352739919202986
       -1.600167463859158       -0.205704904157348        2.383487749981784       -0.290547896501416        0.001968642184514
        0.053497132451481       -0.228715017474292        0.704465843306179       -0.996583994367602        1.622473100565495
        1.162277368114154       -0.180910908411123       -0.745456396374564       -0.202426789132864       -1.359929566398441
        0.837857691907406       -0.021821161454845       -3.516983904428979        0.543531444328710       -1.628146244134724
        0.292974648181576       -0.021001265367890       -0.707468682380089        0.997348595117069        3.328313363262615
       -1.207657107558470        0.878207962527512        4.129861412683257       -0.630941716535189       -0.985169240411648
        1.769252975735992       -1.033490362812695       -2.588386919207269       -0.522712794123519       -1.082018104907795
        3.942892778435439       -0.432742754659209       -2.800311977240991        0.379049980905169        4.377695459985859
       -3.730403478972413        1.138236896079106        0.316827482963563        0.068588990074017        1.477054139704953
        0.426491311051162        0.051575484297735        3.325146380409192        0.199796399589315       -2.739962502203014
       -3.016093724535514       -0.567936247458517       -1.419677976013575       -0.694060178694890        2.165067399024704
        0.235257756363382        0.730010022715697        1.086943438976947       -0.782544183765642       -2.307033154936848
       -0.056773154144237       -0.557098479586884        4.519137705864785       -1.019772516431579        1.447700742825675
       -2.239883913508429       -0.506963549115186       -0.521297288690556        0.491189868305508        1.042636190902968
        1.415210188690282       -1.136743596751326       -3.177746669311711        0.677402696352504        0.709917342032248
        1.141915307067831       -0.595233852409435        1.013003104159384       -0.246078421061280       -1.123951960731097
        4.179552019819123       -0.247515795872838       -0.840659287596294        1.206618080907395       -2.088332425620803
       -1.325148685203248        0.735568151347468       -2.939285094774346       -0.396651140116411        2.955111897332626
       -3.038650455698889        1.649358474119067        2.220670438044830       -0.258799753606239        2.939004798877055
        3.083249202606479       -1.977923388605433       -1.052565744796187        0.323356713450129       -0.571814666320903
       -0.750024069213869        0.516189097261811       -1.668892629288070        0.102631542298279       -3.562761761818587
        1.053556448446282       -0.094435784464370        1.262917685051459       -0.422141500010814        1.289136892854640
        1.640310661207809       -0.231170602281804        1.205149311785025        2.479582208776028       -0.196820218576597
       -0.301102517973764        0.350859271296079        1.511354553367961       -0.141169276194225        2.652603089617919
       -1.717660216981486       -0.015061668668938       -1.671306173461372        0.766114192322872       -0.899037301523511
        4.017715426295955       -2.008413284354129       -0.578742331648178        0.453528375717473        1.180952101099467
        0.442714665671874        1.420187635354045        0.723754447112905        0.670464088793333        0.475038807458850
       -0.214513881163875        0.490009070925168        1.913197110635062       -1.776767647732492       -1.218634934863594
       -0.748997798999222        0.986815459420835        0.298651010914439        1.102728319794184       -0.103231196849985
        0.585962535364782        0.870185425301449        1.349275402312764       -0.739136957535244       -0.204675611872999
       -0.110271864678629        0.749082196071217        0.444612083723386        0.135400378476363       -0.603344153117783
        0.595011105017799       -0.385913975377473        2.030060285141316       -1.749407694773607        1.132239086430619
       -2.485763817233922        1.027121416430502       -2.209033875648623        0.601368041570619        2.000157564588048
        1.426620461299504       -0.057710399450521        2.627508402867124       -0.667517923626105       -1.318847071973953
       -1.036365435196368       -0.955361481432587        1.045974992774737       -0.132096237716430        0.972993508443256
       -0.036829851219706       -0.099724629379380       -2.834893535193633        0.528330108732048       -0.065024931504412
       -0.563501631368553        0.538701643969772        0.975766344851364       -1.121368696090371       -1.133025652668740
       -0.141226475479494        0.890931095128829        0.291827416505435        0.502658029049353        0.942400890488924
       -0.369317765853994        0.786496014513810        0.600455266005805       -0.221972277289383        0.151769943910573
        0.407158506434014       -0.768138193098386       -1.321115926597517        1.006128799395379       -2.503478356463285
        2.225930283052744        0.711314705413470       -0.770281896891921       -0.158341420353235        1.248252956345823
       -0.600645655090933        0.230407958704894       -0.524204146602754        0.944854805385167        0.015579854999909
       -2.067547115851959        0.872006560535440       -1.429990810861525        0.073762062287327        1.569627241650108
        1.701702633259168       -0.849649306210471        1.838183334750054       -0.902004554317247       -1.438202853817499
        0.830318015188186       -0.674686487956252        0.707877207347309       -0.789264272288566       -0.682857445814312
        2.066453318108045       -0.743942276235347       -1.039566984560417       -0.210012014323537       -0.019971705619752
        4.871489191723897       -0.095471818188416        0.876155060848232       -0.897653150281833        0.926340458258027
       -0.473651389669662       -0.283939178176965       -1.294448341944046        0.559393857776217        4.011487582956554
       -1.390249010020337        0.638284511826201        1.131055782008301        0.014474401893407       -1.251366929705905
        3.162275509834246       -0.775799930795265       -1.901871049325271        0.753027639569698        1.389062953281252
       -2.845219631860866       -0.384202913128916       -1.420213137773161        0.682002286430621        1.414997235290626
       -0.670897419831803       -0.779467072203698       -0.352945412438082        0.239503223069903       -2.800035662900654
        0.854866261255021        1.038709538643793        1.174722860260578       -0.182853308639256       -0.985865110883686
        1.098943015119425       -0.812467277181857        0.061125999830899        0.571883566649837        2.601122191410990
        1.270170050224100       -0.434758775210226        0.150942856210981        1.014508666977803        0.021584127897546
        1.876132166069839       -0.652749497415585       -1.108903036210369        0.457917679984400       -4.818567331608624
        1.023439895566852       -0.813032343758424        1.280711758390560       -0.417139332153660        4.550724287788412
        1.980956344844341       -0.382964629638187       -0.261940050512971       -0.065976770337578        0.390476371777524
        1.944780726562923        0.856963421440194        0.418438499484933       -0.824748382757069       -1.869889900057755
        0.023922032073479       -0.195269885585443        1.686736870683776       -1.131305983958606       -0.732124991223954
       -0.489478510519049        1.524311244225879        0.213206732688942       -1.330298506716778       -1.534243131967171
        3.025226735166378       -0.255528934374465       -1.978103369512672        1.757613194107222        3.708125829986662
       -1.020996953528775        0.035937727178494        0.252699494190261       -1.702014173890893       -2.949622186210101
        1.783281431050512       -1.492566962895305        0.138499805242629        1.026237808203576       -0.552839625172074
        1.844607453912198        0.495465595382888        0.268359384707507       -1.172653195471191        4.271597283088767
        1.996215524361598       -0.499528384440456        2.450255734371997       -0.833038612922287       -2.705892143982282
       -2.241024661482588       -0.589393092718401        0.066754180998077        1.412748613436049        1.846799424062148
        1.320606232347094        0.206839052786520       -1.833080355910122        0.869398376538536       -3.300322386207833
       -0.131434979809900       -0.207628863828950       -0.216436826086970        0.142443844621868        1.768907741595187
       -0.956750683293011        0.644521384351018       -2.651462325709352       -0.496395561067650       -2.215897283856862
        1.931801511961694       -0.459271234113941        4.262514399278148       -0.694413686667143       -2.384862954116424
        3.376844415844529        0.524647893464085        0.527780372135401       -0.496016274360905        1.476127088300257
       -1.422567757418122       -0.441765118248871        1.362978750879249       -0.193016956806083        0.205564306663580
       -2.220610709477782        0.972000089287840       -0.168605113828935       -1.184917031666655       -0.663629041132309
        0.751471494661482       -0.981324207805097       -1.555980092164498        1.497964949282849        2.606160273867172
        0.951888663807079       -1.275503824360579        1.409933389745312       -0.313140586523292       -2.028446116119702
        5.168558885416601       -1.531065942463228       -0.302881243012451        1.217170894164302        1.232371189187067
        2.147892792953771        0.323659469670509        1.817253045606656       -0.836561143008556        0.803146283188530
       -0.494050898016726        0.141781330650002        1.504074317679567        0.722053572993634       -1.886152203621300
       -0.200619040815261        0.673635106258170       -2.128745297258764       -1.383123500583699       -0.350670648713646
        1.236206196673742       -0.864921211325647        0.038777728239754       -0.873688682694662        1.481545080591932
       -0.454142657260341       -0.079975221229384       -2.480267936436775        0.089367214832738       -2.092400566457488
        2.255198601718249       -1.636055985967944       -1.491281209568907       -0.086204416606784        1.086523478440334
       -1.712159507010032        0.195884401887875        4.266306727243292       -0.740202641197034        0.430048913452407
        2.200248310992377       -0.138956274871805        0.119661477628610       -0.206250394147295        1.168327593747900
       -1.256464218257041        0.792379558761473       -4.044414692630330        1.130403204210917        1.546035308336727
        0.569382311020131        0.737059476829180        3.151654886581544        0.332504572648865        0.437721626431817
        0.717968377276703       -0.245825265114326       -1.280250296286441        0.044278838370016        1.435608369851635
       -2.433533550813667        0.208579626976269       -1.273524631122719        0.808573412015449       -0.668630408998223
        1.482182968099864        1.514024853190549        2.556024793568574       -0.057055170357976       -1.239166849298912
