      -35.646331943624169       52.741985722941521      -27.553634308745458       44.208663987016841       -9.838296368159186
      112.173860004119788       20.542880764715648     -117.442258609538783       18.623972214388552       40.631267251214503
     -143.052924035466873       13.067758522803810      158.449237816870777      -59.528947547517376       39.353169772806538
     -113.086213663476130       29.321248904508753       84.344740079407941      -26.276067156533973       14.874745146840906
       11.079291165068531       76.436410342567996      -41.121933568529350       -4.739167974213126      128.322358318562522
     -100.161005225424432      -43.566348624684522      -72.447283476523666      -32.681583164396187       13.568170022319688
       65.537323088006090      -41.659109667907266      104.677734282609677      -23.156936805405692      -58.963605736635365
       99.144920958807859      -23.628529961187493       44.034444414979731       -1.397581665658365     -131.122908455193652
      102.222550760615505      -52.532141618103267       35.688991019812640      -18.992592621981785      -26.103136261486547
      -44.846503989678666       34.578674936342750       34.116164454133120       42.184007072465988     -101.868336797770965
       13.240206874575037      -28.107457940290239     -234.057209555070585       55.019924189691437       -4.086089179921068
        4.584640652422790        9.405145582564037      -63.061703908586964       39.330780677783153       55.889467877591109
       13.336264526633389       74.835110558920462      192.875068359765692      -24.638381013720387      -67.206899468974370
      -93.801222134822652      -14.618130848819067      -97.118560947785681       14.306459267313155       45.516482493112633
       -5.458180514263676      -19.637790406588614      -35.255613271684091       42.121738428176982      -67.199605627452769
      -93.637282393509111       39.639338681353955      108.864597466763826      -83.080289352836161        6.139982772564574
     -103.742585361244551       56.833545725948497     -111.363990673877808       44.458867968966565       52.973611634563468
      -39.732430110823557       30.232887424049689      -25.786745211512041      -27.962799661623702     -121.728040417442571
       43.504522658894189      -28.993606711709432      -27.897693421438195      -43.612863028089023     -142.022764931610681
       18.789718898637577       -7.434940333874466      -36.013341382893650       12.021221086962790       16.483705812793957
      -61.924981886699726       -6.589047321489353      -86.664571278421988       44.567552995059145     -140.508631140807609
      147.132708800131155       21.075483145538747      127.258513178812763      -29.098264009140774      151.181980895068648
       68.916467369584097       15.075370356538217       22.046564068969765       44.707163848354931      -20.892133624491965
     -131.777530092668428       32.641309802805360      -64.696525303478339       57.374291927601760      -42.376999971379526
       24.660493642811879       66.534436726884010     -126.474451264026214       20.963113238294181       57.051873331845506
      146.853044451568280     -112.076753672478887       60.880960848693924       23.909256301868169      -61.433161990323804
      -81.901721960988183       79.133909065806947      119.004337514166394      -11.335731156816490        8.667047848268854
      -88.218028839465816        4.056658388150069      -72.468002431887754      -27.005673617415511       18.470316939109715
       25.439799389941399      -66.441567285831965      114.082187439327342      -25.052728247099093       48.107674299780406
       -2.939766204884392        4.666785983679270        1.001321881181285       -8.075739365944747       61.595859989049785
       15.061693854078031       37.338056707586659      -10.264570823565832       50.656258567255549      -53.978082547594056
        3.167610536071673      -16.699151386681315      -47.028491906908755        2.838947252271917     -144.338419220952318
      -84.796002739141798        7.833288352741641      -76.809139166898348       68.152059282211866      113.720528945596186
       41.445027376894693       -1.743148066294517       75.320801036503241      -39.347349698965182       33.289636616248075
       32.665787420238800      -22.189328050603173     -213.313897713484550       24.458420130712017      -95.444606906842949
       39.771771789978821      -12.589667017837321       99.295936223594140       26.366195738586921      247.484968246037937
      -16.535644161708458     -101.059056633198338      -19.929632942165746      -22.278455703570366      -37.052304083449776
        8.670578745858776      -64.546125653798853       12.651946067808625       30.333912159793748      -46.374814352802872
      -40.243779536756911       -8.720935990229467       37.584531528327261       -1.364556515684851      -68.147974255124325
      140.373868156327120       46.538677586697318       -5.580431288835273       64.608351011286075       80.447672897139356
     -133.931612122951492       14.260022821158412      133.978991474182322      -72.195255009968093     -148.296253572013285
      123.748454767489932       -8.416515425129765     -150.062526588802001        1.613692109060607      -84.065342673270848
      -69.420224818800847      -65.298724378621444     -123.731568875211906       -1.956794638733471      153.329087651326148
       68.974357746573901      -24.053310129240874      205.462714871482945      -82.831700643175637      -72.870892495146535
      -73.233180400335584        8.365847028874340      -43.060879414905266        3.637186091621952       82.424622456344451
      -68.718729504330810       -4.765846996213426       19.754638466147210      -25.830421965603406      -36.754870259230948
       39.673772339250007       19.240076805229023      -78.710837975304244        5.295388701396880      -20.708076615191580
       27.805927118407396       33.458532093169190      168.840957290006486      -51.891281373020256       86.775965361843618
       -8.733343815270095        6.589674080342004       47.198976541327376       -1.297058797667205      -71.074169899259559
      -26.552771164244600        6.390505140936988       39.021637749659142      -15.909685777953969       88.271873633801988
     -183.496104646270283       -3.813845547601462       -7.226508514032917       -3.174247198933970     -104.892582804511846
      153.782676526497625      -65.467787043897388     -234.338167534034824       32.501007074122526       88.847461017268884
      -82.105425986807816       58.468081182486763      145.976998488200195       58.300151787593947       20.807765810914244
      155.037639187992255      -15.980078964142036        2.185085820075287      -40.398261209387172     -105.787373211877025
      -80.206546413011310      -56.419349842099557     -104.588435507157243       50.877535158917276      -36.379905278366074
      -33.265010176789005      -25.351020247389648       95.525017605987358      -25.488584460615833      224.480805106066498
      -73.654421580145652      117.822533631567623       18.686196871152220       -1.600564697089405      -19.668625614296211
       -6.092152111714019       -7.149134596018118       22.329718703138106       -1.218185779386268       27.237470256476833
       -1.099868773659026      -26.350726815536266       13.064009323155124      -48.470297597511596      -36.586300543094389
      -21.220019800305732       45.388272616907507      -51.362362865706331      -19.502314784174281      -14.967325116138600
       45.853294709783363       37.824586789597781      105.686147666200881       -4.917534671433021      -92.016110871808323
     -142.863188475644847       94.456381547383387       55.126651062544560      -20.621438041891135      -38.127426239726994
       74.192376026700870      -46.132957124267385        5.970334098188731      -20.889456745404484       55.197210141145177
      142.899865167192303      -18.086318311145405     -101.933027134567595      -41.109803414687242      -80.569454493250703
     -135.799718909009101       63.974545858478528       -5.818196771940736      -58.983874687874383      205.440501178297097
     -160.288283882502299       23.411085850962284      -47.263599627726656       16.694816145077404      -18.221572142995967
       43.224544337541744       25.706614507067393     -127.077969946110258       68.183121465050519       41.941300910827408
       65.750676347374593       -4.460677734573242      103.442060379858120      -28.722952987879193       16.368354423762430
       59.414297668650740      -15.808894753276165       53.059802252572922       13.162250747601252       60.593035336954742
       13.326007800282971       -0.073898440110273       72.485961706435717      -84.886769082838526      -29.496880286588681
       19.707113862216463       33.756750101365498      -60.129152545372726       68.224436795129293      128.271189003070816
      -30.415000402512629       -6.876189424698940      -78.936190781056453       73.996735541241165      -77.537506754110453
        3.857208332978206       -2.230161676920842      -31.520815495573533        5.701930405792799        7.735287374175749
       55.517526915283021      -41.323670308845877       89.649673616899761      -26.730339555731245      -85.246702575646253
      -26.197314927304248       29.110838291345107     -163.044295617307426       29.850605724204677       -1.987760830886996
     -153.559537603609868       79.935783440007498       89.750266445495299        7.442645681665290     -138.081148905695528
      -21.474598820161972        6.761784821024464       56.152452896322323      -70.277403723574480      109.664390809219071
       75.088263390518591       -5.566330420540995        2.378649868724036      103.028228416081760      -44.174663897162787
      -50.240395658480615       89.011708578015899       61.771637320577554      -68.441727728155485       66.914342092840926
       -1.252234586871962       -8.723390239146394     -137.066188892850334       38.920201681361917      -58.414356632482011
      -48.648918039933783        0.527534976758454      107.792686351556597       52.694464475177973       87.392461213677478
      -16.676098833741474       67.755687972922757      -15.546434551851084       -7.353120684408434      -48.183991456290556
       40.140535685960579       31.871174554468745       17.469197470372087      -18.334098725494165       88.412540838983205
     -124.055444261025826      -42.008705632250184       86.890355076735432      -78.800490927433785       34.304766105247737
      -39.577664716479809       11.915606605566028      -21.818572353695963       14.569901851746600      -25.111770852615301
       91.805279073387680       12.217673602718301      -27.564601692782759        3.436485597182053       11.978067436341243
      -43.489271563552592      -29.545679079890245      -21.540275630651614      -47.586245066225082      -10.870399497610281
      192.647739045868519      -45.327998242851365       82.136892357773021        6.103877543055126      -33.966397135816699
      -66.869882546547444       48.654653372078940      -31.089011010735582      -18.980855247065016       39.748898952409434
      -54.579543388877369       -3.650622927205294     -109.227601943424546        4.528878495433636      -68.438576765533767
      -94.831660691311029        5.423155183437924      235.707316654061174      -30.668170203503344       38.729740570961262
      -61.501653117048271       53.747071971007308      -16.219093962158283       19.889266380391401       62.642109261634545
        9.669199107480843      -13.635414367906224      -33.710170001520503        2.477452903146669      -77.873476365704747
        1.559828253242678       20.621247646369575      -99.085056115189076       -8.045922941069627       24.504977098106011
     -158.224613139936594       -4.393554426154001       93.024198755701477        8.400335299658067      -45.421377375478500
      119.777599793883041      -23.290732971889948      -26.504105811509515      -47.871173243284474       69.739947343360413
       73.900644180532055      -79.389503966039896      -66.174296399254857       24.284212611006087      -43.684540927459167
      -18.848236439992636       -2.157246392968880      148.150559806261271       14.850717587826935       30.651736017483294
      -58.423349474557014      -11.387688202503282     -145.804730532929483       38.660015194711953       66.998326693878084
       10.758331919840376       -9.899757512837029       68.383069955344382      -61.214461186598719      -47.763457143525670
       80.410413840309886      -17.600251241013705       88.564232525737893       13.240727225430486       -0.767993631257627
      -90.338533889511197       22.266519751915936      -45.101435889013374       -2.549093322734838      -35.139913074768778
       65.110472319584801        0.249294648970477       36.564911782601953      -16.796151204916772        8.393982237426304
      -55.529829970865528       -0.251292972348431      -68.961504002814465      -35.914411569911117       57.888024630471179
      109.527924256940580      -17.054557812270808       38.801167521585398       12.083869426949333       31.670976917492695
      152.923019093252236      -14.428824763980266      -48.622482816259840       45.897991626720142      -50.909862121602373
      -87.274861502238238       40.599026896969114      125.112069861478972      -37.187179817993595      -95.107206479476162
       89.911460634197454     -108.765051601670777     -126.220877857056252       14.741652440902580       86.411412306261781
       31.576082083451180      -29.062841909183401      -62.718891018426476       15.584421356861318       33.040306616705060
        9.041875488714959      -18.249680266433412      -22.163024068198997       57.766042193059455       58.695009040290287
      -71.130191142537456       50.765705731813469      212.581977757433521      -42.867977490679039       66.349462495490513
      -63.351600391475472       39.220818998586800      -53.480452234276520      -26.128780163264565       69.266735516072004
       34.807487536767127      -19.684904106334006      -56.556964946548320       61.346691487278598       80.369720651857648
     -202.596772482609964       38.915388021839881      -41.382000720802168       17.162998744897202       -2.145037186921785
       15.800337899005058      -50.693704341316845       65.130958266653920      -36.005753312109476     -122.872924513775757
        5.486510463145463      -77.760728671826854      -42.518837170208421       23.041954302224852       82.676186406114951
      -58.720331274385593       50.185228298617837       83.910483673458430       27.480392675091302     -157.914673210733497
       72.073404646695749      -33.144809849322733      -80.886250139043725      -25.865896047905800      140.443295414479309
      -98.402572280062785       92.696204790986627       77.799340729939729        1.219629356309450       49.508321936555056
       80.521322405584669      -75.316635782614995       84.631201907215171       16.750445273720032       90.226956677401162
      -84.580719235194195       17.356073712845681     -120.231922264677124      -10.388188435284219        1.581770813296353
      112.847724416932891      -62.154288556380877       -7.673176530838107      -71.858701125227213      -17.856434471019597
     -104.484070842506654       65.227309721050645       40.662869504226485        3.250021161090842      196.196370649735485
      -49.068985793440085       17.561508597895060      137.323165372763185      -41.000333902897829     -187.200948663109074
      -21.798153954100705       46.689992899603979       93.735753587494258      -42.038520954954848       46.957055931232546
       38.214281727131400      -33.419994168788506      -31.148338521786414        8.427361741137517      -67.717355188916940
       41.538447001305059      -29.266788751582908      117.324658536653800      -75.106034628494342       52.204310445590046
      -71.696143857215077       63.688609274000790      105.096466538478936       26.268674489253399     -122.786973757992584
       43.091753388491064       -5.121510284485376     -259.095887757718003        8.882920596737016      -46.767735146908777
       22.086182235426435       -1.636558398456071      -62.150482152045591       38.614749956642690       79.003212180139812
       27.125443468977263       -3.882077801528333      144.038199670536386       14.275542546939731       26.981237328888952
      -86.558930672228286       -7.963941978615931      -49.010022703091856      -24.464886848263127      -10.904982781860857
      125.485270650549950      -29.673518168764275      -55.477215440294870       71.291118643433393      -40.180089427908960
      -19.547797659963624      -16.039119125305266      105.164612036099882      -27.932105256382709      116.953759347005501
        0.406427711500674      -15.269646351143578       36.002619307083641      -11.255466341545686      -13.189166152787740
      143.720820987554589      -46.056106070373495        6.444981669600658       71.836991951820536       25.419286560112429
      217.396400653032941      -48.321393512637847      -18.414542062443321      -74.017234281504585     -136.156279595826362
     -152.537819197039056       31.767778353372215      -69.829239035349403      -29.683087825907172      -17.405634559474436
      180.442910111031466      -41.290719773094779       96.615133147948768      -10.640413845701854      -24.944135351347484
        2.667074428499349      -41.337456134080540     -116.982059088025750       49.802445970267989       33.044699202909925
      -75.426774598264061      -31.054454219689120     -136.659900810537920        7.285154049932867      103.760297343467855
      101.174226183894163       31.554214439055638      137.185704566412653      -27.685561254935497       41.760367311770139
       37.470651149459982       44.768158825216702      178.336409732322380      -57.941053785783033     -106.621819775245839
        0.885179552049775      -78.026884021473052     -182.686749829664336        4.356693038490253       23.861634859624722
       13.604620076343764       31.239622098385706      168.626609460036008      -47.487370670182649       -2.394598239541724
        5.152089183729367      -92.885557785378396      -78.130097590433820      -28.743973593633466       72.140527103857437
      -40.445686769438531      -48.467282119204469      -28.062351413535790       25.025402145479763      -65.744147754405375
      115.128810319020658        5.609355943649922      144.288167337040278       -9.717833722551436       37.095608146801716
      -31.569306484864281      -19.932366080604318      -57.176771457192054      -19.986449570023396      103.207363052647821
       59.456437785190793        6.104457611167168        1.610882606167253       41.908737758357361     -109.925100188295232
      114.855737308677988      -15.589512281485403      -21.420350922420720       27.720940315889226      -13.442698103555744
     -115.593992824022578      -13.684016049718439     -196.496727866031193       84.769376827361455      -60.869380412927946
       46.782192486019056      -25.861747541349629        4.136223012724915       13.326308766047100      118.835867424854811
       57.099190388444462      -29.374524673628045      -14.903174310893917       18.195213507997373       42.330699677593302
       37.263374853705038        5.725295038506936      -50.966017321061116       39.818102283643242      141.975202100484523
        9.801058255117578      -15.577704897624121       11.695389603981425        7.029111892350526     -123.791015197598696
      -73.487565462155374       96.598724164245979     -100.110454285087926      -46.604478742459001       24.823251386433878
      -82.299497152813160      -18.822703206597446       68.114643777396594      -12.200885150559982      -53.087560554393797
        7.752833316870563        8.259653510206947        3.752733450973120      -27.251348606624106       17.939901700074596
      -10.142919698737884       35.815730379348594       52.993815798485151       47.841054481700588      -27.011769482154442
     -174.191927704479497       60.172617867969187     -136.395982666798801        8.145362454320184       62.549119149666602
       80.376514231118676      -30.793659914821081      -92.958852278448319        3.657398879615871      -99.103605920039783
     -112.261860827704879       13.015285600993517       -5.757592673177157        6.995491480185239        9.787420177007633
      -78.948073966483776       28.795520018072345      107.264537332065288      -47.778376383424998      -54.552461002898767
      110.283331593509004      -13.063724244503133       73.209696339190742      -67.606467276700599      -65.562248286946257
      -10.998185463521807      -24.667091442750717     -169.309053392620086       28.372246230292273      154.924883345826544
       87.662217714345687      -20.828594424874083       63.563240488093143      -89.383027176788488       62.991715973926432
      -65.022808690985670      -17.908945603081605      184.491760322615818       29.176068170204054      111.429271475812328
      -77.812899483679189       -0.164304455717718     -138.036914458093491       50.637483185842456      -97.017779329863302
      100.248828064128233      -19.481899834285390      138.587100134851454      -56.116141281854880      -71.241242661335988
      -57.919509115658869       13.207568636164657     -154.345450861566889       85.423896317894801       81.548328969075087
      -10.623896598736202       28.340086626600602        6.974565739754642      -49.896771692590157       72.957533558276651
      171.358375958471072      -77.756890271383597      -99.673711457185476      -31.889539200740849      -26.191686460534466
      -93.985803372843833       31.573330965075787      -47.538076003600700      -28.187873512660666      -14.276314045183977
      -18.811093413207136       74.931931982894923      151.232913264028610        4.044318267071713      -19.399582705441603
        8.828635113784204      -13.228521376531321       45.178538681581841      -80.314779158634707       -0.198010362396958
     -233.408983566998444      -20.200185295040772      118.208472232998346      -32.768655944146431      -24.204233515010060
       17.409736925812378       54.245485593663524      -16.036562411503176       -6.621487937501293       97.344548385409070
       -4.199336431259773       19.712307461411921       50.039833770225577      -63.262592051546662      -73.319351989203852
       90.738504417169509        7.382650992060515      -76.049514057373983       28.700466877744290       69.916137175390617
       93.586562097155792        6.275094026572437       18.497338590686333        3.449310760539271      -74.553064568609287
      -33.856602288242385      -30.602983996497048       66.672743658839096       -4.380790878320724      175.693615631810474
        0.089158600878638      -12.559937841199924      132.085248226326684      -47.369866033984074       34.592909361199560
      -52.923959958841600      101.196996433778537      -28.625022555937829      -21.959239887268019       14.421001923607717
      -52.144350653495273      -24.933646430849002      -56.415303151408054      -34.576177131450741        4.212603960408922
       -8.736567077772087        5.316134425687840     -172.171206226170966       63.024079268487419      -72.708664867472038
       39.728332362782830       45.323800350240639      240.349256395911425      -68.082418363423699       25.168807306390210
      -53.283064461375147      -17.394061521853725       11.970488899100673       29.640233842888616       51.194282148232745
      102.007435727225598      -45.672021250539352       77.795910552873650       25.256600777943827       -8.868327983475346
        6.779160187737739        5.628801328954605      -60.054260005720174       41.124613822205404      -90.171565661217358
      -17.550744239366615        8.546079351828819      157.361106112932390        6.386652994110577       12.920127610754591
       -6.200933069654216       64.748918350561794      211.457778662603658     -120.404531609212441       52.671981144673460
       22.958209852868009       -5.806475402250380     -160.462764165579870       55.872604846853541      111.911632777642680
      -42.099141753064480      -12.820592589978292      193.621672678918145      -87.518462169295162       37.221654148644788
       87.137380789914459      -37.222817458030029       13.364490664640709      -40.595649181631060      -57.763498190736264
     -136.374493718255991       20.255175678336457       66.288279180388500       19.650362340887707       -1.442716082545547
      123.608541698487770       -0.128809219946132      -95.267330831361321      -43.860565805832799       49.811223208012926
      -80.729969527336308      -56.004090170485469      -34.097293218887089       91.580027932597019        4.648074389405553
      109.778129017406116      -13.319438314618948      121.679107680590946      -43.100726472003011      155.955277235263367
      166.223638877087978      -90.372143415061558     -116.083660148904642       94.407210798455111      -12.705534990410468
      -68.864545749892500      -16.517964655752010      -11.821992916976974       44.924829523095141     -100.017672781401117
      123.037037881601563        5.571091200750738       -0.277071534409022      -22.553509765610919       70.199492603632464
       13.806359008335292        3.532584472103051     -177.030353297986295       40.019774221429181     -189.154405913410528
      -27.664170656679882       28.980156349379392      -28.721137644639821       28.489042248511939      154.159619144832078
      -80.366008000613263        4.506395268581992      -24.120909291696474      -18.821347279852741      -88.044782831260378
      -65.990124485704186       48.336872133258211       21.263175487515483       -8.540830021077303      113.230142334446498
     -118.496238007220541       18.270239745464732      -34.628940851995964       57.519839058863802      -76.303977539443991
        1.396668430581050      -43.206739133997125       73.214871928416940      -54.724072630671429       65.893691495380907
      228.367764344270995       11.393646738419564      -92.400260239943790       55.460502486889098      -55.780807343842518
     -134.750597718953856       51.132491815033703       59.166311482853338      -58.350358814737149       58.697812424373254
      -33.935964104641137       16.952873620433955      -73.722161595939141       19.416903606509770       15.264793347316825
       -2.494685949529418       26.203655974637844      -41.517416069203655       -7.644529274802602       99.495982775265674
       -2.212066986850090      -33.200115629999381      -71.667189076750745       56.383590577281176       31.592951914821267
       44.252490053477608        3.201365960772252        2.858377219502604       27.862826857110569       29.230169086368161
      -44.551458836177417       22.741522494753479      -62.281411563033224       35.083151180818028       91.404862258203124
     -168.545993521511377       19.624648228247576       39.685845300810769       29.688828649420845      -81.469751259539009
       -1.130366191872228       -9.752565846917825       19.065517054571842       28.271574364570586       -7.119006410490665
       79.574114538800188      -52.255117520983234       61.338123813743238      -16.427735001443118      -76.558222835281839
      122.005214612204313      -68.023853496327789     -110.570684973802344      -15.675852456363399      -96.084969147074574
     -135.589706003183352       82.188717287178591     -158.068200927613020       33.366326610778970      -20.324292183247415
      -71.433446065733975       31.054422018410065       51.325971844281781      -54.645476774200631      105.197043738926638
       16.518174607629458      -70.612845261912540       -5.802267256688535      -49.032626931715136     -208.707264609886039
      -24.365753129376774      -30.390932166935048      -54.310645559223047      -17.200619414821769      107.632122500890631
       -2.243734163374232      -39.390880151392253       59.841216776445712        9.305294508518745       60.588249824663194
       73.722335150656420       -9.419352997608947     -112.794962343807924        0.898041191028664       61.159745934235517
      -20.513376629313349       73.174316318589803      214.836774626134030      -18.777099834671855       35.377529562586680
       63.291408201191935      -89.189383056052478      -47.936594620060930       -9.268242688853510      -29.762763201690635
     -194.762969170903858       33.893704252180861      -96.620458240562456       -7.571181666536169      -65.154880483881470
      -16.254230669096287      -61.428180941285490       31.217150456358656      -81.057857721506636       91.149991530140213
        4.657727918330624       29.965510580387964       21.992791268316630      103.022382924056487       99.408245176143282
       21.136754918302575      -12.176990226809686      193.445434662088189      -65.991228227217960     -126.399004861149848
      109.887435891178924      -81.487759559999859      -96.872361993872303       -1.462026427398330      -57.553394372008356
      143.000000779441081       57.252353231259626       63.411320535623062        1.063397276458465       18.746750614334253
     -141.273717583708702      -43.527436285513346      123.292547164196492      -13.005723858732285       89.939120446755638
      -32.458336522783611       17.758348338895743      -39.225156818755266       12.208145455017188       69.640027817364185
      -28.434843903276576        0.501412859670351      -65.261036090237852      -36.617642514306254       29.032526395275770
     -153.676624127867967       13.599345981863081       86.909995270771489      -43.876907447266149      -58.563728773029403
      139.393880763242748      -30.509289947491247       55.771432957712129       37.867743952012077       43.023654697729896
      -84.193822687969416       15.889223494028288      -84.946940782386903       34.899249303153397     -119.506665080670871
      -60.606452135272761       41.327561506152378      -13.994306894487526       60.279544997435124       40.979527173516615
      109.833938772254399      -75.412498420580576        7.725557594210164      -67.164769520535060      -97.277299268538982
      -38.985243868445572      -21.900531443444120       78.093466671428487      -15.035780459409802       35.563722170900874
       95.842615402690811       -0.024460732806989      -21.996800135945342      -10.240708929758481      155.534114294984846
       -2.958391040053675      -55.808509653269496      -45.026572438219688        1.737277178681935     -123.057605020488666
       65.012841370877979      -33.452656871219048       52.720747686363723      -16.844961610651122      100.296778762898455
      -64.758416440847796       37.253230712254322       48.878203287973427       28.467629457514725      -26.758078140023972
       10.177533006102713       48.940255488595447     -106.537251908119302       -6.020792954536135       43.623261430955523
     -119.238372276512024       10.649293932879083       90.662357212694033       37.911722379347339       80.244573831648509
      161.862505967628891      -52.258663335019556      -55.364926980393726       -4.315418873679018     -138.908522823991149
      -55.169091838057724      -13.970800498503479       -5.925346723339911       22.131712025991181      111.990758843999345
      -17.032898749181474       67.094790892203875     -139.064368885443258      -34.121652365292590      -34.396448265596518
      -16.274368571324597      -45.533451530732108      187.220363556668161      -45.223201064184870       45.781804954536128
      -44.348443721644195       58.143153507433702      -62.993344030312961       85.746942962729449     -123.937003580929868
      108.733833761460545       -5.414393177935037     -139.976550361059708      -19.750394338904528      -53.230210884800542
       39.332664008810326      -26.408335092541005      -83.445699042270704       35.885767683699200       55.829299004813741
     -106.641528959578110        6.998391281375653        5.682011196870622        4.769075406544652       63.091121955528180
       38.983086251461565        4.371766476012920      114.491574913412677      -44.465035459753743      -64.350706646693041
     -147.050850652599991      -22.231522795017877       10.428889369487162       45.512139887559357      -48.953833999532208
      -29.988764222999091       14.608309252412557     -116.444189569801765       16.064367805580872     -147.400026033239641
       81.218705097923177      -38.625761479880104      -67.200813874003032       19.284418189020577       80.004581613939280
      -33.205176235446565      -33.857521931748394     -173.634447596632640       30.536439048503993      -14.446152571033071
       43.967953590499320      -35.681454413757926      -58.332512925297557       19.038450404136491       27.670642829952278
      -43.030620052123211      -27.661252723595275      -24.837489167773512      -37.766613607287503      102.884785686589296
        7.277363346646195       48.639990652757525      -70.105897798524296       76.536416611628511      -29.980761526360030
     -128.916055018135864      -29.266592037715803     -122.372674100204392       41.914202001585998       46.251344451527260
       77.264946840445631       16.431268799078953      110.458439471831142      -52.465702167182684      -34.904042024124280
     -264.628696333238906       84.814257310651428      -64.612462955616891       73.685892243303641      114.662186983378874
       56.469900649229572      -25.884688074110201       45.847764400643086       32.665976941889099      -92.180860060895455
      162.242076603192089      -38.121777673612840      -57.556196017078470       48.700748728398722       73.575741770307118
       17.736140698386723        4.662078952318820       -7.110803838762572       29.619235407571200     -127.104840682677533
     -146.996573727895594      -25.387442779326339      -37.222015304544300       13.690730074557793      138.058876144152634
       -4.183415540341183       24.588035180772771      -34.749898231656040      -79.092145950195359       12.590337444677333
      -28.706375718240860       71.201592132902263      147.459519808365116        3.101061576944186      -63.005626563438447
      -66.867804045946002      -21.513838214971404       -6.485376957959772       32.426967930054545      -62.837977648969243
      -43.640080807122594      -44.631117243708267     -208.504238360188964       83.354893600607014      -33.653749596142767
      138.076577705264015      -26.543137376210392      -18.832738021862070       76.128085986818348      100.168099410921528
     -123.093401948495099       59.368031779257514       40.923942973988687       56.659870513107954      -62.384137052975653
       57.571025962490175      -34.523633513892364      -89.528871325659381      -38.699026839477781       -0.847062433081778
      -61.703023609575006       35.335888898708689       32.292115678154161       28.240481257850469      113.940865003634912
      -83.584793096957540      -71.206208914844140     -233.691839721492130       36.434733465839216      114.965773794644491
       77.881931680805835      -55.136535074833120       73.180814402717573      -18.069868594827582     -163.274987931789809
       49.869139886426332      -29.370837059372580       40.892804639765124      -56.366497140684046      -45.110250067302402
       24.942707817733275       11.997791103394285       95.692078338099819        6.421136425563751      128.297643159631633
      252.904638890194775      -49.758611980002811      -70.565675043649691       75.485928366505732      -37.080346390576437
       58.873029263453553      -25.200531993643274       23.906410089303819      -40.181362168478472      -99.356172716025867
       69.644541202830396      -15.650134816502115      -85.205350926740749        8.032574905978962       42.647909549577598
     -127.689116836098449       -8.770108822608050      140.171879542367577       -6.631299232704783       63.336523462319249
      -51.639280718391092      -13.218613032914007      -46.574266496144539       -4.877296791580918      -14.969054575680573
      -37.324373854713265      -13.026178242157025     -182.880730407916218       60.117281221616260       -4.458413789377947
      -37.020551474054955       10.611416319144395       88.282502301483206       -6.741525375371296      -55.566177942308379
       20.518063054311686       25.844495372604925     -103.866608229352082      -43.795387592164332       38.179956182123682
     -102.538303719467521       10.728560882895984       45.193253205637802       41.802592967564188      -80.412542637179286
      123.661568019205035      -38.227403511690142      151.822631184632741      -23.072682979446562      -58.475832140965508
       20.181417601575212       15.813898378313899      -87.943991881659386       -2.119793914280657      162.596739673439714
      148.032630987028114      -20.416077149842859        1.825630167535357      -23.977253561651388       49.769065675863345
     -203.140637382079660       32.092170944757868       67.526690177180484       48.075787515959661      -49.590507453521866
      -21.708307863093598       18.840952551641831       58.271398410560018        5.429473807696209     -133.924957746978151
      -24.129556011010262      -42.535145421099656       69.987683065083090      -39.484645644557290       38.813162779272723
       -4.949724269046289       36.743785734818161     -109.467250191157660        9.185501685269458     -233.290463790802960
       -2.624894810195422        9.961938946943420        9.588551461049967      -37.632703093785111        7.918249433833482
       29.587489738328973       16.541079167206266        5.370156016414742        6.930446078781964      184.376552424774019
       23.368829837252783       13.142689252107020      -14.554970136964904       55.392762736088244       53.376993006253898
       26.734893550723125        6.270312953089440      195.883445271300360      -26.315768878301569       48.652448899772409
     -111.066688994285755       54.135491341564695      -35.770459524730533      -16.110880865351266      -15.874000587741508
      102.630151764972325        8.462712168990496      -44.201466868870391       16.223586822219875      -41.291219582458936
      -36.568906193162178       -6.364720396818924       39.143533670820879      -43.996705497268159      -58.708847002696196
        3.538692108943306       16.259410761646475      -82.042955119943116       58.496385475561702       24.722474660363030
      181.190551796435841       -0.789020659859792      212.577415694339578       -8.013815669832690      -27.568403213027423
       15.611605227689115      -62.507318793620854     -199.519528624562241      -14.679047233114028      104.645549818294214
      -17.978769044755509       92.806816865573595       57.690953340435179       34.967272754671065      119.224615799602375
     -109.956772960073337      -20.462624181799136      -54.001795107586283      -39.926174514376491       -5.034907917545728
     -172.331840913401862       73.019061992858411      -80.507510956691945       74.078116225592808       -2.194470487203323
      167.567322061649577       33.594993148374137       -1.230457538735622       -7.878077612882702      122.972722127312622
       56.209617492243403       16.780111181603299      -53.416657553771053      -11.257256861408374      -59.106673337550887
      -17.869575655680574      -26.442357922191349       35.070992210605837       -4.790796014337454       -4.253081223501062
       48.485525429644859      -39.091187926941963       29.268272381021131       10.972521131608334     -124.105707298951017
      -26.711273571442167       34.573027180951904       54.381689557422263      -42.520177805253212      -50.514295190730174
     -122.069790698218156      -17.358840598884186      -48.268636739917525       -0.067163016167622      -32.954050180617095
      -63.095437017112012       32.763156799903655      -49.234612400788528       -6.213618476965808       -9.798567913776180
       63.765767376879843        1.580807394335365     -109.238231652908112       20.024235008378167       26.118194177759158
       18.252960825264758      -15.202202071658039       73.290586784914225       -7.809899152185386      179.886317052201207
      -21.235812231262194       -7.345723749207717      218.214745806309963      -91.194562212236363     -145.163331749617214
     -137.734784131915632       45.117749417682433      -75.671954170000461      -20.750714601250341      -84.543167650487035
       -0.934882700882655      -14.402438571627961       89.916666063328819        5.691193335056763      -63.343745497020429
      179.775153948636074      -62.841537629950224      -46.726145867272763       12.039590148904553      -26.123793426114354
      -31.512913777895594      -34.929604649571509      -87.111500171042834       24.981184456291864       44.777884530243711
      -29.800376454839430      -18.016058628508858       12.978471188677513      -58.799864005849280      -81.197595111040741
       79.394314871017357      -14.043175971799949       53.615195973988108       66.427997840750066       46.813798961480593
      175.138140328940125      -84.931351652327962       29.851564111863091        2.063191040991779        7.207705500702856
     -112.220643905199040       20.138831420383369      138.094182258300606      -79.941523491408219      -97.694308012894311
      -51.231295032722670       17.899948850155333       18.857736133204615        7.301621641882206       41.381441306107092
       97.745384788898221      102.719025103906404       41.289087840308987       14.723151864363139       72.830747840276203
       18.040487823894885       35.758110622252239      108.428505448190634      -55.327771852730137       34.930975703984274
      -84.037515567572981       14.559231807153791       24.687078870151762       32.427390802649640      -32.457790952821718
      101.708085289335173      -15.334610701936056       39.968524039433944      -79.831467042520885        3.092660878104256
     -141.932645315210721        7.329581848746874       16.413233197538997       29.049899932983237     -191.396828092365212
      -59.145917106361665      -27.851681775280646       24.444108565080150       13.902760019462949       73.659340990980397
      204.534118324247345       -4.991862863272447        8.095605910464258       26.131584375903913       46.399302248959387
       78.901480546487988      -25.418820759459578      -31.319900236014568       25.982326959379737      -35.702456823144885
       47.796668869222216      -49.994830030463824      -21.416537832520252       11.806867927632293       -7.478615705299461
       27.055229669537120      -10.011920043911795       82.263874111251766       -5.855057564870750      185.024809005575435
      -52.381978777372368       25.023341359080145       49.095027141337191      -27.210034370653872      -53.118976605076092
       62.711460279032266      -24.403830185361880     -132.580434813450211       14.077364415596822     -166.364068721998649
       -2.137576013747142      -22.934187673773646       36.406593050111439      -22.887845696000419      109.364391566201533
       93.611499053714113      -79.752258145227614     -116.300829538221166       10.652942921898628       47.897412259300147
      -79.396008351504008      -56.321779646448853      -64.303235576883210       -2.646251601837586       -2.067729398828031
       36.773213145266261       56.008472702116094      -45.310568658001522       18.932751496259215      176.502450340691979
       55.317141241483000       -9.266446819767335      120.958144647265144        2.877722819866948      -68.557106618643687
       42.337073614889071      -23.928804876380180     -159.332041066120951      106.241263319978643      -85.611561109152134
      -95.163249099782647      -41.045555307038256      243.012982500250075     -121.602510114678566      -14.981707571021511
       71.780223405985240       -2.697102168803345     -131.561206213517522       32.287527099012088       37.994955420480061
      156.687725610232064      -36.262516652819102      -29.013767094254654      -57.379926290932232      191.906141435257268
       80.293572068725496      -14.736114251991577      155.322298342085759       14.403018780439973     -104.393627919207745
      124.770999632481747        7.022452252032637      -78.017589609062171       -7.786888894721288       25.289784155453631
       40.113526456373364       -8.740287793044184       35.554121199014951       -6.689727128516629     -110.984112526515091
       53.068444496627386      -34.880629672425876      105.973986617919252       27.902705006824959       -1.618207876679158
     -138.806513296071159       23.437253356778314      -51.604403943209171       -9.589219936161678       47.058974533107843
      -63.544907348953693       73.076628105330883       33.517995723049438      -44.202642777141655       33.148622476503071
       80.702073195190607      -68.430761971815116      103.190563334432426       -5.326683961339103      -85.698681413604859
        4.983976288844518      -61.144672469983639      216.911592426541773      -30.177171155454705        1.769730162728134
       38.655583463570231      -37.383038046527325     -103.069174821981264        7.444310632838502      -15.569368470459978
      -18.863643109686802      -20.375393336365455     -226.619784721833554      143.319131336093989     -104.735137007644667
       25.716512302644571       15.171304609345697       22.862214834056672      -18.912573045479057       53.651884507566272
      170.862117131084801      -73.083522433281729       23.325844001619444      -71.427844962669298     -103.863207991882547
     -108.854212193177574       27.562246196942404        0.669737516883322      -73.701848007467063       91.049748325754862
       -3.715602842214467       15.786882648623857      125.568506430882181      -94.589085379695746      100.513780602259374
      105.653022123652335      -54.587706813565944       42.967328300134199       13.492122814063384      -34.699650817833096
       77.880944485633108       -2.597123344324380       26.236647465534766        1.862625445680743      -69.741346767454317
       55.806622389094898       51.918312343447951      115.622790604251819      -21.849159084344937       84.349642168951462
      -90.083648030464275       58.802736979772178       30.226070772483087       34.591180213773036      -18.977108352828068
       57.476657648132893       17.594238193495723      118.286965405178236      -30.486470532128987        7.063714140197956
      -65.225749772520061       24.089133362799263       38.689883232598490      -15.612684294838514      -95.906775623555177
     -148.466821739367191       21.769996548199025      -66.785459702649419       21.160100984290445      -67.841456154542428
       97.712992091380301        6.917140531194851      -48.106261714335787        6.956916561141273      -94.333956020224491
     -108.390612290785953      -34.974050972739818      127.440110042753290      -55.750622158996620       46.771216529366384
      100.944310738494778       72.409441124938240      -35.817523791728192       46.293026467387492       69.492577921780878
     -104.008967476209648      -53.503074590170236       39.749683693516090      -56.899146805505083       58.221676043932312
       64.319954615205873      -22.513701065306531       51.508229204259870       53.845708430933925       30.135858220107238
       14.641150568283216       41.761961560214274      -56.846555602866665       11.104608862327789      -63.868545040995379
     -154.212797885718459       31.096116735173656        9.496681755992244       27.661023234823944      -37.623992909233436
       50.289294014655411      -35.758247493325186      -24.915528390656327       46.302981894367718      -42.903131715520502
      140.154574524435560       14.656408560317596     -139.358194706646799       12.392049743024803       24.640853110790321
      -97.254716061021568        2.372658308679298      -71.130805350232862       62.089258230895524       38.391356403593186
      -29.368695232918348        6.946324924693957      109.305867337450508      -18.945953092964817       26.347939235817240
      114.120629283882252      -21.680466044644540       13.784059826254099      -34.132781771873653      -52.890550681019207
       -9.271213309213989       30.952941936890575      131.364230748732695      -28.301829244117066       77.680851131651238
      -69.911937596703694      -72.737846091638744        5.615421838557293       10.001211877661005      173.415744237573733
     -103.027474130316506       46.841747747727055      -98.717508110085859       15.414803149229822       71.520927233521761
     -145.115329147798491       46.347649006631904      -34.529253208165130        2.836122218981791       18.099281089320534
      106.634310465442454      -32.440203325540530      -25.877463836420183      -28.254587910113386      -26.739076724239322
       73.361542955021392       63.339417127207980       91.268877733592774       -0.944883261429683       84.147358542208153
       16.644310144490802      -35.204345698681230     -140.847476653460660       32.003239575132312       36.540405897350951
       -2.421907307663040      -17.392567270947595      -42.312412719033880       21.613551523319593       -7.247688403284228
      156.359299713966664       -8.645429329252391       34.922542129162025      -17.980274001310615        1.148259639697101
       65.661815740943609      -47.427437578779902      -94.053450176761984       23.892883933070255      -43.480685984283681
      -82.694494864385959       27.700346234792615       74.887304043762981      -33.779956832975060      -37.905654575017977
      -10.522398895676062      -52.847115132570785        6.017095640833966       -9.053348345874710       59.762815622146292
       52.698180028275338      -51.083217962113743      184.473480426541698      -27.708820399961347       60.824287920293415
      -36.801098087646118       57.305292672321592     -130.409019641698052       -6.043850778233457     -144.574531765453003
       48.676070118051037      -18.473128887502689      -37.093564605841749      -34.278508383733289       61.627267143175736
      -18.400319380615514      -27.815238112108954      111.767367432051685       62.418865576614351       16.916207832618532
      -73.207761388740806       23.337789341320882      -12.639648345036159       10.017689686912748      -76.310736513287196
       15.865281930259451       31.782452240886375      -62.544572292852891        9.653699840556326      -60.631527931064603
      169.251223616097604      -74.583082194282426      130.333220277248046      -27.518728036210195      -64.262319240402888
       38.263603526384600       -1.569967738567363     -239.655147067429141       98.443808442384992      103.124520581566102
       35.900176812674687       38.105817270952770      -32.678464188779962      -26.899760176382166      -51.570060460283479
       51.497253514731852      -39.686632186924122      -83.346391180262771       21.040443417924624      -31.868524787707997
        7.403846152467760      -22.097001013976563       84.596340446011382      -52.965244845268373      -61.482579639550245
       12.097453222696444       47.389960820114823     -137.194978463344597       75.109279024609165      -26.151746002883030
       26.976423862754348      -37.836674026353123       57.249293523556382       69.383595466251279      179.992430237582909
      -55.511822610201556      -27.588524605868063       91.699992906572561        4.247972008017609      -49.071550163623733
       47.088477322894150      -29.294091476506196       48.380034073538745      -21.008888117020337      -46.170192122787569
     -101.760293695215722       84.910358315687745       -5.751526853249600       84.797511373971489      -31.269718086074015
       12.451692672676280      -14.636662073781730       92.757295255459894      -10.618325091883849       48.719859198998336
     -143.534061264348651       -4.571799209851155       68.842080114795337      -30.773188280659074       26.079735461541333
      -71.384727071042093       47.944273323578564      136.364309614668031       25.242990714778621      -74.383742508349130
      102.785616652919515      -73.840069465099589       55.592220151184293      -52.236801883611641       47.218409684549670
       28.992508001805927       -2.671791617590136       61.902017469236981       12.186615985106858       78.144938707913084
       97.643150096878401       23.801829487444717       11.386404297487724       21.011096275483034     -158.824991490141514
       33.987910351320870       35.295291475521708      -91.698227445134975        5.664847703120874       81.977322956407363
      -43.711786998391219       38.399245470022414      132.884143535664464      -27.492529609900725      122.006193889065443
       91.542646178236652      -47.609661298096029      -36.271023314010911        0.010163403079215       67.729910618228118
     -101.575444776648055       89.068511441721398       -5.869238639623212       15.658492672887556     -151.670782886695548
     -172.409672316600734      -50.435870728801540      -66.971494315572272      -17.858192945920440      147.390390879670662
      183.473004877320534       14.831635843439575        9.183966895789395       45.879473801769386     -121.770307745347537
      -51.794447569943109       -4.702447354088648      -76.256447322998753      -10.121407983808631      117.008354102908598
        8.641738665878124       27.213353091721459     -126.746607995220160       -1.958846091083937      -67.469520840132304
      -78.383570748027182       22.270694326391620       61.278358332620023      -54.385246431387522      -67.179721776042285
       49.254697193350907      -33.976099483458135      -84.166741425246755       40.619739626028064       59.338723344092145
        0.115764308999256      -21.364742218010683       23.257742982505373      -12.122624562446628      -15.113512529077408
      -37.944273310544780      -13.291990610181776       93.321697393583392        8.193489036315057      143.018246985562143
      101.045418254087849      -59.201672798180738       -1.689482971678610        8.467086264560967     -101.644258404263553
        8.947240342451405       14.272628055904509       -1.813316822285541      -15.912351331245452       67.491816248160774
       -4.273969089861858      -62.279102836216694     -139.726324802261416       22.378480933817613     -193.267837081663885
      102.907395578959040      -37.585126583022912       29.138946691116370       -7.500352277765361      186.210679355451703
      119.339344528747930        4.433595371782279      -44.669022640519678       15.327106720374777     -188.745927625552184
       62.150064599085525      -27.203428210812319      125.125048269373607        6.924307803415633       11.623753571033058
      -25.872335104371007      -25.473087419648678      -70.891594789099884      -28.504187098545248      -74.089178807870809
        9.175883114196360       39.087692603109396      -36.699033649383018       74.757582523517485      -99.469478820450092
       31.548533550953412      -44.590790873993420       58.550550260910114       66.111989981511186       67.127212471472021
       81.943231757757104       14.741846749428904       -7.739552220926279      -13.036453722110956      -55.681578548102010
       89.920695685058604      -72.208930087469753      -21.388030793337599      -20.467319090793069       98.412349704094112
      128.962142130525393      -16.729176964904767       -2.745044949415173       -9.740019838577776       34.879520405539381
     -100.321148951585627      -16.038878003444086       17.866966789837356       -2.147698782977089      -42.689125409413421
        0.918006217642758       45.630222121056036      -30.095091172020005       14.952664136227131     -123.796878440760906
      -17.538638317914142      -43.951037462858942     -149.813838302160519       38.909383229574686      107.547235565770833
      -13.847616981614909      -46.320394459902111       41.468835110621754       -0.824010060631348       64.164247619258532
      -83.380745048377278       51.796509345197400      -12.748708664345823       -7.361020823183436      -53.396885582930800
       34.013910241663105      -20.336575247154169        0.304884803687269      -19.651577591525292       15.228728028214428
     -104.700485475472377      -40.125275698088835      123.149201848107182       -7.600028636704730      145.458417261814986
     -126.294805192589948       -7.322099602704248     -162.215966200167486      -51.073164383573449      -69.161279465771756
       27.704520171971414      -18.430437126016535       65.257257690651542       15.856831612675693       11.599787986511275
      -18.809419979669467       -1.301862497137320     -101.751894479588657      -52.843386053913640       67.327175906685497
       25.401231309270173       33.356859962886418      -88.030318416821814       41.744452005333287      -77.577144533808749
       33.662292398306448       55.170728075002955      103.956904754441197      -26.172923985378592        1.938036420319970
      -28.804179554538152      -72.171047523295897       79.961819357101945        2.654974342088581      -23.919178821924273
      -10.393713732299510      -19.115605185220630      129.028745360509333      -39.846293370056173       -8.507859015376004
      -13.411313633784440      -20.809206615381648     -115.021672003539024       40.459430232111487      -63.142593062515722
       24.167694739503133      -13.419959055597051       39.243677814364318      -10.691694504103843      -58.031200307186680
     -112.529754707439110      -10.901801516979013     -119.564875326072993      -11.172572271332381      105.163676405384848
       80.852867627323349      -70.902055378240476       97.882870993108781       -0.571177059799401      -82.531926538257167
        4.411858902403632        6.187399760665809      175.333959171753264       -6.192355414644559      -88.350612476964358
      160.083043555312969       10.578364008625357      150.974288696869053      -32.870964955799366      110.104412610589620
       23.535996777253139      -13.843781339548887     -210.530640325748209       14.005614026355243       28.162007438256214
      -85.586970606992267      -21.427829633621158       99.410999476674363        0.143886325737484      -87.223390306130426
      -30.413329766545342       60.115049540252805     -236.054961135908798      -31.136221874691241      139.216311772972176
       13.558046136956559       11.181388336924048       60.121335674702998       20.097623345371005      -87.009111794807907
       -4.313736305357466       -6.593141710336140      -10.968215990620973       27.243706308318629      203.036017206536599
       32.687230668373552      -15.936076024582423      -12.897788981069013      -14.440059120631853      -76.207569466364319
      -12.037325925876267       45.347670321530728      -11.659000097006688       14.326285364662304       21.410991961992284
        3.468382417599593      -29.883808029836764      108.966380002322182      -35.828740578725302      -83.060782788601330
      106.598937868685653      -49.785973626678349       -7.452499896477177      -58.042387760580461     -103.570880824989999
     -132.451794110214621       45.841581922885837      -84.486728228170350       55.261752324760288      -16.146608463805503
     -116.939944874117074      -18.996556702572349      -10.731525252444195      -26.657655620903149        9.156765845063799
      181.190552658447388      -53.268023446944667      -19.059183111683726        2.998799274079540        6.219135204966761
        9.103479428926329        2.972704392219056       70.386932056074372      -26.949092406937716      197.287781847102622
       76.036527179179799       27.997940233697090      130.632644024489736        6.990090318128657      -76.864550334995499
       70.557068527416504       37.342084224187332     -243.401607348285154      -22.278142218502794     -129.221981440613689
      -53.946215163264178      -17.323611792248943       52.181636640647881      -51.723011397601908      -35.571427236933140
       55.600413772779291       -7.615834236275866      -19.569423376891450        8.650596597029480      138.993889466777176
       65.193287058934644      -63.661010501386897       47.822131199883287       49.539862742523745      -18.657154589011533
       -2.890490464943664      -19.805233004756868     -158.381539227965362       39.406908423459676       -9.672989412817108
       21.007112814815248       -5.406342184110023       28.166517367406609       38.366848698224160       12.098213248244626
     -115.165814098045999       -8.225268245894435       71.557226533360407      -33.286557681830359       55.938366832717783
      196.234206386952025      -24.009896177409317     -117.124551403384061       82.820738256368102      -29.638774008058018
       -8.025477946130488       -6.450753706886028       24.048584515317899      -54.347666072201896        4.851626522231903
       13.326439864336781       99.267573267926153      -61.414624102246925      -17.329948400470098      110.961927199281263
      -47.537947197069791       18.108424582681891      -30.517468333888818       -0.998465690406461      -12.626066403658568
      111.338594482149574       -7.122963746180679        5.072865269342270       55.138314888967706      -75.456904892334961
      -79.858320803167302       16.870430579967660      124.845482219641823       14.403951759427233       78.921302904859573
        4.801412717166907       22.177746917857348      -68.389956605168848       29.052417147066183       12.262837664928869
      107.992584509273300      -19.739893622542681      103.052970616095465      -39.404567137781392      -60.779481151733300
     -167.272131216954818       83.784841782910533       47.544507122911511        4.692966189535375      -64.178690398028465
      -29.282058012071143       -0.675834977316470      -73.533606827556596      -55.037376208195205      195.743552973499334
      105.409393557152427      -23.694531363208228      -56.037171978673911        3.870855738201022      -99.422755465252976
      -46.573690940208927       49.723479775469890        5.165504121466406      -68.104520860011775       47.209434609956027
       82.573194010142174      -29.623255304391417       24.557566351346669       25.054695012029391     -102.970703176929945
      -47.855910022764917       35.817159098789226      -75.898240760747683       -2.409725264893269       50.677044148087965
      -45.165123680709598       31.219283436785027     -135.928011450211187       23.999725925376953      -64.922096770474809
      -46.770225786643636     -101.399255401889064       67.383627749944154      -30.704987121780611       16.924409267899680
       32.527766394918707       -7.915261051964978      -24.795936424104266      -37.212125062485221      103.174666352097034
       35.787217739158791       16.641235333633166      -27.506204367467923      108.029462990978772      -31.206985572476203
       -8.070186358274380      -16.995264051364813       37.758456817238937      -42.398230438741621       61.525776438980486
       87.724236266151024       17.472643581372207      -92.892629064399401       46.437631321657591       61.701169784078537
       51.297310333552879        1.084783243485105      140.308506678664941       -1.752007790822160      101.631231109830793
       81.781855102517042       -4.676742406506510       -8.655189990581391       43.586031040613776       -8.807494446077156
     -115.210584595408733        4.865858673255806     -177.938945037907558      101.579946897343831       44.755890212588049
      -88.853838521302961      -22.329393692991751      -33.568515066989129       55.210632113606948       47.275056175900680
     -131.139906048460887       19.993055063096502      166.647027697267987      -25.122909751644183      -78.257178115481111
      -21.072095719930473        8.176298317482694      -37.117909756544599        0.957042638142168      -55.990723649294182
       41.091211369266063      -44.812375056148696      -24.169962826726522        3.763478870411109      184.692317969470622
       29.731045772616678      -15.194247696223258      -99.046079914909782       14.146957997195297      -12.350352836533110
       -6.859933365949352       24.978990357427275      -32.005803590673445       40.386119628490064       21.908314611917657
       -8.509667959528594      -26.582273423091955      -12.572248074602784      -22.897804797405371       15.771704922291217
     -126.598844723254700       15.182360850227299     -113.869229116875090       41.926975800733260      -74.959271378809774
      115.515410852553373       83.571211193835879       32.497556060629812      -72.503459717834204      103.221434672778869
      -62.079604066561863       -1.641575858404677       34.870308970372513       41.864090047636999     -165.648405303204157
       33.274893416598047       -9.095199296199739       80.656418472438148       16.203791158851686       77.064712128235513
       86.059266287922881       27.942259587742562     -181.073972769147446       29.781298096719826      -67.283664196130090
       93.624542936175146      -41.760579445773537      132.857011505049343      -44.463027753972931       63.993525856613665
       72.019821173351914        0.288278651558934       72.783001266183589       39.197698335193067      -21.096909937880838
      -80.807551731975977       52.896379230696375      -28.214038553305823       10.846303630333676       61.704884431744489
     -135.116971325213996       58.810236935732824       26.031036726005215      -53.666553824854439      -14.837038168890903
       59.140168332537975       27.266737555758308      -58.924483946099762       73.921019207280153       93.705163300423095
      -45.521762967372922       -1.000840857838514      -99.855347660445574       -3.221183455544709       -8.124998525209762
      117.469531541432147       26.491717124887124      -28.644433886344167       36.654869346307713      150.249392882578121
     -168.355908392539277       39.020319327991288      159.783451931725665      -84.633025761702982      -40.568762502973449
       56.261675050933590       40.977293471123566      -35.913517544562652      -12.326454701697722       14.655239007504850
     -189.544226316166402       75.520486856795927       79.512955851173743       34.269461500299066     -100.348419111244624
      -68.039488044095762       -0.201073606141158     -130.943646380439844       -4.632657486732533        6.193152762304382
      109.964072260146480      -65.139412689910785      120.460671029871122      -61.323204292653884      -16.592737098619839
     -154.788904545801728       11.970725167957371      133.666983836129532      -36.190799201176993     -135.413876032480118
      111.856593341107526        1.468218286542488     -160.010642605578823       50.989745660005241      146.156688044175809
        2.596084752744090        9.060948068534758       19.573541672350085      -10.593033955826279      -76.087892381226766
      -36.982690383031880        5.732452866759052     -126.697148910941607      -57.571525000648272       -6.043329831499596
      153.570158931911635      -87.640917834024464       87.558892793754396       39.098176532688001       67.448283528700372
     -179.272732685000250       64.854596112184680      -28.134856434082348       37.019635840289858      -41.569646569063053
      -76.731140926115756       16.475445106050422       57.893894326514499        2.350385611785198       66.722973362813406
      -25.579801129839826       39.743560791165280      -89.341937314207655        8.030694926518962      -31.129466523552328
       88.240002586222161      -35.636723779603059      -36.541409796221060       61.117582681830676        6.186985809027688
       31.428581587394124      -24.460649909585115      -83.858960205810831      -44.230724665256375     -120.961951695162782
        5.554593308568706        3.501820752938646      226.148099164814738      -57.182039762934686       41.961904263398381
      -42.457503370058667       66.069748205448647      -50.833963639493085      -13.622745349621534     -124.972038518840790
      -26.611545658940067      -24.812086863925902       -3.093258534986674       20.994115136706963      -71.810224076084893
      -56.031102553492602      -23.215190779527251      148.139827232300433      -48.446364705119393      -45.029821467236445
       29.688069206340302        3.471888156565064       14.841861904379726      -31.539798925674447      -20.204126033783599
      -11.052177349625525       60.840476918489962     -179.476417613656082       89.018005780960067      -29.681902309223172
      -52.959632427517711       44.977749952162640      234.960344510007644       -4.497138822129781      -14.711980112891585
      -57.331420161303114       38.573615047498244     -174.024347472597213       -0.619366337693745      -45.672856436057394
      -65.898385909028661       35.710607682475619      -26.635538932160330      -62.701301390284790       -8.541068942162987
       29.861106827000185      -59.489944841284000      -47.734922446642457       94.097203890144129      -67.122035908986945
      -97.996377695405243       26.038188358492985     -179.491052743556224       66.408539459379668      -23.085268950089635
      -73.401015435526446      -13.860498704618303      199.163952529968697      -56.933770945973741       -6.502948983686144
      268.488192964480959      -55.882714294284035       22.348191652850367       -7.564661693245633       19.898038910030493
     -165.313812070401667       12.819936469278234      -35.496015680509963       20.448386619017104       21.291161218022932
       46.452733029696105       21.306508282268247        0.860730949563071      -16.766615006576480       26.269024780769762
       16.307733095662265      -41.952707833692109     -115.286658276258464       65.166632477251284       24.079716229514805
      110.798798764128591       44.949682962518615       93.541635111835134     -107.508104263782414      -47.334493707866251
        3.716377700673406      -68.318876297675232       -2.670041106788644        0.802400362948418      -11.925141828505721
      -53.555100202025486      -66.656704132757497       73.779127047329041        9.127012728515194       47.833136034790627
      121.449095858490139       38.110475600256656      -97.536030046585665       21.586226504101127       55.613645674337761
      -82.313243362474367      -19.364374003715728       16.214800186826427       29.504482276689554      -31.357456168447033
      -42.649287820824952       26.638599713748984      -64.668168614110755      -39.918955699035607      113.972758680137844
     -153.954878567728571       62.007459703551014      -21.572016332827157       15.165648989822611     -135.204272884505883
      -55.239932715650490      -10.779357116382320       54.036036588826143     -106.276477566001589     -126.596475072279802
      -14.199168067727548       24.639188723129138       -0.667622138799311      -28.919000903152661      -95.833251995008837
      154.101431129224721       42.836510160765407     -156.263433625426785        7.298252681192458      217.713277943792974
       16.273126724040026      -53.528567912106958       62.531110990189369       -4.679520074438302       84.857620131195674
       71.699097875554457      -13.101646055600087      150.159878464235419      -19.128313799692936      -55.881450463039613
      -90.599528861587544       46.135337017974699      -82.401859068497188      -20.576259359435852      -26.670957807539139
     -148.787514351824427       51.722046968276921      113.528929916712912      -49.941764989265643       60.842508351171020
      -37.327672217134051       76.367992551371358      -17.832939277180877       19.276234582602676      -33.976555966921126
      187.542904273872239       11.420537072986004      -51.324107642465869      -17.396015828903629      -40.354313489749075
      125.906712658262151      -51.566498510254092      228.896722522110849      -45.842505332810646      -65.619682354094010
      -70.096193040101710      -33.302427910426175      -35.831414899711511       10.247668541385705       29.076851343569068
      -55.975577660305710       34.282013013467285      -49.981547235846115      -20.057750358744006      -66.084447733136059
       94.354362719824636        2.128626346498002       25.278431274855478      -29.319656002118261       12.209402679882750
     -186.300217136843997       -3.069888212256815      -76.245677203154315       19.070693306597139       -9.628382567102506
      -36.179500246719705       55.733259758193931       93.309041481389158      -76.561780483093159      -32.119075745080686
       56.272996850809193       41.611979079635546      -11.219576610885865       13.915297362377899      230.109913720424515
      -12.932706824032373      -94.024447977314452       54.757024724221907      -30.141370930275976      -72.867412556935250
      -34.213513205524684        3.581822593262503      -37.083771172636354       24.154976767628593      -22.058717644292717
     -167.010197989442105       81.130473647194307        6.345005563716859      -18.419053077767529       61.527283297227264
       23.590230424300195       50.787225008994454      -64.293233962537343       63.310922029835965      -22.196037334359918
       37.663521852218452      119.456621782961662       60.915762226384871      -31.907147396031341        0.418115559791762
      -62.531628227624111       -0.017734199015197     -157.593279772313792       72.044870191535765      -11.125391095507716
      -65.396156460189076      -58.913148488299498      -39.848367172316493      -10.114815646593602      -73.277111290473442
       18.672119236891966       -1.512017983972943      108.001262107883463      -27.510052324847695       29.294481879601189
      -83.576811017289486      -61.593052418451727      107.821376394803536       -0.324021373802094       -3.126680966739965
       88.561831937214322      -25.779930388006616       12.645958250834026       -4.735477087952137      -78.162599717978324
       84.373202912505846       61.259547701330860       26.823255449373377       -5.707212120880965       80.929491519923616
      -35.451197483949450       -4.920420553411089      -89.231775693407542       54.136400172091427        5.253285296393494
      -78.391204594887469       -2.195540770293420      -84.924957569374939       23.216033010891479       61.353393294892321
        6.475873370262177      -18.058884880149058      -27.467659717248793      -34.893984312308781       88.866891507737364
      -93.302053952073649       11.450387434554353       23.680120723552673       11.244302045626767      -99.744272593227137
       77.130038194562985       14.635719791170478     -119.102853383701614       28.888848880558498       12.479234955745131
       -6.417272393756374      -55.571858153560939      144.721616097907201      -41.736223316558039        9.490436331889976
      -92.790829762456127       12.114339932521583      -20.189180665612877       18.619189016335337       53.493775786037766
       40.361197242931532       -1.790663619906209       38.903131707699472        3.726226840026447      -11.940722416421950
     -214.824788947239028       28.281053204932412       78.326923966579102       40.773669504466724       -6.879341010470156
      156.903516644357495      -40.682273086530067        6.986965937270157       -1.255801066186677       24.205612569190869
       23.353720558021056       -9.255082191283160     -144.718967109142312      -33.346981676247708       -7.598141511324198
        0.713103004442644      -63.689627087873312       -3.817480333490574       33.335506844785293      111.440019107266679
      135.585975746157573     -113.778312917609739      -56.921070659343322       22.385350879710220      -70.761220708185533
       74.753642937526436       27.587601197559067     -140.665555461792849       74.583215529340421       -4.393966256770569
     -154.222797631109984       11.618977826136323       18.329786361067686      -43.586895558793877       90.861822257281290
      -29.746070067710662        8.717549395080770      126.937514079664993        9.419687372546125      -98.543698655832500
      -54.945867093441940      -18.852333906374902      110.427046599223019      -51.803137081952087       25.244740076042888
       41.927927881143674      -17.197982837155187      -89.689703126438118       18.180425607244842      154.889804221796766
      112.977936414763235       49.397819652400983       51.640710795707740       -6.789870450768643       -6.496321584503618
     -126.290028141485436      -63.130490696561615       24.629142628029808        6.505676687912530      -39.097218841045176
      -48.928123226635840       10.823936134919268      -66.703696720219071        2.192428160813052       63.960862074051171
      -83.786833456366168       14.599611379237388     -104.390004011061919      -69.673620137501061     -157.209226225886056
      -56.457731780919673      -22.864552684518742       23.937834141049301       28.155200776305701      -42.377401316748916
      126.700037210353756       22.573526134996936      103.451204233797142      -47.510046077946122      -89.098160365318151
      -20.879773655387325       28.831605065315784      -69.330674339787564       50.608962727114616       49.434876288704416
       21.051686680726611        5.603574011348685      228.611764749669618      -55.396842103139463        9.235083737114113
      -41.320750521220994      -33.545785437497550      -62.212528752038850      -28.785931283099931      -45.981579000492474
     -119.728754945467614       20.802787582040192       13.774127525425682      -66.211944273990127       -7.466631191346679
      167.012102298429028     -135.420416393729738      -21.343210118309653       42.786494104361395      -66.021533573469824
      -49.371609402406392       -5.437115469202561      -58.449692331278733       21.622193090608359       -2.898890943283146
      -93.310694052471135      -24.970195713043914       54.827328728298781      -26.168329770546727       49.723155826490043
       12.942653256448265       -1.231542693848302       20.411687777817662       42.091657415985992       88.083031181781436
       49.398621557565242      -15.533278825071180     -149.981822169131931      -13.597850477650072      -78.869913944878135
      138.452530499756193      -27.220362958684706     -124.992519088510505       48.890005833648793      125.634557440957664
      -13.772426575958029        4.506225016519316      155.708995279709143      -36.438859213834938      -33.380782812619550
       55.399727256927846       36.953520483729470     -158.980929812327332      -32.053368494914352        9.304784641517085
      -93.864646165328949        7.226099105949054      189.739718125481176      -13.418319048034368       35.329395540908827
      -14.673255515516901      -38.563263508938299       55.308859071382180       63.447296042099431      -89.970355678308806
      -16.653550947444991       25.153235610114027      -86.741530387516306      -44.736269792687224       43.905029741768139
      -81.263480112963151       29.615481174698086      -30.608553795529208       26.187647761386259      -38.047699625979618
       84.559805409288302        6.946068314641043       89.242924748981494       62.053346065113836       18.096191452117893
      -52.962445940015378      -60.098083687618889      -32.682739321237271      -38.193585122679551       36.548095801559725
      -75.214125477766231      -36.657908103238796       83.232715719350125      -43.568795383411533        7.615664679813783
     -174.775857198092297       27.739097827345805        2.011328616257840      -96.933042305782536      -13.238443769566887
       86.826440725181499      -19.512616820889569       17.419166051173715        9.235190939092661        5.118744503274812
      -10.545877034072666       80.628231506105351     -146.182298950536648       41.334535041307582       35.687726796638394
       44.948773825787491        9.151098090354211       37.203425622228636      -15.136931026754265       13.545957313983170
     -124.682515540760406       11.761299357322404      108.018214085008736        2.745957903786237      -11.581602911695475
      119.849799350916626      -31.157114268618447      -14.958009692690467       -1.283325669494968      -83.856962294408518
       68.486385100381199      -14.143258024385490       90.059932688307626       21.231088277356516      -23.563736444005997
       23.531379255500230       47.667606064081205       89.955830707648829       -3.204410908230836       10.723046527845668
      170.481497522414685       -5.326642342619810      -66.488552354685297      -11.510718107532073      -56.726397456635659
      -33.397349366895838       -8.189402849839402     -125.064625630931459      -39.689305925147323      -43.609751627060433
       -3.330026032453799      -48.446179803395395      -83.463668588892062       -0.145965663857990      106.015376804391678
     -104.264490339107198      -36.644347576334155      175.819919306668652       41.190535166115929      -36.952579250880724
      -25.005306142514218       13.955755558663530      -10.921892479482207      -39.501754549643316       -7.742187591870905
       64.423649541083108      -53.400460120937112       -4.784718667489641       11.197420490919530      -20.206864034568547
      -25.769065220277547        9.216978478842849        0.965939860045698      -12.793724567048548       37.614007068174288
      118.351137468542873      -19.735844317919678      -44.478864241044832       52.596034922139459      -16.228480609918602
       71.977402304736700      -31.273911429577250      -10.464311556103445       24.476278320472304     -125.346073578563434
      103.192168514239327       -5.656826006086246      -42.056062035725155       31.907246513159933      -47.691230585039449
     -161.079446710673921       53.969771579625082      110.523613170280655      -66.642609737548369      -13.763343406801219
       53.489196344709924       29.984523878282697       56.692202687031944       29.936551863567054     -136.684799043976028
      -96.349247455956771       16.598293754179664       76.610823153238726      -57.316541224047164      286.545294254536998
     -127.800301067793953       12.320767145366185       -0.953629290382381      -69.371254538983123      -29.149177087278918
       15.108886523963912      -33.220060731987466     -108.928391449107892       12.507437244824787      -23.070237717745663
        4.858758450806298      -40.019617743643025      -41.429111136001232       -8.914182810285068      -96.451930303575239
      -31.897761533998214        5.369592931765216     -102.796327431992239       58.784308358400061      -47.312105406818993
        7.678104546250634       11.541982669722543      195.918096932640537       -5.216860895840742       65.154844432808972
      -42.063672451976053       21.145880907342214      -17.836761280875521       24.285086092220240     -126.362450898360720
      -29.755024957982052       17.824085268335285      -56.478545023523786       13.297344031079476      -41.209471773556636
       11.102681815642530      -25.573074176444305       54.369347160988013      -52.364372226476064       17.709751185086116
        2.945651680160057      -53.493345074043617       25.323426430869940       40.898377368874520      -44.569956382174944
     -134.969000147576423       98.055094269691793       66.566985539921461      -19.561650837263752        4.763641163675232
       42.515865150344183      -35.572253611632213      -52.536268691666443      -10.194166663835725       51.004905182011605
      -98.683772482682045       74.317944074929571      -19.340452673640314       26.427784543594402       66.434162617254799
       42.420767289995645      -81.951544903113785       63.581664516236309       21.242662178057987       16.556704453196012
      -80.657804415916317       10.799944788453573     -106.597613875995634       11.068467797445511       -8.540421601971650
       33.145594517708069       17.749703755527950       24.782552297084742       49.963912188908559     -109.953352563106122
      132.523600751814683      -33.062526647001079      107.220895022219096       28.525133155923271       31.468831513584767
       -7.788860739924808      -17.041620302501521       33.394329017893320       33.032347131463233     -122.752228280466525
       54.410795998703414      -31.385820957561979       38.047197028397733       48.441553677175008       84.336276247083603
       -7.977868403249361       13.153792166609639     -198.746547624071383       29.524367478177123      -40.894705424594882
      -16.326513736488376      -13.407807380739268      178.244198712752024      -59.448976486519221      -92.466326964111715
       92.596729840891371      -42.756023539878377       53.148619212999591       85.975948614671083       87.185326649649824
      106.846834271612153     -114.572369426155291       12.638408045870941      -79.167976184410008      -85.046001368132139
      120.486436805128960       10.924271078566498       -1.509914065833670      -40.419151763845505       50.236829092853974
      -28.497689669841066      -24.182025098113527     -103.640970490625989       55.056500287023162       23.802186564870041
       45.657717721674068       60.822310308522248       65.528671314758100       35.465402733295569       48.756302060462659
     -105.811176905606203       22.025671674752509       99.479156309581228      -66.215755912933346      -20.207079790177740
       85.842510431655072      -16.740826770445839      -13.182172942731858       11.514287485632037       -2.885598980811002
     -212.048003207391645       46.185377290526873       84.941250861245564      -39.648202235022161       81.776362218206074
       40.592835513669442       21.022581008226194      -70.777585647534536       17.307261729281418      -93.281083637524304
       25.840586101653461      -49.198037308118884       70.806282117636982      -49.213829561596427       23.865796933989735
       93.550227137933064       10.924986054445073      -80.411053579297842        2.427807291105403      -20.290272624104908
      -41.564913002441521       27.810815146561417      107.422955042643054      -50.400494090701933       45.666102718320872
       50.819496358241310      -44.717947365660486      -59.114227102373214       28.513049303245253      -76.043490155147580
      -33.858153812584675       20.284067689328850       42.134852561730668      -82.812938862097980       -9.209271501497330
      104.364679837152295      -61.957606360055848       19.347003666002930        4.755785856623166       79.598475130639144
       64.441499201292245      -27.264141230809908       91.358387657247704     -107.961886288992844     -133.374984762326079
     -144.665222931718034       -4.137139551857890     -169.740889366002847        1.818363188416201       74.166348886794296
       28.165043585363627      -65.341263713524214       48.230227192239155      -25.519321886891767      -25.032313054776612
       12.422400759751412       59.351204731395335       63.437802088915859        5.309754592979511      -60.962305644306959
      -56.819201074016206      -58.397492555743845       90.568706512110154       51.838322922039652       16.544101976163045
      137.647933196872344      -12.948759821309975      -98.502591205911585        4.850925334678162      -62.255461419017173
       10.004097005735240      -66.089685121431074       33.436560355999568      -49.360061204369785       84.602645145484018
      -53.982530767241506       39.578393541209373        9.637825108727558      -10.200616441718347     -124.874941682000141
       94.872102329425928      -21.738258504760338       65.315396132570697       44.660165644457237      -27.886292968193512
      -91.631755499335270       12.234198418738751      110.840595569934507      -78.893074980245089       27.045402229749186
     -120.414809493897152       39.255395239077743      -10.109137127674980        7.562190446680610      -77.712219418312273
       -6.989217463384021        0.782900730261453        8.919863085506439        0.109186222371310       38.532629230069134
       39.367051764235022       -7.177665782622467       97.872745673419473      -48.108724693503703       74.290297520928789
     -149.114613636850748       42.941497244534439      -60.564045900943256       17.562544777500335       58.232595829751318
      -54.950153454031060       20.489056072457959      -24.492035318138178      -13.144934607029363      -83.018097458474486
      -66.275901544552667       18.634307098992448      138.887536763010900        0.738151858757214       79.274321079909740
       15.802740123673209        6.796066199526487        4.927195913047158      -30.059139371769739     -153.160805504848327
        7.170339644558491      -60.242812226120016       16.347901343421398       20.640291165422607      -56.913052551597595
       88.970856982560250       17.872597919479560      -57.432979877001898        6.525041499215108       -5.184534663856844
     -183.688104040506119       80.261120303245306       64.111374504146752      -34.329977838293800      153.376520249721239
       77.578228776344602      -46.446931202622565       84.441205520710071      -22.781984218365682      -38.475799048388687
      -27.225166587333394      -28.893600998868031       -6.288326074168931      -29.479023875238457      -24.318891870340092
       71.244694606527020      -45.406912455431659      -40.122043310979421       33.793204314603990      -79.068547530586017
     -178.013129416300359      -14.548325897083915      -14.661205774533016      -17.281632144424140       -1.506426644155962
      108.104289868789493      -79.889055008983121        6.347863923221096       -7.224812585746448      -14.683624806028986
        8.445293767522735       43.536219024663296      -47.880375965646827       -0.147061193893378       15.691255808581509
     -167.438428067661562      -67.261781750771291       47.191704302074960        2.957288578131163     -143.848155110928559
       -5.366760994266359       27.893276489044155      122.158551773441872      -35.734442653007008       75.752613130326424
      -13.528118054998279       20.620174589576219       33.705064068547948        5.650662664419792       89.535487521717386
      115.352653082587864       10.265152013224554       98.252075681813281      -69.609928196101180      106.376448250347835
       24.714748704916246      -10.219386445677136       88.651982810920771       26.996290480534544      124.564463637302438
      -39.941300633904078       17.389888268688356       18.158316478837509      -29.218799007017186       -7.560599383740163
      104.181646797753828      -15.141464463716520       42.315071568984848       43.969863974312233     -194.223280214696302
     -130.694645823282798       23.032859732342402      -94.967757771600603       53.993617997158786       -7.665765435054103
      -15.869053223190070       58.245789642355021      159.105038368200809      -38.136910170673822     -163.727337226545927
      141.776870822212402      -55.021168133851205      128.640922058454663       -7.211283512275713       71.858589718302667
     -139.105468322233435       49.574037878688273       51.647097017832017       28.387629734094965       83.455585782704887
       81.044733044890762      -12.722257399164430     -126.920072710168739      -13.531673768751196       32.083927053818371
     -104.830528734079820      -57.998164811785905       34.912697876253077       23.658582843707602     -117.602846544180494
      -33.728780401959433       37.553541194863399     -117.142453792346345        3.173790618320793      -45.557450462621453
      -45.367553383523742      -33.808050026309658      121.647972743707911       18.949206852592429        9.232763916127110
       95.090291439387187       32.486580213653042     -211.124394474320241       13.232776763258743     -104.904422432967706
      -52.986938879634621      -23.582237374260981      -48.034179091976490       63.324961869201537      194.295825602007852
      -57.613696562685575      -26.938981156444754      132.479019088428146       31.722917730325449     -159.459716803152844
       74.000027316125994      -38.673218433892515        6.119808218462969       16.957030566588557        9.577936368161003
      -15.629680836558391      -46.229748315963391      173.510624406213253      -63.900536682226772      119.077851778515196
     -114.798963026668957       88.658639973939941     -135.344134044555744       49.970023381203070       27.564449558389729
       14.560392609309798      -87.280388390166578      -83.817243898895427      -25.164283785686163      -68.386197197132063
      102.646584457039211       45.588777189027084       42.192566794008890       22.854635204137463      -88.465782202021757
       72.116023633348874      -20.237496400417367      -67.645540520628501       33.906116579346630      132.985857409814344
       54.559654169003302      -28.229918067770377       44.008999489945090       16.070845416465442       47.826333152441350
      -19.370780931578427        5.944646148198287      138.017791176195601      -32.437666203953270     -101.094173771352956
      -63.282738381627439       17.419925568137014       40.005312995672121      -20.455601111795790       38.319441616172490
      -23.345262973610343        8.939835310284765        1.020783269811152        2.332684714584422       -1.790293315473986
      143.004946771793271       21.774880231241109     -125.822116317053002       -8.714385329379624      -44.211059717208741
      -63.816586170277546       -0.969852677483047      241.896105255127395      -38.386080517293387       51.212109410736474
      -19.338847643777243       26.646290745444208       -6.618694084513996       39.724588412220285      -86.726472261096475
       36.433913761608061      -30.074416803120094       85.449717837698927      -15.793381619847830      -64.173840508171907
      153.388095775428951       -5.689376628252674     -116.106839116943192       47.966445873658884       36.413965272418750
      -11.833276577232695      -11.953230254094036       96.844152586427455      -42.931484252897512       73.060159007617770
     -216.016848592365875       89.405830057293784     -103.919848109101480       20.413078993617820      -80.969892899417204
      121.206904596008357       -7.587460054242970      220.245341738789932      -35.759677480487156      158.114630903264924
       69.747396150317371      -33.484630143097426     -174.238119093692546      -24.224424157438250      120.749854238250279
      -67.473254851815952       13.478551211621761       -7.770299770024248      -25.439858491994045     -231.669394456671512
      215.730162834904945      -82.616658848080803       93.613033045513490       -9.142161672913890       -5.554082157089570
        1.163686490871173       18.589053497077199      146.003046698806088        2.584956349479092      -77.771134973192105
       33.215968619505226       13.809295703850545      -61.623671315816743      -28.925433471032857       94.889870026857011
      -75.295637018508160      -35.421844913405003      -59.939861630513526       -8.478771631633185     -101.664455843410749
      -32.113734621441282        8.877413494605619      113.866701374559511      -71.376190085213167       88.108233461006307
       12.502875266716496      -38.787876732800726      -58.548864017919648       23.033522300147190       48.460528026094337
        5.820545784075003        3.863881353444273      -37.474184066310897       80.526411834387531      -90.507159732586686
       26.979588367187144       -8.982645624251163      133.067038987936854      -32.447024635307777      -78.637984642769879
       36.446132821221532      -59.892807101675096       35.574346225998426        2.933589646003349        8.895054877647913
        7.346916439731096       58.628322223811708       -5.672742570833663      -15.783574160014183       51.781464855206679
       44.182763760799034       10.749868986580253      -44.662241920300055       16.797886930128399       10.348589724475293
       12.498348443977141      -30.884056776261080      -23.576552137123386      -27.401348997165851     -128.439445342274894
     -116.108251969382380       38.834434512869692      -14.845753826301969       92.308970305103671       -9.688641287707625
       39.038341591166471       -6.278189143689961     -102.052293067236050       52.805367179209291        2.147634803123798
       86.761192213135146      -59.479619504258473       -3.294277641251481        0.919862334625255       17.798357120424480
        9.542060112274337      -37.103698740853886       31.337056970079065       12.484552776767494       45.318940213292755
      -32.008972034596106      -27.161349034153695      116.682617064388864      -70.540490899372585       25.042976692144496
      184.787737778375345      -43.197930169715924      208.017354583059898      -35.033175843161935       31.587808423233987
      126.515821872147612       -1.525015442268358     -264.862853788675523       67.600150698493920        4.411065143789904
      -92.825500989810294        7.952193803378952      149.134954658770113      -89.629691372704329      -82.772343578314320
        2.897711258739977      -30.717605476115470       74.760403364661300      -27.024220649661537      -42.939346108957480
      -33.071590636504126      -37.731062904421677      -41.657724368002597       29.060910652089184      -32.601484840534432
      100.623962860858370        3.116355207584118      -16.403015763975564       39.032336580700488      142.777363161495884
      106.156366817567005      -28.447294888051516      100.014037146203862      -94.745494611418380      -55.512585740463820
      -53.797666377265003       25.633394632939485     -133.809099363940931       88.476750746725187       93.587875902151566
       79.674957285157561      -14.515518865566783       97.999994387225115      -33.331998082765296      142.289639966043978
       -5.504396112099323       18.614009776395008      194.977076926863646      -45.637482839849099     -139.975967245519598
      -23.946671174872957       15.667554366700523        8.006601605757544      -43.905924929661793       85.161597879455698
       79.993454238974280        4.433918609249655       10.355674631382042       27.350892957875445       70.528613748365146
     -130.398826985149611       43.211432551891924     -105.024716239929688        4.593343855581407      -85.352071819624783
       24.034329089957186      -57.674816289416192       85.722619470324673      -29.794014775854052       83.427754869665449
       92.089329314864116        8.303412171711315       -2.913651055501081       67.105870611909225      -26.554809716131370
       -4.405570926190436      -48.407175545949443       79.347500343569266      -69.343819677521680      -32.009779463128190
       39.318421943980987      -81.357836287068736     -105.890435428380201      -56.969183294158732       -9.910423571962468
       34.095234112779089      -76.841143111357198       87.990495517694285       21.654690229189725       72.761106994162859
      -17.591202669120907       39.108540219982054       10.543927960380973       39.569934673463152       78.500186038719548
     -159.091439775024753       12.531163093733438      -72.645757697334531       48.538908667446542      -11.651377148423634
      -23.733158060940827       48.632631090710269     -163.912181357572166       42.632202836254891      -29.984555512150841
       35.805328670745823       19.346400608574886     -101.338498629465306       -0.762350129022418     -175.858581051192289
     -200.200124181656577      -20.512596450677975      -86.832126131453848       36.374988556171544       88.694822816618682
       -2.942508697460564       62.086009976291386      -68.317377935632479       45.425107443665972      109.488250826456678
      -30.154330482544157      -38.421840018104454       77.518654205170961      -27.957201215767430      -64.547679231148635
      -20.931854636392945       18.299084218849778      101.343008207341157      -53.142125863576112       -3.399070476793048
     -102.462833390541178       -1.326058466030681       84.038257630169312       28.440389337073295     -126.373953716867490
      -13.097940644200667       -9.730364676652185     -142.546748625205169       48.996259118438786      169.724160200819711
      -29.523763762579787       77.602088129476286      -23.616241175368923       -0.741835648490401      -89.788436837753508
      -87.818005374258348       13.253244156635493      -48.931845902113103      -28.044689582005567      -76.668495126966548
       93.748292110450009      -51.292943489518663      -19.369925507613853      -69.279131357941026      120.754589846481593
      158.248934292623943      -23.971884867696087      131.328159451057957       23.817488967777081       20.638624748895040
       67.782865803234699      -17.847547027888723      -42.956739650523531       64.487505590115930      -28.565562337080884
      -90.527305380578241       13.643377709608050       10.673623459050399      -27.926648131550682      112.303205202078303
       79.123917688783450        5.032469228502738      -40.767156356126478       19.695777700016560      -15.257497901855956
       -9.629917420042048      -14.744602249990923        9.129831920387657      -51.008698139188475       75.033949450443643
       25.304141423361738       39.043577512051939       78.276046225588402       -0.011843201077165      173.242816162519858
       29.472969010558511      -11.625599212915724       86.644274171663596        7.574278485322345     -193.751928844550747
       -6.021185932279806        5.751615827606341      116.826583403100031      -31.486684326037171       49.762669540227265
     -102.275507632164135      -44.540789475936471        1.691595377824166      -34.004617665697587      -17.941712089624893
       -9.888021528847817      115.786508891999702     -104.952371679984736       41.927863096922209     -175.935147191789810
      116.064139606406954      -40.935979551373755       14.857505090132108       22.918388722926945       63.933283768087215
      110.729844698254183      -63.750938763080747      -44.585757467250417       59.905089119058111      -21.809500888746005
      -58.452009028192180       28.776176910321308      -81.063587936986949       31.039592637301766        1.633325605580686
     -123.387026971819424       46.343454661868989     -171.533208313288981       41.798619319573177       51.193147082585561
      -67.708497866617805       45.193189674446849       43.435557830035521       42.681446788953849      -55.968289879501114
      -44.242673788007309       73.740731296257195      -13.458203376951246      -12.409450188078468       48.704988393024166
       44.429951543605043      -16.800493090705263       -1.758739710475869      -23.648965327286181       45.212173603365443
      -33.453352150573281      -47.933371160503242        0.657382567270048       64.871550258477228      -60.191439189025765
      189.056736945506032      -37.778229329963679       12.460268252679436      -34.680966887113605       97.705594853155759
      120.607105662328436       19.681352228382533      -88.552817315077192        7.204095282021907       24.934436836758909
     -273.573070858612482       58.467897139962496      103.680253469545264      -53.977217846641096      -17.322625712602076
       21.068095645152159      -18.437203367523644     -112.752279923590137       41.549280363528467      -74.806424071256700
       18.540405321466441      -25.161391330034888      -39.209695223805184       49.862929029107470     -167.705284062856293
     -102.371570884021324      -24.266171895355146      -86.768892209848048       32.934442235454284      109.501261109077305
      146.672586583130851      -31.363245090004302       -2.420573975911853     -100.901731355649162       70.702399633292288
       23.195479276109545       22.496364215593974      -96.470106799870322       59.522306634167101     -168.439209828110563
      -41.953628511529658       38.923532282600178       30.432557727673728       65.811121927319874       50.295449129969199
       20.964558518411831        5.770978426819129      -68.982463803304583      -19.312162078850843      -40.112402576887334
        7.355453895680760       55.660092605375688      -36.036782974573065      -21.943289342495056       88.014010459252447
      -52.236648873392902        3.748989822381759      138.154278821875863      -22.091795060977290      -91.632305001254466
       88.790083826114156      -32.030676532042818       51.820428671770692       23.284406544282383       77.897746913636027
      -67.507646044166691       13.780179286428911      146.126025953672126       22.447170792593063      -53.950667580901502
      121.727670946901540      -24.612108053705448     -132.823561694135009      -24.433030324696187       -4.600314059005147
     -149.290523620461556       19.735812248983759       55.845770626234625      -49.587019702788112       18.326144956485589
      -29.437796348032133       18.580330970070158       21.793999498003789       33.111732715792414      106.405404769989531
       -7.802915084223113      -45.593530765975508      -37.435984843254055      -38.130200455889863       16.453310397923904
       32.945123419719351        7.616469783312892     -107.457226537871335      -16.639596302997056       29.134005445010146
       19.567090293610224      -33.893469337024221      145.096970918942418       -9.790242038216833      110.006298464378702
      126.129420382637804       -0.252891581920670       86.847302491393336       12.598469348189379     -160.498315657731183
       23.059399375352285      -81.691595193986288      -97.769264501732280      -44.230428930915267       72.416228694421577
     -155.241630543283634      -21.699428927241197       23.701249155433580       27.101965947259139      -55.337046573506434
      -15.851679624476366       53.084110835818741       24.490695113167842      -47.237179330324295     -110.999375905754505
      170.421249346194458      -95.214814313289111       93.244746794222380      -10.543899829357107       19.718753701815860
     -128.013213957518730      -28.644041595363785       83.140204572432097      -33.187452834238286      -67.946365326807040
      -75.437860594997986       98.654088198884637      -54.883551647421129       -8.112221755797385       -7.041032660695701
       58.831273254875931      -35.381918966162360      132.964514837924185      -58.960391983613377       13.738191365753854
       14.344392223679080       -2.501478621126634       10.709683872211901      -26.089308231258613      130.119868625460754
       -7.506481583868501       25.676169278885407     -108.939630197481264       63.929805895147652      -16.571589987480920
     -174.261408786424255        0.737843007450197       40.965907432142345       -8.701572219118061     -119.894425319746802
      108.983403912195854      -59.837597257085022     -158.202587795502808     -104.392195864627880       57.341838140840643
       89.921310027141146       32.914384757223274       96.675351886364794      -36.555003241688837       66.927893466020507
       -8.404623994447208       26.814049911082201      102.189255024523888      -35.584691621345350      125.509131964102423
      -41.516931161955803      -36.784960961173404     -189.095611073796391       25.720954428080489      -49.880795650058545
      -18.857447037753026      -10.671323086543513      -17.198838635170826        6.538105903382136      -71.818628640054371
       45.202786239142924      -23.073219663039641      -69.658419828616928       -3.801546967031524       -2.510368117512686
       31.421350952990529       15.227065442404815       55.193741223642718       17.486994454410883       23.534693588718689
      -87.189946740634284       -0.466859142364349      -68.171768957360499      -13.789711120307524       -9.706381342576176
      125.767363883807477      -39.150342776981411      -36.789858683040002       19.003902104420664       75.319862908096283
     -109.646835594036958       19.637737158423004      -74.010080821375325       68.496654270700319     -129.867249706183827
        6.497568938628387       47.257537973901563        8.413462694648274      -91.528718757284793       42.791088144394159
      -52.029217550799416      -17.477666297759349     -185.540109964747643       73.093818972127806      -18.755459794908308
       84.229815152039848      -61.344137077699074       33.918159356435005      -41.333627109659901      -25.787904025760870
       -8.032393346749785      -26.567944491508410       46.653954853822846      -10.891663790154681      132.121907005266308
      -12.900985101827947       -2.805518915971613     -116.612964116194092      -15.118586371218184        2.039113025159673
       22.149768221063706       -4.963537230606676      -42.029492338668881        3.482061409861642       59.196790929850728
       55.607327916463447       -0.638677597656606       76.632720906591800      -37.197792461647829      -44.671524913144104
      140.361942724856618      -27.129268626731093       84.989827605853421       32.510237988214620       38.399927017224044
        5.888243207743662      -91.074285449569857      194.232256209476873        4.190044273036751     -118.175184658685197
       13.420508879958843       41.413170812423886      -71.963854487764550        1.442916781732813       12.462308212629061
      -32.949413160977919       16.893783229806456     -117.588591396553994      -23.208934275513840      -35.379301026921482
      -19.943176548681031      -61.046352263867092      126.850647077476623       12.158536681837962      242.395584440976734
      -17.733670657417843        5.605587734253821       35.793560347532733       -0.932521849527535     -113.925229954652508
     -128.383254839860030       81.554009818823545       45.841538130380400      -81.486817484532352      -48.948458649040063
      -26.134070121941885       49.307837349308507      118.014343074058075       -8.890644320739751       30.788990342760702
       40.881567091667620        7.373757469306302       15.976905087729151       22.245733745984420        9.961879110844443
       32.934277459212566      -19.740006097700423       78.410906308665801     -139.974300278617989       67.710985677203411
       27.362198721660288        4.859027517834403       -3.107061835073039        3.406360264023031      141.174938228165814
     -118.865511174974401       -4.277468347926710       -6.559863977956525       19.061554159572491      -71.739255046245148
      -33.279716306704117       42.638430013664532       77.779831578879651       -8.937416933772075      -78.108967535383343
     -208.742850448073426      102.289446738534181     -133.835879219461049       76.417820765511749       39.152024726907491
       23.145148082701894      -37.641683296979444       70.539774423428611      -54.416052233638077       -1.014377793749212
      -27.654815739110543       12.671554314642124       81.972849945137582      -20.640616172188050      126.306889318378083
       17.051095090250499        0.086934690248662     -127.249337832405402       50.900650314859213      -39.842553480000831
       51.178294981738937        1.238143832087570      -43.205637916445156       45.769309444044332       32.540345572379003
     -180.354418552798961      -22.034437164856904      -44.486816220205753       37.811269359298592      -46.726473611884927
      -11.008998887553863       36.956001223925114      -55.265637323190553        2.745371612402533       31.123879164331377
       48.069061555205614      -18.992857907141545     -118.659218228298556       53.369951112715533       55.368829356241243
       42.758771447556349       32.432970359713892       58.426560811451381       -8.806275196911695      -36.885130179195599
        7.241380760631709       26.882198782376395     -103.473607682820258       45.901632491735427      -39.297446880885083
       53.032677372896075       19.359610373387255       18.715597390652853      -24.512198017068464      159.230769294176298
       15.688360438188280      -25.020768102219794       48.377940682112914       23.875279301593476       75.372820461476422
      -81.243008838275685       21.846395772263556       14.554149789216407       -8.397496273265993      -61.703582033189342
      -67.287806378743397       34.875670306470447       37.432201513578242        4.858801505252305      -39.762063758555286
      -34.464540928326215       30.620623926674675        8.258958755327090       61.442048971485740       71.701353366962081
       32.270852169800683       13.890695211361509      102.675342678892235       -4.535524541150982      -14.767309794978038
       69.196676236128127      -41.573639952977004       74.210651435095031        4.187157238201745      -60.798002789598073
      -48.515177961210696       11.484390908876888      137.085171557484529      -47.942206666640764       56.768583583930372
       27.365795742492473       20.967935192374558     -151.706061904137215       31.796587995244675      -79.677551169366950
       72.174166072395877      -52.833571075051701     -179.700637682002139       69.217782679562220     -159.581960918145683
     -182.582601008879351       71.263685196580425        4.370413611057121       -3.738684279465064     -103.791320661950152
      -83.490988181909486       15.677526148642597       51.129701889432582        4.380183854904894      -14.203692391757386
       18.454044161816721       26.796027450942940      -39.498951896217392      -18.360181422715961      136.975162423365362
       43.782794874224052        1.133958712709486       81.664022422211502      -22.321433852644589       94.879452026003293
       12.682188464693862       18.864988493671998       66.931587219975569        5.234239184435665     -110.708038549131672
       -6.037053312813463      -31.165690164397919       95.173627743371696       -0.239341693782134     -109.270157821336312
       58.869176981365058      -22.509201706614334       -4.487005092273586      -39.513509623514089      103.913291283980442
       30.825244796208153        9.650765943062499      -47.095502482212076       64.571755554150869      -51.626382557355988
        9.963095879345525       29.504238840269977       -7.936588508083724        7.056595906162513      -28.540600983227339
      -90.858192355151857       73.095648929719317      190.765812103211800      -51.662474816532196      -10.461929579503115
       63.670357701306074       11.573357824971486     -142.869780413840573       17.590063958395575      -42.711175090201472
     -171.419328654969320       68.476563878017501       68.788972465815121       -7.101734568865445      150.063979308599613
      -22.831043549260862       34.333379765906848      -83.186457400069330        4.403749401031138      -36.232825017344958
      131.985846945216622       18.316097827851031      -20.647962032357924       51.314448639992669        4.879081711333087
      -56.670923468660561      -36.305063816218023       75.082554068794479      -35.751576874588217       51.315035562252667
       26.624341581020108      -79.390800139774996     -131.787798245114431      -37.674980543769209      103.704943135551247
       11.718160580204385       25.807975562049485      -68.470111781706294       43.647964962557857       15.469592411660109
       55.987395897248213       52.506006705446694      -37.968628688781216       37.635927310052161       20.632630752857029
      -86.460227220713605       38.493182342223378       59.877852722309925      -72.129271822177543       45.277278458074633
       17.772514874846490        1.538987206041363      136.148602065251509      -13.310233954512567     -132.340499472832022
      -44.650938014428164       21.936621616417209      -84.104729994009219       12.253782088254392       -5.895048492787299
      -39.832140000167563      -25.442993076191495      168.829692648445558      -81.078854541927569       42.675424724831295
       68.976743142786518      -15.494384130649570      -58.786386085270429       -8.886326100114413      -37.735326633832351
       58.708640290769864      -46.749204179809425      -66.329964215600427        1.202387595840164      120.748390163120817
      -48.723947112245050       39.961374787865424      -17.568176763856002      -22.507511991884879      -73.367794869700987
     -157.001565734459007       11.500163443624428      -73.886159676570429       66.513441292011308       74.425447956193466
       25.649384209236029      -21.880989468304378      -75.403080324518953       55.983905816442515       25.714024849540703
      -33.482252074899911      -77.898981463650117       57.185381323509311      -57.536958330816887      -90.131108095492266
      104.264939870343170      -39.406908723828451      182.031724428923042      -18.887976512457932     -110.548180775216878
      -62.110265026625648       33.327112757737240       23.800581500687514       48.605295290313556     -107.725130792911600
       44.116997713145366       -2.564276088603878     -136.305718149166182      -12.717563056970544       63.772865362455057
       87.694743599523903      -41.366752240412914       16.340188807608392       47.786450012052249       37.334489024080362
       59.728631575929725      -10.143409637050503       60.979593914050604       20.669035828961743      -90.504636442494999
      169.545935481579193       19.008850891276570       29.584468768214389      -33.777514179548653       12.953832833803700
       -1.820275580803150        4.333794514852471      -84.931486592829003       30.098865908372254      -51.547950907924118
      -55.187936694958580      -35.500078778436531       44.383095367254676       35.143825875810869      148.813582304342162
       19.702866923439775      -18.977338248227674        4.804393918605642      -70.430468886104208       28.313972996263946
      133.970831243044614      -76.045347298915999        8.017371772024822      -12.055823159281877      -44.860007690834600
      -81.214866311895321      -48.779521269701604       61.433521328157461      -10.775378634546700        1.647789496058032
      107.937647410341995      -58.944434948584146     -129.490941506913884       43.405236141286970       18.268303258607745
     -173.662805386797459       75.778102574236812       -0.771516824457381      -35.327749814557556      -93.099871851668169
       86.597497245063522       -6.781648689780980       54.011192194624833       -5.187554040262061      -77.359917518514067
       24.851300652432688      -23.418738648139723      -27.021238968692298       -6.704465029691792      -32.509609234848078
       33.465329200386577       36.534839068604022      -62.270354818212375       88.155510198865841       24.406207598604119
      -82.444966700247051        7.592461587129412       69.135521079254474        1.377232679958257       10.256324292953954
       94.862827925083920        3.215724966549609      152.103718637168640      -71.946380691044070      -38.176575487365788
       57.237979214293844      -26.746026261093537      -71.608843620699602      -62.928975676180706       24.364990012351104
     -272.520370020037319       22.402303496497744      -96.153224503029904        1.715312886776295       57.746840734487130
       28.668287612566704        4.091308119390505       29.956761961770169       32.293972564337274     -189.637484702470005
      153.586295177673463       -1.330732692016771     -143.046319399554051       66.268273717055592      -67.559971716872539
       85.252040174007718      -63.229935493872574      -60.183397497901545      -37.318791671713065       12.752206243698748
     -123.789711684825292       -6.332467499904507      215.576278171887708      -76.374234620655173      116.967921843462335
     -121.158289891952236       42.813789674428996       21.851261107499059       -6.699322586730847       69.925407539934270
      -41.742969237774069      -70.107732170411552      113.341139717162264       -2.914495347119610       21.829676386586769
       51.186277016731012       20.038016090151778     -139.697821336729078      -37.550225854121564      181.771729126490925
       38.170602905671231       57.559782082279781        3.946732063523687       -2.516093260187138       -7.388699117744330
       -0.708841380468305       -9.702394016716818      -28.696956718438908       -4.968286940302340      -25.109438239395924
       35.811368512231184       56.536878083025499       -0.047280187854664       23.300688008021247       87.605039008318627
     -219.568180399054484      -22.713682575467832      -50.414870708603587       80.912099174897889      -17.754794062476144
     -111.495261266993722       11.449019999212489       58.261495255748883      -22.591316979955266      102.842842000368393
       29.390271673360598       87.564963131430915      -95.367574813303037       50.743333579406325        7.675096335026062
       49.218483903371187      -36.689318459546797       25.431732156578693        0.901434573853940       68.323002992706535
       61.597330331937371       -8.636074637900789       43.197290854044077      -49.654579126757064      -84.957675418086893
      -17.214287093036045      -43.213272784454134       81.036406696867957       19.150595292452778      209.548133290333425
       80.164418745933105      -29.509162241251083       51.714102111467454      -77.517506930915843     -127.179331315185308
      -69.895164098501681      -41.755108924454461      -88.936260513436039        4.142714914680101       18.946694399329246
      122.074307794178367      -20.783258083593033      -76.053225331740776       16.090700928660755       76.535783255739091
       77.927185755481744        2.018505331251440      200.869722907846892      -55.271267649354918      -69.463915741160235
     -109.008793011687516      -41.082168473197562       36.339640111928347       12.165201943595278      -40.566392916729221
      109.741868829191063      -11.818085287365546      171.904941013392857      -13.090237309690178      -20.572664479450076
      -43.772687354997238       52.374570555468097      -75.935051154685610       -9.757101690396910       34.431602560458423
       60.148843041846391      -37.793286820606468     -113.218243598531714        1.279456729338988        0.845767541901744
      -24.298114550385119      -14.725710269766443        9.151260438133258       32.952960565964204      -16.491395023698892
     -127.156790166778990        9.264294348912433       -9.433439810657237       16.898094305874093        1.316982136349298
      -48.913293205354229       27.624284238336212       89.919691655943041      -29.192847535652387      -44.030785901981076
      -24.273375345617389       17.231222090869203      -73.623024104556521        2.331288466027131       68.205818236239068
      -14.107486193498284       -7.562277650039697       23.550149139318602      -55.392870586127110       47.160543835437494
       31.436702378710052      -75.244019418525696       90.851754706803519      -24.164622838273900     -102.579795838427586
       83.188130681945879        3.172906495279090       -5.777390068000931       21.325430380964566      -59.745736555593091
       36.924407850858934      -58.885429447182879       39.534099001803234        7.266356159629114      145.752354549845307
      106.464598736556113       21.142907407881182      189.203928701604980      -16.039473883873121      -55.325699489662753
        4.683016185904267       19.397531588529560      -60.248085534699648       47.911190098520599       41.241803983584276
       64.418700868550971       47.181758143456811      -95.280576316548618      -59.050713265525062      -26.092204892605640
      -97.570464770635056       -2.081899244298594      -53.334814519669436       45.930073328084966       -1.984626294722834
       33.788208387878655       49.938284772989952      253.123719893521780      -86.468213982992381      104.377654637137326
       38.899417214150716      -51.564688996118619      -40.601105203887236        0.088058852685974      -81.486028797599019
      -30.692584679447837       41.680055402350071     -146.407497317595727       16.903713956216400      -10.813970414581187
      -79.135457201833006      -49.214836029957340      135.168096879093383      -27.994750609775782      107.823948464158775
       51.598459722053569      -20.937589589854607       23.717789423328245      -41.456863621242022       70.479475508578105
       79.549739497387677      -10.780194452490303       43.365014166341041       18.170522124733381       56.087964568388180
       79.217666753166554       -6.842305322700327       95.079079430093842      -62.896024123529010     -109.753804935432328
       52.771053334885089       75.467410594459110      147.903154488079593       31.908894395751080     -141.101429340649304
       -6.651762276880166       18.924718868314159     -289.394720026489608       28.658360200528215      -52.513377584578890
      -41.110665900212787       16.680915537648449       72.314141469559445       25.166823642060262      -18.367753964273163
      128.209784318314291      -64.494237845453696       62.524899207105996       -9.038390967484926      -78.036353379499545
       71.076248198193056       39.752027834348240     -126.142582683858365       51.991401588855460       55.778611159704610
       55.515673708180451      -70.779981174092157      -84.623791444220799       -3.357628948480016      -52.875542454702497
      -19.524494799094054       96.795664808796388       10.048843961025655       58.898176663519649     -100.838797107174130
       69.279446229700369      -71.659127683058585       21.161371182655859      -25.107790344703545       12.494519753601370
        7.631859264292022      -13.348696420204012       21.047428710428452       -7.778516183827946      -81.630551535251925
      -61.516420112026509        4.856821914377820      -22.381250056605289       31.830644007333536      -43.479714208262266
       36.004186462963354        3.622338220494314       26.240209998249220       62.901672993954698       26.864078178747103
      226.594119438875452      -34.672561376293018      -30.980548434808505      -58.740581278030476       21.326398426650613
     -218.721280571701783       67.399416367019299       65.103524300065132      -44.431835084082621     -133.321987612734546
      153.661411385869684        8.244042280247294      106.465988817061302       13.092678431335653      213.730019540746753
      -25.525275501962955       28.043553228485067      -13.698047763003528      -26.140275464784061      -88.198141649235978
      153.920270987289143     -110.475092001333095      -93.574920588845302        8.281978089638129      201.347757726863762
     -109.241251354426453       74.146056686197241       49.086287910811151      -12.424756304819459       81.185328563025095
        3.509646967989740        7.717775398905771      -40.706967626468568       20.728156453047415      -26.942222098476911
        2.510492584268091      -61.612071867942525        3.802277807444627       42.065318760695199        3.480253994337940
      -96.345942281027021       97.596170465469797       28.674207260033718      -50.853523230143907       50.943173646961149
        2.112413766063928       -6.563539278377622       92.899312486750375       33.211300049644308     -139.677701876687962
      -16.917105389451130      -19.993496527535385     -190.942023595221656       42.723108318101531      244.078416079925006
      -35.149239776332756       63.617739636400451      167.738503044451392       25.806765501406822     -120.590816868454326
       64.326458464374753      -78.189751832465149     -202.683445587582412       17.251203288102829      -32.318293490343869
      -28.101948599801116       66.500873685994108      142.813580529138420       -6.649811273408366       21.145819315055370
        8.351675340397362      -46.400665841280357       19.322964931096202      -51.316236507930306      119.873646185954996
       70.907211797548996      -15.378344830089118       35.017424664631449      -63.293243061644539     -138.567323177677878
      -13.369369512422139        9.286980786255196       56.595616164660044        3.258305239964899      -72.188673415353733
      -37.191604260769530       -2.590109204104500       70.400235897052326      -37.348823713367835       86.149799470678161
      142.862255269007107       -2.896762194142237       53.537937655218172      -58.838615485895353       21.250863137480085
        0.448527961156730       15.227613636423799        3.108699160295343       18.089213184442166       -6.077661943592479
       -9.552590990165307      -60.324787286104524       55.396521526146863       -3.565043833419795       27.216991211390724
       31.655498453511289      -51.773216146826265      -56.686886153197968       30.202176915852441        1.931298566234020
      -55.054721365259446       -9.300928777621348      -93.477200704361707      -31.919440854753166     -111.680604378876581
      152.547251960631598      -19.128239866021062       25.809031425043489      -60.377637616700760       59.999544402187311
      -77.524455766011911      -30.757695893475507       64.973035270796501       17.156092206218435       61.302957045538172
       -0.027571204571391      -16.241229175130666      -87.349383198831646       27.559655520032788      -67.903944795082992
      105.236079708584171      -12.262907762475784       31.649988255945917      -12.133101500495030      -77.256960584142575
       -0.719434075585973       16.367783368181854       -4.100638205984572       -1.603523359673263      -58.766022321390487
      161.498717433029157      -56.671137203879205      -30.293004336220140      -21.512111979511456      -93.063090503496426
      -58.456766041107379       12.620452915536585       55.637762743128761      -48.563846250841138       10.799342489206785
       18.643650517109556       26.713974986541643       33.440509286402040        5.941631950696011        1.763672548527620
      -10.072585143436951      -92.926782760915287      159.756374613490237      -15.030372352702077       64.008096271009151
       70.498304136680801       -4.862076919076093      -65.442802072767719      -38.516977184940771     -103.250596428025688
       22.930871798022228       55.710922921678716       39.970474269969614       -6.633597942958698       13.837100774852781
      -72.863121509957409      -15.653392688735249       -1.697126803928726        3.340338744267645      -22.396969147756192
       46.120635456351522      -13.919977794103948       58.511455126421147       98.893533775184579       91.774679482323123
     -102.239951439938295       26.967809256108019       27.449436428072087       31.978066581531600       13.198805055762163
      -24.647528638207369      -21.787966265527825       11.300903804359905       38.044769074438420     -141.903476577691691
      -37.858536935451461       28.634030602805613      -96.056697945478049       21.244591678577713     -136.070265218266570
      -50.217655212406093       89.621831068776785       -2.557236131533200        9.507396903332472       93.038502575865920
       41.819703237224424      -37.373813189218339       61.468173101911660        7.411986613081295      -30.497884106491394
       -8.183381243834303       -3.244563691138732       70.122701431947391       -3.911573343132456       39.626591351980920
      -84.185224778053509       -0.448955190852671      -33.353554264766345      -23.371746484633292      125.984464227836597
      107.497309903781399      -10.118087300854459       21.454254558828239       13.102994118144084      -43.897516891948264
       40.489518993985264      -27.504541237811729      -17.278325426797412       19.721249068990627      111.167015597470623
     -171.383564865293977       63.363216063463028      123.928345711617482      -24.185983882840560      101.357503146644277
       21.265865526765324       27.703716712745010       43.573667600243731      -42.821247473478799       63.736901673300842
        7.628267833831145       31.278470107686061      128.417234272224732       23.427771809178950      109.611327069866547
     -200.923711059263269       66.596520440215656       20.547376428951114      -38.027539710515178     -154.398384491993824
      148.963657608140693      -33.054932487415115      -39.714966103995970      -24.341720374597465      -47.024935079570156
      -57.669790880006687       14.342903077891121     -144.585316324829279        5.709491931256068       10.406225657392072
      -57.568772428811123       56.261436875677774      -34.670610420568714       36.682550707611021      -95.750654363708847
       85.625670923934649      -18.382584996880187      -82.939505048881813       22.887237062820702       20.483593464156677
       93.207549995420564      -44.083802763682442      -23.138793992566587      -79.926190247964527      107.375906834373581
     -110.098459740192567      -40.437486975098615      -31.420505088785205       73.673896349172722        3.426573631630505
     -156.311185622728544       56.154217897623369      -50.279656526208605      -26.502484238523021       11.581636753754104
       52.628063868139286      -10.423750780372844       23.251112268120551      -24.374312729582119       -1.574971075168085
       55.708559275443598       41.146654756644274     -216.221781742062035       67.366785641620410      -51.251368222969944
       72.048196423505416      -49.323547828368014       11.160264660036258      -11.689131648998977     -114.340791693263213
       38.848241458122331      -77.087487460566720      -10.603371777046926       44.796223386091185      -62.216605437767100
       13.853211123829585       15.590204167771676      114.995116377005999      -34.389726519672571       86.490357920111606
       19.277087042785986      -21.178189802155337       78.195121807212416       32.095718106580826     -179.449467585076121
     -106.591281038818437       -6.526868800635487       -6.903148255991255      -47.717681836937757       67.632981128343360
      -74.924920326970309       94.386082501165191      -38.171803936446985       27.142831946705257      107.550708713199199
      108.771470863317120      -27.728885324027328       81.587467333478642      -25.789465834557145      -77.928482567152045
      -86.909292956594513       37.032967723727424       62.810282497757406      -35.284083948479278      -71.655014856782913
      -42.791120967848499      -20.011344724834590     -103.021345575915575       71.565295238890812      -25.212637067756301
      -42.633322485966083      -15.133062153241625      124.019812643923430      -44.407443148248561       85.318098012756536
       73.160920391584554      -30.124305018283025      -51.482831403330749       10.278544795535067     -117.763950225076755
      -47.211635627686412       -6.801903272286363       99.496933016011724      -59.236559878691352      -77.254685638107986
       65.056778811100031      -66.596752319159691       30.578026280185309      -74.499222763130220       -2.009363122776609
      -20.581647588744758      -47.692312169104980      -24.173591635118264       69.533050440513477      105.202999228297202
      -40.948248518860730       87.473466539229676      -21.037694278036835      -61.247118791745024       80.424218009189985
       16.907429748147038       36.949651438010044      155.415968530270789     -102.849408648829794      -75.059454518046579
     -141.294372248176302      -19.987016424375614     -247.799175502257498       -8.589105060108787       13.163721503428292
      113.611672354059834      -79.892720727254328       40.440574003582867      -51.585519356858931       -6.675142346365440
      103.210260161593098      -30.536293364558670      137.856477409524047      -80.019351544173901       81.175134739379700
      -40.082815649541864       59.359030347814695      143.935351656533726       -9.560323069907628       -5.807032496115634
      -53.850497412999324       19.987841982712503     -159.884611956363955       27.540999870837584     -104.069494520056153
      125.924085215022416      -40.403149941148506       -4.134499688372197        8.666886157512733      143.935494639717206
       39.003155640553850       38.646430442463867      -42.115417003877774      -20.286593482378287       86.410366920619353
       26.401920756351259        5.859705705477609      123.042221592944813      -77.694788711776127       58.453059757527903
       -1.072152538890548       26.081312313566318      -17.476441180630722       31.379138064884973     -111.179812389471707
      -36.074179560258791       51.367525710060129      -61.645327606814334      -10.893002628660151      -53.327455187164041
      175.958876615657829      -75.735102707058275       -7.231975536713268      -20.007479812863071       44.005732878440092
      -13.485823355355739       -8.275082314951630       51.372260806208338      -55.515046491539081      -74.574950498400710
       10.715671732673066       -1.710395488655981     -199.626492107512377      -18.228261049764320       72.536984527663193
       13.634426685344827      -64.834778189407515       29.663107983783398      -65.424894748814665      -46.827388902481914
      -45.411690329354215      -28.019856682637737      -17.006271655366593       61.140363667279551      130.985044596745922
       53.045270095810693       46.722214262648720      110.086324448684522      -66.035092378124830      -31.446526284379669
       39.984279669957658      -15.433941773814842        6.281077180097138      -26.629013125609056      160.240208061606296
       18.098628294033794     -101.838488784377901      151.833896052240078       -7.571177970852617      143.063472061430701
       60.911569564101995        8.494635687606946      -15.953560962764392       -6.252287246093140     -106.296020379804034
     -172.516195268965276       62.197616514270052        4.957897935683377      -89.019948874209675       72.095616815325329
       17.878869209540493       -3.055492406403375      138.572035799719629      -22.822123940327085      -27.091487300910334
      -65.152572956470976      -10.159569238337401      -42.053433755243013       95.978042216543699      -45.130568351184053
       -0.048032246251975       62.535546123542211       -7.619959053171693       -5.897152343676273     -135.945726912271255
       71.023585406860363      -20.567224280821964      -38.193161263377604      -24.352930062732810       28.364202287352377
      -25.143078034670001       35.256851642736486     -238.408085301080803       26.964747277771089      108.394798125864199
       -2.097878065433350      -13.041783896002126      -15.056282970742538       62.036492319171337     -142.377784404152891
      -20.552429160137574      -32.174315341050274        4.972482592650199       13.471999828523300      114.812906372793492
      113.573963912241084       29.622412775515226       87.503450008385514       -5.670903113576072      107.632404600821459
      -26.773644916860956       13.386956834911416      -81.755322893082877       31.629895176788025     -130.686468595965380
      -33.742517431164472       41.202835179799870        9.964394261158764      -41.339381907237424     -111.399582101981636
     -162.231596002258044       20.620013211205659       69.822106745246600      -37.794878218987932      -41.091976190524491
       73.915966844274749       -1.785210859706041        7.606701719965956       17.851559738733950        5.021000572440545
       12.159547776128845        8.059832043963958       18.655127916955241      -28.872291487032275      -55.263034438002947
     -157.992262923818373      -61.750141937377720      -57.204254016300794       20.198447115873279     -146.990806883325774
      108.684475738253298      -11.553095702287347       35.309978948977047     -102.442486021763742      -14.115609957274710
      109.632289415774054      -52.811082853078531       95.094098814668527      -37.398662459219253      134.899534955712625
        6.876114286766996       16.396214715176004       14.493959180271863       83.154090356743808      -50.025293577963026
     -139.868978048514691       13.905891586112423      -13.235571405372021       17.302457975865245       38.644302207090874
      -86.300657836593160      -13.339368156912201       93.012777262537895       -9.191516099152537       63.252970842389928
      217.970342100604398      -28.771800885537846        5.250502066034076       19.102039304355301     -111.259644478758005
      -54.507871160273922      -28.121852412652185      161.349808825217025       -5.743521103124449     -103.173195567481258
       67.967171527669635        0.228037442091085       32.146627259147387      -57.649521320017385       38.094466543565211
      -42.512676979245683       21.375864042667537      -29.806732130855178       23.922432170015988       22.474752210894017
      -34.538098591606726      -15.932121894287940      -29.308894735502449       -6.508303515307145      -36.576389536967625
      153.388486023005498      -33.785741852949265        8.546224622445786       42.628153884594653       68.990851840410571
      -40.196190559382565       69.192352688085393      -64.607825369567209       36.037395236043125     -111.724658554136667
     -135.883280237354654      -24.592060793270203       -0.863979577968706       26.793292258756850        1.232284424686389
      126.437013671300633      -37.596757829768293       18.498578410518938      -18.461317278798084      -41.473113259317515
      -49.799937478347253       56.547355958427659     -162.700279730896028       46.978736234925286      -80.811898485560107
      -58.379271424258228       -4.121784308537891      -40.918618451748067      -13.748091579419652      105.786611101439874
      -57.886812327078410       39.187303599212214        3.432734036759675       20.041250748264442        5.460979006049385
      -99.011286888555347      -27.569800146055830       22.904910265574600       -2.482498878562895      -94.409742486466357
       48.861970370211992      -19.321090339708075      -75.671753340385919       -0.546534060281979      -60.930241036980206
        7.930614546572286      -71.509401715213869       45.926119969740228        8.404310880969684     -103.974010713997288
      125.212288072228702       69.546579936160924     -152.881067986007281       31.133992886207547      127.158130581461094
       -9.179364629286145      -31.683007088914707       54.635511548926040      -35.065574316421021        4.244257479219128
      -66.268728529309229       84.953047972345431       16.504635172990653       48.773362440881186       -5.618619797917691
      143.534675276869308      -67.934897024522570       83.065312020949349        7.798820490354571        1.443846052781975
      -17.474298342216716       33.380075559201302       89.368152195095476        5.662685960775633       15.139525920963422
       94.864660054009278      -26.936236008367629      -33.725762713984999      -12.554568486502895     -122.679965668346611
       79.531469944921625       49.018978307937857        7.040244910223405       71.039188115243718      138.210109737949040
     -110.271660975969098      -23.806974106712389      -30.757118762061005       -5.412754995478348       10.733130579915260
     -106.350403617502224       69.274817340179425       69.929079847942191        9.621222392081352      122.762802897836679
      100.159973275025550      -42.774736691470899      -37.704517787004093       19.550499381683274       40.128431804116317
       27.197135837153454      -17.966508593352849      133.283681091830914        3.020042323131782       33.713575254384452
     -111.603388619479375       16.195917137944651       48.315500276543453      -70.444687383301570      -77.353579293629082
      147.226689290619333       29.043323147994535     -146.702191757802609       41.738101044185989     -113.717307200481187
      -74.013447137159744       43.378199257206340       20.100506232097668      -10.586433438402400      134.948990656627927
       83.206028242730980      -28.169087437551624     -101.137070741295602       61.186309931545253       57.127890473027314
     -122.508642855930901       74.369231189155087      116.030202779241108      -72.880959667008824       85.585379505043505
       32.132123208176750      -40.971330360056804      -16.837123096617013       75.062892382021673      -38.956303796929177
       -2.886268583988958      -27.410633852271513      -66.739676774393445       10.667453981031603      -23.192382686066832
     -137.712691114040638       -2.769668912693429      -70.955805193241559        0.895795048923076      -40.586952757955387
      -55.557588121379354       21.452516991401030      -58.359665004391559       40.479139774947619      -29.102079157566237
      104.118780452941095       27.708801769951179       37.547179552749839       18.405850346794594       -8.567399373141521
       29.816925878502964      -39.733805913942604       26.927050881477847      -60.323642184823356      -93.378323115767813
      -18.096048337371986        2.706970453650590       10.407887995724812       38.157220170522045      -85.090396680703520
     -136.720422690362454      -40.838053093017017     -125.071977078077254       64.933639557134526      116.301836112178961
       62.425651359323211      -19.649598254440562      104.619153181418710      -24.206772463682402       25.215019897009171
      -93.772997478855501       22.456840687465267      -91.386153867870718       26.885374008194326     -123.076830138170848
       54.608494659801082       18.901318125050540       10.596018133825948      -52.519837706579665      -10.496177771125687
       41.671493768586423       13.838363981507598      -47.127142887181506       56.020858239524685      -17.209599982678622
      -13.198909292232701      -13.627744076090567       33.898461693679224       15.726706278499702       24.057537955008588
       30.242029501644055        3.455938484874053      -89.253916757097556      -34.890160355036180       54.118094045750226
      -62.350447635047409      -11.217233814404679      -17.605794286870896      -29.583956968742662      -54.402171763723679
      -27.323823015180640      -29.089806097363144      -10.726489885865103      -32.444591221406789      -23.077014366197119
       10.236859033083404      -21.169799874298235      -49.625373830103968       17.113129820085952     -135.681191441921499
      -19.410870177073850       21.038389709777544       67.565141349783943      -47.386901438383781       33.542053377430179
      -13.034132545042509      -39.233700268392852      100.051129152087725       63.228977838075714      -32.622913891605464
       40.901993959723654      -46.417842847074482       16.012687340414011      -33.526031398059835       16.878807620800480
      -47.628391251879009       46.085478600452952     -143.632998136108199       -7.243585178349297      -85.450223066663710
       34.156093434209296       18.843730739957692       92.819581631659403      -46.172191124852162       16.473518483467895
     -105.103231852453732       -5.949068910818752       59.312218732039717       13.509588063310458      -67.921414161753347
      -62.431829459784858       19.816556361006178        6.834749933098887       12.334101467893456      108.737447915519553
      106.607763795966449       68.913670485446232       59.840680982092238      -24.793096059848281      -47.341087746698655
     -189.456063388924406       19.166177260272224       21.019890914646659       24.610840542574142       -0.092438328701031
      264.243595240489299      -61.810735461076987      148.530352407908453       16.574672081094551      -78.609089211722790
     -158.694878765169875       22.582249320050305      -26.499207289307819      -15.877284692884365       49.801401016848970
      -60.058729841590697        3.297047234898065       61.404723722310351      -27.836091472575205       -1.149152339510947
      -36.728798977754344       76.950788366312409       99.590717233837907       21.516634215305171       57.384605084364530
       55.630783815203721      -10.761692546489749     -102.035962405905664      -11.633529191003850      172.458574555230683
       49.432639669927383      -35.050587368491534       -9.120352574732097       54.037431774210098      -96.105164814855428
       -9.231087705293017       18.402408083406442       16.072026187187014       45.704062305532680       32.046683079725568
       24.527916062388410       39.895129424780151       58.159184222395432      -46.204000276155831      -78.296079276652478
      106.776465719586255      -53.788234745141324      137.765865827766277      -36.833644129048061       93.200842339970649
     -112.162330644593240       71.325588861818588      -32.846575500006409       49.406385909529440      -84.632196301125774
       88.107157403121278      -67.519298900869217       59.459638483423781      -27.825779911199422      -13.014270632086562
       84.758381871889540       21.840329470103981      -46.565832372413261       21.849834066448292       12.400153227738693
      -97.761620140081163       36.360433641014211      -76.296024612105711      -34.559935368777722       15.957515300583546
      -89.439952358283776       62.048935859203134      -29.026641999112865      -32.775630133431349       -0.504446286246941
      -51.034644356179157        7.127617220644144       84.771624876415061      -32.052564849411176      -22.544793775570202
      171.815759897666425      -19.744967457855743       42.624261798074471      -14.151305091096006       19.477197495454956
      -22.712554574201480      -36.154313902414110     -281.525084039459671       83.859613186532911       35.601451157490182
      -63.264247399904271       12.982017172419324      -27.910685974961943       25.774167127703198     -162.813287384288003
      -40.501834420249736       19.502019041552742      161.754807420513458      -36.261648505759808      106.069703580151199
      -11.645713056531878       32.872127965308245       -1.170253481216593      -14.049471869780124       -4.213242886428016
       70.899700157438119      -27.846646484017608       60.923427869547254       40.920009396488332      -11.727724310999125
       28.708884582825672      -24.472126521428262     -144.059870778762047      -33.072998808163916      116.486278538840025
      -37.292247769693603      -35.935110901276218      120.347334446464217       -2.133493976231151      -31.797883260355629
       -4.334939226133967        9.517940188463120       57.530596813084713      -31.229741820971821      -75.210453461743725
      -40.019874127691367       24.891937601070232     -123.100326346088536       83.163964864663541       57.129215595968951
       84.337619539279260       20.616129561219736      228.646163566091616      -16.512216717183630       76.793796929351728
      121.184414314077941       15.121890152993791      -46.546173551313260       46.264304493395606      -26.293134468191450
      102.295265082441034       -1.464525124843800     -191.892780900675746      -10.236027989337453       20.551314440603782
      -69.537466274357101      -33.904357305226291      100.241521648949885       -1.961164749426501      -98.698488638043685
      -75.787927021466629       13.727740200651732     -108.143814602937354        6.852496820121926      111.343959276684288
      -41.754911143450997      -21.659292608567281        0.973627017600378       27.503725709582881       91.789721541692828
       -9.986895948363342      -43.657382120750015       32.691663729345095      -41.454318013764464       -2.953166610932648
      142.650623352231520      -30.900621267084762      -64.516684462816627       88.725738889842617      -52.262658769267560
       21.936873104734801       -6.056303830495890       34.735473303937482      -14.313907279327392       51.435511717084452
      -15.585924639364761       51.573158700253110      -84.609189303479695       73.877712266171599       50.973365357520393
       68.256394757269419        7.954457576481031     -106.753706664983596       61.262905684614260      116.953193629219555
       30.658136207214696        0.941425714364994       68.748072589965702       -6.903838697038694        0.415195552674276
     -143.548159655788567      -23.554211198360271     -101.131209297691740       31.657228755361984      -79.249668610568804
       21.411771082089757       -5.014430494770883       11.342441147079009      -43.945082618469684      104.073130039155757
      -45.993255515496585       10.185990010912620       70.957218267040915       19.599455242314903       -5.669626734879167
       28.482982437284630      -14.824192490086110      -96.730726345911847       -5.132959841724377      -84.886098469520576
      -25.271566148457332       30.492534311557478      103.407446289427426       43.777163116509072      -36.767740257282519
       34.285247117892567       16.283840066511004      -50.596035252537249        4.203060173188630      -84.406447857498463
       13.109842759332333       52.814947770706993      105.701855911126060      -31.980800010607997       33.664648853527140
      -60.653492443252425      -31.989740278055596       26.760878583005500       34.239838509812174      -29.388781597744508
      -79.071957229257379       16.915684458647963      -81.498951390243192       28.649525925432613       -6.405435147543042
      -14.091643922508942       24.283799739038749      -92.362657406839887       28.366777921121145      100.019576159767482
      -54.921878744855157      -17.768248115538125      -13.250246752314659      -41.477413086033657      -92.704228295837623
       74.802857019248805      -45.605952297638161        9.458280617964558      -15.923020652282009      -33.750648070685259
       81.916633950619357       -7.161314608531323     -169.470335519522735       45.392149272057367       90.175097387041106
      -35.982984566011183      -40.483640465007944      -26.988170084407198       50.251057906608509      -27.219553765617160
      -55.220747566661004        5.581902295696027        2.487958073856403        6.125763160674726       -3.536098488756724
     -112.643090785649363       86.710253425879671     -111.065549029213031       -6.521271984581584      -80.059478955321680
      -78.794560986745680       53.339211699357499       71.570922707017274      -39.945550176357251      124.540263525372609
       29.454067837745615       48.431533126652468       -1.488805597018256       39.391604473867424      -36.760712996952201
       25.925009427968327       11.812475777078689      130.213367964707487      -24.485017612678426       80.444693958628989
      -98.420613281623432      -12.766023897476089      -27.534863408666919      -19.480579437500644     -120.297618255187786
       77.212763877909097       -7.612251306379704      -88.841442904533366       -8.624485439780409       27.760365673547732
       39.391709983530212       -3.212160190274135       20.448409364994017        4.772718442077022     -110.072311854612551
      -16.870773752635145      -18.429598834648893       67.520142215038419       -6.514465350918941       91.021976390351625
      116.019912558134962      -20.174836045817962       81.116198926961928      -14.496471779697229     -168.323558709407450
       42.646633578357083       19.966548283397717       49.787444326665025       -1.571364825539766       55.891569729062716
      -39.357609822987428      -28.104767015290644     -169.356316968749979       26.566797245872571       68.843691972829660
      -99.630275472367288       45.252516421035033       41.613714791578779      -65.231874388677042      -71.112358954973516
       24.601328181402184       -1.927697055952537       -2.252425494278088       58.450683762408438       25.913402509813650
      186.656952357949706       38.475362365475284       58.928726137888845       33.437086344411149      -59.396662792423207
      -45.889675974762241      -45.476299144589106      -88.511410475394953      -47.079274212309457      133.160563415772685
       -4.259721593509158       16.541111979889219     -177.574908305630203       97.389337239533930      -14.662113698239589
      127.857412925473824       -8.829470766995794       74.188508726079490       27.143937649398001     -119.519821247027011
       28.921393189756181       -4.286141379204227       39.063860078788444      -51.959548448193239      129.751670237613979
        5.060153746656822       51.726384159120336      166.519890935069668      -11.990026966417002      -74.087015007445657
      -52.527202219464883       36.027721773702709     -113.344837382642424      -40.212817095271170      -12.509036555887421
       -2.690689868094903      -44.286784300657736       38.441613320062466      -34.853336880546777       11.574909779442590
      -17.088230517848245       48.664936579230066      -45.936697134849844       92.941799117007008      -21.214043417059500
     -204.143061152357660       26.294910350455925       43.972299976631447      -28.578428964919670      -42.520152281736550
      101.864264162164673      -14.817071822848584      -43.240401649392105      -93.909478133576044      -31.779517389595647
      178.504409359491746      -34.414468397424926      -12.584470480186074       50.334904898187879     -106.543175945473820
       90.640494166752092      -21.775674734321072       12.319084908625069      -56.667200614473138       47.840245101250538
     -135.460859961346301       25.476365794444771       10.822221183362378       14.025407874275054      -65.302492088417381
      -34.014563830830674      -20.661913310206039     -102.452055416100677       40.011443330516272       20.002841808701859
      134.739497074397462      -53.936449178796117      -36.159303451983938       -0.786594653194217      -24.695447465598754
       64.357508553798041      -26.877647681873270       20.512906661605037       21.419801951278068      -25.050229237263824
      -73.368298742101146       21.229860615975660      114.886208190059222       19.162635712161126      105.757746928166341
       66.363459577850620      -69.997951557464333      -21.488636661771892      -74.103542286678632      -98.591447469670243
      -24.630194617025960       -6.517988366291947       53.851060010562165      -24.621791592314029      -20.627961626787005
     -123.557580986552182       55.141197965862688      -40.747982352563859      -46.438001371315764      -70.944168112026404
      125.796224528523567       10.320150013156901      -44.707546698237344       96.304082851512732        0.098399879142931
      -75.765041352957368       49.032960211717501      -74.683848863511670       50.739524447065392       -7.179515247133386
      128.297412602534564       16.260932607972276       68.076593581745641      -51.808217630912402       66.267213511926670
      -35.521375284332542       71.702830366171654      -16.879825500394738       80.394274135110550       26.437816969030255
       59.935771920478338      -61.918205106328813      206.115832965131034       51.985952604425464       11.154046818205089
     -134.428657061971592        1.166406240086731      -95.366421887983350       26.956893735124805       10.166369940452192
       36.886145091986592        5.192342096761966     -105.078162623834402      -38.773436386606392        6.413071451903698
     -139.486988112688948       41.280527944542271       48.735279076936415        1.728885604671436      -57.719507705848685
      114.400192968494423       13.480196853852870       92.560754709511912      -37.317210232120196      -94.094563240057852
      -38.006459218132306      -64.563171256506621       46.169984967908924      -39.826142933623785      -56.380171036722828
      160.709744117164547        9.385358046909939     -150.651113705302720       56.892308866868667       52.256257242399421
     -158.587029532635853       45.994299206688801      123.617453083029261      -35.092094712825102       47.358321319558705
       44.150919041798566       61.790572191522607       -7.127120345558413       13.830441548612091       -5.592043997971109
      -55.298276515152637      -52.764466620555133      111.182541001227847       22.320890447820144      104.575338316525063
       70.005732537660862       47.630754557878490      -76.347372670600279      -89.690162781878243       57.411176151943721
       12.589416547462880      -18.978117506423171       29.856664066811781      -22.042637136101114      -21.293661735545424
      -45.379364518929442       21.393080826769747       15.150044297390336       64.818244078320461       50.222489229842310
        5.778988424677781       43.127093738149803     -167.929526613499149       35.577638097724922      -15.308966561751410
     -128.640451656813553       -8.744683972478926       -1.028936012445886      -37.777859683307504     -138.889328205783443
      -92.191174583193444       79.625849410356025       46.161911489883551       14.387644982792352       38.626430156459762
      -26.308182570816726      -21.900564942786975       45.544399076752832       -1.715593824640361       51.348352856343176
       92.832572209810152      -57.462849560351572      131.248923917167673      -30.586326406597379       -4.973934916981674
        5.140764847925348      -39.856698530119758        4.479423581687076      -69.587002389522723      -61.999149873773895
        0.518361442174711      -68.932641051206630     -143.830685090174200       72.530440059139266       23.417353883243070
       -6.674418714304993       46.876301309044763       32.684432872400222      -24.611626955262107      -58.214904645529330
       30.093073091072259       -2.124971518959509      -99.653824965529481       48.069890329613557       50.718612520731320
       88.865074883319110      -72.572381510181330       -8.183045054774981      -36.071122302881655      -79.593522724257696
      -68.698591882693549       19.744834984730680      -98.865732576486081      -44.632824669920623      -38.317057690800041
     -103.656824118395392      -18.549263303990820      114.606038769739570       33.768710357487855       65.358515948527852
      152.611979807493526      -29.695281955220715       25.898314179431644      -43.470232423027014        7.399679415775744
       -8.621759782449493        0.201946412909223      -63.731937219493489       28.876568199143428     -150.040260338192496
      117.458897592320241      -54.277214010563405        2.462249931222270       11.886192412040071      111.733205788077129
      -36.291195593876985        4.461391383611930     -100.567051587122052       55.898309886394031       -3.518108459695886
       25.618061278894711       15.414320648417251     -105.663951464156810       69.752306062996198       56.259068594228545
       16.606370798902240      -17.629002808236464       93.814109780648835      -72.721099181507640      -67.829565950865145
       14.652606519373313      -17.576956858123719       55.862167771891329      -48.614761662809066       44.303481256961440
      162.487743353173585       25.250946266181931       81.493424258281038      -32.581354683658923     -137.910279444760391
      -69.232892131811198      -18.131597797997863       60.621559233777575      -28.749505016083667       27.769362205689784
       96.504233279975338       28.386163224764712      -24.727138174488822       14.525358934549274       -1.657678250282789
      -56.481337283157096      -54.062223088960849       19.406441555832256      -11.506225595807873       24.317811790620166
      -24.411013961456057      -19.565300197309735      -32.900115156422750       41.403653909067174       71.138145976140322
       -1.514826288644542      -33.791228263723269      -15.789880964632022      -16.011759990538909      -69.886125411344452
        4.230777954215887       -0.752165707299568     -126.672167726111297       -4.328453557195920     -115.248800118668370
       56.983650808135835      -26.894190397009261      166.302338267312905      -16.671321351078095      -56.092307134271081
       51.008733129892057      -12.841985616610586     -119.532229651883839      -10.113457233554382       12.478824221318515
       35.904698718923370       41.260130620334948      -53.466553021190585       -6.121868322863046       57.117514871740504
       37.235765032723187       21.315864490621113       26.933117090434575      -35.549697749636820      -27.121253543730646
     -126.675080507928413       27.554470758310202     -101.059596021056990       52.669520652564380      166.875600792530236
      -82.838039576869321       43.317175939876321       14.422184102351615      -23.974887961854659        2.828006111100851
       43.790421351842731        2.759013164590901       51.512826880022395        4.273143742371867      -58.807224029279759
       95.139137412299789      -17.102675294832142        0.238069246528425      -42.357160293283982      -66.201703566783138
       93.682347499842123       -2.659233240058043        4.102149185313272       29.672907087266140     -147.002177771995775
     -107.205157435156238       30.568537351567780       17.398861679755733     -106.949511619727488       12.762802455582225
      -34.347526884770822       42.227722484142909        6.404832299700267        1.083934656733323      -34.801320122296268
      -56.063382866360598       -5.097174131841675      -59.716119942119114       -8.953769902281474      -14.931293165989340
       -1.005210442456079        8.955984076995287      -88.164280341811747       24.060348687814898      -45.143625267679440
       14.129936215153464       38.754861431228179      -76.946209116904683       36.699380672063263       36.420377971670270
       41.890803942403707       66.137836036237445      152.887530479486969       14.287984975105644       53.840774867112764
       -2.705524928934410        5.833977605353122      -52.475191249549034       -2.408890490375053       -2.494555558070169
     -187.844559836262590       69.059396455624181       56.031973552454609      -42.596607151396540       -1.063216158690206
       46.060790763299700       -5.489842904976991       13.810408624801664        6.814066160995271     -105.953559954986190
      -70.684234326683395       22.810093557450408      -77.711673184331701       32.951632493704132       73.517298707099570
      -17.522099573969633        7.387586488967758      139.119417867264673      -51.066186912353821       -2.359557909245488
       79.822204828124953      -84.127778942054306       87.868364664622760      -55.911978143323452      -41.684803154738354
       27.960468961617195      -47.890215020909856      -83.413661929502283       40.590171161124566       29.234741879953912
     -121.717461224161525       33.180733360551969      -94.604093954336861       57.109954393385969       45.407116641282109
      -51.358353393125647        2.364345679299833        1.470143276050082       17.341696517483285      -36.070403395581728
       62.031134685145332      -23.938599959936738     -118.784865996285816      -21.325930746913095       59.717668354523653
      -49.872152753276275       43.451731035388597      -78.591210517518704       37.408243813745877     -126.314896995117209
       21.921230062780786       17.483137560067107       57.502270259321243      -22.188739268294071        8.634998958619105
      -16.852846505399846      -29.502266782547018       14.477330901366447      -32.162099337435826       24.618362077694414
      -42.163379511724131       88.357642443982371      161.364323332009462      -72.460788464966853      -22.350496536088560
       13.960787262798922      -33.590174530832961      -47.498213878045007       15.341919496154480      -83.563273591663418
      124.497625268866386      -75.870973872689888        6.778900103440060      -93.718621873519055       17.297114767713559
      157.293702878159849      -40.779035784049022        2.969750529917802       29.945687693438412       11.056102900428719
       81.149614287994837       27.273838295180184       71.716839890357235      -38.597564839395268      125.757601889485798
     -151.878987068765952       11.784671138516709      -44.215647668918052       49.953851911359259     -107.980412804495359
      111.437181325291490      -14.451112229299591       86.236968098997707      -13.358878512514488      -46.338942548198489
       75.560490357833018      -25.104274564092560     -119.910446665190733       10.045380384973603       71.667013277606415
      139.982267215902965      -32.442220839552562      -25.236790130493766       -9.718414395314133       82.883658575356236
       52.215574331221674       31.836101297467572       43.762919704650287      -31.539664901778160     -135.658076408746467
      -69.296697260179158        9.249187391555793      -47.951612064417034      -49.870852750089718      -55.258826247344459
       12.203312961549781       12.314917784437748      125.615973605704298      -57.542192169189931       69.239770533429194
      100.887019261748804      -32.208569650495335     -233.951734372673855       29.383245376080087       58.698182102293792
       49.936545970901577      -54.387167361158362      -64.949262376655383        5.318821698399460     -166.817119851406659
       20.725391401761627       34.647227829251889       45.732919855502338       -2.813665613302063       38.294069546848881
       -5.871150588204963      -80.421317926411078      -13.182416906103454      -12.528479949514825      -51.002835295959351
       48.061609706267056      -79.435826518470620      -82.461792275599947      -38.199917671547439       46.433131137575884
       71.674992524607106      -19.770476941647232       10.036694719238142      -13.013626212455028       40.525642076681805
      -68.977059694622966       -3.578282998426717       23.288661808471449       -7.778092153040776      -24.165726215334015
       40.221326250517919       34.095390917979458      -98.595680044589912       53.550179163013972       22.026115137039778
     -120.949592450410293      -14.275094595779757       -4.465266191572661       11.118179047859247       78.936516224532568
       48.591212229067715     -125.871421307535115       38.724983978032796        1.446529153192420      -76.908739115801779
      -28.183358631570435       58.436071592011494     -101.711373919174520      -16.710202907261497       36.496065554842595
        4.523277651436427        0.690016964458177      118.658520264595268      -43.004140307414801       -1.779007966186575
      -29.173558921722876      -19.068943138779638       96.087581588387607       52.335162375929961        2.061483648553307
      127.586983979429306      -12.996202221161573      -22.903501827710656       -2.685949546887779       75.782462711028373
       47.678156012604980       -2.025466786264236        8.496834819745777       -3.365393174957859      -56.491849097519548
        2.909744440130247      -81.713205752450122       37.581802234052560        4.289949018754242      113.309025246892418
      -36.033737454267275        2.281425222623167       55.693359098731655        9.377939708663689       30.054478336751224
      -46.086480464834274       23.033205456947879      -84.991448618318259        1.937044999447396      -24.844812817092233
       84.961570566417365      -73.795738638156081       99.674188242941980       -8.418764196118930     -163.308403608511469
     -131.521094804591911       32.823240778535329       66.774420051264983        9.868268839669803      -93.861223836910511
      155.933954350339320      -78.119369405980180     -196.625553613533299       20.799421933401145      153.965825903236237
      -70.841007775767324       62.689670327768582      106.776358673838459      -92.544782141688856     -123.879594693395262
      -61.686384061747745        5.439870634268359      -27.581530876407633       43.145016318371269      134.361425722400782
      -81.712236993879841       -5.813232881205158      -27.573279098895558       25.125061507566084       44.092793927235135
       69.332069498115843        2.964001491085483     -133.439877591702754       13.173042324974253        9.282924463865497
       16.594824848053491      -30.497467593673026      -18.826608736552231       35.741074992873607     -112.679808588226180
      -79.157912502562795       46.757786457260799      -28.784947684187085       -0.693140334320621      162.357234762690922
      181.075690723305485       -2.116099633628115       29.634047778084252      -14.631910115050740     -212.568249010054416
      -26.233048978164081      -13.754802932176350      104.445948310699464      -19.339006820461105      110.307223153149039
      -52.335306122620686       70.235301650201123       -1.244031893730378      -42.958457586946039      -28.427413181662391
      -24.814068355885063      -53.980891059799717      -87.831401176888576      -18.955558218906869      114.314921920222133
      -56.297680227696070       47.437753701111582      -48.235807291115051      -18.129374802204982        6.252144677732809
       21.802268525342878       56.320213639735123      211.502379188485492      -49.608896103105828       96.361699760254595
      -50.565553958177141       -5.298450689374044     -107.941241877212178      -22.750221193727654      -85.008790977280000
       73.056131592802842      -49.776442794868125      -12.072827591927297       17.103483846257557     -156.642879969568497
       32.916870972570116       19.133897783465663       16.153362346379307      -27.139714541347210       67.422717841934386
       20.131466442239880      -59.260396601065175      109.077208984665532       25.194921361944861     -133.581664826440516
      -61.551978744917889       55.527830335046275      -18.262895095968819        0.143691246641173      151.622314586637998
       88.150195658855580      -46.865249051757736       18.968295941432899      -28.800874141852915      -33.442172442663640
       51.990402737815948      -46.745892700516947       -4.451378494878512       -3.896683949665612      -20.642615310850019
      -66.682869783363131        3.344649151737903      -89.039134145221269       27.957270035380869       84.064817923130079
      -85.857622882010418        5.272526365019123       25.027042957287811        3.943321285869844      -30.202100141871647
      174.477169225837258      -80.163523927098936       20.282002944492636      -76.034007309822584      -21.854709643327354
      -53.754513304721691       61.994522179092421      142.785749310878714       52.854573412043855      -62.457748925803649
     -123.282771720586553       15.655285355337288     -101.241814003945933      -24.602213480470489        9.390613625502713
     -141.003529723822112       80.752715024961716        2.597222552551284       23.311175862912808       -3.481588860759639
      125.667917455407760     -133.450367531546533       64.677901306883413       26.514155113124993      -15.788866484674022
     -221.554943073672064       69.142797634471506      112.677667449723685      -93.108159832473078      -19.385645881270097
       84.073882745174743      -67.779717215574991      -30.828579574602156      -26.724109032552715      -40.829467859028945
       91.447401663559404       56.881428032539681       53.393893747140822      -17.366524919427086      -28.636562838855362
       61.475408883747285       19.506960869326026       38.075489475834907      -21.699806987350627      -38.204310365624785
      -73.985419934626250       63.298952782371060       48.697189709535493        7.704586441739740      -22.114396605266172
      -71.199389510709651       -6.394957050269198      -79.770123148172203       -9.521040494546098      115.195357907019982
       -5.700140391448524       13.402350603330246       76.562661635935939       30.006419367325915      -13.647436332786905
       34.371229185700692      -18.307331184055887     -101.024373801982620       -4.626301069097624       56.341766860869711
      -43.118234277858257      -39.908434479431520      171.886782781246836      -76.503396728239309       10.446547246237245
      -12.908070005547039      -66.065897892255748     -154.794832823304972       52.563523426071690     -167.496522164951415
       97.084089729108697       22.523493389747529     -123.127109762708244       74.881012727997955      136.842120268669476
       66.585292472767875      -63.093253560764978        1.421169621863579       -4.875073137923358       39.431017129875869
      -51.676137976318984        3.488431203676392      -22.509406574661536      -37.046253285701532      -34.391248756670798
      102.693681858390505        9.458530671556833      -16.385190039372606        5.298505889032767       33.589010943243110
     -159.500349198100878      -25.894070081144466      -54.471419903828917       50.999859427055249       81.410966223814356
       48.536836498701177       52.092267994563038       61.464660264833050        7.822004366509506     -103.324389188110530
       -9.608721469305753      -12.171933774955550      203.747770052788070      -57.375045660413406       12.932418664793198
      -18.611273024833487      -49.573691080776499       69.768019821868862       29.241721711217078     -174.482406613764198
       69.989088939394705       -1.239861025484747      -98.783984664191721       27.856672233766076      -16.880063822455991
       14.414651129856084       12.963798540669012      -41.006367733200186       28.349976081734706       17.437269235128500
     -114.773098464001279       47.741622909992458        7.849359195121313        5.914800890880554       51.405916360491219
      172.761352254598648      -55.848194163751380      138.398240500907946      -40.580154109817762      122.611518347719809
     -111.870069098115394       43.538761758776019      158.937026655402121       24.758280880804545      -57.425914267268972
        8.779309818023425       31.958263065194007     -145.120580738815903       25.993290722170794      -71.331363724366284
     -118.020734806452154      -50.213830503918118       22.808197534868050      -19.768245990080992      161.690100391246659
       16.249226274717920      -41.377185433754910       23.909080227982354       73.978712623750610      -92.917779145473162
       11.068340440242856       79.075570082774121       57.571729040089600     -115.936044019069598       20.140317900027664
      -34.632429126923341      -27.584069490266291       52.783312723329686      -19.813292239974672       -5.105198837518367
      103.038517905590183       21.426306802942346      181.346431077366248      -21.426859016500497       11.321687242719500
     -115.108633610373985       11.615327813219873      -80.354641872242510       -2.098552748888564      -31.859042683388431
      121.567089335767321       -5.866502193581013       28.315252360152030       -0.050322435800724       24.142538615393175
       12.401248652121948        8.324932380740027      -20.067026601306747      -49.588393488766414      -20.212379905420320
     -179.556589944589291      112.101130321439186      -99.002131689152449      100.986868620361946      -10.900871788928006
       40.965691257895777      -15.952346109569023       61.067206565994368        3.978443957500709        7.384710735372030
      242.577221846915648        3.056142573276585     -130.829587677368721       -9.513876119156100      -52.892670859181983
      -67.475442244047386      -33.235865500065287       26.636985590769108      -29.291693413090723      146.250372661915350
      107.392337243215280      -51.862114011684959       25.388183769084804       -2.893478359272478      -32.298637162820533
      -53.095802752376500       33.363960538150451       -4.304921545036674      -33.020146483699904       35.562731059940667
       65.855389170230410      -33.898443416479232       89.003393619424870      -12.392020782265726      -98.985500984281273
       23.350795976667829       11.595842871070159      -32.028893871524723       49.055718741850804       60.517618881764562
      -16.151035073530817        1.007178312516727      -58.017301214445503       66.550013650667879      -42.893898599315513
     -101.069641580609684        1.288630940862765      -55.781792888856600       23.220241799447898        4.518829311686094
      221.202264703091430      -33.517704253207150       59.548687874828303      -55.571157762340185      -29.102308629736392
       10.176417692873519       29.223677596563647       52.063575409849015      -13.465101124672019       -8.980020547016514
      -37.588927059190766       24.858691770986336       34.559114702654526      -35.429698054929936      -58.857456600083069
        1.772737606819069      -31.483670238906715     -110.607870061224688       58.114607119377759      -31.305145949287866
       36.022445316502441      -16.001279935327982       40.687208768370120       -0.337298061073463      -74.124560682797522
        0.986865296489098       27.094264599055503      -46.964092408377638       13.015716749027298      -54.216433915102904
      -12.631819718057978      -19.995576366489349       38.641900018834171      -36.583935056554836       39.537438542646491
       97.690277508323362       51.653496038003603        6.081969910753616      -10.465193934565633      -95.968459782285208
      -54.736609400808483       -3.525877540315599     -167.658078056091739       32.353234359033152       62.614340984897559
       -1.172537287912132      -85.980291719000874      174.409067078643460      -21.137788876825269      156.675535151411225
       66.452970914998659      -12.233105107535172        2.497969657736795      -89.255028415204848        9.048666019228339
       25.733008735117856       16.288139179179968      188.316060467756074       29.761616432749403        2.849285347605120
     -204.467219783491828       29.546552470676005     -137.782011480286428       50.591477057622114      -64.397920881348256
     -125.458679654425595       32.113148494335015       69.504245653545141      -22.594891461494445      -76.109791416042270
       88.420261883862750        6.153858467165040       50.908963555230251      -50.621575640301700       49.936655844390387
      126.480138152095918      -35.288513215132006      -37.421054870137823       -6.237465080037497       13.031886623078508
       82.601821490901898      -19.461040640386535       22.904210280983886       -9.646491964315413      -25.947446627339041
       87.179098030270040       -6.155078482824703       41.482656597915160       16.981666618738661       76.308797417634580
      -61.029326039678324      -16.570111991179452      -49.737006194967393        7.518739332166893     -104.866495383984400
       28.961624147354112      -44.103815999212344     -156.745705492273117       20.262190799353800      135.926112883714694
        8.846273269677072      -68.085590204533929      -24.012906951551248      -12.447394900513014      -77.703947214929443
       60.063962960336362       18.562573756545394       92.301564621567124       31.577780410656420      -23.467274637946574
      143.015293635267568      -54.363861409805260        3.215102543541676       -8.306220055940381       60.936894843255772
     -104.345808188522284       17.709313588613078      125.805918166211910      -14.017739616291903       67.683389710490331
      172.238188345797198      -60.779766040662288      -98.606649088483977       27.042169221159803      -45.162173123457428
       26.908315590435176       19.892339200707518      -15.961000127618256      -71.291250464005245      -40.868908933274170
      -96.320052246792756       36.721429241660189       -7.447075534973244       -0.493550515685632       43.323092968533551
       60.330385614000051       26.105887098837798      -53.489781670412405      -23.784926550870914     -153.309214889757214
      104.621494798749339      -55.701926061182448        1.664196733675330       36.153906036889346      -18.450588034201505
      -29.942190305370453      -55.545517189679906      166.086952383884494      -12.186757501671762        8.354318804911589
      -79.316058265615723      -55.363869991907180      -63.294120209318152       -6.245011199240300      -42.215740183532354
      -39.668716912145037       57.276499502747690      -66.631335764374100       70.750795963768468       48.289029530583868
       49.925721341039413      -43.304694906771871      -48.481858916240540        6.784901021604817      -42.404151222896310
     -105.609139556955711       49.903663486655191      131.022379002044460      -53.658345856961525       85.680036474107609
      129.865804978814879      -68.130782065722414     -182.234060404166513       67.792624257815746      112.271335217626500
        5.050798189584017       39.291751925527826        4.743575517224742       86.916119142177067     -123.205128069846353
      -67.803894715231252      -45.108410869826599      -89.780255734658454      -36.656280283805941        4.903778448237660
      -21.558536042269349       29.352378994182743       -6.586370270356486       21.599838521568252       -1.717942733666248
      -15.429308583476585       44.368771837412503        7.768606002029430      -29.527973077417034      111.235673983670694
       40.871918971930576      -83.675273575404375      104.586039843291672      -49.652866762443587       22.081638157470159
       48.876542679441869       -2.564353821660304       22.800677988905584       50.203168386268480      114.882961354865770
     -123.342365976927510       70.643474326037492      -68.104751405460192       52.459042647871684      -19.254821735371856
      -17.081494720865177      -43.959901083086436       45.977488108458097      -14.639119003585998      -25.650737075754012
      -55.632398463871134       30.644002452407431       80.779205060171250       37.004268589147138     -103.450501153326641
      119.474596349459205       -9.538316072715551      -26.810485644792244       15.839928529815444       37.815055770763699
     -125.575423466875321        7.366365298165262       17.229440981747022      -93.242890921635933      -25.534026771104500
      -25.456444760775874       27.147451626458746      -49.299329003929564      -34.241069828051941       87.625149681671118
       65.178948647473675       30.902635835436058      -52.670679078872830       18.245105689219230      117.864063304387329
     -115.931762762214944      -36.964715511155497       64.190551474091905      -23.317161659613980     -143.754661158676839
       83.164633008317082      -66.739444017817050       -8.005299488985957      -12.292986657445397      111.213086245755790
       27.157099642205509       56.031060241047790      -53.841281878842217       24.614418571177243     -148.596679868094952
      129.026225204830240      -87.533778823096000     -128.746664429465625       49.735742353003097       71.646549637050370
      -77.755679543509331      -60.074824903729265       58.844711505453070      -30.433371983721276       74.087469433280830
      -21.504243353449379       35.044520911441175       73.001127953792718       33.706393326971494       22.779650125679694
      -54.087470142194903        4.837479163470314     -165.417362927972789       40.619802591650775      -48.828127450721759
        1.878517104557470       38.755831576900341        8.627003567761106       50.783116632398709       -3.137416217053812
       67.536244656620255       31.487086950103716       62.226386934807728      -85.834916447853416       91.171020701991580
       45.579007648525632      -10.864584197024689     -175.074543969589968       11.164576284965980      109.788096484272998
      -91.289411007416561      -74.459976856091998       85.252827331207598       85.145170666754851        2.301429667434831
      154.810755958434527      -76.064411371078450       87.201153861994356      -21.131744125832633       34.229543731312532
     -116.016088836002396       55.179852740442179      152.819890552121251      -26.814071108458943       12.981945589076554
      106.790626872038828      -24.835472577115233       74.643789161662681     -122.219391896171999      -16.827344426397268
      -34.703972035624219       29.323138871029926     -152.356642068276756       27.052103842923422        7.409873021518659
       55.616000496906580      -31.408094268071459       32.615775283066782       39.503376949243211        0.950683301098840
       21.410298886879833       -6.001382831929519      -48.541640389991500      -30.337091738149756      -82.376444261032361
      139.595685036407986      -35.157849824329482       55.862517094493178      -16.853212042281331      223.399837504862745
      -45.670604146729708       32.845278154990538      -25.130304956694385      -13.930832625819967      -73.797494395163952
       95.853882064906088       16.532745381926599       -6.506433161343308       32.891347100582855     -240.995836428110124
      106.660339202469814      -43.103618174856884       47.856701352916126      -19.559399395771727       64.182429454573054
     -103.769542466254663       -3.016954261408489     -104.329345010046453       47.873398043773982        4.130114640912437
       47.176150200421048      -28.329222204578276       71.328843395016904      -58.415654144353418       41.468158785109161
      -38.125358086052714        4.315198190105912       85.200674552584005       -3.217739424224466      -48.202323373264768
     -176.668088752020850       98.577939570196904      -74.839692710875937       22.534000389015343       35.507542392913820
       28.269744477111409       13.948589647242727      167.906830990526657      -48.851107235161386        1.592112343224439
       88.413838063688502      -36.087179459501165     -106.305663720266978       -2.671496682328895     -118.124324594620802
     -134.431729890980961       19.549711687024850      187.132975278428376      -51.534143471178346      105.524264231019600
       11.800180971858152       38.535371018801129      -81.633478606802939        7.120571199741335       -1.130566314414851
      -72.141284609253844       13.044831762861271       48.917675162541876      -24.311704305084163       20.798216237621457
      114.171669806193250      -38.079295559049974       26.772061771140109       10.445371032828868      -91.230774190490550
      -77.603355611311471       53.514245797384575      -59.240915171854105      -23.851794176441903       39.101312289725193
      148.530415092453097      -69.648780957487475      -72.536377633258070       33.336722928579682       50.935647871255519
       48.320687556205101       39.727820193208323      207.962674214093397       11.542024370633733      -44.076198675530037
     -111.433908007231409        0.785777122285036     -125.869930027688454       93.315014744504992     -157.662582332406089
       83.560806976307433       15.764464513782377       -7.432398249140298      -16.391123989495711      -35.125880347451456
     -102.716515885480916       -2.984203951676008      -45.392851156436429      -12.193870895898900       59.219428724284228
       17.350135681658877      -30.159714037482882      -63.499631824608436       29.381275307845705      -16.248929068952641
       72.616542692454303        7.606716675972912       -9.490971223412284        3.109487015924455        1.459299909420759
     -168.758706131822095       62.407080129669900      -30.566258035076139      -28.860215508241421       13.945447698490206
       99.454767810487098      -91.013786283785436       93.152656167526118      -22.848079597721703     -121.566221045703074
      114.947110809165153      -44.175241335265028      -56.612659962079796      -29.106619574131109       79.174202739847487
      -35.938869118840636        9.588261899716473        6.020018258388875      -16.702426295212625      -88.415719640768160
     -241.093014132692247       79.783702079655086       66.490360676673347      -51.130520081952220      100.231550811060416
       64.636213536251091       42.622534395078354      -71.273996600521414       11.448303184767791      -95.606335995596709
      -14.471848612352373      -58.852268064967198       63.027149111175781       50.350465824819828      -14.199540786340012
       29.406047318755487       20.853303417310759      -40.229710174347510      -10.948512733914280       -2.438292326054030
       13.970881475169602      -82.433054507670022       35.649084809768553      -60.542599667408695     -121.980658712066017
     -167.294133701056211       98.788747842274248      -36.127768987177625       33.519246703143146       59.049492485370521
      153.394879713164983        4.151798328283641       47.313708635995383      -53.637509398630463      270.415839489546272
       26.861813859017193       -1.690820571075365       42.736963504014291      -36.395670009460794     -179.982027831328907
      145.569759356355888      -87.598009445267309      -11.755578932232503      -13.302082836894034      -42.155834423908082
      -87.467365355131292       11.227850996187220      -26.944303522633405      -13.401745645147063       82.821895986508110
      202.451845247543389      -54.264923687791836      -69.983303202727782      -47.562787945454858      -59.041582257406816
       12.513436649805994      -32.433114014818223       14.034247345662438      -49.724583037992886     -106.310971646218036
      -35.139020576110369       55.265086170245681      199.775215432548549       51.753127917652215       22.931743006355589
      -40.640537343870243       19.074606102954796      -45.978614660356612       -8.903895572036216       53.715217689005961
       48.901052904928385       51.065182822976716      121.786898162272735      -84.606936605649409      -66.904029281999229
      -72.038275627157773      -18.111170538889020        1.525595646816433      -18.853352974202235     -105.545231493442301
       19.861581917348705       39.907174348764912      126.524859925048531      -36.189439385541441       20.250811877554003
      132.928431984753388       -6.272538639924077      -20.008714584559115       57.851940359903615      -27.274816689880151
      -74.417375327862828       59.997804834667662      -72.181212469649154      -32.010082757878301      -32.376662672299268
     -183.739752004032937       12.829410095064882     -153.633407975247366       31.775233678982094       56.526179160563146
       10.404988162982557       17.550376189504366      -19.479110562075924       25.967428613557249      -47.028767917642249
      -80.721433800156461      -31.815011849159820      100.910637184200084       -2.073730426480196        8.375506319398822
       52.055961895239619       -5.508513538620370      -63.519428597913652       48.452286451250338      -56.011367890942481
      140.619076658106053       25.784713524241532       75.428206577451121      -27.471308552423331      -41.766310227027432
     -171.078246276881202      -58.197228141335657       76.902739247050604      -49.330582237792747       76.887229250573398
      -27.521589621884495      -51.916490433479233        4.433560777478658      -17.348533837563590       10.818596198062771
     -113.955290446305071       93.269616937724535      -50.347292823634547       49.169343509445206       -4.503643623247455
       15.651268796319060       46.024199426977866      131.888211763232647      -26.632602192719634       77.226309063115281
       68.981620988377060       17.562710831703324      -38.978316782959880      -25.771795704806486        9.214085859337169
     -195.495498213893342       87.795681069494393      -22.100175722274479       17.237034498213792      -38.438270811115814
        7.793881724388563       54.414635486103144      -64.865896070554527      -52.249164984414811       71.134556258777536
      144.364992936350404      -21.491058526137895       16.905288919982972       30.961006118094591      -19.195473871166584
     -180.207697954379142       61.848267430405521      -20.841446709826958       -5.826128750235659        0.615572533884333
      -84.188515813682983       53.395019050329722      -67.572509379328523     -100.003531044330046       -8.539289673183941
       45.893432258527248        2.825778704527065      -67.892468049055637       25.277484545988063      -17.373382443074551
       75.047828551221258      -79.053984978661191        4.631924232414991       30.464767937233923       23.644674586417963
       81.573408905952718      -41.996004017732524       37.138008286768901      -12.801393801011283       98.806021756031754
       25.666122862233930      -54.389439403877965       58.602140056611354       81.350219261231658      -42.472291228853443
       79.497738125959913      -37.785808195795489       77.949784749706581       15.128196682767443       85.374960945625659
     -127.727439846416360       36.514430164954383     -123.614458040303106       68.722226554281747     -140.808669732098394
      -23.430109028184610      -22.292496313419580      124.420904525654947      -31.722528799589863      -42.210653307947162
       74.238746713362261      -16.763431932819731      161.736776588348420      -60.343827234081765      161.718005054711057
      -23.868591698573621       35.056523511557913      -91.043768015277337       35.414747482275892      226.696406739360754
       -6.794969289613344       14.980637777857915       36.803384346188068      -61.742177690212095      -51.183594665072448
      -13.849492744175034       24.039718280490799        9.293696691470396        6.272004751315721      -95.593595919231291
      110.387960616685120      -97.638205385088042      -66.815054681519257       -5.673925093570332      -20.724747173246982
       40.040654734356607      -30.645384088741846      125.337137926094755      -24.859858383425728      126.713047712304927
      -29.538065804388875       51.706445931883430       82.017891517537507       -0.078973737985181      -45.402556804722018
      128.010267623809966       15.331658880062109     -158.649970244268189        5.471759527254538      -74.701938521560010
     -159.534878910566306      -20.527339853133110       54.456614933064145       15.168137854843767        2.836520467645608
       15.419193024954186       70.884521991357943      120.151756475621667      -35.718173179683987     -123.295628415373969
     -216.127057191967282       11.572860790865574      138.319377417626612      -14.442806432788284      209.120734640895051
      149.283951588185943      -63.129545417641978      -38.897292521357535       19.593695953743627      -65.378440055349913
      -56.234469165885457       16.776005421834913       -8.840626523869014      -60.639522141137405       57.384867676117231
       61.666401378090413      -59.770401075480720     -105.946354354856325      -35.306270263932049      -77.844090797073733
       37.764620576237803       22.497608193775275       54.603831128653468       42.452131996267177       57.839575584012067
     -101.796052836381705       18.828012373976868      -26.429683632790368       11.148108044483534      -26.831029811171884
      121.893658326521148      -66.826197395864028      178.299850658690531      -44.341040783419878       50.693033734788791
       -7.874199147980859       -9.695127561771109     -106.213522045794292       17.865023234620210        1.453660482615498
      -87.381871905123376      -24.311088246879528      -29.914961228073757      -42.977560457360738     -119.565280989569004
      -89.608172067894643       88.861658801066085       -6.591017545412337       41.699386735841315      -37.117916130192420
      -61.012970170330888       87.620929735255032      -51.142610111994827      -32.465730870779780       60.328899679516191
      -29.299233236973212       10.816340204464593       74.194347434882630       -9.444901060073772       10.502395630836549
       64.675944625784169       10.710885849363066       -9.458707625001983       63.919587170599620     -173.576623981681678
        3.369547881654534      -49.728727495352281       33.994229757469327      -56.134385879374612     -175.818710756536888
       47.393126497445813      -51.145260178799560      172.688687708981206      -21.036728742564481       43.809386161434496
      -85.165078635246573       47.394300905078637     -106.315165948487078      -66.731933847051067       41.209300384642077
      -40.302315272342483       34.342314923739366      -35.608516634386078       64.525522166886688       -0.000815240508242
      -14.177130491609763       16.187977685866905     -110.807537176898379       31.758442570592784     -108.435774721137449
       12.202251051081287       -7.733357262896585      100.413911969342522       38.273725537527291       -2.858161499462240
     -195.292948971769192       86.848244021896008     -168.973000095351750       -6.048813049349948       24.227562200764517
      120.035018093136799      -13.922277011282258      217.914580699042261      -61.388728217725969       65.921107788836366
       61.687695177082077      -69.407718989249076       25.502954890090002       24.321138551423278      -36.971908454335072
       22.907521907049166       -5.579287049784807      125.544754627949786      -41.568963781240960       12.005405587638235
      -15.266886783130358       45.314569882932290        0.833069648730037       -4.234091054683256      131.647685235464735
      -24.035194376953164      -10.596204409828085      -62.789561415971221      -40.675655192803283      -87.381772009666292
       20.092305305290260      -57.581361146080241      -47.198483216054697       27.262212889993517       84.875058423242265
      -34.566820449657122       42.490811654518808      -11.940655177608651       30.638669777508476      115.565781403569005
      112.586455166279592       -8.817021960114650     -228.430450316155714       34.870063160835386     -111.505775778028152
       47.246463675553180      -47.199164770787561       28.945154790393598       28.182613718733631        9.817113031034584
        2.173678109586498       -8.243960484161590      -93.481742534877654      -70.716372171745107       49.741857467103785
     -145.440632652728539       -9.702868465477382      -90.106659666941312      110.612880413288678       -6.939353835573891
      110.144941066372368      -10.053722488821199       49.537506091510807      -37.470596120020261       74.445384434980724
       56.681248304911669       53.533134347351350      -84.261275556440054       18.708605232087763     -162.906230747766273
      -24.420249920544265        7.548558653576863      104.041110655765124       10.006098728854825       50.823752329743073
      -76.695019097357232       21.084274286339348      109.672429157444199       39.675233244941822      119.588763338992763
      208.615308363574741      -17.273215370312553       -9.000245704456965        0.057420684752166       -1.733888147122965
      -88.010286899117986       25.315818445557944       44.916905509959456      -12.716074908780614      -57.964248317198468
      -24.113039251984659        1.388955138366770       34.209374221513535       72.234096125117830       29.839543919542763
      -73.687376536297762       -0.904014285373705      171.573994742228933      -24.361446877814807     -197.533850342046946
       25.786560468672661       -1.751790485656711      144.696699743909136      -54.261313480667383      -74.621660497046577
       -9.406024542162939       16.667631563663548       19.274774328278244        7.349061322234543     -205.263434776719635
      -47.926900355969941       15.216247977086567     -112.533332927816048       -4.084604095078016      132.831975170076362
       91.196783266060123      -46.049477322529825      130.654564881172547       38.952670912665589        5.278376354992496
       68.981655855894985      -29.451997526131329      134.299415480149378      -85.704329833078759      135.555928255606631
      -36.685674889837351       56.023077500455642      -90.182725737360016       51.728467527129723       -7.686041257646935
       41.766860238814921      -16.755122471151445     -170.231233693767081       10.594420827731597      -93.328364705038638
       -5.231506381515776       -2.739248816638967      115.402531894714841       21.286922204329915       34.748523096691848
      -60.309392804041124       20.388400717710965       92.982848275316186       57.119011698091818      -75.940596046042714
      -57.620873683394358       50.526757189013793      118.273658141771577        1.075588705380018       71.368164353327231
      -97.595744637858260       20.676297032048261      -28.687587663290728      -11.927384060608572      112.696544065149638
     -110.677348137975699       16.265352962719781      104.085689838680011      -40.919433447550730      -26.321807787247568
      179.205135145939181      -30.816768644321971     -169.773616842842273       46.281351681536343      -48.842824661738575
      -62.835593648553001       17.514399609226768       88.414159850139058      -32.114333631874686      -69.399541528641805
      -90.593269614092904       27.306348860721982      -69.933559439280700        8.436556009675563        1.448591729817385
      -52.548821749854120        6.758126180397794      -46.858417774026861       26.950849659258658       61.931502418703516
      -79.126585547770105       -0.876005842185107       42.054261072528803       50.405055432593564       76.969717092355864
      115.149167590930546      -51.788558405964032      -35.804516267416489       18.968335908456957       28.501813981165334
        7.531458222672673       33.967504931955602       -2.035691206804679        3.537494632744400       75.988418721727697
     -173.061517962217692       -6.433589075069990       37.600927936084666      -17.554462361574860       -1.441512886148825
      -66.731761747545349       64.717859723174954       34.884389784761304       12.118520602380460      -40.036904192315589
       57.369305755580889       43.324045815667560      -64.212518519229505      -11.711324462234852     -118.942256818076899
       10.407042982032845       48.115517494266356       62.922189654708468      -16.550357929047937      182.483124670291204
      -14.846309792463607      -32.373932758344573       71.288081025840626       23.482344026161151     -228.295997411025496
       33.916078203833123       40.805596507057089       72.642860792180784        2.723287059389499      265.172497346352714
       87.098075699641555      -64.909537381497231      -33.372215623240393      -15.606801469370422      -58.744714882379945
       17.180829117096469      -47.368945882548019      -57.948725485073354       15.396447037139245      -18.356528145688422
      -11.153450066897006      -11.123953302572005     -103.334084223842737       23.660117506466356        3.379783445580220
       29.308671066219016      -82.202481670667822      100.012488746643555       45.045838896709185       26.320699946470214
        7.469128234469651       85.171164103977020       33.603532909555582       32.909693937764679      -47.785537518649882
     -142.264385793477146      -10.134985939431797      -61.198664485956868      -70.097669826683770       28.967140002502017
       54.597852412916239      -77.232304881468664     -106.892526744748139       13.632933973838915      -11.461389720191480
     -205.356383609880055       77.873776946433694      -43.629370917504616      -21.117689915286974       42.738992448808027
      106.556125231561651      -83.619665941549556       25.085189365281483      -24.256796052879853      -48.109377034323010
        4.401743523150607       -3.369988239758881       31.397678472067312        2.395265232788483      -23.753999795192158
       67.185195749738455      -63.046675762394919     -103.604665524678111       -4.682410731199868       30.301299631145284
       -8.960960220684706      -41.406218961098631       73.790826472146833        9.593271884323631      -87.198171488319474
      -31.769519401122441       35.373500684371862      -59.563930205871820       44.059363718433325       72.159702012689849
      -61.011034613488235       35.466198690410089      -75.032687332527487      -28.816067233418575     -142.124191633510463
       83.497310961701828        2.209920917931756      -79.905498976157901       62.561338727664641     -121.946933283079574
      -81.440435746019332        8.451815364624146      162.605052344876043      -50.729632224609183      146.917153251736920
       75.899035466066962       -9.825310648336847     -150.151126668333660        6.592144271347516      125.649453486114311
     -111.425894590174124       -0.893719133494880       95.595149430046803      -68.120527923903524       45.987446603466658
       17.214645327272351       27.420042164946011       76.655860953171285      -18.957696793591225       43.638318534430070
      -67.195570341560682       46.204698280047403       40.002593641758018       -9.590489522393362      -15.667135271486304
      104.831694516898878      -53.150759992140522      -18.609740450943381       35.196093052593071       91.619354451860175
       50.160847011437546       -9.771500711427572      -65.304130484956190      -11.668965500246847      -85.560534976283151
       57.965523216531338       33.099657079442721      -29.211556455718544      -22.820225403989454      -26.238330436631713
     -122.392623417738179       46.801234902735040      -25.303837576721868       55.379869122816260     -115.875932511230360
       81.538673912031555      -57.703814101481470      -52.602500647588869        1.638458597694608       66.691724957719273
       21.108426412804942        6.740960809110562       73.804872672126692      -42.568317694187670      -73.960828462053456
      -39.631459611948081       45.939996185398293      -75.293623584281320       30.476719371218763      102.098032391523986
       76.237026286767247      -89.351222056720943       74.140117075358219       41.779307870862155     -121.608837400105173
     -123.032170851982414       31.314510160654628      -19.665315395094556       50.395737314233834     -115.460935092783870
       32.877150461182509      -26.734968832681808       50.011098480145392      -60.474888919359060       81.018819077366743
      -27.614824757605142      -30.736378938000559      -21.686048146808265       15.956570003811532      -10.321849719666650
      -99.114895633228755       -9.866933461785644      -45.364769958683823      -45.153803485014777      124.329359526434317
      -11.560362879680286       11.180252451174557       17.727391302668416       16.602644940885202        4.057997098230466
      -15.266653652140457       29.504353602785351       38.523764877669088      -48.354172363540570       -6.854778064166048
       43.908323151747787      -23.014395386236895       79.917783905497885      -38.075561254096442       11.194318559253395
       84.212600042804510      -56.586104355083712      -86.090242243303280       59.242409430285953       71.205152623088495
       17.626998140493100       19.633522684525960     -110.450506529499577        9.306694366145699     -136.545823898254440
     -106.130931607751862       86.889294958809032      -30.389803777712988       40.074975802120264      117.071627067901474
        1.210712827570959      -80.016471462142931       93.305817740551149        3.144792035585250       44.869072034610760
      -72.281185648930688      -51.752001390626475       89.382712385093015       10.423137403369248     -129.579183029844671
       13.249318500143355        8.714822378529817      -99.667286575226541      -17.871847106734137       -2.774893738208970
       10.202876151423300       41.810739433508324      141.377537087213710       17.895000059921362      -72.690738351558977
       54.655579444792735       36.427223952622690     -133.548046577461434      -44.515304851785992      -52.322959463290104
       19.519826013508816      -16.705638097420756      154.671383639143556       -5.579031165676700       43.734389517105875
      -74.379043315542361       40.699756898805937     -182.551223576492191       54.032266316642144      -81.220518469216842
       24.223306250339625      -27.528257473662986       51.499214457760992       51.627520907701097      118.144581470824534
        3.312353418966928        1.735754817628825       20.619693396102139      -60.950947233235404       22.957716181843303
       91.422294200232258      -24.747326674072792      113.711553679501279      -82.263365371472077       51.582709002235383
      -44.838467287353964       44.795753647764030     -102.794809355862355       43.957936880005022       57.502405530986479
       46.959040074499335       35.691438115876821       28.318953863105946      -70.176284972324694       60.859323907144550
     -249.415242180441680       68.283164147365142      144.655935550320493       -5.807862102759874      -27.432634753883953
      -52.254892313706307        4.399876648429516     -188.702447954092946       52.770517045409555      -35.147292483971036
       94.835166055022782     -104.474102389272517      -66.915195233986637      -23.541626242378339      -31.508010242932031
       37.686263280375229       14.550040373384048       64.852444680410443        4.300302234808031      -62.608911397339817
       73.158240951590898       -8.966276029260598     -153.009671105311156       18.926156289153209      -69.936782317425596
       96.675417673442468      -35.496918411252643      100.490410917454014      -65.337042999242684      -89.424350996075987
      -95.661453970516092      -41.037225904010455       62.294806354819059       57.823319352423447       22.755822504660433
      104.907485717350482      -53.546264253429520       10.464454634375485      -45.817151517456665      217.589249429799850
      -67.723707682680157       54.720401362736787      -57.939675765480402      -11.365971780734364       50.869857864498151
       96.561172693734036       21.474108401027443      -17.253827248267328       -5.095517466115095      -15.069439825536499
     -171.956704591711571       34.965611985162361       44.729056303753893       56.931165630109241     -158.033207866911482
       -1.755617680987262      -32.940340109038139       39.251735693591954        5.130476184553636     -124.867228749541908
     -208.525706734731784      146.149998661055633       -0.323910908737211      -60.093109081320762      152.835958231892192
       14.695656056051085        2.520668854947677      -42.037829207617555        5.142368337304049      -16.781166463821059
      -19.418659414003564       19.820696378622397        0.012748087436455       36.354331404798238       71.768627960732999
       97.854541756524952      -27.227181773084229       40.424433734508177      -12.642039348759637      -39.905377225433178
       10.593078943197673      -11.349284707934805      -86.338631306602736       27.243736677341978        6.188005289760317
      -89.462152430031480      -60.970389503882551      -29.441359764311187       -2.159500560941893      -31.228724889457713
       96.051133514602043       94.677928183145610     -185.001350865424257       26.992241534851015       37.360869043196246
      126.811222803060417      -20.822929265798933      -31.577237153067308        7.838541804400504      -67.605455429272268
       69.268408813631169      -48.676823606584719       50.033197341630860      -27.135997210112439      -16.021889080525629
      -82.608821774522482        5.631012482293565      134.312391702470109      -12.333877131335912      196.001259871218224
       14.085677902848657       43.113047310030993     -199.206011840839579       25.923055836286728     -219.420264460427575
       34.626706836103637      -58.229673021367397      265.431522647035706      -40.414534865509239      -25.081434016274375
       49.290897247456655      -19.233855139037438       28.307862059494003       -6.944585255942579      159.577908682431030
      -19.433765463376059        4.088045771434464     -178.227908977931492       37.313224530865611      109.391928060884922
     -114.828973497877513       38.627724548845890       71.440927892231485      -16.519500515734393      -91.557277498333150
      202.690863968444063       -1.376665518635097      -13.083131625416005       51.319789003877219       27.727989601489952
     -143.453353901587718       92.046398242378601        0.614521328219472       12.551435397363207       84.337845613852437
      -91.785618965797781      -18.885631330223202     -104.642418263807869        6.552031270972144     -124.007815954482680
       46.940293982063274      -48.482161960349273      116.489857053549173      -58.031398378035696       69.564312505057799
       -0.373297585291612      -40.435265467464959      -88.746477840499892       27.407007070964138      110.920403952682079
      143.093902839818583       18.235277511335063       25.108795525501861        1.051495363851824     -156.338865261985802
       39.861708870944135      -28.675209869963080       56.117615904183019      -15.784910625830591     -147.396691941555218
     -179.702648094119439       76.237082523913386     -102.834214886456749       41.379556193580839       23.790945507275591
       51.884810400056921      -45.769821739457548      -32.820905430603510      -35.003333867147013       73.149229260864132
       35.128640448209843       -1.508088157776745      -89.137111924853855      -28.159114184418748      -59.328554168659949
      -41.162449441665530       13.614329873183920      -57.804385581887431      -24.226575929546907       73.607128482416243
        1.628971000750745       -4.445700066192442       20.877050317155227       15.940276112571032      -40.810757615580549
       45.114582872028727       14.330801533786342       88.833299765580918      -31.949721233689921      -40.535321214304979
        3.556199599922680      -42.128970111222074     -126.162667708495150       84.974565625319798       29.149757445815620
       -4.509469592231800       -9.920245955455487      -23.823238601207219       20.351874223434045        9.467432227884048
       -4.992244317409916       -8.782521649211301      117.297942279124726       -0.663556642302688        6.024036436078485
      -26.072327452815166       47.629341408340444       30.784101774660083       26.035732856329563        4.157294666286480
      -20.113945998178018       76.616565141606571       60.958053048972801      -61.431857525519987        3.705388218928927
      -51.376240258050998       -9.638893970548661     -125.352296016895195       65.386140484722716      201.186703536635321
      120.129351115936075       -8.041842418573276       85.144982081560855      -89.415868890992272       56.611383469743345
      -65.690994223842708        6.890964125325569       55.914237499438357      -60.584031599630556      -51.063260413502093
      -64.668443674667913       18.546912069399163      121.218445703720974       -4.001973597007891      -24.823176761277360
      -59.743527219421274       58.507913091541539      -87.098686578168483       18.876957601049341      -22.204145055059367
       39.795183546706333        1.539536278957374     -186.449329436751782       52.722397102203757     -134.225949009922573
      110.087569507320524       -4.719681526765212       69.060622154669645      -28.279426248538744      126.988008221328528
       30.379693664958459      -78.647519627519600       37.849116284738322      -60.629598902503290      -44.668155367711940
      -49.822114166406870       34.667484028980219     -100.607793264049931       35.654701647594678       85.851151830347021
      -47.400496999286013        8.888181469642081      129.543206267160429       12.637002283738322      -58.931259822787361
     -162.297924959169620       17.106171131914092      -47.387217975477917      -36.033002615019910      115.502998226176018
       42.952950475931807        0.855620294527578       26.200782853023810      -22.468630451266122      -32.887858926861959
       76.396127398039397       28.644932953107162       10.585066632122548       44.356904967091019      -49.731657160876416
      -99.126837442712770      -17.758774419725150      -27.657495744193227      -11.555608403247328       14.021440392577960
       80.137647626908745       -7.635635900231117       89.106296131207500       -3.481330288624509       32.663221296443709
       60.194275333819910        9.940488183924053      -64.380965711164350       12.224141641923007     -123.689387197477046
      -40.531749776072047       19.773395961370998       40.996305829663250      -16.434940034493607       -7.356928906960087
       87.751183155662090        7.278661834648358     -144.429699468722589       85.856688188199470      123.911191136956859
     -144.661746080404953       55.283274727757650       75.560444491166976       -5.104839987534859      -54.329958205050239
       40.258862073878667       -1.629594173304328      -72.479740277887828        6.269072050633947        4.764367152642198
      103.977195631485614      -95.216905429874444      -83.490014895406375      -12.043705629189938       61.950544945447284
      103.287654104378959      -12.477582234368098       76.463957150591753      -13.332774746825258      -74.919009124267788
      -14.453341258970637       49.662319525051927      -95.790391939067746       33.989998440495938      -41.320023143689518
       69.077731814661917       -7.283418942699980      110.002499221876178      -79.549522174709097       72.392189183397207
     -107.119805876180735        5.650174723020416      -63.016764697596869       21.473744980239179       25.889900552165081
      -98.515826153926170       59.988780885825193       95.411478796434082      -62.809393079102698      -60.951550481451186
      -93.158834361140109      -38.034195687610797       77.369986438939776      -43.882148468539015       47.643416607068161
       33.691908621931169       47.174142931875068      -40.173246985012490       24.420424302580159      109.008045071359120
      -92.920052293998680      -22.306591224961391      142.553222853320790      -80.025734455106615      -70.996859708230531
      143.801648306844044      -37.596565086725242      -21.374778814009037      -29.890876117209970      -79.059538473313523
      188.358952876833456      -49.286399882007828      -61.005673254265773       44.601684533219348      -75.677844786492301
     -167.152358163292263       86.859005497007118      119.490488497722254       -4.454106108832120      121.250326461349829
       71.482941939921247      -22.546586391029518     -185.514143719129834       -3.826491067683656     -108.540240193081473
       84.648864256404920        9.472713555965223      124.299511027188132        8.509575725640692       62.595403375792792
      -14.123674456306926      -44.297405959194947      -29.748978088378095      -31.038212071944180       41.954138157731713
      -17.128402217657108       27.382841738219099      -12.556373672270473      -29.196178140542646       80.806953828989521
      -40.873269806843673      -58.669058245089715      -15.993178119933877        0.230016732868032       80.944632254955906
      -42.842839494154234       29.917325936630931       84.657459899594954       40.314385878607155     -104.946912575477612
       81.045742770871456       10.577593528080124      -60.218770731384744       34.857334856343655       16.063501422744729
      -95.588553136845505      -16.407920108249467       66.233357692516279      -40.088563058949639       95.171964488521894
       75.794880808193980      -19.238802039868382      -99.598568303920885       60.836511455289333     -147.803856930084180
      -89.675714213233945       54.578671626518954      -47.619607473663876       14.372531786851848      -26.574182143930571
      141.418916205516808      -59.125135456408344      117.126654498758072      -79.639303524734018     -113.845023813270558
       18.548491483101515      -25.622561040955219       73.285467966830268      -56.606700758250767       82.719493511825434
     -118.696604679974811       17.321312124641178       26.718493093153686       27.331418852522532      -77.252429285468935
      -20.780454720098607       13.128199942761512      -30.042810107021193       13.733765380196626      108.072240849068521
      -16.377858457327157       12.933777903582254        7.686487995723496       12.714759932210102       10.027718316758511
       18.909098876174994       30.590553477651238       28.602294782696433      -16.410299448319609     -176.147924136391907
      -39.734410927804845       56.727242552433729     -100.408369402159593       23.104894875207478       77.228852480239794
        5.145611524392839       -5.027355292049942      106.317481918252483      -59.401903682902343      -51.665777609232499
       77.878413609151821       19.334334100808263       79.612549016299667      -76.203864595049367       -8.939714999365627
      -41.512730768355596      -14.738459635928587       14.832893276282672       20.712503511787144       66.283473030219298
      -41.634619242110091      -33.415272342974177      -37.494540267165739       22.107946263121757     -134.314261419501889
      -66.922653723236451        5.461183807211866        0.095720109031783      -27.450042792596502       95.026779759010751
      -42.195356292286448       35.849850475861636       65.587893371829736      -46.971623089051448       49.127844246659620
     -128.876043399339352       14.058668205757211       -9.453136355135452      -53.108431386072596       -9.305413014383335
       48.324003710229647      -24.255951357579590      140.724651258906249      -40.568008007939682      -41.509046482463440
      142.256416282284533      -18.807906926878697       49.727177006599469      -30.084268009199512       81.887779727238325
      -23.899682118401696      -46.605675563481974       75.968378856008357      -66.326170949164464      -95.022294286777267
       79.960980737793491      -12.488373119258286     -107.823956594534849       -7.087736254379581       17.587619285029547
     -130.000292937501570       54.090292795612072      -94.021731967685639       11.028930615159792      -25.987109468595570
        9.621916814500421       30.873411653740874       21.361302024727241       -1.259293916907701      158.279286888113774
     -185.535556668668363        2.769403993534640       92.361586339836805       12.259568249491217     -124.577864786133631
       31.216702075765323       65.529109062707889      199.503344874599179      -29.306573823894585      -93.287992005497415
       62.964007838734908      -52.049910120177366      -40.318164155388907       35.276014638555722       51.951199740638756
       15.829682939781087       -8.498778889023589       72.813866192023525      -36.357861777813980     -124.238964512006319
      -76.398325352194618        7.576577236718019       24.363599556393634        8.256545998494298      -27.809466902854520
      -14.784699829751528        5.951120740623078      -70.431322560472864      -15.699290855563635      157.515197103179815
       64.508964961845592       36.704031859483273       65.589282224758122      -10.800560070235845      -26.859346153993791
      224.600161002460112      -90.060204408841159     -143.503141784862038      -16.569351999235309      -45.592962990931071
     -108.919921821927005      -36.070532422022239      -16.185699399985300       -2.037962892867808        6.787036597878522
       54.956549818626833      -49.615453145188233      -82.809257407790156       87.089549413815547      -84.428424483213107
       -8.146248493183522      -41.645104536143080      -43.032496515120336       -8.233265140525212       20.670822814188316
       -3.943750028584284      -70.638696193284304      111.528756251841259      -17.127998324899501        3.357450324262936
        3.116226895502942      -22.810101471243833       47.102166919392268      -17.337548799935881        3.072742869915832
      -78.997224705443912       57.821105630221382     -158.199659291206558      -49.393894774545188       16.137818169492061
      -71.381181235507356       -3.170757352057329       91.123870535716065      -58.241109567283104     -113.466770720022666
       26.882296389940105       35.229783912042791       -7.625526051476289        1.898396427224825       -7.427205237266485
       95.197753074579836      -75.952073861280667      -53.877018265650158      -53.808100117209861      -63.579079928641221
     -102.170301359516998        3.019030025433652      206.540192992018603     -104.944212897695834        4.546300862576315
     -124.052632354770992       32.444693331913882      -53.366225436380596       -5.825640456132564       -9.627547529752016
      -43.692376612560629       49.312503636337773      156.949117968666769       10.362581350977564      123.573375067489806
       71.084233366262751       25.722563274885680      -31.940003453573816      -52.816504982475017      -49.402296185393375
     -103.298578530802914      -36.312777397329853       13.523042529834090       12.774585329880948      -26.091228688814770
      -41.588150146580887       -8.071841972898309       80.214268726085407      -54.334501760888145       23.317877929300760
      -19.476077627407239       67.331442966216144       47.312883404582436      -80.167986452040509       82.686041198945148
      156.365351759479637      -19.878081740690703      -59.909236757647321      -54.107366053005570       21.030295177579113
      -78.456781850401654      -42.831807498831076     -186.358020705767643       59.218194398837873       29.697153493084851
        0.951575808685431       45.095586353252273      224.267860076702959       -7.019664466330487      -68.084191062178846
       81.941969050668902       13.692476256145216      -28.772751389895760       16.330662409476517      -76.734705865000393
       98.450421470542011      -33.117990490015309        0.742289286089848      -45.951266272677117     -125.968056268210418
      -16.180788525401542       46.803362980390411      -35.970943281409106       31.133816446912295       62.847438088420986
      -44.146270247107104      -21.460336216315316     -153.951753278783315       13.446812698829470      -24.247629187876754
       53.203400175383365      -84.177862146436397      -20.831732612326718       11.750064276890996       58.482199535265977
       28.696175392614911       -6.146908638260835       62.818058613190672       36.718623650611384       90.793363828735721
      -27.007321775196729        6.432918291777501       95.901494492996292      -36.083200130183428      -55.973739720429094
       -9.831973186825953      -33.285815066824917        1.359638781508527       35.941120599999671      -98.186708110193251
       62.350821246379681        2.056327818543582     -110.960808982503323       60.512562060460546       95.927058508293882
      -73.661791645519529        3.724496129709478      -58.511533992480665        2.486506668715043       76.271980657501615
      -44.717207111847095        1.541423103823278       41.478701508208495       28.636079006661848     -197.511726282587148
       45.279667537627759      -12.441976938249686       28.517402659239220      -19.312159513556587       40.892141334366912
       98.262316712772076      -82.455814490285107      103.794356120243734      -66.439642854173712      -62.675063438711568
      110.299372273801325      -25.252605133820193      -74.797665784354948       24.170409602964355      -11.443109336245117
      -95.281394873422826      -34.496066573557407      113.738433508562338       -7.346851373303543      -89.099886522073746
      119.187067157267620      -38.659678380834848     -159.571017029162647       25.014113034227993       21.714991275785998
       30.248168345033665        2.899894753555764        6.925294475794836       27.140576042957932     -152.625891389766622
     -127.610020994001047       44.494261805822426      173.427620715270848      -25.888269701186530       56.367158442879187
     -254.602042412915580      -43.724935596952420     -145.802340481195301      -30.940604854856961      -19.027063077788796
       21.083307971521762       92.362310610339705        0.298604284121243       -3.683081484617543      -39.022534139739030
       72.285911691479328      -60.995777521629449      158.682425269870265      -30.386292724295046       63.391373098616072
      -83.122204513425245       11.119980915334683       59.797489514340505        4.095979475050952       28.484338660860651
      -50.855876266516326      -63.558952234611112      -70.773686010774171       48.028119484003135       25.184146908600535
      105.618295433578240       16.846417253816632       16.146124022457652       -6.857659423888114      -96.023873959162714
      -33.543564073915952        7.271933640028210      -37.329928402419156      -36.287525603977670       73.756875830164887
       78.207188090405282       24.292488406090214       17.571857878831349      -11.222927793078082       83.813177809823301
       -2.135052480475808      -15.418632742267389      -62.391753541687962      -61.202225838550397     -122.105412022407847
       28.126425365510578       15.867994283799398      -48.311549294395356       46.090809548351409      -55.929977907852894
        1.980234775848910      -44.944426417840972      121.526041537487984      -22.427128581308619       88.242164123566425
      -20.453510584467459       60.192293534393578      -71.905485787692342      -23.790812292287182      138.980464599939495
      -84.564921557496092      -33.252387260527037     -124.082277995504782       23.154818821209293     -198.299871463536562
       60.133584808266555      -35.658190178454383     -111.496148459683297       59.315595662003290       74.552911269183170
     -157.950477788484534       15.248659476739380      -23.953044920737650       43.861193824800473       49.692552358296098
      -62.241814459284591       82.678177835243872      -43.133489831807502       10.301610914157667       54.238295254167518
      144.748918476178147        0.921925393807074      -24.150082580391125       58.119007088986947       -9.471773813632653
       41.982125758192829       26.906578940497706       78.182326980955622       63.572792406274040     -127.861637338846961
      -53.228403632094988      -27.519785167694426     -105.430067116773131        5.746366863597632       48.667415068254556
       55.528342830567873      -36.954372350277303       24.361936237938401       19.928229425530159       37.071722949824540
       19.265368021478189       20.754330787677592       16.949207135910100      -21.997744632967891      -28.140455900996091
      118.162048069539566      -47.452969811038713       -1.648537769161303       20.407748872201257        0.213236418198397
       64.062785658939475     -158.994666207421147      -61.556957755365382       36.523539559009031      -30.914579093235361
     -229.441319506680173       98.364600117954126        5.162389131227195       -5.992891482469620       62.671389935477571
       84.224611779703920        7.167612004234687       21.766727655830586       21.575729944217770       -2.878257712238807
      188.190707417805811      -48.466469344852783     -110.126460161412027        2.095846965094609     -196.399714189582909
     -163.616567637728195       35.741384819760334      -41.028638111125922       21.055295945091473      134.451127022189326
       64.082982100880542      -15.283349548180542        3.431698272214468       48.384377609001540      -19.360241401829597
      -69.815386203131766      -25.173509923846300      -19.088263720600668        5.934410234892258       59.632753447088945
      -38.897842510241880       29.530615371002504      -44.135443237349861       62.245363345615971      -68.368632563888241
      120.577572654177416      -30.052226387685785      -58.918222524122406      -34.626369691632583     -103.499259080439430
       39.954941862135001       26.620241902503047      143.760812847700322       44.849641221798990       65.696089070500904
     -144.030884250717065       35.620868753651415     -153.204077884756572       -2.983504268169386       45.446038487130998
      140.621844316406907      -42.277088414207995       13.793797380307259       76.058524474185077       34.502290507341819
       24.348812983020949      -64.964717482251302        6.090255854000072      -28.522308499495200      -93.311188493220044
     -138.054289285638504       19.583718477966698       98.361768034684815      -58.400085159033793       56.751286570973832
       -2.412911339177384       23.483272399465520       23.131494483980784       16.022214920950045       -1.903905840550292
       14.891542975337106       51.158392442668372       34.741584357882971      -62.815759400377793       89.269924589002642
       11.175352749495206      -79.554740444829591      150.294934545081162      -49.453336015027396       45.684835336094061
      -27.461106797084678       27.034217763159312      -79.628880301047218       -3.952395731173494       59.957072991435346
      177.492306911853376     -103.779019635203639       27.637716148055343       22.249160612884364       51.587748723628593
       33.115657737971851       12.985294410944974     -131.433135162456438       -7.531241492567368       39.187346735089115
       66.565653891092254        4.494803460640110       78.340113727756417      -58.979399219295601      158.192140707457582
      -86.585692425412020       18.009762309519090       60.316680623660091      -16.152398066092019        3.857675448538537
      -35.404417090612867      -20.043470727731837       54.967546165991685      -79.171602078326956       39.156918742310161
     -120.051453046115142       24.408352642108085      103.208967211900969      -11.651774810974434     -138.824641623103730
      -41.050181770891086        3.130946710498691       17.645386950731762       -8.500828516583120       80.339508425201615
      205.849908354544112      -72.695705804567027      -29.947127339762471       35.156543891852785      107.127271367410245
      -86.315710658180151       70.461872601001943       31.363501062551357       27.709901483039005      124.965338177429757
      123.864764341544287     -101.991882277974142      -21.197485647433275       15.930103480530112       34.247199861743120
     -157.343532933923427      103.771384555731572        3.920933428948769        3.682036463227321        8.377748151255968
      -90.748920127139314      -29.357071640841330      -62.310231477461791       19.700421219731211        1.452907963746953
      -39.751009910560583       97.864603610233047      -35.070853604260215       30.883586162279645      -56.292486595051351
       65.871665815937007      -45.466496741493359      -68.798358945368719       56.308995117088074       -7.946859300691425
       18.325205085754909      -45.998365944444174      -64.353414215519308       17.755561808976999       -0.477418035363096
       11.784842156900527       19.242983845587059      -33.161068075007847       23.572446322732990      -55.219024079199308
       -4.439486527601397       65.416076970536054        6.352660691146034      -30.436167615770305      -26.263294851158403
     -139.593304343083645        9.528524876795203      -47.709555622000643       45.185698692413006      -28.483444767356236
      120.275580515952001       13.873542752805252       95.843362639480290       -5.451539685733320      -47.783543646274261
       -2.781911618630825       -5.936850108204507        8.620068209080561       14.674155028930489      -44.184260579397375
       74.781047451968973      -81.566490260590570      -70.438792093187374       37.497699278147991      -71.853956809930509
       25.247393333220082        9.939397866153563      -63.334185831467984       30.377489025165065       97.759364936838537
      -77.283851648281626       51.165808718071624     -193.311914288299931       48.394156252296725      -49.142902264298847
      -71.178855792310799       46.446862757865453      -77.531982797510153        2.928785621102316      -98.978540388845929
      155.843887778920902      -16.801739720603820       -0.448137286448968       24.757463646678978       30.626300556338364
     -138.589886129794564       -5.168505828989128       96.360619036321708      -58.189294583714329      -14.325269376026615
      134.710526105300630      -79.181767051743080        0.216020906060859       58.494502198997587      -13.529702898734749
      -13.693850569436862      -44.204029647461560        6.503330046288071      -31.528434424141423       23.136458886481254
       33.342948491632328       10.778057995634768       60.493364281032456       42.230537625081382      -44.122802925404045
       -9.568467356371542       41.641361638226940       77.692844025979028        5.278170350012831      279.975471405233634
      -14.867487276073344        2.690133235779175     -227.953156540007711      121.133381553794550     -101.084054917772960
      -55.369161520610554       41.058391137628355     -251.826684090130783       14.641410915929459      -21.585577142775971
     -120.653648538679292       13.534896263993948      175.809282934843651       19.392446326789589      -29.752458041496695
       16.710978989441614      -16.354375833610806      155.327796368396008      -17.988760961700638       85.600329993735258
      110.022347211249937       48.758844451412934       -0.701095289096681      -52.403027422049362     -136.348293467135477
       32.638491082838605       10.730092124830364      -41.891300635591222       60.129192376243687        6.512616854489258
       26.470961608637769     -113.197549593830814      128.673645220125763      -48.432935161072535       67.796145474356933
      -96.478839105431732      -29.615021400888185       -5.716132053561641       91.461821896967066      -12.811114346627527
      -13.148972095611734       -4.395484752490669        4.650219723585840       -5.695221306397184       92.582132230164319
       -1.011995171743729       -0.850059462653234     -108.781505567348646       33.233402772067613     -141.449665455449320
       28.547444941320101       14.300011882412360       24.414937027744582       43.305278672853937      -74.323222473296411
       68.819812252787656        0.076853752869210       41.265870294115963       21.105760440673805       20.038901783658197
       99.212120063004988      -37.212242309486903      -76.624599009102894      -24.701447141480937        5.237487127304280
     -116.748685207161387       32.101170572390266       25.933456315103125      -45.685518154557755     -153.484212753879490
      -15.175952721120691      -39.245734214207921      -77.954143932409139       13.659524141822596      -84.550432845374161
       35.343917363874951       -2.386228854913236       50.738024220934101      -28.808370521160828      -57.970227350661460
        7.011256062916527       48.153939636193435      -49.595477109091817        2.887120680528262       56.490063682619962
     -124.145006264957289      -24.760258166148589       15.999671752868636      -13.100466810606763      -46.731783893385249
       -0.275328799624770        8.473642908351886      -23.412755666894498      -31.918472695540039      -65.562806707488008
       62.690543686582579      -18.393357970527227      163.308473643504783      -70.413169208083261      -51.917767219812923
     -116.005529806480183       -6.365549760452608      -81.274914228670511      -61.026658640906710       17.846912890069753
       65.017356844657428       42.914286232352332       86.971621991952276       40.718029788131979       60.922187519723501
     -126.006190288194603       24.864937643451835       32.651550438168528      -40.374428819465450      -15.555647951238480
      192.833967470041642      -28.143589155195141      -46.806002414568177       86.994148101925788       -6.570412329960290
       25.878872150504087      -14.904948175152434       27.714757732452835       -7.476800468374081      -60.411505692493883
       16.609741534862792       24.567440039173970        6.519375853581423        3.072828879325455       46.464332329851082
       -2.609655882015894       37.316550879469851      196.924016726159437       50.995126711381673        5.996894766078796
      -65.078457231535424        9.586522165685277       36.769275407585091      -44.059463311237010       82.277314113002703
      -52.359922471845522      -19.026710949656547        9.408548163259207     -116.130870862395327      102.555643940215234
      154.796127907753799       32.816265954723882      -25.688610426821484       28.480154865474127      -53.089362115815575
      -33.459735824479466      -31.319573568790528       90.418766685982405      -20.894312783169468      -79.681682892513138
       88.108120764710293        4.834242410847400      -39.930421743522118       26.743773009365633      -32.541994271563922
       21.909257524484744      -24.257424000344479     -105.271177219721054      -18.572336391861423     -134.017673253081199
       57.697302240680969       -5.304812423586204      -28.322745656678066      -11.181953348402457      263.416181783929403
      140.294729932691638       30.993836774045352       60.962234510554005       20.392898100209116      -26.764839172986278
       34.278978138696516      -53.836734974156833       39.709488559102766      -82.296562880521449     -114.981821381180310
      -24.622362342610291      -17.064926246261440      -80.545084490323461        4.304703075646607       45.701231825587953
      -48.703992493352033       39.044323427596034     -100.657200974479196       36.374227820750839       84.650798140016164
     -107.479098413185184      -17.746858594469241       45.392234546789012      -37.278363394390880     -270.852729545375098
       54.285001673322796       58.711682567927056     -100.270142715292621      -26.923052002619322       61.029654532338029
      -77.204716137646926       41.432222110271887       89.101599347665584       46.785169753751177       36.210477749965669
      -98.079669127704008       33.013147532742920     -105.661591599514026       73.841629172082349      -32.318361142059167
      -43.694935732061410       -2.937551873953809       57.978328672601826      -82.432015284027756        4.548079056530893
      -45.035003975235917       14.627890662413876      142.850277828834351      -29.823956764678904      -19.607789841875501
      151.311435980099645       -6.307489729755927      -24.162294688557708       -7.477928172567825      -56.248237065775925
      -62.114490845109948       17.018990419543776      -28.128567969026804       -4.085012448680659      -46.373390232431483
      -16.581845820460977      -22.327908999866150       35.174083700181711      -55.597795508955826       80.529667370893037
        2.296078094321678        6.271904456696934       25.315240058983651       -1.215801605241983       52.516269245252239
       -9.584158700844664      -19.753625999875805      -28.602834030521922       60.860758103151831      -15.917274482087105
      194.862439788113761      -78.027646859856347       59.557600019732085      -81.749186629243454      -11.504216494360294
     -115.916297621628701       40.166219139840535      171.358801167907529      -44.734091575231979     -107.720235776441740
       74.724936310857885       36.761838780337733       86.239920870544523     -108.208026411432627      101.129814240460959
      -96.144579215410403       30.325320597697885      149.813599414246539       23.712799825011043      127.562584608024963
      -33.973076855601391        3.845606760970913      -90.897316891180409       -2.693667584451102     -159.406270039117118
       80.069039311901648        0.577489581578562       38.201100650822411      -84.934231377626503      155.009630073867129
       54.712291295407191      -64.346283216467114       21.267754137154913      -17.154442818721513     -131.277678615710215
      136.670507100614117      -67.855882302443206      102.498359375647013       -7.209684951931631        6.163030655518147
     -122.783521267827652       23.217988997915430       91.694099528468669      -19.864265289215776      -34.438563010771681
      151.635025661952454      -85.973276168730834     -108.642182363665114       18.755986227763689      -80.707878273220857
     -132.019925044135420       -1.938179800071117      -43.648194966919846       34.030445159624186      -58.183432699536986
       19.093556501178050      -38.842371599089240        1.460905890564724       -5.212468706104826     -106.048314098713931
      133.676917422096039      -96.975149884015906       61.665109324860929      -56.495773762303735      101.283129897900253
       15.699224218349702      -62.635013429175061      107.641690857909367      -22.944784769258561      -18.796564804970330
      -19.513092958076786       62.815876210477796      -11.360953164748171      -59.855744759049699       60.884430500049049
      -30.416179523336545      -12.448057773115087      -30.313297071150572       28.142919910719080      -69.764774506788044
       37.953287574268650      -62.469748715171868      -13.589333331124042       12.932212513479980       41.739100651594818
      -84.245624560400344      -47.711594405885862      -65.698285456454556       21.853418717963034       23.111471384883060
      -29.786106631080155       24.211463714922374      145.037039913884200      -31.499376394803129      -37.362217501074511
     -116.829577614192573        7.597116984907871      -69.884901126915409       -1.709369015315260      -22.205184909619788
       24.794499449241108       47.534895184667370       41.860060708624921      -48.311589379096787     -101.052236243956997
      -64.953472563410827       50.187787704035706       23.397797461990283       26.529144516120272       41.264455926218986
      -12.058152081463749      -10.560665868607069       36.083916628286005      -40.113909229971298       12.823908814730247
       29.084925022105597        0.381091833912334       85.800056001284005        1.846236206955562      145.145044110203145
       92.602097236217247      -45.616850137997304      -26.326053293379307       60.450856511932237      -17.737512485079677
       -1.160404679900398       23.649759097126552      -31.040822698688768       -9.166839943569942      -46.223408747820145
       58.998337897238422       41.467897223498142      -30.301232241195176       56.597184300319981     -112.668608531503182
      107.398584632673916      -55.135411433678215     -120.229593857827140       27.009752996088672       66.606718962878631
     -116.032197678339372      -27.248411036271190       50.422401839489694       13.957988954056891      -26.309165095042676
      -23.987373211364570      -17.999934607380471     -135.363043341553691       23.185461123361435       -3.265134078713115
      -14.774078779888539       36.282407364340898      -82.956321374577129       19.957661934685234      133.023837892956038
       50.707500444379605       33.482263300622883      -55.775464945108141        7.401132458490070      156.257034859674349
      -37.838761034273396       -4.825092013476428      103.880213138680574      -12.227669552543965      -98.656703610938436
     -134.678420705699835      -24.575074545224833     -145.512428668190438      -19.062857522951013        9.330155096584694
       -6.369142016745930       21.180913877840055      -74.440016926373929       65.722069375586884       81.871139495585155
      -11.957025602027620        2.796791342745445      -91.525990553269878       19.768259991741452      123.173763087104305
      -31.220436823300634       -4.154304550375117       12.337055661696160       58.436630032183629     -118.945926438446534
       21.766815515206183       22.804714760116084       75.372419873700451      -15.676933639449906       80.527540419182870
       84.577604015733698      -63.483552339945454       38.696104714238558      -32.988885679408241      -50.814672684987961
      -44.585915569642069        7.418939178254512      -68.327848042610512        7.838737237779782       14.671552525946801
      104.884422957839789       -1.948934415590892       36.100062060294889      -33.917539512592931      -74.575374131456357
      -97.794160826631199       63.999006084750263      -41.057738964729218       19.298669008560871      211.935879732538183
      -44.770864545689548      -71.364515042654915     -122.511069387187007       28.328191800354347      -21.727297010778912
      129.238938227010522       -4.633760573953997     -128.092168750761999       41.531448554982468      -50.998938199311020
       -4.594687918836312       43.328403245696371      104.649763085811358      -42.042336493407731       21.597408164522765
      137.906278309625577      -25.831260186449065      123.908718550145352      -89.332484548227043      -56.460259124680547
      -42.949629096532824      -34.114812533279107       49.119751927788954        5.765453287542000      -10.945505212666669
       -4.389918380075574      -75.006340623209638     -122.132991008832505      -11.226274750543899     -106.448304754106999
       66.866224166502150       -7.585022174528794        0.930617400978016       -0.693647277694641       40.561779900140593
       -9.009051125920438       27.308700039367917       37.877211676408848      -31.274204330410580      -26.076859747283670
      157.622850048330264       35.599834004671429      120.555919507640539       15.056545525403511      -41.861950225861129
     -169.253554378216705       44.087108656148594      -56.703788076341283      -52.178830190283243       52.472599248575371
       13.100156917762462      -64.650124140213080     -101.751210938099888       40.845867172511007     -120.541126581885408
       37.858842266084174       72.022890884483147       -7.725601382560834      -33.505337673173720       67.635959568579409
       68.042182011596154      -20.282091439552055      -38.591428616143865       22.259435440306035       -2.133249148853472
      -34.568077578432501       43.412977717464095       26.020627591344450      -10.563190474124740     -111.902445618846542
     -160.998926004219868       20.210710523489777       48.915791852230065       49.965581140421222      169.404288768859544
       39.047407849825959       35.998054078476457      -20.348149946330253      -23.600545928358116      -33.734764336641376
       84.872447040562861        7.795472037715835       17.130505563191512      -59.697765429488875       12.173199454801608
       13.696647049707343       26.002661360896099      -27.369714880623302      -20.841884442439341      -77.754908176829673
      111.975490640936769      -76.006580028593604       -1.845589211324515       19.700946456489604      -12.794662191253993
      -47.560642552401347       34.266700146052798      -15.473610722394591       -5.639337913633062       78.636692131732971
      149.388203326940982      -38.816522855382750       21.189552057867456      -65.593045338127880       90.462268472580178
      -22.625407265857280       -4.826701325034921      -64.630191011605930      -33.363999263530950     -150.376645688257014
      128.862063931499137       -2.749688324537851       90.090704982022757      -31.026672458459082      -40.723525930781314
     -109.987592548170682       69.910224981477697       77.025297786811649      -19.363326123174208      120.307261425911037
      -56.452901694739467       20.988668526929956       20.350980292216278      -53.131270655406169     -111.951569576761727
       15.313557381315425       26.767832241825715      251.757942795580817      -78.524129031102362       80.825520822719739
      -59.065958442485226       11.174531791240328      -65.224232015221574      -33.542264861955196       78.064325006190160
     -116.707881379941114       44.461391682537801      129.149328322177496      -13.501002390192880      -44.070240494183970
      -71.863211375536565       21.997550822021520      -80.165108515309356      -24.037242677626079      -11.632853342241278
      -85.652545305964679      -39.577851351948979       41.919213011419181        7.889047487641813      -29.892172262762745
       72.665688546474229       -9.570769001887978     -183.292022265442853       45.947949513937360      -44.052150309246827
       -1.421783985993602       11.974288220641442       36.180751249060158       16.482351145500019      -40.135800315274480
        4.004982840048382      -51.085670220571501       64.612493177569135      -10.430704266444147      138.814576694429689
       75.376291119678299      -29.479873064059671       75.151855661866094      -43.705994023589611      -45.989479655750152
      -84.717815010254753       87.259685706104179       11.783988656115268       35.971853752545186      -82.686546277432626
       -4.296576850534100       25.231241556531291      -52.287214728543020       35.153070297196848       -5.465609748323207
      -17.221269433001726      -16.065291299157160      202.802093779549807      -87.232190224574623      -89.789136210675565
      -35.704309021888086      -24.474888551199914     -103.296422813618065      123.003839479291798      -31.036511037146685
      -54.796725854205384        5.520742498144871     -154.011095189797174       27.942849781648402       74.297548758370681
       -3.193662111926075        9.215054361629702      162.096347397537357       28.041158256209311       21.964811891859632
       26.088788346679301      -56.125442742666344       59.257422493502816       25.534385812948152        1.609570365636620
      -30.628837294641972       81.978957609517963      -89.893070811197646       74.093861621717977      -78.454982644961262
      -21.808034707051263      -19.784997213019221       75.950615245779375      -58.560835691415171       -1.265156615090606
      -92.245834161350302       69.982503969080838       23.942693813936810        8.574087104509680       59.519246034867628
        4.416316342540735       11.806529912211200      124.524076836998688      -45.016157339477957      -66.292061727424070
       96.557965390635388     -134.410394263893664        5.773526435492141      -73.835052728013352      109.566133952685462
     -137.017325671410589       13.500575330145370       50.312882862484031       -2.638603423902046      -69.964658427078575
      -11.219121243234039      -28.063955883399213     -100.365442983903222      -19.469018869664158      177.109332953831881
       84.106755096845291        1.273810116648237      -42.239176516917894       16.396996434639579       -7.276721008285643
       27.810912362285130      -22.691723736861032      201.958681642342043        2.001199305764271      -30.023134788915261
      -27.267381089231659       23.583352654324777     -102.823366435022677       44.395722361689749       88.063188001164249
      -40.314162265495447      -24.233266087292051      -69.266765723114219       -3.603414124908141       -3.466055364785686
       80.765281566713156       19.980676359822425     -106.027193426287738      -27.047638099027225       71.797793721868857
      -13.196747755088801      -57.859290489855780       -9.291843406485970      108.866631374192536       -3.090237613111525
      -28.993228142848711      -13.919423677290576      -54.135544790786930        6.936310552994180     -107.143524061463211
      134.728136048992269       -8.585590732783457      -55.611235541787138       52.240951840461413      -24.092009954722418
       56.544984753695850      -25.154694401698734       14.258265433973534      -51.609879194027826      -80.249312787918001
       18.999268428150366      -26.963045351441348       74.911745049441251      -78.260585285962193      -19.460065260971088
      -33.985673145282583       28.726025256007276      -50.093133984981399       84.876738583465382      -33.353917874949772
      -13.718814138655766     -125.023611986694021       97.082816172750597      -36.928016200046287       69.249323622825884
      -55.821711370682976        2.171545266015007      -41.849662189565358       10.314331387868531      -40.591410542814167
       30.698701891195761       11.051779778356945        4.797624647851134        3.480577197153412     -161.732873154457053
       65.897795388415929       32.365726527121119       -6.708618562818430      -35.158304620181930       35.293712210096963
      -42.791201898871819        5.652622465104896      -84.172965128391596       66.008714459261498       -8.697121715427427
      -28.136138818173499      -48.241011507855774        9.155351742714229       56.266933981976671       47.007207193877392
      140.416481913575751      -10.882646538138667       -9.745743352263368       14.166672954813693       -9.396586301731979
       -3.804867317987576        8.320401977039895        1.495558598303751       -0.846693435138184       73.614250283705232
       49.000292419016823       17.184247329316086      -27.258344358265674      -13.376018589542657       68.962781431412324
       66.456195031571667      -40.811635857601388      -54.877815920362785       44.988341896455232      -67.057759370049112
       31.680756610092978       25.050062631444707      119.476935504016339       41.732210538391826       36.423771968275645
      -11.958304106813896      -16.828132973956915       11.654521927866417       -4.651550158593059      -26.754925457249609
      -80.058780142128512       -0.935945561463245       35.949388359318057       38.606499971632402       29.959030356372214
        3.744373510828488       18.740794078686932     -176.515162078753974       72.184182441353784       57.562017929333635
       -3.829870893566342       44.162587006865202      138.939266783484840      -86.861711230276583      -54.250297543179308
     -168.610172900681391      -22.372698283604542      121.204532644188575      -71.046923369165668      -66.010115977228622
      127.832107530526741      -55.638936610040901      -16.651221687397452       13.407158357351459       91.657187625844415
      114.436211929257453        4.115566896093765       82.943639233261578      -33.704981292284970       -3.471374629901152
      -59.809652856975546       -6.676860997706426       61.952706295022672      -42.511957772726362       30.783853416457220
      -80.388468298998447       12.779239921054110       90.117868157855753      -95.842204686238333      116.652281472273742
      114.894484239313911       51.061430979160164      -15.876362740584316      -90.753273652281010      -33.541548590286936
       80.040981817055112      -10.872902322833960       84.820314492103250      -28.777173327144492      -15.769433007157769
      -14.364552664659449      -78.498715417640227      -61.221979465658826       34.718404686697504       60.694832228589753
      -42.957161010541483       60.294817569266662     -156.403072855860501       68.807127174818618       23.424889678662986
     -100.031342789627885       49.443843083607348      149.939381442266694      -25.339550638472918      -72.966615243951523
      -37.965363829377004       -4.951065473578084      -64.685650846186718       29.529719680319914      132.458503268309471
       10.896968766597956       35.616460280922709      141.542366834834070      -39.388561282742948      124.850088559621568
       -5.771784045817328      -46.367143342037309     -110.664635193528326       18.553861261400829     -156.917486173659285
      -26.525095150294753      -15.495573338729860      -15.373407284747545        5.981781042718310      -23.526278631917265
       44.401647404414348        5.823559925387423       22.594621331519555      -10.253390101228021      -12.019697981850987
      -70.992465922872412       25.626771064544766       12.886487061094655       56.667591875529460       13.150253931206485
      -94.954818503473589      -37.059862254978327      -98.689544653920464       62.070463722066563      220.363036693417286
      111.582299445679979      -15.648481352244058      -47.113747983560444        3.588906684498617      -28.211584496034625
       -4.120667515039202      -48.282394696154832       42.791498291261668      -81.188700119063199      -52.338739291494967
       -8.786178735307349       -0.450295988149653       40.712768095945592       10.615923913954598      -35.031392314113951
      116.290668889485403      -35.619096963659231      -84.149148263037048      -99.267372776149273      -27.251888358609985
      -46.053800153360847      -14.761507109567381      202.745622649913912       10.157883463979113      -22.653837427604383
       79.126532784084347       37.942593941346544      -40.013374974333928      -40.662459039917792      -18.174289931744926
      154.742415796171485       -4.025148027099068      120.121485878253651       23.716148349025698       19.699948173340310
      -92.972667158928189      -36.148473444863043      -21.713127467505494       -7.429259251430631       88.596975221437702
        0.330311643853069       20.345627009451729       37.104000725728021      -10.441087032195272      -92.235346691290914
       99.464352607747401      -97.130098252905398      -86.700010854361764      -40.793755596512852      -86.165248432897300
      -22.105803170088944       29.707081200304987       43.100317150265617        2.090898019203081     -131.315500556758735
     -180.163166880247616       60.911747079686350       14.801663193618319      -26.423100189272031       38.058555398500744
     -104.297521914818134        4.451160628708432       61.196329554308569      -51.644079360658900       48.130024627594125
      151.164427784648979      -59.170466803092395       11.148541888334028       -2.794074362931596      -70.905622446358720
       30.798167590598979       30.205244570098763      -87.044017444325149       -3.053914175662651       73.477508176983321
      -40.888615883403013       -9.423452514801658      154.103115416155305      -39.960921501691658      -16.225464679292131
      120.359249512753550       -3.587971790545755     -181.163930985394529       34.990334014275156       11.032532924295907
     -152.114927021480014       54.899934889910931       30.341377880251240      -33.322032287455876       50.328108117339283
      -48.689890016365915       23.187069975532179      -46.450020793436281      -28.193798341426792       -0.432333321028594
      -73.784526227265886       16.531833620581338      -92.758809166809385        4.710091039469588       -6.062866443776998
       18.428103221488932      -16.996593547963059        4.756506396764954       16.755295919756531       83.508182119934872
       87.858646702606606      -87.924845011296227      -72.049323854695132       23.666188552171530      -96.147803918780468
       93.118189641511151      -70.838693151480072      -17.632494991032246       56.225993037591280        7.693723461422918
       80.248778827991003       -2.459545780252144      -65.886078624832692       -9.355400734364460        4.158931306134744
     -232.504734177050352        8.633548329612550       40.085434135226954      -30.865500948936774      -50.309354979973072
      -17.053129604969190        3.328410715357562     -107.832336405099781       43.092793203250466     -143.502272155477129
       26.281817272059786      -34.511106622609660      -21.002395896517516       22.692382708327827       71.435849623030236
      -73.673400383123806       57.888963850682750      -80.131666510794943       34.642979806275868     -144.439891650319680
       -6.045825278810478        6.397243625283430       73.320781318483895      -60.223647196415861      -25.231067380576114
      119.855955538317090       -0.531026943868212       29.528923867082405      -34.720457774092893       67.128825160044727
       14.647324981191939      -38.616809619020522       84.787046936128689       -6.876626259934561      140.432503414256104
      134.127735229856341       -3.809132749129714     -174.252998424867684      -50.326132719780048       32.771665900893552
      -73.911806144524988      -35.707543232095844      -34.355010984390738      -22.150999679412315     -121.902260092015851
     -141.758239037254782       72.807357240838229       35.680673885528947       27.853305050123954       74.380450552903156
      -38.672491320207030       65.874902724025844       69.610066881274705        2.714931066399341     -125.954759335019446
     -177.758294850324887       12.429343519933573      147.764311232549971     -100.590721575101028      -10.276765992285133
       71.056699510466530       26.585836071520632      -15.607802971188518       11.134029205341088      -49.839617522619633
        5.767908534207968      -93.255488422109067       11.895086004326496       31.477694427854544      -76.731780603149943
      120.299642128421624      -19.091508908227567       -6.052642645923900      -24.545835111878329       37.649006100008528
       64.826162939924586      -96.544145045051920       33.684489111852862       -0.819985734221740     -110.812975206763412
      -75.390234484606367       -1.158102765606586       -6.138811014100475      -24.442665968435833      185.394008806068399
       51.377231478730479      -15.010055770635708     -116.520897441516510        0.359851505945944       11.924189921051266
       -4.034754016477875       35.187509277297217      -26.020995853845029        0.475630520560278       34.502451191165164
      -58.833059914525371        1.148252036832390      131.190435837109220      -67.544541632971033      -80.815380860559998
      -30.392773256942899       76.669035102198066       14.047184219040378       -2.281817563622224     -166.448027069471607
      -52.350418205567870       14.323178030151771      -59.573996945108277        3.651022412010382      151.439075739733710
      -20.053086457156539       -0.654580657118792       42.283170234809383       78.286782215007833     -129.490172016332792
        2.318276469356424       33.073406761584842       50.872719610232210      -27.763291068127810       62.809191163724563
      120.529043914878983      -76.420978786953214     -100.858021355511070        5.735405062191520      -34.193924013993069
      148.561185003495609      -29.972658951989679      112.229666536456477      -38.301277498517493       14.258849954397355
      -64.013918249697682      -29.170716296507688      -19.327861943924461       15.130659055757377       86.326445754450916
       51.893656415046280       14.089782777912948      219.364594794205459      -46.959444992251427       70.735004374278759
       38.522264743613007       49.002607144957636      -95.400135152188113       -4.145904171901417       60.319033411283783
       43.618194924720164      -35.438169484782961      -24.467641896740190        1.686692158457962      -62.548806357389218
       95.549889286573730      -13.331086806947258      -16.483739881959192      -16.693983359010677      -65.303032567332821
      165.706897667423277      -34.586642193407755       41.375095088185937      -23.994415055169384       89.866909791455441
      -85.372318703573143       44.742920783190378       -9.823709774564456      -12.780265803252451      -66.133030087327839
      -97.851600159670127       38.161948166818668       85.978524340476497       46.372201583101720      -27.802254073368594
      140.535369624708750       -6.788440884097628      -69.527026780627352       12.406715191899925       34.188464010615391
      -30.875333136523032       12.779662707932497       90.236406802160758      -13.800984631296915       58.108320587583549
      -30.004574440873050      -18.421264633613877      -91.662302972419681       51.454121445428243      -39.720830775280724
      -96.236005280740628        7.300481877192373       19.335633943102206       28.128772041465009       10.706811827662614
      117.078402483481554       -8.906570241920075       -8.799180838505711      -57.424108316289797       51.890273159348645
      -96.930181650257921      -42.541369484938215       31.610240937898855        6.531471257260803      -71.424407250078417
       80.453125791742437       39.861544391816409      176.150429883295288        1.231749557683461        6.476420413854241
     -160.413619497916329       23.188080220519737       64.857391785079258      -46.722648548858594     -118.557487908598375
      116.656589304801898      -11.441470122641817      -42.533553370383807        3.694119691959015        5.192915990591994
      -59.861044091830102      -19.168262870764035       14.983134175199872       13.337074647686435       25.599600289300994
      -56.432808928471559      -10.235064969117383     -242.749000949962465       40.035437545621946       60.615463851004279
       36.638669532323732      -25.060722113931291      257.125803859321593       -4.709726712309870     -130.315749824652784
       87.645543781952057       54.139327147001332     -113.697927083490782      -38.290139850391775        7.692960562217444
      -21.462549732301866      -81.824689449205735       41.982011565891113      -31.316198821262500      -25.551827368959255
        2.629374383994183       59.037274985508859       86.354046963675003       14.305127232519919       90.116652358957026
       16.238621611469288       25.054911869460426      -39.901479954257951       27.021812578880890      183.335810672387680
       78.161402806664071      -59.303133941917530      -91.116764290065774       16.570823264687359     -145.932719337266093
      116.441000107197226      -75.696283023431661       13.334436721816095       -8.527420948821426      113.381063926754820
       37.810707895624446       72.395640974367737      -19.672674896061345       64.847843251477897      109.969248802480493
       64.772316231959181      -30.450632460315706       31.080333338348574      -26.351331551382085      -93.752151913311423
      -27.777714483460702       15.141391584972306     -186.912730968655382       45.779667375695922      139.282981663481394
      -36.737662122976538       59.108122324754312      -16.485601693030663       -7.805508485255084      -85.441979422292604
      -67.131210484592373      128.101828759548937      146.701196686313466      -64.349120252864452       56.743852989967046
       16.744373700882047      -38.484996599496647      -75.954807255336704        0.996376662110554     -173.789878753554234
      171.374643635333399      -31.328910051016763       74.805841775062220      -29.871988811708409      205.297893849872253
      173.530260358271136      -61.748751692070130     -124.439229079472014       90.753729705442836      -45.135211541595197
      -90.972325596840207       16.079035482981556       66.786413251531684       -3.279813998060482       46.606345161958600
       63.197969042097739       42.046073651551751      -34.246089299200328        0.689162687881784     -190.234010544462990
       77.599361449243872      -72.512835747494790       41.250142900589857      -29.904549425875750       58.148804268416193
        7.789432829623355       -7.779496355992289      -82.756206680644283       35.016638096262540       42.154271911965772
      111.399054122797210      -72.039245273160390      -13.379295672077594       39.625835304124983       27.663536089022156
      -71.197227653150151      -39.033593124195917      -10.429191824090831       72.725551771035725      -85.123546020937397
       73.326310985269473      -27.923018866276188       92.157987377182977      -35.720660666647042     -126.588677960602524
       69.291286589056966      -46.282714303014799       54.463910081190456     -109.828251414949619       50.963045250854229
     -110.533304229196418       35.523889671195057     -101.914805185733186       42.415126656856209      -49.895128334967048
      -15.222708409587334       22.498434933541329     -207.187502035204631        9.553355968930827       34.371528751428222
       57.053388863650802      -26.196567089892916       77.519993853070787      -36.975070387756055      -95.510834111778024
     -161.860085144530530      -22.747018915557543      165.615701021250544      -18.770933361562715       24.655163115870788
      158.959563782400181        5.993093330503289      -10.887480981791851       18.503353611126769      127.567849847944728
      -51.858923877843587      -18.337636795180980       68.023463822054694      -10.316180774962799       73.238536626292344
     -133.641020431225570       19.395097457248003     -129.696480974054708       44.707306153263836      -14.228762862279073
      -51.055693047132891       45.637341570423665      208.186179569495238      -15.029071319472148      118.605015528378615
     -178.492766627468427       13.246018823861046      -75.952129802671593       12.348999691413836     -120.354096828983799
       64.122271142350129      -36.660793482816253      -12.350048756708841       78.068751464886574       44.850004779241388
      -66.623861325947701       24.647401575428585       17.717473651802340      -76.306380186896547     -102.819038553966976
        1.300694624620756       34.513840751554618      -25.177691743115442      -59.839904199942907       79.152304903979740
      153.064912936255695       -7.578974004176607       33.693096232068214       -2.557613723587748      -82.555845324081815
      -36.355874635394812       70.576710321835677     -108.297622962486031       30.879596775818367      227.986800895653857
       83.971321402730055       11.139084082736712       44.083679694694851      -22.476144430631248      -25.860778644404562
       11.333951041258223       75.236312639932876      -79.978811700423407       25.892911471890237      -33.462495261759202
      155.816607983126346      -66.207040129845467       -0.160454187938189       12.791116288085943      119.570088524808924
      -71.212277590413152      -59.349942966086338       17.992231314098703       -0.120589244792409      -17.545086159873087
       -2.746027430033850       -5.136521644925305      163.435224997047783      -52.363879269891136     -224.276620150637399
       28.522863515979186      -18.769756821986395      115.422741647052760        6.642626069197298      233.803603982511959
      -19.400357419303344       42.294950278400115      -58.289910839834839       18.973703101282666      -57.646058788445991
       48.181118595538983      -54.951250487456647       61.667941378784462      -54.112060165629948      -42.345804112885837
      -17.362535781683007       22.625590345451524       17.851154992852912        2.786215936092762       12.918478938183508
      -50.462184013423879      -26.401035365651932      -68.815035398906303       41.689032455741533       40.461755458560440
      -86.931358714454660        9.931052099753044       77.203493540048086       41.828643960557194       47.927432584406361
       68.332490592638990      -21.514226947551101      110.069642368544365        1.094969526992996      -40.154128148448422
       -6.597219701248309       11.220035877269691      -77.692206921738517       26.357628230260875       19.506817553969675
       55.421435080567612      -49.569878613745843      -35.567553082028873      -15.046133262619801       13.601219112643944
       58.156707774439560      -33.992576755764432       34.784000340981279      -14.926303709353226     -116.925271681339296
     -111.060930766818799        9.961127519656882       40.128151186867250       23.744496928731376      -28.460213683000408
       51.156965786744685       57.051415393412114       -9.360331744320874      -32.152918075666570       72.227811911685336
      -95.166000666975549      -20.682802396590358       -9.444606063301553       -1.859526243202313      -33.133134212894610
       55.771827261139940       27.099496087258629     -152.178250023347942       46.322632761292077      195.286015764301226
      -95.225421360465987       54.678124504867029       23.277571656902801      -38.823548572502531       97.961137734173136
      -30.317768128141854       -3.845438129313719      -95.583660454793275       19.648744954583421      -92.811370329094203
       -2.050592023768462      -52.661131845064979      -18.042376917746918      -14.720118616131787       70.844212821792453
      134.098311867590155      -24.759879669870202       92.875575890352920      -54.596798234793482       13.079429530576389
     -179.754457614291795       46.817986062910997      156.676984032454101      -49.008683420754252       -7.758388181318234
       21.451364993602958       95.975217112393295       55.104967573461934      -20.475172116108823      -60.010708722242967
       62.658835972837281      -34.302386603973574     -141.555520171522033       37.053163130297243      -64.538852373095182
       23.405268832782337      -17.090725295395529       26.265161509252124        3.386083994641228        9.703275924728471
      -15.592547171322563       -7.716473639109831       79.027600116004280      -19.970002406367186       31.111725739011415
       73.086044752389768        9.377603915476268     -139.670200400928593      114.969837455528932     -188.211608542277730
      -91.488981293941478      -11.418642787791473      225.857394614501601      -60.672896136772309       53.205199216232820
      148.240883535212305      -41.173532307220256       -4.986186450896775       53.175956072368670      117.253788096110227
      -19.861874172190404        4.453419251071066      -86.468302754882316       38.419673121298409      -95.919556395783033
       -9.104104166550099        2.154843798811654     -106.756852633156726       21.628361034661996      -49.193940880882494
       13.274405031147783      -55.459793314142033      123.197594471515274      -39.754348339741917       32.416080966108048
      -16.532469685702019      -10.862628645546931       17.937988547261629      -12.380401765878297        9.627573458895794
       -4.889298430813255       28.241689822996698       -3.416533946955763       21.204419198015675      -48.925104372249116
       84.524437027426558       53.233438967862391       83.665812896843491       20.638132265292654      -32.148698805712264
       53.115230430287582       13.972100990276809     -102.994272030759078        2.256140035608392       83.540239298417717
     -185.427938908593262       22.905582173560465        8.916908093996250       17.764299184484621       25.550067533985960
       73.778478460577304       25.197051493430543     -104.704130370331484        8.939621691730583      -84.424600555102742
     -148.353026296376925       41.751049600763302      102.597454085144619       36.152962270847674      114.112306929559352
      154.309557570710240      -43.764053268026053     -141.349493148538414       42.556383376862392       77.046767640221987
      -47.136558170874558      -80.980375651620193       72.893847634400458       -7.681822071382306       -7.389448156178582
       81.513010580022822       24.226636379494160      136.468662037032146      -11.221585227715719       12.755821433475900
      -76.388939086472021       28.984971717086086      -79.810715823686579       19.849327835081279      -49.756482162541495
       35.183042483114143      -67.598223678708308     -118.041196194267826       57.860418543412109        8.813560212531749
      -73.723466089447712        4.780654792575115       69.155709134369332       25.745346780655748     -127.107545023817053
       64.615026579527409      -21.225128570491556       -7.271795300156504       21.521235128520097       94.754377308671266
      -75.168334230632496       -9.790768684144664      -27.834712371371747       42.748804312768172       35.946432919180893
      -80.685201074755199       76.661016754657439      224.030495004019429      -42.966972289721504       73.190925870876029
       54.043993880258597      -33.786367120222430      -45.729219860170090       -0.638270436222549       59.476124747940553
      200.643606394443168     -103.821699368378304     -148.263529794193573       -8.318538989549864      -62.117015278707214
       12.342965054735837      -52.799660030233902      -87.977666703951940       46.326699842458481      -30.816053090303893
      -18.480660915363476       49.589668509053233       30.593154310667042       -2.700917829792836      -69.693742075545117
       90.999804833975361      -66.509507586060224       -9.452784045572459       67.171181316952413      -86.980932440853053
       25.342522378430882      -70.442606268346708       20.427186412949776       19.746427037132541       63.078091739238864
       42.086898760266010       -5.289021784467512      -53.580849996593621       15.621598775883639       50.559216691854040
      -39.456165683345915       51.746237946897629      117.492485629688701       -0.131076116014128       86.732306097843150
       53.800835789664120      -61.817791217014154     -103.895475061750020      -27.071287076828060      -37.559368429986030
       -8.440492196121291      -31.063930571125255       26.497438407564246       -3.233389498881345      -40.084013626835691
     -119.749433979041569       78.507657669569227       40.326552129815134      -12.610340597651005       51.738336708273316
       82.568790981245243       17.820667280529555      -54.915404246894248       77.187962195375889       47.711695165929108
       13.326536085117811       -0.734955544564551      -26.384415598626813       -0.211190262162165       11.615330696590334
       52.891777800231552      -25.502262615551800      -15.046557143638161       -2.821017141500803       -6.605783782414854
       22.157744473669190       10.145443729052239      -20.595303190157878       26.226035337489304      -85.553660554715478
     -189.736454906577421      117.318150514948641      117.581234223092736      -19.569641141805757      144.519405357462375
        8.473955310577256      -61.298636192156671       38.023052570513762      -31.191145354175699       26.776638724700227
       26.341170531929791       26.563097488136151      -67.877383224859557       10.607595578473909     -111.263910434044377
      126.969089832362570        4.495006844203621       35.037216584792226       -5.991219658155700      100.278881538347449
       90.536773533782679      -30.754640999319069      -22.962462697882717       38.638350694090022       -7.593804396302518
      -86.282750763362742       -1.725171939734747       80.832179874754530        3.621558728669147       65.096438939856100
     -146.809301974275940       47.169093787322957     -193.513588049703031        8.938643950890134       60.300333987588779
       29.757674914605165       42.774334115289982     -184.422048219838359        7.380602089145379       28.080384749159965
     -158.380029621138164        7.209713576386449       46.865141390665492       31.097769681918070      -64.954574399235284
       34.619102961520987       22.347363474424839      -38.140803184059230      -18.594693211044554        4.380067162580658
     -147.755733742555094       21.667548212126587       69.721737049151059       -2.792143901206930       96.672073539846025
       86.753905548213822      -10.184576618013731       79.317499271348694      -75.566416228206435     -102.076740657616654
       20.859098109629244       -3.740665055016965       84.058657106971154      -12.807732457641565       -1.836257483544988
      152.487660879571592      -34.739483987608139      -56.072452768329661       50.206697648930920       70.685083117675077
      -96.308853137575866       63.081849935406737      -48.697476208933850       86.706072160589557     -102.692293053781697
      -46.019085651897356       30.407463668020348       54.172189689182041      -76.681595700650590       12.974746753564254
      -69.914354027471433      -23.848596381093124      -45.947400392005946       63.297391805654442     -131.277108734400542
        9.851812699964441       -4.377535709919747        6.861887336952400       50.505326188588576       45.373218711561563
       62.837484254191473       13.945128364611472       90.573683543956804      -40.448285443355985     -123.170375320901528
       -8.121862573640772      -92.655607758197803      -70.557542239789058      -50.450221054244352      149.505618288182745
      -56.755247617185773       -0.935721847092525      -94.487917297425113       32.955991218233407      -13.590872325318427
      -46.205175537985973      -24.882521336191431      203.291572422707731      -42.518524821989665      -34.113532742519915
        0.865770745207680        0.080878150090686      -17.232820437837582       39.734417150032037      100.448508316481352
      -93.684018737319633       92.615134902463566        3.952924009521226       28.167986955660567       98.309252540480131
       41.375229688171650       45.649981002320473      -62.629331750589991       53.563626793758154     -165.776517540154060
       80.066564890391419        1.295566144382933        7.962457249661352       11.203448645238284      156.075156630460270
       44.708651830686094      -29.453300321160267      -99.815686284497744        1.425951882821788     -184.187107832809119
       11.056405569851435       13.993677068132238     -142.746524703267710       14.249118049601293       -7.758223976354224
     -154.927486217048340       37.052798918488044      113.975608905640343      -62.585782247841998      -18.295808424738080
       50.994619913974191      -20.519355563918086       46.807625618214253      -11.017768674174761       11.774951396325573
      -27.597835365367271       18.578304087500204       27.177940351476106      -40.834476033186583        0.094744040833017
      -77.954953336579322        1.979919844361967      -44.157010793252191       11.406795094239166      -23.280468966399557
      -46.177885650770541       51.476402622963690     -177.530612175301513      -19.792514029634503     -132.156027961288146
      -63.560851117889342       18.644899828378833      -84.373943169465747       -2.823059346831547      101.157723295962455
      137.717103073148508      -97.216174690923623      140.841412415940539     -101.166256228652188      -17.560957261061095
     -127.044446559145939       61.689375759350256      -22.020405117329151       16.625604491849138       -1.929347700478258
       -6.830943121391108        2.015919623142323      -95.133137185142814       44.951192521868862       22.060592068117984
      -93.301298188601990      -10.870605608279861     -112.922163659022715       31.000879600707002       32.221815486246236
      178.503171484778164      -57.783829741383165       36.063966741409487       37.745886644504473       88.139689224424913
      -26.600721215040860       22.889922341796801     -115.362171242697983       48.196206056140518     -143.839677187129240
      -34.112163164969019       46.660457600555659       95.645519793661435       -8.228106553405778       23.313899579584035
      -80.242144029122073      -68.367029724371250       13.036358697910320      -55.098091721692668     -107.406243925057908
      108.334152893149835      -26.719174140653958       -2.052275997888129       57.785256477084509      123.546560443895288
     -104.407538029792505       45.461725082949357       96.393138868217676      -67.643528145717283       -3.730311377690330
       84.619134619206392      -45.666552223243691      -37.359849105243974      -17.371402068896760       29.564593729336103
      -11.680439070519359       15.281594801786769      -77.274095845428960       52.894231786113345       54.136032428219629
      -19.743628935448580      -16.739650566255566      115.459216295903374      -17.596470573634111      -22.063285292613660
       62.087494895816157      -17.171330841768210       -7.908919620030805       -1.002813778618529      -11.070092707528341
        3.196573007344182      -14.393774691134162       68.314606825921572      -70.208916405964871      -87.915184904202548
       60.318149854012262      -27.759965750104204      -80.867709649575659       35.301792781623689      101.611542870959624
      -93.261333000013366       25.951808752158598       -2.814513193674788      -25.143686455595621       33.894001455621584
     -129.747181188734743        8.110433385710106      -22.433696458904876      -93.853076727840374      -38.026355440980133
      -59.945370501833565      -60.894591209258003        4.577424065914773      -71.064910133951031       16.953064153494449
      -45.781003504833940       -2.162417226544936      -41.602410351905569       61.692101252176151        6.253494690986228
      -49.705875242479941       36.272831305585967      -50.532361695066548       33.769730668462266       39.873399830177455
       80.550873160803448      -40.946084607844689       -3.211308065891886       47.206456492966758       -5.832213417946673
       46.619644326677630       11.374944348276106      -50.671582411973333       46.473691214223088       36.467975546787386
       31.591776170102072      -50.801168386010445      -69.554357573457480       32.570263691997624      -78.917004482859795
      -37.313023962117036       30.840680913570775       30.249993031460750       47.660701781969507      -72.815489223664059
      -25.754478813328106      -17.609286614976565      -11.725101297122713      -55.169543221599781      -23.530648433005428
       70.015874304532289       28.049281552117250      -45.076646318296376       16.506151461211950       19.393569206750335
      -68.862965057172033      -37.919912971780398      180.913123217184875      -80.517280291837906      -44.611935472425479
     -146.334558441771236       18.455568775034511     -114.995218024890619       48.421308392950976       53.161976965373235
       16.212451934652353       63.706549863409222      -82.675669233331803        8.612202842258704       48.280459979775316
       -3.370914706526967       26.367346274452157       48.666669737644369      -23.874349000973677      -20.921597721666693
       32.452032631896643       -3.927136653644954      192.831102614434656      -70.395767747242800       -2.530116359408271
     -110.742903505018177       61.184458809476823      -16.828735456427165       24.548172637381910      -74.406144655196826
       16.811677621013235       34.139000557204547       26.707889531389956      -18.287761209132920       48.419039511800307
        0.740468250269087       13.492333044859798      -26.084223586953826       11.714524220041369      -25.404031361793891
      -16.137586357680394      -42.798481488884732      222.545195775535547      -61.005499439537324      126.440171950871616
       33.648266351340162      -11.112922103006923     -125.515155153099926        7.139074165559376      123.865702508280734
     -111.419818430820143       -0.295441182578993        4.315473331581638       89.878462035315465      -83.784812440898577
      127.188729133520397      -42.840701608662357     -159.918425282570695      -46.383782596955918       62.835309664013955
       41.359835323666580       -5.181343937364542       45.195040952153143       26.631008322052029      -67.692548817874410
       96.758099159200370       10.099062018070308       33.953435430104484       28.067594767395022       95.273026831302801
      -43.299416345260241       41.014843168433501      -82.088888342534489       33.014339778888186      -18.790755388625811
      -26.145106081806762        5.358173232503297     -118.173801878423561       57.707355605784983       23.144089995174770
      -74.081083063043579       37.796325411488290       -0.602968016119903       45.536528920671181       96.210065882039913
       56.071191209901436      -55.364561988508463     -124.278875072195504       -5.495408395304194      -34.424416773929032
      110.795733918856158        4.448437170015424      157.446834176676703      -18.366234391464573      -22.433748921355686
       67.529430191145948        9.995732548200255       -8.016845295416472      -24.624773087810393       -1.270113985483551
     -165.400776722047169        9.048121474887237       65.446918849706222      -13.991623786362997      -80.656441315914151
      106.051343548563580      -65.685553751795382      -62.022290983541524       44.624168343551212      -90.749585785887007
      -66.279156543291023       57.347398533227782       30.814590626200282        0.756216920590784       13.084166673486825
     -140.214523035704275      -16.301032882368244      112.493348812847827      -37.830322382612273        9.467625498646838
       46.705309766128131        1.380484237004537      -18.018862504505130       14.836026851873074       56.139472261261183
      -17.210119479682533       27.596663426686870     -106.120742778416101       -8.315677468302523       49.756324395941860
      -31.339802308231846        1.893398164506890       66.092364134866216        2.838697818905340       31.259549077015276
      -97.797932317062802        9.530889045749243      -53.323997442339305       52.305702765495802      -54.195377422348535
       44.966917076639831      -27.594459197037935      -61.089144275658519       53.956574739944053       -2.429508474237597
       74.243969214112838      -87.060067117479988      119.254421778670576      -40.934569817439595      112.356078663314662
       83.922505642136031       39.159373763684698       90.933044627774805      -34.308635351528814       50.867774843009634
       -2.716141957565839       10.024503423047305      -92.685112347247966      106.316168482097041       17.079951773381950
      -22.753200812453450       13.537174150464832      161.368001648640359      -60.522953789961846      -12.384519595077375
      -90.831694174630769       28.509073958894717       69.084707725892656       41.836655771538993      -52.105393677471582
       12.138557177967325       26.731827346196344      -82.587312878267056        2.904405863438703       29.134706030041080
       24.408713406131472       -9.563103298187837      -63.677545150452666       28.192013286340696      -33.356044335032216
       27.341211111385924       47.284132994232422       -7.362445991721966       28.348114120291410      101.361796016845446
       -9.473621249081232       -6.345921380331556      -97.320155337177425       60.635350617301647       14.028846491043092
       74.533475335237341      -58.705202945176474       93.666525500294071       13.747385000977687      -21.142941717526856
      146.575167901538123       17.810320662609932      -77.009370164484963       -1.740996729886575       49.531033027187213
     -265.129282275696369       88.038009532588376       11.057590148607495       -1.972102741802343       46.224078405907257
      -28.139248137516653       -3.596458002007366       12.204378995649504       17.078953618248409      -24.266212084939852
       -0.010734877621648       -2.700813710685822      -89.267371185115593      -31.939224386932381      -33.145475296356253
       21.937588536715889      -40.956720737789617       40.299988428761097      -30.612136251678923      158.631176435455075
      121.282732309583508      -61.778075202104624       69.435632968187790       20.009950230556058      -31.137393564684594
       54.165908341232367      -19.704670774462322      -46.400900716751806       60.068854709816705       57.717864494662358
      -95.960242402429472       35.584822494436594     -109.074709311207329       22.938038777570846      -41.020781013723344
       14.708570949112838      -22.774748693499841     -148.299714006503024       -3.356106760592299       10.790853405934028
      120.306904154016095      -50.015860531112907      243.931960516221551       14.046573897150076      -52.031585633633462
       18.534959371845815       -3.757168660161119       14.173856665042754      -19.366911894958772      -57.908240389129475
       20.432361615615111       16.644595708569138      135.024953012970997      -72.057347703550619       48.603305362284154
      -66.385663697586054        7.888437770480472      -45.079860451910214       39.575720743919447      -98.670388139131532
       11.364576103849048       34.516928762134071       46.845027777517537       23.292664893301680       81.872840755544360
     -175.190622611042670      -11.573491657711633     -102.800928020666447      -41.629234081021210       10.997236202565347
       -0.154026726962801      -21.151706601808741      -12.836037526498632       41.260629070567020        3.556773618770389
      123.496601993320525       53.067811901932998       24.412691308929251        4.176686981532100       64.568921733619433
      -25.193019384204952      -33.135201082300064       31.390353605755859       39.474133239980823        6.170015968960537
       84.444404740856740      -61.085678035373647       13.064980275683991        7.136066560560867      -20.209207554607087
      -82.251886965552700       20.706346726440749     -263.999656085404752       51.741000071488919     -134.067528921800601
       -9.846587567888632       32.605991785682633      -31.638913422121945      -29.125069111158144       27.359803131518401
       73.063631827950545      -45.302117323090776      -30.090893695523924       57.394844103920029       64.546876894882089
       93.220216599915474      -51.187030719303266       17.056653478197042      -44.435817099868835       25.145780946722510
       58.352874540512225      -16.056688395041100      -60.095154703416661       22.324732043442133       66.471501576124382
       89.314488640773376      -25.176854398154688       -0.977566381692656      -43.011713549362533      -84.466233183145746
      -61.199721143283199       -3.890212862704205     -143.511986704716293       50.931999599312327       -0.830972118780717
      128.235619126071725      -95.392087195137023      -12.846381653595428       19.326226419978330      146.864418793764571
     -107.939741451742336       74.791600876987900       78.045923849237738       14.836505527743972     -168.257093145331652
      126.500777212547064      -79.554438300815420      -29.710849857389888      -70.863058687681971       38.759272999893341
       16.269457278428494       63.942082650211681      105.140405755398376      -59.443679826050456       78.676209070623571
       50.828546307887535        7.376927450909852     -206.560676689881859       80.940618748554783     -123.509581652991017
      143.974599546305939       -4.368849195953187      -69.424311641498647      -30.289705892222834      -91.554136635447804
       78.073239563833084        6.180540110590502       47.649071047208707      -37.233774653157894      -37.804773439609804
      107.036295823172566      -52.824178231127433       55.034217185232620      -33.219180184688796      -34.153191617674530
       32.638231852349001      -62.685209145467219       41.255484534115993        6.211907731403525       97.291799433881835
      117.251299711204481       16.331118811389310     -151.278877999621841       84.373321841271789       25.775356946594687
     -130.918070765129954      -21.308424227104570      -30.096700890699406      -54.826700836235013       39.036919762400537
      -52.817679987992918       45.970809736422900       45.029445299567790       58.972551663132442      -31.210244908082256
       29.236776427133581       42.930887182556056      141.446533162076889      -98.797962318636095       67.374117787312315
      -31.681770077842977       52.225675792113584       40.861246921470631       12.288412672449295      -50.944377991942048
       24.913694718348605      -37.510336381275231        7.022808090366928       -0.174319362727821       -2.994254312674466
     -129.087635560118457        2.166199423201721     -138.493745512717283      -16.165412132170331       63.457119240570293
       -6.417286647006073      -26.778702258091023      -90.080976995140276      -30.932026681708681       60.826386029173662
      158.298092179500060      -44.164098128241072      119.582839173208455      -34.717591207300138     -158.514195727163639
       88.110631085889111      -12.254137515868813     -115.731297174383826       38.050304649185875       72.285850874730102
       -8.550320173280575      -29.666287465100933      -66.743823028462671       33.770389358865543      -39.778220356498913
       31.052427927275723       59.742449660604599       50.411139133785227        4.441135568112587      -68.844001081547773
     -168.597700351221590        9.160886514263490      -46.036561627670594       32.914802455082949     -122.361882948439870
       -7.128645352197437       43.638165752556525      -20.144036413447889       68.362785765534127       -3.958027590453849
       23.346983441109142      -60.493132681041594       10.385072297366944      -33.174572306308406       54.328653803866253
      -24.993397764131981       20.673187960509186      -78.002680408474234       20.852879190837246        9.651844187319504
       47.621854313205013        5.498947585753717      102.744440454242692      -40.941667201368020       47.011025647070134
        9.356774563403684      -33.347320811640074       78.406084547771329      -41.164707785328019       11.858605487328880
      -80.712147697333933       94.802744347948803        8.973398171484071      -61.052928199793449       44.280791882613165
       -1.910962090759997        1.178017785670443       46.586826818632083       16.929251195126490      -51.145469736048277
      -18.098164442819652       28.812209746576137      -36.336335720057150      -13.733568607071271       51.171801536229836
        4.525925400820318       46.576333475058568       92.560035852690547      -64.994362594776007      134.192372916087805
     -118.747891409241461       52.655656164102410      -47.266025578414194       59.698720992658259      137.666031623895805
       88.586656037749790       -2.423613478880095     -123.027390456333137      -20.267283046148886        6.521626974684485
       30.125393304057631       -0.711654953363967      114.618058602104597       21.210278337277725      -56.460846019527970
      -75.633597128485363       22.586769228711763     -203.025102166983402       79.726612563719215      123.557014273917801
       80.953255592517309       66.802318220632884       28.336825796973340       12.763131019542792     -124.002738596047081
       65.097140268110081      -58.999075586810683       83.739439854098165      -33.049255226377973       77.997097309503360
     -182.348100509044286       11.825374803474984      -98.652664115474593       91.484389955715002     -106.723700096161537
      112.309993282058741      -21.671305794134810       37.387155328689111      -45.865241324817248      -43.258779139161646
      -98.248132425556037        9.086925127028701      178.539955906067348      -46.114132401465483      -78.950081941365752
       35.427827882374849       -5.327499430817097       69.593144042117061       45.870743408127453       62.560225571724530
        5.111170115054985       19.653634229642286     -137.069947788395893       90.221520358025344       52.802860483578293
      -21.095395586909301       -2.845768978491214     -224.519839396323164       41.974854917489175      109.590235866126960
      -21.641354334134377       52.364199598459003      -82.113594768867117      -68.615238305052401     -163.690373502444970
      -68.907056017935233       30.795579309767870      -12.252031382177476       48.576026047153981       77.908630810465837
      -35.112839047440062       -0.243922584929629      119.402384991070974      -11.677544256393556      -26.588283832761441
      -41.740415369914082       82.736997450576638      -75.838018369870852       27.764726116203047      -52.013099538145433
      -52.875733411358958        8.783943789787557       52.302393921947839      -28.369969756252761       19.602328139606289
       55.167875930764609       -4.469323903542204      103.177354574754688      -25.549036387441820       49.476823130861838
      -84.291777410157763       15.427504027807609     -116.999462819522250       17.430311667590072      -42.939334551590143
      121.784566549637347      -97.923484126432200      128.162048944421201       46.772944741858225        3.708068813112267
       90.541034937291826       25.835134131718778     -110.751119369269333       35.771262543451066      147.126558921616407
      -69.283308982680836       43.558488993192604      -22.805080447187137       32.301544034731627       43.516112171443808
       30.041677971114421        7.828880614900037       57.234216009524111       39.856969805067337     -148.949025854156417
       67.115472903797098      -32.210409288951695      -58.284135410040463      -66.200241789010505      -10.443696423222370
      -21.809380529314588      -63.264341619436436      -48.487032059863935       32.108452963236410       12.350415517634831
       43.578607913960745       48.256713783766799      -17.919050611613390       60.235831504253142      -49.942130869238511
      -23.339074610014020      -17.748937342910370      -14.046788534266330       37.602684487177768      -12.854028718061130
       88.869175759970034       32.881732235068398       -2.243543954290702       26.339025417678702      170.066249661528843
     -115.531660085397547        3.919649118283036      -20.893396788017899       -8.431241975617384     -126.522216350910966
     -195.394956828992434       37.435569451626435       52.460455548418928        2.593898850064619       50.658794897422702
      168.840352658567156      -46.546329743328954     -143.560632793809589      -13.353048076072092      129.154056692202090
     -129.445309997318532       65.972336990631490      106.354324734559043      -29.968222885115207      -42.171641146913224
      113.362368855361510       35.774493210573965       18.932248507963273       40.728859572270473      -94.583665830151560
      111.574221993113085      -21.316447265011032       36.288876194016090       -1.491757478057242        2.364855434569872
      106.643389089413233        0.335039809763183      -94.319668837789649       23.303648636565509       34.879509825317292
      -64.353968865175375        1.236358160025492       67.565824531037322       10.073493126803646       14.647028535889241
       41.435457453354488        3.620276340589653      116.032354062776335      -62.984349248171789       82.565786509218825
      -69.755182693090248       38.891892270796689      -34.424403215292443       -9.267042589116043       18.571014706250313
      -21.600766359050461        6.192205353385147      158.585835014682146      -35.202622501076931      -54.311482002745343
      -49.993967562519344        5.163484567670412      -43.744749658119467       39.708732955023180      -15.309072602228674
      -72.449538135089455       -3.666898997335071      -93.191435533501959       70.825255853485430      -78.770880735867721
       77.752071634631420      -39.234581939514527      -17.035850749315369       10.921120944300739       14.673860817902582
        6.873067731023781       19.751054531945922       -7.836794064107474      -16.479920665605732       56.352204163069985
       34.267492577160915      -17.923374851378579      -52.383683048406731       -8.841935009611602       39.139169766154815
        0.716781730247099       73.595630217240583      173.740231384035070      -22.103136624502959       71.737182999782632
      -35.623503773075555       78.856595911213134      127.601295436738610      -31.862261586792595       99.323646157435078
      -70.383763670650836      -90.922306474439765      -48.980963857421777       -2.958767050263196      -45.978048919189355
      -56.189904080713220       13.791964301574023       37.201629514595545      -24.648511723968682       13.210407183571299
       99.066535337810564      -77.728628816888431        1.288079479778813       40.906789453806162     -105.204387711541074
       80.024561107226845      -12.934343859183945       45.545492866346244      -50.310860455740901      -13.361985089590000
        0.536773770735361       -8.882430677500560     -155.195181816097715       71.582783183667573       15.348465700884294
      108.780021547222844        2.911852582955071      196.114204864044439        5.730693352133518      -41.722521483085991
      104.916701605846669      -65.404347229030179      -61.551955088011404      -17.365596174125660       65.561620069767997
      139.505564222149559      -76.366808973585577     -186.547077684534969       23.728052943158445      -50.972948035807661
     -134.144339807152903       38.790096925144624       64.238307364793926      -20.993612917048914       51.974764068646657
      -21.882400975759257       -5.572609614426570     -158.020566970183211       73.812535711403470       41.176185399640815
       42.729335750207966      -51.414477486840099     -111.446631101759948       31.068384354383230      -42.600536022666624
       -1.841121301651304       31.708633948261355      -68.273426027162273       30.491962425474131      -68.821174274740613
     -167.006332649202960       21.197728776598250      -20.748772760224885      -65.795862913242544      -75.551894034208075
      105.615228116757422      -36.120461939963121      129.424253164892008      -28.509112718424522      -42.983719143964535
       79.050514758041743      -80.960148930118834        5.743815013470585       -0.637387864985045     -178.623412024489738
      -17.048125330975598       -4.948002783734278       54.997200669837909      -17.104689334731653      156.416564427823999
        9.467354229076458       55.337448084829482      -42.731562506277641       41.405995148791853      -68.856085699755013
      158.175225793111991      -60.049995405400573       85.049659879389139      -54.977697370985226      245.191958488560687
       60.501169914502121      -33.859891822818724       62.099027890677888        5.648937467544529     -202.040438993946253
       52.232800594097668      -26.893418004178976     -145.319157981565496       27.006558247636189      -26.405507392456297
       43.768666949673140       39.188902018748557      232.747419456075448       11.313407455792653       15.316133689506380
      -48.527033553547362      -49.254583048236952       41.266871408368864      -35.210870792897019       11.138521643564687
     -125.073502942543143       83.592546346316624       95.313639613414693      -72.954518977873022       50.782267096557554
      -57.930668741749741      -21.163634424130709     -118.489051384288246       -3.757334101995615       71.794491341978102
       89.657565376016308       25.185369926015113     -138.697229694776041       75.635698017050842     -132.480782957290671
       28.443942650553616      -24.336261548524039      177.020675822379076      -30.782546349168978      -89.793567270913087
      -75.326158487222102       10.269901046294715       16.601934685241822      -98.769668885440950      202.310863022322025
       -1.066317843407383      -12.666728236398885       77.361971483786945       46.275414072738812       65.162577030848112
       40.385185033139393      -39.706672734025418     -115.198197002511478       -4.917533767052555      -85.804322382998961
      -62.143914223800529       27.965032806689916      115.277954130167060       -0.052883983634323       28.641208399326146
      -90.577571347367581       79.730615945279681       62.513546581857135       25.741684654394700        6.271434028403242
      106.153091915312615       27.009099171696011      -95.438153621597252       48.359828582205061      -43.625329485586633
     -107.597098888853935      -29.534275478178092       58.719852823353875      -27.773108108354894      -37.530147101743374
      100.976245343914485      -30.018553469896698       60.080839840956926       54.643777632797367      132.084138454679618
      -89.757167156155575       46.127586295851302       73.388727105970531      -21.031892273090232       84.078698383380086
