        5.828770541993851       63.412478257267978       34.477419881698168       11.579663364163332       36.396998801060192
       82.586253230082320       24.076468031673119      -74.082748617406381       19.225229391583913        3.385239695451205
       67.752505322544621      -21.602685074411433        3.711187559596902       51.445744089329068        5.306129940786562
      -43.670103897807927       12.419272051346109       65.321794927755221      -12.985531956800552       68.015984118104484
      -41.207237113146896      -28.520772197208267     -269.792177515289723       66.472164636313494       59.279161332899108
      -67.620091978038687        3.738447190562779       96.556302017108862      -76.176754409020788      -61.414718594775501
        3.431043435045707      -51.420792121463592       92.882364267098339      -21.594392524530001      -44.942210937695791
       18.244094441961114       -6.763467595403118      -46.129488986718087        4.238308791450356      -64.809388617079208
      -38.236430924219306        4.248892272823737       25.147821777613277      -32.055647880088152      143.317940973490039
      -93.492982731647601      -11.257272348005932     -225.982488629928554       53.284191151270420      -31.056032176903845
       60.042721050389765       14.156833892732207      202.505051331492723       18.002695436530139      142.689612720429494
      -25.270968182399301      -14.114150235780199     -198.851266964244843       60.781063756368489     -109.968303438839470
      -37.996795414751645       11.850140704359484      -24.169900324924640        8.318586982014210      -93.280985945663801
      126.760060490008030      -45.479617525361661       65.079483750805437       -0.444355750804559      127.713678672361752
     -140.299201665816895       16.130620497850334       24.191815010830346      -13.477739457757744      153.498377897694240
      365.761591406131970      -47.421396538637154        0.450135181377340      -51.041018798846153        3.246712861705658
       34.763439662689770      -52.564851340207710       67.242718795816629       38.918102081410275      -54.222502498402285
     -222.961223053608961       30.127998577549850      104.373255185201444      -47.007167780206750       89.931458707551599
       50.055471664303766        1.128619853257228      -47.894095428870152       13.189385113458727      -65.969946712870311
       44.342580291480573      -18.142526761172011      -71.848021319582145      -41.231892080594605      127.013414152309267
       28.706924202397484       45.941015632778679      141.089306902969838      -41.443410368082020      -80.844108005808522
       -5.787213009105919       -4.304733504647189       35.946727831962654       33.153458936948645       60.660466648732829
      -54.033300720263547       -4.178532639380419      -32.956532410788526        1.805029122874473       10.459301005990321
      -53.063842079529252        1.895456129566095       53.737918401859332       35.909338892457967      117.736595592155368
       31.080290843409969        9.357681934278698       11.223127363398348      -22.182859308072331     -130.876476651171174
      111.909465382893799      -40.496906858229742     -164.330757599813410       23.341697484161042       34.137434390057450
       88.666549317281209      -29.400204277319681      -83.340374200838482      -27.382841686263315      -39.592833640017126
      -33.789049471700608       26.422261857116290      104.033386027933034       19.794785529894718       75.312922291181962
      153.034612054647084       23.233832255585607       22.898615130913250      -16.070899600715187      -52.739528710925093
      -49.510538352803287      -15.367827061530818      -11.027719530465779       -1.283819328515765      283.128179982121083
       13.936631056284208       85.465223440595310      -83.460946337211411       25.890861182636588      -36.708418210674964
       38.494477438355212       -7.991238524600609       -3.830091375861544      -45.881559778109583     -238.821307116129304
     -111.659584347821905       18.966299011504024     -104.703003072457619       72.030155759146993       64.050256266741300
       66.633462329908141      -22.201433832167282       74.929327971497131       46.312987212081552       95.466759062436097
       44.537709290893716       -1.435300195542962      107.840132197384847      -43.054130297784120      -43.309553801067580
     -106.998789524719072        2.845429389504031     -105.877996261817614       11.467708615605128       -0.062571117634542
      -43.166518809783540       -7.685626879083078       19.631452233779484      -85.898087157755640       -9.778534293151996
       21.816040453754628       -9.491650675394020      -46.219390989009312       45.648562617260090      160.597011526102591
      -41.161768009814637      -10.446790797114945     -111.172070250655210       35.469704247196859      -28.195492416597698
        7.705806858893026       18.684218768056017      -76.502052909186503      -12.354925365223567     -114.505698150515315
      -64.504134367620964       -1.342726632594156      215.171197947427657      -22.685997171516771      -54.620408969892047
      -11.556242029774358       32.710698512929696       -3.091647278542398      -34.645577646105195      145.227562134660758
       15.537603080688658        2.286257480565728      -29.210697450757959       22.801901557154149      -50.945915599359658
      -66.146169979517651       69.511822971567270      -79.643894594813261       18.580836561616774       97.102754261789030
     -109.673402369496742        3.337995229151154      185.532328582332752      -43.490868223001961        3.476876598533019
       15.750409911665118      -24.914955596372810       -0.101372118731450       57.804721624024431       52.012602804762082
      150.614717065759294       44.481052762321369       -5.197365975967070      -33.781161438479387      -94.877341368662741
      -25.640730443610071       -3.066888437913315      -22.552927653534162       -0.615562770880473      100.591436654460637
      124.106110078931010      -11.557789982641088       72.199027661680134       -8.033607775644123       45.897249711994121
       49.531364757516869      -48.393951367368508     -112.791463843534217        1.902669685089352       25.585824855088905
     -211.256319068667835       37.536603480429591       -5.157514915540824       12.699027610050853       75.468141707744095
      -30.291774326431916       13.023616666094661      109.571900714336678       11.582302416714638      -70.846238469721484
        6.076617127236272      -26.265798155773311      -57.618032191540188       43.543676455798874       50.854948090241578
     -186.274517896133602       15.413341787942205       -0.042400507699307       11.501677336184704      145.055403312164884
       55.304118923642932       22.379444024555095      -88.321987793853268       21.433154759969728      -49.450230177939922
      -47.593050304246617       26.604519304495209      -44.460189343672759      -49.234656017638542      -35.383241009912155
      -24.216836239830887      -38.799726658460429       12.502940978230383       59.323845542690528      -47.797653239021706
       -5.946730968681379      -48.376430883719429       38.411186500893088       68.455903097505498       35.182515625217810
       50.996861460846958      -30.771223812302821      119.971575550011906      -34.157366115769811      -28.216685265489964
        2.128458231805785        7.151348759782586       87.493949838155089      -71.144601918648689     -112.042845023030836
       66.232712754640389      -29.486881465755868      -31.061250513317393      -25.728911533233362        9.409434379872943
      -16.337228959277244       29.303857671405702      -69.551713985944758       22.299694015922814       98.933413464986202
       39.326339675476611       25.567628140672056       12.314174705431210      -40.513752906009195      -80.006450038699086
      102.597652188715514      -25.448879266196887      -86.619387489259495       12.287471867260038     -189.296697105635161
      -38.258492102751795       -3.051772344948252       69.429388734949171      -22.634475212784523       38.987763436264977
       28.950236088459835      -27.466845949236557       60.360914715884846      -38.567344714612069       46.058436246100570
     -220.728925215583331       38.322024687411528      -62.010701777550985      -32.666219962858278        3.021265729267838
       14.684854780610561       17.396710219422918       83.460725284315473      -50.896946638203204        0.288287130158967
       11.449820155640637      -81.000877990203165      -18.727156210253977       10.541101325038410      -64.770242860382595
       51.438696944510347       31.971356696946991        4.416410879906209       -5.559685410253263       78.592114667617992
      -76.848046855761410      109.025839118660087     -103.471808020364975       10.351355122306821       60.436028517646918
      126.363581513900684      -80.303600498299531       69.907112297697623       37.519649723292545       79.028374244579439
      -39.673871911738374       23.475133892948861       45.656835143452902       -2.615827312794479      -97.649179581977975
      -37.258698578065122      -36.841167087684653     -163.992444251337673      -55.301030618176235      125.218545899268946
      -29.938997133042317        2.617026923051168      154.042630959976947      -41.643290725066976       27.156793338202409
       14.916998884977085       27.008787823817748     -215.872314417828250      115.592200039398449      -10.470075993620643
       57.173564275961645      -53.665150489057119      -55.858840744705404       16.612813830960256      -21.418206657849602
       33.732708334043139      -21.704836548669512       39.457754653453030       -6.149577387617412       55.017873536607532
      -29.989492361883347       65.087096588928461      -37.938928743618945      -28.201466275469294      -22.060497315999513
       37.717813986694821       30.706488445401249      -34.710828090876845      -37.671379929409518      107.911286719309018
       12.940756041419256      -36.110201101508075       71.401200991322881      -20.320730336242839     -101.726441914976760
        9.137328554755152      -38.750922761090827      -54.031811701870978      -27.834457167456790       43.961161567985393
      -33.088095755716495       -5.672462329553493      -13.882917881938056       -8.089329666194960       46.402481913209868
      146.937343646516155        5.179043088075971       66.585831988500374       -2.112392000404011       12.739291386539396
     -124.007701881448625       34.909630821725457      -75.328621420090229       41.158452616085931      -43.541939566297032
       -1.320477729960660        2.600486548753197     -111.273956763483525       24.111771614814334      -13.276299361555525
      -28.984967034512081       31.009341870063338       72.791563880870697      -70.833527502144264       53.326381969495301
       13.743071525653846      -21.242554507424888       17.662652913065024       59.502163886683768        1.591640756325548
      -18.632790019272136        2.159042323035630       17.703821949051722      -44.185486067546655     -220.987895532178271
        9.180893867688853       -1.422531405858244       42.465902592389526       19.636864270604022        2.998435187395695
      -65.151790607139205       60.560418769316200      -37.062084576850985       43.655700025823677       55.897858422352797
      -34.247902385322220      -24.990604537564462       -0.159078450604810       33.632774840209350       40.593617564513565
      -95.402679346668378      -17.428098511759394      -41.260103506798991       -5.997858324836431       37.156669772124516
     -133.932592010722203       28.425168698667015       54.709018898467619       37.998747246902177       86.542054567080058
      240.980631624434210        0.444105117406024       15.350928736824375      -25.155226128352670      -93.343583976185542
     -153.564075771343056       36.800148318967430      -37.265448106947218      -18.669969759829950       62.738696853341487
     -137.028217231120863      -40.408750735094344      124.011427370508443      -18.954567223210233      -86.477915311082029
      145.493461840622729      -32.821610288971875       76.318006899012673      -73.188279641065108     -138.269246117042371
      141.908720341337244       -1.486702139394023      -98.551958268084164       27.513819695822839       57.242484727976951
       93.780970100870078      -33.561459654024461      106.857913616736568       16.302094821021370       98.172860539073454
     -126.232223106605957       13.013186287904160      101.218147558991305      -51.646326593025051      -24.875692809626113
      -25.963098907559793      -53.865303400116488      -55.349310966347794       31.419772101272574       49.871485641789761
      184.044126523540655      -46.829253993814213      127.386691252741343      -61.724982292571148      -24.600511353081519
       40.622045443867087       21.398208637954227      106.995590378614622      -65.888948247590562       87.593180093541406
      -77.227982396161195      -12.355478364550553     -245.081013148849877       -0.777725974029437       29.173205376393767
     -120.604475583737923       26.106870866342845       67.813864661094868      -30.684882256558463      -43.090506067028720
      241.287519960749080     -106.611790314892403      -69.691899537216770       -5.721713254028105       95.492036338035106
      -50.826958631895138       -5.893751711358627       -0.162905098615065        5.706355838422680      -22.316802820321872
       51.482946067323645       14.629540137710356      103.315333119559256      -23.210778358008010      -96.639429591442948
       64.957199195811427        2.630760255789632       35.219017830849381      -29.105001867479082        0.066767284681467
     -136.496129263367067       30.346256664469749      -47.397566859159276       36.869311853170402       36.069012970420040
       -7.176442219347224      -16.247420650313238        3.062010015887870      -60.557759407556063      -44.314408809438312
      -40.474456775015213       -7.499766251697305     -127.782080325609343       58.959094509437776       28.386273490656649
       83.671529996789729      -16.700705527605635       83.137050792290964      -60.468938517832967       84.756719081794159
       30.393534173382257       15.710873704413935      109.290656616723382       -0.795891318573643     -114.786936071845304
     -228.780710735210079       39.623325861133587     -109.522881908967449       60.584137694391714       98.795780825408201
      117.707809768723138        5.711539315217100      -23.720689913283994       14.545756030848278      -45.039295996092633
      203.692979826625646      -41.645187196910193      125.198972981081027        2.818801274376712      144.074094465566105
      -78.250178187105874      -23.861929286296100     -167.429234840859039       38.544803292338244     -124.456347077503068
      -47.975106032447741       24.116320202810400       -1.538109228571700       41.829008101394194      -21.919509119643351
      -46.452888309468769      -48.373329526210817     -104.504202713536984       11.802042654953830       25.022901599060432
       24.386708160769743       -3.250673548116130       72.104188744496184       -6.439899710789204       -9.859102618566641
       49.323374685540934      -38.709720178333171       82.482568951755866       -6.612684705837847       56.382599092302755
      153.787790137978448      -57.390252203487378     -121.720438374699896       46.939411844191973      -37.926385639880635
      -97.693955635079334       60.662107122075348        7.619228443769441       -8.422376200430367       61.966795609997511
      -16.556676234463964       39.962890367847329       29.949536753012424       30.417321439001526     -138.460634894587145
       25.084068303536817      -17.799426882882681     -136.536092970062299       -0.998944044596238      -14.101872754917316
       51.566118132154521      -39.845709719026885       74.411578103540720       -4.740051478318854      -12.338262837260412
       49.934354188031193      -48.259726716337724       60.179115281226039       17.247754697927995      -24.116431404545065
       55.791407857624854       -0.282443886820560       24.177981627760346       -0.380727060552325      -24.129818714041228
      -67.556666943063021      -26.244507170450039      114.099971927843725       16.382069053689243       84.372929759155625
       33.477948784252433        1.020216747639170       -3.974973944650669      -75.792154892320312       31.147939206955709
       82.710540342172933       -0.562963962705744       76.407485020011109       17.538308904096365     -189.932809628568123
       44.861852879018052      -55.805571206646775      -21.592400919084998       -6.513256219312988       -6.609840184198583
      -66.733502660092242      -30.325286852051281     -132.693652857375298       -7.016473495258243       57.458682262431310
       38.909096514860948        7.921954936728906      -14.585087687259842      -48.464839423881713        6.133487981718714
      -97.527560940572172        9.203780615386629      -15.831140413828177      -43.816323291890178     -101.082692819177268
      -26.228510061530496       -0.663920637060169       19.051336908082330       48.791924643395880      -37.517704091485442
       78.014816256691660       25.602471197053720     -104.554133894050651        8.697389141789639      -53.805851431606648
     -135.549701124884393      -43.637617689536341      -11.520812000543176        0.220941918706309      222.403688746393186
      -34.865081078480550       10.491193690970839      -54.483480990124384       37.150302171723240      -81.182111260302293
       78.353870461818488       11.100623839446865       41.464557184138059       54.115809549248169      -13.820524039837247
       -4.042520238857739        7.895767501266827      -81.425747617429877       43.376480968248160        6.266401041882855
      -28.808858843681346       41.002358746624687      -28.245984580794737       56.993657559613041       18.982476207587275
     -155.384051988782716       -4.255949027821551      -48.712594671776017       -5.118831514452336       11.179344359681899
      148.958073286598449       20.209369560674354      123.715584563604466       24.155134689663385     -132.636568429859835
       65.665777171674364     -108.110097161285111     -105.686854655421129       28.683528010526778      180.242575684180593
      -37.230128363817052      -27.437557113384003      -72.530828004652946       14.766609472664278       18.447464935326828
        8.267322106336023       23.496581333171513      -92.202490540016967       24.200625377875621       55.067574016141194
       72.914713847376149      -68.524763218932151      -28.513904695265680       -2.402182320117906      119.778578161855165
      -36.038095110982177        6.780630295551859      -49.764124399229630      100.489946391421370      -68.905087440398518
      133.583842495249058      -42.662946670221345       74.450424627724146       -4.900081995369465       54.253851743825777
       12.174103414797401       35.283638211823323       62.577262723710525      -13.314476914999036      -69.037688969546636
      -63.312957209758125      -13.730502477376822      -87.248650906083569        3.916938383835428       -3.355816632009363
      -83.824162429207689       58.597512809613789       -4.142719474429546       28.115907523540340       60.321065076746301
       91.508403312716737      -19.185237857627758       20.518721331669433       18.349758957265127       61.992241173488495
     -113.560257572631528      -44.474657689948366       37.384391253133117      -45.765424165397427     -166.637206589868271
      -17.800359439613011      -49.409496332400941     -253.191816393132825       -1.987685624688865       34.511715656158977
      147.116728219379041        4.699176892383724      127.983508201133290       44.573046162152473       49.462029094532106
      -93.619327820030449       52.355646914044627      -14.066338374930424       66.573730612588392      -47.638669021581187
     -183.357508129378715        9.380285039828733       81.820325434981584       17.630045414681597        8.063956944624172
       92.577899168100458      -11.115824346730179       51.027110843959449       70.018757617709198       50.592804713651638
      -56.874636544459257       86.262944895108802      -37.209999034935407      -25.508287313584113       -4.826178679706159
       98.752711551533991       -7.894203143198578      -44.992149217068238        3.026813185407140      -10.643642135888197
      118.454954578650955      -17.566691201335967     -100.031964690492003       35.032865763161816       -6.284868180133140
      -30.574925570888070       49.639231758170673      -30.999901193021003      -26.523339672995068      -97.211804266748004
     -131.465728568992517      -44.424349052958803     -222.446286581894583      105.938075424022031      108.520555324584876
     -103.508250356914999       63.821392069456891      271.381405663836688      -55.462573465970436        4.999970694912693
       77.511977177711870      -33.939730450214597       38.482965947738514      -39.761825820085186      -23.539405225247620
      101.067261382836051      -19.208661676906615      -33.698416946431188       24.269049887902508      133.883877852437791
       32.479339224233343       21.210830585329685      -92.607300111682008       17.355825666543225      -60.357611632862572
       18.712508717407253       11.627923072955731      108.138428223346835       38.861199950588691       -8.043769444519635
      123.019718361310638      -84.922575910623408       10.439544497387896      -47.873220152093396      159.492259997987077
      -40.843265865368537      -41.826149450968771      -22.425973975276623      125.727977400335902      -12.018933677761224
       34.793944273714587       22.549849601183361      -81.052068920918188       33.232944190969832       10.536194171344125
       18.645014041467672        1.403836585403972       85.047733850399709      -48.932743293839174       -5.629457649742614
     -184.666037528940166       36.135145361065689       19.443050447293341      -54.409610284375269       71.920468062137289
        2.666631999013763       -4.881045261407787     -132.868804156321204       -7.644765007586851      -59.037033913982981
       12.373036809835391       52.283868884823839       58.736208308580956      -51.778389539105376      -56.284516277045988
       17.143339848361332      -44.550080875106126      -48.280068246553640       12.952735035182869      117.241609663941745
       -8.512439893250368       18.941607485833710      -50.696271732586005      -32.828881947806160       -9.216868981987467
      -19.490636369353002       -2.623157732725947       49.608915334644045      -24.271980341255105       70.676743849095104
      -47.805404335391273       36.697116475734084       13.875208800276223       52.055718645785518     -141.865493612639170
      -58.820765201666134      -19.439492145237828      128.505991154061689      -31.708906106001958       76.075105864194157
       33.595293801061871        5.232199740875306      -40.516402446990632       55.234694188714933        8.402208281629512
       -4.084813762953155       -7.408794289765519      -67.948342476655313       23.036216156571388       99.576490952429836
      -81.838034826073610       61.888847955090924      -31.588439644750725      -82.263382981202270      -88.513385404173633
        9.647955226585877      -55.819871532777398       71.300722938485947      -11.166715761964651     -117.972260564514684
      -45.121278066528077       58.214849125943651      -62.780209337055020       26.570715370785770      146.510143354841546
       22.835092167506872      -48.983199206171157      -11.548815697547024       25.265943180108614     -151.357184186701744
      -88.135394575138832       72.521867531703251       53.689589913532238       22.086298805099421      -23.949518436370209
       91.901674883198510        8.881925075340197      -58.222978476844069       -8.521024784220126       41.388241357090237
      -23.225663763478966      -41.476052105751023       -0.992652006143615       31.073640836976299      -47.469596832451366
       83.155066054292988      -40.534854973740444      -14.775864047447477       28.221082575551232       78.746352381991954
      -33.704750700255559       -5.557322683787984     -108.481442835304051      -12.124272850073258      134.661250504625400
       44.776258982711866       37.744578009573694      -25.843135962079895       40.048956589241712      -19.329960061605306
       75.814677030643281      -68.209512914943886       15.645373718856531      -68.723879178007408      -61.228735912179680
      -65.977003649833804       43.094073638995177       68.564854072861039      -17.853545018945454      -73.707676410324581
      104.014213442230016       17.472324907572755     -124.027434086176683       13.160996694723803      116.942335554297244
      -97.767165484291283       17.148421737914312        8.910733592178628       -9.110817090491999      -75.991586845825495
      107.398161659498939       -2.138152331720612      168.046552439008167      -18.137575287675354       11.836958989745645
      -63.406956066636248       15.699223343479423      -40.609873416122134       51.594305091944584      -12.226700234982399
       28.614250216877604       16.340284936565727      -70.730401791473739       25.015043202360687        4.530564275914812
       -0.684324019558217      -42.297930262468775      -20.836421068316390      -28.165433109100171      147.376128134470520
      -53.454092682945692       28.150865150297633      -99.695416207937242       53.618253152531693      -86.645353618545286
       -9.662113448732667       28.220324870202667       43.896748234697426       29.578411313473627       70.682315913363510
       68.345018468774896       39.891773213159340       32.279234050419234      -33.988151732433657      -68.675054901981952
      153.071802388315859      -35.958574080592200      -23.250076573705837       71.396161320577463       68.440136145292101
     -135.033097864297190       17.952891998347802     -148.272861216892920       46.469119556961914        0.116944968585294
      -35.276302049010376      -32.913944687369394       99.475099949478135      -10.583021834395737       42.979842812285519
     -100.386990742931033       55.177617059247481      104.635214131397731      -33.804024439323129       67.722836249762324
       80.380963030177767       87.310291539999625       58.403988593547552       54.178805154805808       -5.708802653821732
      -10.379390761209242      -21.651293865842035      -76.334563516907210      -79.031790886230695       40.758984907635245
     -108.159805574111900       61.742162048323713       24.962156118100573      -48.727917528330543     -116.412916693441957
      177.646514860649603       -2.715961607850539      -78.464576971067331       73.591541044963876      -32.264134954457425
       23.219150187275645      -44.584696328955594      -47.324887520411991        1.895370385414876       40.672118992158374
      -59.463323862167329       17.484289984435232      -15.971045725010908       13.724955446721912      -49.300910286399187
      -80.238761631223198       71.384444529232383      174.544518689474415     -103.240975081284603      -30.421247110623899
       33.928393004931820      -43.686252176059824     -163.922730295671812       13.901754007712059      -78.694355909966518
       41.397442980578369      -38.439618885003071      -50.943062247673211       42.419400443302536       -5.587961910648589
      112.335859015477752        8.933282147677508     -112.515757965751661        2.857959120189734      117.674017955496637
      -13.471938967523561       -4.188541569431337      133.952149560282294       -7.036087248154666       66.104964500896202
       28.013033574671521      -24.213735362752843       75.337355968349513      -27.518646388554814      -15.787264354427748
       -1.564336266421507       -8.199479648346262       -0.755228589636531      -14.090705481275469     -196.570319368910390
      128.512839647149633       -3.002828185932944     -130.575678894160234       64.185425742826141       53.412878570978314
     -125.216859360405735      -23.487391055993477       54.667860416549217      -14.932907807986023        7.156615239919542
     -238.465091184020110       53.100229843561934       80.492901941675413       -8.053739899783443       27.478273165527444
       42.720995597710754      -16.048207870437217      -98.774402998813443       78.367635524596054      -93.890009149051679
       20.035767113742477       33.829888735555045       22.946709488941089      -49.132427807131855      -94.731603311301214
       58.327707712843640      -56.720654639206906      -17.080439466980209        1.919195598904123       66.869005368837279
       45.849334444182944       -7.385333635483835       -6.246525441019489       47.857719529531231       81.526843981112918
       -5.878318408258567       -3.737505704067796      -80.981830022272888        0.533146802069697      -64.534839155903683
       33.997796982886385       57.100036514906641      -36.201688112573805       47.061850891572547       41.891477858335847
      -18.422554520139990     -104.806938426211531      -40.548457145163709       17.758068975600786       83.758028299399953
       76.829360282993491       16.315608579042500       64.898438675849476      -63.688922697145443       42.139636228617434
       56.233953934873021       15.802362624826650       -1.433317964578259       37.489576885002940      -10.242053252115170
      -32.845192671295564      -39.354660004227483       64.134736963806716       55.762748748070685       36.820753573747119
     -106.458816669487149       90.984475243029706       81.632969541515692      -31.051182162768672      -58.789395443703761
      120.992964232203207       -4.725955458027860       -4.067447502773736       22.647833582193702      111.218024945316529
        2.298563154978214       65.591147688673345      -44.224218297542187      -19.335993377656560      -37.476338725158641
      -90.288129564093566       31.766532640320872      196.642781378879931      -39.167221397193352       41.735119022955992
      -15.452516086117006       62.697496380472643      -46.039041815922531       52.779439059593969     -158.870073055113437
      -39.295274461591838       43.529687682415329      -47.720470801772848       17.696448095543218      109.910827543674472
      -63.353464170570192       -3.343848515430157      -15.366452889363552      -12.939285960171441      -67.252089622961194
       35.485176123731286       -3.215385535685265      130.145908858335019      -58.863388977794706       73.590815558464826
     -181.114726803115872       11.680742219365294      -70.058953203471219      -14.279504363705401       42.346683209156879
       60.346048270164765       77.927869429217154       46.556195675072416      -41.709029848610690      -99.815026553015358
       28.663713428182660        6.407183581518913        2.393070337881506       38.126170038823517      -48.839478142490726
     -182.962703808563504       22.884205675570037      178.944171387029286      -39.174584680125434       46.255119562104973
       75.987812901603732       11.485577676677124       -0.513080483956064      -28.589011645540367      -74.904881703923365
      -62.713718636981220       -0.059959250998977      -94.777694625941024        7.972277157331887       73.067072929262523
      -95.796991973724957       92.705741305272824      -30.924768241262633      -68.305369692965414       30.184668881392078
      135.788461294072704      -58.880356514656683      102.628679299933324      -47.526397173914418     -110.005578439379562
       12.409432436435207        1.407781339197437      -68.644370121997326       39.814850803959892       66.699609228777490
      -88.435884083333875       54.379421855374588      -36.264485537863571       27.130254169271240      -57.274492437364756
      122.052701569638245      -72.169995326581329      -26.278711798250779        7.812824927893398       88.320930486519998
       18.892189638258124        5.892866436434359       70.977439819029783      -40.822453153876133       -0.098841271859697
      -17.289678337808404       16.249151687243774     -119.046868925288976        4.359090530598774      -84.173790400279458
      -39.627815182016100      -21.992492677028153      172.884874481190593        2.953458041240654      -55.936899623873998
      -12.688710230523812       39.680584061558427     -124.425449642799677       -3.021529343897972      -34.309349012375414
        0.510131870168635       37.205511084973658      106.975292587781809      -70.470899966674139      -11.698403295708628
       95.606759859060688        2.779705439102591       55.635888749153288        2.837431684058544       46.713820712804932
     -126.711603264599532       15.776573225006393       -3.166475632788619      -11.013036567491509      -47.534462261595273
       28.627688518326032       -1.690064578269049       31.815310561640654      -31.753550127640342      -60.623283022145237
      -59.559796555198211      -29.427864519904865      124.201742250580807      -33.038014836578334        2.800951450235805
       72.377530603698176       31.478121692080983     -163.760875541316267       73.235700491144257      -82.157668340458088
      -42.336254772603944      -30.272842906668828       51.947088414679584       -1.847004199776962      134.476202243489013
       23.176656174520435      -15.657678269510582       45.069838111255358      -64.550721395345022      125.760883869643692
      -34.645748807290602      -23.528460802555117      100.520904352134181      -33.101592408401096       27.062776596675601
        7.827098865676089      -18.012184851349748     -109.870948641168667       41.898101875639007     -131.654106105951627
       13.404668620464673      -23.621938809394631        6.446515108760083       24.015604705052827       74.555371039374464
       47.527655443854442       35.528734380599616      -86.672911251475838      -42.772254490899343      -29.546417345664299
       79.640749201986935       13.855181548695027     -110.765492145739273        6.869332511942139       53.414671636256706
     -134.737372165246995       35.589032585812099       29.004721818189516        1.473031817248830      -24.399688701490835
        5.083467279263328        0.215963620802838      -32.523341813986079      -19.055555696099546      188.334941456393921
      138.346348255157068      -33.989113186392373      -14.945843078591457       -2.330799056338359      -80.990339545779534
      -64.817655713823896        8.591758913096040      169.403337760221632      -19.948460723291785       12.373913953058429
      -93.857963508888147       87.099070273886468      -27.581689766611778       62.727511142079685       17.186979783875596
       94.621598181476983       15.006459377054892       81.220598411487373        5.031610824436134      -78.471965825316019
       67.683617647677494      -25.700122222350320       96.012519212609803      -35.129964982558143      -24.161418862288105
      -40.879364025791027       27.085338629276148      -60.568154760614945       54.932480453495870      -11.198594094157226
      -40.075632659936154      -39.240714897795833     -137.214015272588171       52.059901778247706      121.976606881707326
      -41.923104278959372       27.469692623973248        5.700419099988363       -7.851129778467270        0.928504306600436
      104.243635534490622       60.843964145258596       21.889838581334420      -37.294613615094342     -133.313887467588017
       34.404839204305809      -22.559365324996890       61.896687596020513       56.277134286242443      -36.215637456200035
       94.800291711254673      -70.897892975078221     -106.169233358981558       -6.450799173040030      198.846635848466860
      -11.422482352532903      -48.709280380399115        8.220099564533774      -44.920467986311159       -4.546544022240266
     -101.833212011423299       38.284798307394801      151.581584069608709      -14.883374591128703       19.105579994101440
        7.302346910767033      -34.051010387379229        4.573349255908252       -1.609249124462219       78.072370008271974
       42.255518871323240        2.964975254498174      -71.322435984707695       92.250119134508410      -50.367593953121052
       61.462547010360183      -19.058530618341674       53.079341295408454      -44.527169176860809      -67.158422790007180
      -33.914829893300059      -29.555343316464970      -56.020861826022447      -47.439669420217555       68.782309691545166
      -33.802429802222235       67.847789865953686      -72.517294609665228       22.535357938758022      -46.278139431936935
       88.307451947146063      -45.024409486198614      -56.579395734714915      -31.329955498886658      -48.228873726029292
       -9.260370951088385      -47.986548940642983       48.081438069647632       18.717493560084240       14.491035794581661
       80.759479187317496       69.907115353140568      -75.771210624538682        4.888460565456763       60.265117410514797
     -154.131946174626108       20.443707812249720      -10.645848396884547      -19.021409902808330       21.041265245175403
     -131.623188305629498       56.424462574749981      -48.030052217329057      -40.023015160892818      -71.546745319721254
      128.481116604572946        5.098453814004561       29.981406090294168      121.360936050567645      -14.311515233271571
       10.521982768121857       -6.113871656026091     -129.100370381401490       16.380642150711857      -50.652338547174509
     -196.971011358065340        3.329712546628647      173.716791903343903      -41.536378640256856       46.830690997775697
      189.323059775582351      -19.704221428517478      -28.848933706554874      -27.344593478352461      -31.921377517748912
       77.198542650076504      -58.258108427654136       65.273464303667126        4.478521639247695       -1.510020054138311
      -55.795947139380530       40.343267264748327      -18.290276863792851       -6.701357932785328       85.778283111731554
      -13.333266965611532       33.346064498993393      122.109247560913559      -96.710253413177696       99.934725530847160
      -74.152474669182041       59.381472579739629      -59.652127649479908      -66.345790431752221       20.765939177982006
      -50.552469854013118      -59.281402664273052      -43.491121636831522        3.061058919677951     -178.567714269385135
       63.926008526159897       56.082265812922763       72.313785608739977      -45.292730227821636      125.092754804265979
       43.022091623462849      -68.732325444176112       67.208169248027815       23.932062866863610       80.985689263019353
       25.575407221139013       -9.224007646006822      -45.443722250585900       38.648426734088275     -168.058302662422591
     -171.469940053334824       85.812389631761434      -57.134401792503731       -3.943309206690005      -14.630037535753805
       44.331533630506961      -68.201861630348461      -47.931108384001099       12.034065572068736       14.322995013833111
      -97.834591180634760       11.195648300028486      149.513348381080817      -31.460934497289067     -105.023335545337858
       33.112255881338001      -71.527622495708300       69.642688872582980        0.782622333799431       10.194523761957822
       61.846168246100717      -43.422900434905650      -22.265204301867008      -57.641732751503781      -57.204864980507658
      -74.110963104811020      104.387067622734222      -31.212895682442198        6.403771698306425        4.506935501502957
       53.081910199079360      -30.942196288616564      -37.390264969202967       17.528047461226308       60.263418652755590
       72.253681611372585      -54.622407078119586       44.487465526547631       33.442757588722095       66.758679625936352
       -4.584194586247968       29.021111753688842      -26.616574191836197      -33.732316739106608      -88.988922286179061
       32.949464626381349      -50.396318109961477       81.233873317537359      -13.226205176905532      208.293722358370502
       83.663638683499585      -57.340391753967261       65.242081754066916      -43.011095117983338      -41.328267316587379
      119.213963465429984      -91.990873958431479      -82.538626507307939       -0.325618576090352      135.141833071446371
       36.434254388032478      -55.710150378354712      -61.343826326987049       49.360961941330693      -77.095628705146879
     -116.436906701007203       57.467874865215173       57.651685202651279       29.054969548621326       78.551689572988749
       62.974997705573621      -17.603088512236180     -148.845156697272301       31.256277670921289     -106.934571948894174
      -36.953713891873093      -79.738963774601331      150.570704523891891      -13.924730576636124       91.174164048480876
      -15.727932394717589       15.501788445236761       60.565311102496644       -6.427160310004997       13.168680428641141
       23.088850777055292        9.944302513016483      -43.473497145021810       32.245440822941667     -144.736391723905768
       -6.360644672197179       22.559261560681296      -96.844802761266209       57.963265616427677      -65.881648235960611
       18.583899328899733       31.637313061353414       74.622431877201194      -43.683698017830764       38.643561785983543
        5.001775523237241       -2.619776378386508       18.868880478436445      -38.849486655402202       97.227226511833067
     -142.362154507497422       -2.938553491080005      107.407993292488911      -15.916330407744994      -21.957503624919195
      140.896333671065236      -17.714529880546053      -71.177362278997506       32.693813711457167       58.373725431387918
      -83.018181078951130        5.047683399649566      -15.282737559950625       57.887116644364575     -102.092960655736434
      -50.062952377290195       13.389637715576043      -85.748564373918796      -46.934551892464611      -71.048521019164468
       65.270999273150707      -74.527277050962908      203.989644839827889      -73.604341319199733      -99.427991349860591
       20.573022662951267      -15.046370844691189     -134.045402234172855       36.225775749136865      139.285390770838347
     -123.990398387382115       32.636364608229712      263.188494184306762      -72.898737529416934      -15.104143564618466
      228.203052399750703     -118.566128336842155      -30.755766543095184      -47.473283107155765      -84.778839041674345
      -40.828421590671013       12.428647938414697      136.532523157861590        0.064905485789474       33.785406285206200
        2.220939053174804       46.975079379520622       52.018446425112415       44.238569203201514     -109.206855811834416
      -78.925852971881127       28.699118899060920     -154.911375875822159        3.892443505797550      -23.993556740507476
      -51.326177977796945      -58.751928062867854      -48.590585653345464        0.912674012917209      -96.413951539884465
      114.133132762884600       12.765695686510986      -44.644057437378564       21.182319786497509      -46.064768259723856
     -220.973950095021877       32.009305572531851      -13.587100135046448       35.955504589948013       75.015559191124183
      -34.639601041753011       -3.072686602350670      -50.800138102231749       35.205163759459758       -3.964167891697846
      -41.824883060565369       42.133946385995038      -86.349955505994259      -20.028588537863140      106.578074836277480
     -121.341512808620877       25.778261592661199       72.910028990419150        8.493656622121154     -149.475462007942042
       23.893632203867416       10.277618706636233      -64.465284014579410       68.779008125178578        2.485598036597001
        9.694687872780809      -30.451420672456525      -83.856791885729066       63.144895246329739       70.751803860741603
       23.146373381019082      -23.892417909060750       43.766378713637287      -13.421659845000672     -139.300933290853493
     -125.291969487072649       83.242789387284262      111.897107132065727      -25.256480907553158      -25.679125037572941
       31.035773766491207       41.656408611763844     -264.672164124001711      111.529724622649965      -40.385735664793401
       17.237397216167103       36.371125830051724       27.592763703866954       11.246276938947856     -168.257909235334097
      -91.117996171146416       40.849552882401710        3.357367292767335      -12.886368116902206       91.424338168379947
      -23.789154484869027       98.068592143904368       20.941445683645757       -5.210673080947624       81.668113463058546
       41.815327634867813      -63.207375529045670     -118.803912898754348       85.902378520617361      -97.796825923263171
     -129.229504926386142       -9.310595834823696       -8.155873025837867      -69.025459765798161       70.234393250504581
      -82.194660415364567       -7.863269064464530     -169.266892708144553       28.553285114586263        8.609420455435377
       68.427639837504444        3.418958229344254       76.428188027999440       15.151440904519687      -19.287334181617652
      227.682361882978341     -121.346880943101212       18.689908926072576       -3.801429550627090      -18.205618662170181
      -57.164085526837404       26.341224025321626      104.754396554454829      -35.436695897985516        6.789980188092322
      -13.351655977602805      -14.729021784623512      -36.855747832953945       32.018535369789639       95.916000983018293
       25.340117035317107      -21.586933232385622      -27.006425126261281       37.508008617420728      -26.293428367358530
      -34.029923736677574      -46.695957651508245      122.800887828910319        4.050184489433050      -84.986721323051299
       15.308405533631682      -52.429060386258342       77.665275453660001      -90.060426635829288        5.161252110533622
     -145.447487503189762       47.301738649019406       11.934145922793588      -36.936126564317206       48.970518275646910
       46.392152637042898      -26.192064257495929      -48.262795722496371       11.742080311195867       34.789783298350635
       19.021214796188538      -57.539644118922389       11.594992979820608        1.957792192358596      -99.873328378119837
       90.403116006426274       13.392589932868836       20.575073748934940       14.430497229992893      -68.539483939371067
       81.451532352535537      -16.892009876983359       75.176043553908698      -21.736346283764355       88.499807642672224
     -274.466061077839584       11.640916688039626       99.556380354286830       27.371848028907262     -198.961077441434043
      152.611055572494337      -68.403688929350579     -168.767562941635617      -10.579901291010756      122.463553574854572
      117.630087242242894      -42.675976109829620      -28.451484598268156       -0.474321292255030      -13.997130723133322
      -45.203621185188211      -39.939436387727085      -68.052693617066467       82.000876142287353      -36.862356209942313
      -50.351603990380845      -30.101577284583026      202.314372986468641      -21.663672553261463      -51.727670053373323
        5.453312316359560       58.795885062456591     -180.569124961099419      101.124221237549293      -81.573538412711997
       10.574248331964068       40.597725000806705     -146.238838175317454       18.186241781264425       -5.666377452445841
       -5.147990200927244      -52.963868690708047       38.717094867573394       42.104369131134732       20.557512669216994
      -55.279035725122696      -49.656763496490655      -73.954762877845511       14.713313333238466       65.806915044649017
       56.695624809974831       51.728275740922129      112.492784223382230       45.361998277372372      -91.451528827920825
        1.075186233527779        0.717358525111023      -41.533831403975846      -22.934289706824700      173.377199788536956
     -105.678828328821922       86.284808665139394      -79.071531902156806       -5.757054097640318        2.843696020004082
      -29.974809924866236      -64.280546770790409       78.578765495531627        3.083551543244741       29.232654451199540
       16.797172332262285       44.364567847390198       34.953989623032129      -75.501363232079427       37.424212005728435
       89.597889741876173       27.161335115742318      -18.646711729361257      -65.152347053710869      -15.026949873645037
       18.545637989263582      -22.857157045878569      -83.479784739429491       72.370003068353199      167.553036048073380
       -9.568858106504074      -69.154449065728855       71.691018928460821      -29.254293605641685     -128.209857271838871
      124.447472033672440      -49.812872811516606       49.088044491093157      -78.133560595525879       47.402355300640906
      -34.619514361429935      -23.042767317231238     -185.847652149615215       69.100471469182153      -79.389112958844734
     -100.895152313889142       63.236931673253778       95.571911355085419      -38.181267821155110       85.668932709431019
      -39.934091026379456      -25.012850410600283      -29.564037168522621       62.486290645957197     -110.228625122383505
      -33.259477984974339       -3.003853475945128       81.381420194782578      -36.750543849407116      163.473133268590260
       45.505817381880149      -15.793127602632996      -83.706598241438201      -15.206733471468970       -5.067562002786141
      141.821901746709074      -25.929447207690046       69.582398551274338       16.698291612686702       77.287751056866938
       90.914339326970904      -12.357196902156362       39.301658182235556      -23.841932670508125       59.126351750946348
      -70.734610316939126      -21.737156957337849     -161.976012172450680       48.891875119136742       31.333646824599388
      129.367241730814442      -14.607470851198622       19.042686373861049       -2.295251593998475      -41.315904786761543
       29.056275201766063       29.872674619298536      -33.120549027116894      -33.792866752548690       32.194054003931484
      -57.754130849604927      -29.811459029013566      -18.459816047849369      -17.578024654485880       31.786428083304497
      -11.819651545125449        7.119606618621520       21.886339990162679      -46.236647704306961       37.184712344599610
       82.973714096154637     -105.235009191731024        3.193993347514869        4.624863049583716      -24.924078907574941
       -8.798082999285072       -1.622620212290944       -2.291370635238553        2.001723696902463       78.949386035163599
       53.628341344174203      -34.330490613611438      -18.852428276364527       -4.513242053321777      -50.749680330509790
      180.481220491799178      -23.008344712787906       72.415633226528357        2.977215540769171      -48.762493174461980
     -123.168104960687472       -6.719878329934856      -15.431521198539279      -66.842751494234321      -53.204471774146533
       42.202385823327248      -18.906151162361642      -17.806277961324447      -39.917231713360160      -47.110375929948120
       60.258849137473916      -27.703066341676223       18.674317659384787       -7.127882443415061      -55.925842310737586
      116.680921330029392      -28.144991222222359       57.165103741501852      -54.457723949884880      133.659185039218926
      -24.327428927101128      -14.944430309464133      -72.427076312981498       87.857897875148211      -14.571119744885564
      -99.342137809383345       28.010338090469048      119.791572562617731      -36.527995744699453      -48.462048048049567
       49.178039276814417      -43.776795883851527      -89.174347390917021       -2.368201801352062       23.341901154738448
      -26.041417708621232      -84.841058476799006       36.477903179042308       77.157741950876286       -9.379789914830617
       37.366829311603226       64.291970550002389       -1.078720773248032      -10.558359178097566       55.115757289713216
       50.018006693649632      -68.493458083127777     -120.159555233364244       67.118799157199334      -33.218710984585755
     -146.369524518817229       30.247726225544678      -84.103663772823722       19.425539474337182       49.317819358293463
      -51.001207767363304      -24.775802017568317      154.267075280965543      -45.347710146898436     -134.544627085590292
      100.541823510742830      -72.129787638178442      -11.839295355344676       -2.500215533652009      -92.096472916466823
       53.709865276842407       52.870253833534434       49.113445220110776      -58.685688878118739      170.559713214525004
     -234.277691343479830       31.146825474548255       31.539086862812841       13.962344570261353      -20.190699232161876
       21.636300728687669       20.223353729764753      -78.706234992219450       19.590197319051722       86.199150890097044
      -50.596933862825594       30.168009636846111       72.102984168451201      -14.060917830953041      194.832069280861475
       69.476684323582319      -26.377453522189867       39.699304291100844       19.602111806285620      -93.601979393630558
       22.594152362025266       66.518185515858292       35.063625809254482        1.270831931939236      -46.308699024596095
       37.902834437597839      -16.939318002102954      -10.839278780883575      -64.550629069409780       53.323537949159579
       67.800762349569098       40.716661650760159      -80.109930410281649       66.604674056948184       11.666367399411461
      -28.237797501861593       61.645043675885987      115.774930621139774      -29.122565327458432     -135.774484965816981
     -221.159781252260530      -49.497085909513920      -31.787952331003886       66.997636138553830      121.415535409103370
      -85.661865055990589       55.578568840787284      -77.348684432337464      -26.818676359810627        0.946031361394376
      -94.462906231850667       27.764096806315770     -155.027884478126111      -10.919876349861768      -92.170341907253729
       78.664165901420688      -31.664426652414534      161.084364674723417      -22.265035012505400       74.950185158466951
     -109.033128849038377       20.048628631605538      -64.356908380335582       31.226317348847822      121.424914086913930
      174.472144365584995      -30.042169115897565      105.258869240891798       -1.100398731709638      -45.646135034152650
      -20.500875790877579       22.407193403437876       77.422799846795627       10.900388497855049     -114.582475346340900
      -10.899758139192981       78.572425372688670      -74.279980066147374       46.033908244528781       63.277021101267877
        6.082763108419592      -13.146780701769773       34.370304686371995      -45.270023785353452       18.641426603028087
      117.722735896536690        7.240210811752427      -27.461925322340313        5.663526452212450      -11.704421850534144
      -85.569242754250155       13.616355799096270      -46.444227022307999       -7.426880846350101       40.737830911256225
      150.715221670410983        5.095950188978876       12.708904117074313       -1.425651272564595      -91.322503970615543
      -17.899116723960070      -67.872960637168049        0.987869541141311        3.313518662054119       27.930026060089819
      -90.501496904693425       40.967152135869682      -23.011113906436755       69.310359347723150     -138.666490743283248
      224.448456562484722       -1.108711129887615      -48.927586119167380       34.351055122102636       47.823359457405331
       -4.862226987548462      -15.468120524361161       61.610227996539642      -33.228547152901349       22.379792362966924
       86.757143230220834      -72.863742850404620      147.612890419812487      -69.186720735324030      -33.651616766105029
      139.384823439863055      -15.981369241483209     -123.825948096540870       15.994434320885606        0.443696443180611
     -125.980734193693195      -61.257418261536507       -6.748782663942266        3.567841413055583       53.805928229338335
      -12.728341526087142       34.529097983557129       50.090124373314886       -9.516022146766415        4.492902010982673
      -20.860617782364919       17.998192195338447      -41.266723918781430      -16.465762731460526      -33.489226439002323
       58.490725140932518       -2.190114254182012       68.951292492262439       12.087231259327922       -7.028542420564065
       43.672944483747500      -23.215631270243719      -12.115996143573661      -27.482546665525877       55.266762729772381
      -42.777324799674197       37.756029086312111       -4.185600150874213       30.756742990707316      -23.244509944234913
      107.074450801238129      -18.735382775263080       16.355909225886542       -8.018891509613001        5.243370231003500
      -17.165482128389922      -77.398519841713039      -74.761431933474199      -20.514219063063482      -43.540394651291919
      -95.749400265863642       -5.951373936067808      -97.060954428239540       82.927750743696024       56.213497282246877
     -153.778579769308692       46.944116312072360      157.526418562436248       36.566996105276260       14.419692325035006
       57.499790326767354       49.178921318556625        7.286379400514742       23.224782870462580      115.705568930257101
       30.171616399063577      -43.584696755879641       75.356808625168327      -48.600936900150948      131.184336398245051
      196.234147975124557       14.667973966510198       72.655911118683093       33.133387097508887      -43.161741005056072
     -104.144887911432662      -19.934761911696214        6.674216434002712        8.299135075639333      136.509091245202967
      -26.690502480444646      -24.646557820747823       17.583075331379202        5.585121708430662       30.746099312102729
      195.175151364777605      -65.003522450628481      -57.233002637191916       60.973989788696159       94.298079889280814
      -14.156536233812060       20.759090896462734      100.412747826861121      -79.492229895781392      -76.777386267723898
     -101.242805866193194       15.000143830791185        6.848955468603044       73.748655144012858      -21.976392481000165
       -5.078449452682286       22.394191770159601     -172.480859772397878       37.733476976016568       26.004076786755050
       19.180579693476314       23.654349253722174       -1.479659056305654       11.045915962148939       25.037924477696464
       22.230653521608179      -76.912821158882380      102.464289434751819      -95.146389946978957       -8.450470938122065
     -115.112165198967375       66.401855793826854       24.322552233150965        8.441081201072430      -45.715928335060262
      -53.185103530875409      -45.759131634179418      123.283827149664788      -46.657919099870838        7.367786183667034
       96.454148602820339      -74.231602342525022     -170.289472149448727       77.423303537184097       -0.053217817441327
      112.808509334112728      -22.506938439187703     -123.970653272916778       -3.004724538034419       43.478503302620915
       14.694370835233066      -77.830358799938637       70.419078320636700       37.164075171585260       71.939654925878315
     -176.194614298302923       -9.920454144123722      -97.156552876861795      115.220755857411575     -254.224073621779041
      104.061770172934430       40.335568778239335       -3.225078422363911      -17.962485798605524       61.298654481498467
     -138.342176345266836       34.104236583606138       61.466619412703388       11.930226226146411      -65.835979518749141
       26.753353840894754       35.863999595866112       80.662768976817929      -21.896713387517462       83.650890851416193
      154.006681319426377      -61.071841359984468     -119.822187452394516      -14.027332730699571       85.008470151639202
     -205.766542818950683      -12.879547093331547      -27.384953171931219       29.076266781434295      -35.212387603525961
       83.330089654958513       -2.720601495327875       20.554249093110492        2.383738729293235      -32.759779851835837
     -102.567614937587209       30.837680373715834      145.314309635541179      -77.123768862123896       22.320185135998585
       25.590480599310549      -28.393720737029216      -37.261666954386058      -41.789959359435031     -118.136014382931364
      -80.550419042999778       51.515748591600754       47.137622641497074       42.184119752642182      -56.687315801575110
      -56.617045100143159      -33.168285247982581     -133.448108532617198       13.323794081836908      127.467338616611869
       18.998231085446459        4.806140160746996       92.801004834105655      -27.248406124866815        4.825590330401031
       45.922563551426713      -21.380687920777465       29.717787413145029      -38.821794032062357      -47.950674607527830
        6.081671291137650      -25.282063325039456       68.249312980807844      -12.383129564296818       32.116113364950934
       -3.132779727814862      -10.841722014202423       84.003746203928543       20.508519439898500      -65.682132101836771
      -79.100598228023415       26.259196635867937       30.178189660516104      -22.230804846984718       58.781125523270497
      -59.378360421372335       20.082401158156074     -162.966611827907997       29.101856791746787       26.127604698138068
       45.359049086536999        3.133380868488429      131.004964963319338       37.699021030652531      -24.478812629043851
      -71.410711772275278       -3.607388549499016        8.222463063853473       47.169032919779227      -42.448671902437020
      -37.449635463628105       91.223025582317732        2.767823115495664       18.869515259868606      106.820888772239741
       73.237281540164020       38.427354464113094      128.641106648994423       27.700257868868977      -74.543620030373617
      -95.349797476664691       12.991366872003780       43.168913098956871      -60.708636377058610       44.251995500157314
       53.427984064138762       45.856228478301432        7.249806075717859      -13.443825176339230       86.396195669415093
       66.640174799086793      -37.331423939013312      -25.284663964735650       19.207423449259213      -22.736362588144445
      -89.451146721930698      -12.436557717475754       93.874810199632222     -106.870243858413744       50.802604900047911
      -78.957495708663771      -13.113930708629987     -104.033518342125021       19.045442411006690      -24.192965384891508
       55.000382807424053      -55.382049042210774      -61.341483101521241        7.952697526975432      -25.987041990854063
      -34.610180200384740       33.721808628071116      -85.773863417250240       24.305667621913173       85.776814166546984
      -39.937523015819892      -33.351766814822632      -58.154436051917507       40.984629262571346       98.051675341020513
       48.556939090821309       -7.086697328820303       65.466716278684359        9.816872972660940       48.695089011757105
       61.856565996150273       64.794060170371949       84.383056676850714       33.577351987576947      -71.429577018600739
       24.558463496714250       -4.081778942711918      -31.391913494025964     -103.169002659522178       33.340004345188149
     -147.032829494630704      -11.489926977913271     -108.184217603849504      -21.041942042327030     -178.376843932008029
      -93.759826939330281       65.234703999229041       -1.451462681169546        8.448102142536694      146.239677906328524
       94.584261583880348       19.850842137094247       93.489796757035919       -7.479608933239801      -56.801119026571101
      -85.056662752129100       -7.586569619633201      -23.750456643937323       18.737510123909797      -73.087027192615537
      -45.331966439419276       13.780026356448030      165.589040356140174        1.946061859076935       46.200867057774843
       32.506383665342547       64.954281955606831       26.937507392348131      -33.900322840412919      -11.527428054708594
       25.974871296990116      -10.643272750394472        3.207741492899251      -47.372839620873158      -33.788900384984430
      -87.392754551203410      -55.262078205871056       90.363495818216080       62.538875099326916     -129.107333380734701
       41.508361304900490      -16.529975460978889       52.262565655625373      -79.157520198398899       93.326947464990909
      -94.258688133906972       90.685880857159077      -57.845846833036035      -20.541155571968119      137.378303739283353
       79.446861952063600      -51.818706759801387       35.554905170511311      -16.541909063167022      -89.452546671033161
       21.008341298163835       59.681368858532750       35.521828152819822      -12.159505227978489      -21.524561393317878
      -36.411548325883096       36.185811901236349       90.956514639179957      -45.783447924942685      -32.259114270081263
       74.086871949057667      -31.623872904475128      -39.932268315542437      -79.450829502368620      -23.029781863063668
      -70.226761057528023       12.202008224040375      -17.686309330166349       23.854685973327097      -91.128385168228661
       71.839012705971200      -33.797531851996439      -18.936260434537708      -40.320813722384884      107.533155645975484
       87.577848357005593      -33.923918716828140      -60.390001072303882       61.272607435582593     -102.442638639673632
     -119.830048689758797        8.893478672820917       44.404463245532355      -13.027089957095592       15.198919034168295
     -118.935423077291517        8.761941767941458      -11.957553579435860       79.326988221217505       51.857749381746210
       38.974266198288760        8.291453091238486       -7.378534763530118       -7.834333486042171        2.171170843707861
       75.824110443620924       69.203542675646190       31.264796188135925       34.440200745426274       52.001674391990356
      -22.509749203160393      -61.355864288404646      -93.720120388884609       39.110388556612648       53.384370525901275
      132.949762693960224      -39.603237890674912        2.687625751305854      -70.533570207289486      -22.097019628074140
       13.720590364075148       33.869219549570197      -36.374745148451915        7.920413059170676       -2.715928466433509
     -105.865586313569779       17.707701119023348      135.740249415440445      -18.454129005798233       51.686404232069521
       40.361765536726999      -11.715200557321563     -100.130181751670975        7.174942848243439       -6.492111206649474
       86.234415668168410      -47.894765559381440       -2.215103833182902      -26.235091002324179      -40.878278143207005
      -48.640642001420744       -8.816825254453265      -45.166473343120188       35.531027174791198       40.531009310069649
       24.152174917401073       -6.691873636117162       15.885624498449465      -24.875782505270148      -77.694620848487631
       14.453091608927108       13.311205007650358      140.779752793524011       -0.059548311014610      -74.981060280040921
       21.133877613164653      -14.134285367345305       25.095262093411563      -11.338294668164249       -1.868599891890852
     -125.669714071360531       49.718162657232057       98.207927127047228      -38.608866775469060       90.253081633497018
       26.340817456023117       65.365116671456292     -159.142806759118315       85.902881684801983      -15.646361951440154
     -101.679039309034877       11.277542792870866       94.880709974835767      -14.685243805915778     -121.518671547830053
       71.443465133748703       41.599706305563195        0.835639293282021        4.115457958304487      139.986736436574660
     -117.847294741976953       44.756942920810580      138.170960811293838       -8.821895241506096       74.824970233102732
      -57.226274213373529      -20.300483265129014      -58.169714350362995       19.221537581226190       -3.310020970439458
      109.563957413680754      -32.974732457299588       11.321923593602985       -1.997977218085205     -157.249580285958103
       13.902650907060202      -36.920203207843350      183.957684835089992      -20.238192053752314       29.753195451983327
      -24.462574627518126        1.360646150794714      -78.145980236585501       -4.962382594723084       26.660529503306027
      -60.540776730812851        9.479369491656087       22.513745677791007       61.071066825320599      -57.593900523894852
       40.482563844540167       29.406704943656788       52.340771781560910      -34.077658679862857       47.570557078840437
      -63.097416341426566       20.236308486864928      -22.049782822646542       24.837240680430444       46.285989767506265
      -33.515455023967426       -6.473293759179505       28.478417433318320      -63.456100456457847      -33.852274826137467
     -109.694378635374122       50.425906169827101        5.464131819869400       61.684113749248837      -14.370256747127623
      147.999685974661190      -45.452653000664519       12.360622514224557        7.431964468460465      108.913671123561073
     -135.320633778448411       30.296149108196662       45.312296555088295        4.949049241618136       34.850767886039300
      -18.093818293832687       -7.103858290228591      113.446099973390645      -62.168446346542801     -112.476344727525557
       19.953349669966975      -22.530984617132088      -12.162176456011798      -79.866787161055100      -25.443621233816657
      -58.150544458734679       26.513813929975694      132.194330514120168       48.738640326074098      -52.223385806689045
      -41.170930471331069      -26.413941779992623     -104.011559356825501       -0.483087236057800       -6.913274409055345
       82.647529996028865        3.497624068950923      121.815520591224043     -120.171117189090040     -184.859733497371110
      -49.891592183740421       66.556088250039394      110.422194039631250      -43.092931014283089      121.588026817330885
      235.283005322762989     -120.148143194326124       -1.467848132242790      -21.595275933228173      112.929617136185172
      -26.252342548279771       25.901762185567254       84.958018310798593      -31.742472115249068       61.705456163375501
      -51.080545407119011      -12.410739730372885      108.426691861074659        2.723371719679822       -9.714410913874941
      -40.877275865430427       -1.021030066078753      -13.630916124440843      -45.507206043733888      -90.985895640750741
      -31.226709552073732      -40.005368307191354      133.342776832625105       20.197621054419486      -13.055958594562826
      -45.864660485487050        8.803622794662294       93.826952409193666       -6.009043625471915      -44.382754543257342
        5.005384718382175      -21.278244728967461     -135.381560166182766        4.186747421801796       51.773210037664398
       -1.905942375009090       30.294529496393562       68.150843118645582       10.141958246670834       87.996196745252220
      -72.330876154376710       12.292871390921363      -62.682954534547839      -16.041149981870078     -180.211559015934029
       63.125667210720721       29.030071620868039      -38.983449278761306       59.459952338842434     -162.859010683429716
       33.762572114122705      -63.482945376966292        6.490277391565201      -74.225820542814688       57.697496801245109
       65.144776971543308       -9.274197257064488       35.537603160430407      -20.818685010213198       -8.425921338875154
      -18.577265376209809      -18.176975978721558      -76.750058180657533       57.596880295953724      -61.069455599252379
     -113.833563037587481       42.535343302730169       32.519830803741620      -17.842975532255689      -21.663461967734900
       41.025227238720447      -24.734158867758818      -32.751267796634465       -3.096792834684731      146.350708666117441
      -66.037000699201442        0.618808312910357       22.070341007552724      -49.054156008238778      -87.584859439769104
      -19.515119731453257       42.507552119167798      -66.656143615281309       -8.639139334206680       19.352981328999608
       13.918315950247370        0.337708257134567       14.469134361277044      -33.297507082875370      -36.114193181154548
       35.980011539770601       -9.854861134363741      -96.602399233157897       56.826170860219243       76.505174148846578
     -107.091651133422332      -37.981663883732175      -42.757291887890958       66.780352048741065       36.237236508202194
       45.024989971405965      -33.842201352911182       17.745690013289096       38.620528038736417      -51.477278996631831
       28.690218434696838      -19.627669071899174      118.822767693196326        3.407382235668937       15.859932679207549
       27.728474755364847      -17.394193307108605      -37.358920401927030       18.316415096512102      -30.846064534822496
       75.202422992550254      -69.032133570706193      -39.889462455529262      -29.249070670078659     -209.418877482152254
      -53.997150271916617       11.641500265783003      140.969065386991844      -55.732462605150232      151.847324557918881
       85.673078146707795      -10.169983364453964       27.044016775285460       29.293540805227209      -86.397445588958192
       35.679269419558359      -81.350390496188325       -3.223302975754504      -49.544717500292535     -158.069032188474949
     -128.129543214717415        3.882311829268568     -266.424637336499188      -20.519007725057794       15.816875416527704
       87.075878430749384      -35.303071019715588     -102.602104553528264       27.955711932244718      -84.773426112814690
      -50.109530375787891       27.018589248467414      217.237619694477473     -133.626386199808053      -19.249306495403147
      -86.264971950028922       21.940497012892127       60.982643179877968      -86.290942157552124       71.375876129678062
        3.749373482799175        9.321139927795672       24.480835669686538       13.254658704558844       45.142025667874485
      -77.499293761613274        0.883396881944128       74.109283356982289      -11.199969510922120     -179.183263601615749
       61.679212908853863        1.372292231920851        7.177507334835395      -41.972772798246602       53.746830635139005
       63.948728934875263      -43.537904374083404      -88.578118954997962       34.786173524569733      -68.347527762759086
      174.966796356127816       -4.718265660545123       55.584622101490012       50.749551508109406       65.194036813345832
     -136.476222193107304       54.882028432835057      -56.619896869850010      -16.337902959903445       44.433307198421979
       57.123899336542330      -50.091338928056537     -119.177163621296174       63.761870903928816     -148.753960314603745
      -95.046697950645878       -2.632127312782544      122.683308902005734      -51.471495013195970      -12.360742131411737
      108.066307789528580       31.254413090614381     -118.070725403031020       66.096880985810884       92.486072620983634
      -13.194474165174205       31.224667297820663     -140.315405152524846       -6.899909124513236        3.349668696763912
     -112.815547297308228       -9.138998583947926       44.359032180320256      -26.501743787781859       24.531489278962169
        0.960284452191099        7.351559931678234        4.622327378507229      -23.415931696447426        1.709886251338917
      -11.390047843493765      -36.909033477780248      -11.243246634030037      -10.418574340353807      -59.219545404962943
       47.652828877723259       -1.014798195213654        8.384595393886062       31.176687662273576      215.910895025648273
      -71.712058027844463       16.508251328384130       21.790848263062969        3.751294158539616      -13.981949972638175
       87.055937980195694      -94.378956543075986      -74.977381943122097        4.443805815940041     -225.721034932686337
      -25.918029696458657       58.563541627627473      100.965051308030240       23.117864266664093      120.190454336149870
      -34.787722091010089       10.287655682748092      -37.828140432330223      -43.182497692339545       31.043765460549441
       50.998119640710719      -43.477813570146715       -3.430235391266427       45.201107058928038      -85.151001050435198
      -68.572026522869507      -43.753840997405369      -18.155125227599630       35.482361339749971       57.780638845548850
      -59.616201962521622      -24.629820716185062      -50.514076803930813       25.962321677316989      -64.893927086832804
       55.598356511464985      -15.538498962380647      -16.370886191903413      -24.981949658458699      -70.982329148152090
        2.501322863149182      -32.254020428048428      -41.178158659873112        3.875316760370802      -90.600263591253636
      112.901794582847586      -25.872768287773564     -121.039765514114791        5.933142495095133      -36.967199912641576
       54.701344591665716        0.451833730816689       98.939215842219753       33.192067214623393       77.993719418541758
     -185.984872520383590       97.503585998501364       65.697884254662483       40.011351039396708      -15.530199011348742
       -3.226898957378611      -18.201748756943275       38.765085050531084       21.262330555439334       81.684145930749352
      -20.467092724181697        1.782754874688745      113.712966754245159      -80.989084415952604       78.010981069586833
      -60.061236985565493       23.800785173016294      -61.938763134585926        0.905538707498238        7.640676603179251
     -165.548123685321485       47.615968161043234       52.446332629312806        1.245733871532195       58.440031777970766
      187.908749320588868      -60.640451427556371       73.541480348356970       10.960831047953604      -18.900653989099720
     -120.491475453654814       95.612953556337132      146.506971616317315      -44.119793200081254       -3.626907991147562
      131.680859620514411      -55.623948561211485      -68.176890418495390      -46.533058150728095      -13.475390997121387
     -184.596697482761527        7.817295430320822      -60.115797342707090       56.902200021144267      -28.651453761119907
       -8.580701723335570       -5.508327006780266        6.704570769697779      -18.953000569590188      -49.973660535107250
       -4.554815779478252      -53.772472730329085       45.747126488765858       -6.772106016443526      -61.351175710469150
      -65.428153655891691       50.872698952215941       79.470721651584768        0.088079916623686       86.670222265250189
       80.719799920411830      -68.955562046465602      126.323205153252530      -66.710024320504687      -11.685420772825989
        8.068012993453975       56.826970282521451      -25.503738388168451       23.286908953835567      -73.663594834392967
     -129.810306253712582      -35.417821183068575       79.529216779241892       29.258920859945356       94.894345955897975
       50.222290204773920       50.361741103593637      -60.565058191418778      -32.277603233361283       -7.033835443300942
       42.184396362532418      -18.668234090622928       -2.898862850741075       -6.865238699901598       61.627207501932816
     -133.219532060601892       23.768847076899100       11.174244973968310        0.911532774637872       64.209953420068032
       29.654452316357794       16.520560349744606       73.522433645681261      -24.519593004124356     -164.777406036156520
     -125.549440385342294       33.535430415049639      195.952002787167885       -9.559888070648405      -78.292963098417957
      -13.287428609439260      -11.006336544547928     -141.940698222966546       29.986244243147979      -57.568922103329470
      173.996680658222999       -6.923059927424998       -5.696331966986816       13.361232496891271       42.798875358897661
       36.736250681460866       36.490306722970573      -47.504487435040595       31.114493606148340     -103.642746241016098
     -116.831462500733991      -44.465453463925193       98.053766069824533      -34.815950725178418      -89.718132286811851
       81.349205870257180      -28.937941624519663      -71.868862595886753      -18.606538944942344       50.668070769273498
        7.952465494808860      -18.454315446454093       63.880673099236368       71.493519792109069        4.136386793975313
      211.919948495557009     -104.175361624719841       46.720025535150938      -46.327829859748242       27.780698504412790
      -58.404769263567637      -32.619025612107336       57.881449879119650      -55.850812361959790      -65.713567178184320
     -100.593617384324773       85.118028708017320      -47.250880392184285       15.366606311632017      123.605953978896849
       60.895857941881630       -7.059781960646083      -28.333566102694981      -50.718558332191819       34.948966278788618
      -12.331988003276336      -19.856599240426416      -28.259507250344416        7.465362885812937       15.659098080434232
       19.438730665786359       37.886648541788013       91.428707650015795      -19.966203549021227       52.189385397365072
      -34.231783875782845      -64.117509495011021       79.597073918675989      -70.430051319278363      -56.954747364720681
       54.067125985462610      -20.055234331481060       -0.917843462443258      -10.882211448322650      117.559077596648152
       39.716803052404231       33.836293543603254       53.578678015054436      -45.301962461592623      -78.230066040410165
        0.060964344224461       30.575001035924817       62.201854943660599        8.517897580556665      -29.604143699383709
       -5.680132817065397       20.616549914605155      -34.468859320097714       -7.157394128577614      -41.706154112345381
     -171.590210324707243      -14.849972853186218      -17.034649570536871      -77.259779504935878      -24.131290989116003
      244.532110702843511      -66.161068491728315       25.913094109031157      -23.989538420344189       50.132260718260000
       -1.192900920778275       48.921184141448187      111.118838164835481       12.674825220649092        9.925706360680566
     -127.461064067905184       -6.950139062279553       -6.932462057010265        8.537819320033485      -39.278540159840020
       41.500526900767611        0.783145931800225       57.581148697210338       28.118588546596062     -135.779204414877427
      -54.719073042155799       18.253118851989520      -79.602530735286237        7.895663904991356     -103.120216809670779
       20.168791801281699       76.515097526342331       75.797369249090963      -20.020661764437261       55.071764160765767
        4.108000830642286       26.374809550639647       80.945927693087256      -20.097270315562316        6.064869452208728
      -72.884209405355605      -76.846522703635188      -25.582602822077902      -18.071877715652491     -136.434935833111382
      154.447436636437317       -6.535978916111629     -152.337437700752531       52.166963996163815      119.050650954597018
      -43.196275119830190       -4.723840523390826       85.945099567443151      -27.318715338263896       35.718618600273160
      119.049169236121486       42.229091465051177     -123.716822988095913       30.476682784508313      113.866345538333732
       56.043433745612099      -65.060013042883057       57.668636389357964        4.417553942424670     -162.816968534516377
       42.007210089054972      -22.240185583634290       14.369340562655406      -61.787841555372765        2.004664064326234
      -40.461180288141044      -24.869356512398195       11.357938105186227        3.820431747749028       79.691403756272777
      -18.915218717293044       -5.408613393544487       26.953727295086967      -17.804653803600402     -127.514119464021860
      -79.813964735361282       13.430782322844765      -41.875329864303545        3.874451507482422        5.316275290390200
      -28.951298639567881      -19.992709312247271       82.195583447040249        7.954582996997442      -68.074945924598310
      -58.421195564772511       27.899787861695597      -33.182009708772462       38.965294565595777      130.897124906697712
     -145.134523907648486      122.905429035716452      130.966125345128091       14.743350820850257       10.872616403466617
      -70.799644287178197       27.073181658870780      -53.711040538903475       16.901971737103430       -8.615001300930643
       25.304876068843303        4.215994166027007      -51.344879844715656      -48.949135214437227      -50.250227191097743
      129.368159614515179      -15.743806425614160      -13.978129194912821      -19.325942177774756      145.205431879186193
       40.251569794187127     -105.060428616307235      -41.163977744526626      -39.812162408400724       14.923072087812418
       86.828561312595269      -17.482538570836741      116.276761795402123       23.068107804972588      -61.379033433197876
     -213.383771324502789       96.567348007362767        4.110979206824346       21.513977810391722      -15.929827166677214
       -7.397838560233099       12.892058502310485      -15.706851641898094      -16.671232210167261        8.758376539893804
      125.072022631761683        5.908495126795108       66.667434563240917      -68.059615462265668     -150.003709898561965
      154.212563813061962        8.961409628956279       50.717546882841162        5.077716624304313      -33.663877325963668
       -0.451745944491976      -41.986089634197597     -100.972437467344633      -65.686487291663823      -24.211889792199518
       91.724007079867334        0.027022130952167       56.142501605876710       23.460108502573064      -26.117108178157608
       35.869523199257969        8.513474305460313      -13.655200009474173       -1.395307464565008      -58.664411251221786
       86.462972361967317      -46.654492909365423      144.237527305359691      -13.081941867514558        7.535788852499263
     -127.076462312464528       40.732533434460500     -107.806391930313794       18.567390804299617     -138.853585035236279
       16.017318629212841       14.233234959135192      -29.097132745112564      -22.814464076801453       91.417111240467122
      -13.090046471293808      -41.701485616199285      -31.681773620839966       -4.314700743724010       37.429069208664394
       51.970123703875075      -60.197414097642451      -70.019551510912436        5.374010948714017      -65.089756848699508
       42.564233864312001      -27.695698390555293      -33.634156193772398        2.377266477086589      -46.821143819824890
       49.790548438201782       45.676087285474203      -92.113663321991979       -8.331492136504227        6.955173914498967
      116.087111409733893       12.427963398535267       24.802218684677783       -9.568130878971358      -41.138516280716722
        9.931023103547652       12.602123351262593       10.753242099401485      -39.858805563049629      -63.357218979269810
     -206.744556988975887       64.717203512678239        1.427161125483278      -15.671316602327162       88.360303216371477
      159.517887517316836      -34.044948204843372      -25.751001090532888      -28.672673468287048       18.175746234568116
      -68.116958568357575       34.075952765039098     -197.234103722577458       20.276556907229136       43.450921008522513
      -90.888790922036222       -6.415991884470533       45.790122966193884       -7.230050151599952      -40.496039873575796
       57.458385863681514      -30.361502189139699       80.628569636143979      -50.523428188410470      113.288530282471982
      -51.547372181126931       21.571237405249768       51.952840279217128      -43.376114437638122     -164.332041506532335
       35.322767677696618       17.707153127962886     -134.125546716811073       16.041668076701889      -54.598162332826398
      -32.266898329580556       -2.839005603823549      -86.105652803751624       35.612301266972636       80.573867757313863
       36.211376166591755      -52.020306367086484       82.996734139991233        0.098559613203417       92.966714753406066
       50.679131692489072       -5.125470966108837       71.140438821112710      -52.571839865100614      -84.433633685044953
      -59.909663654367264       -3.741221416615066      112.377560480754454      -75.094552232331822      -10.991062360223411
       43.204109432172920      -10.495507453261480        3.350429212697014       30.209280853216459      118.760494438150502
      147.899944293468138       66.663877764466520      -73.275249220954862       -7.431215302068249      -17.251090280503689
     -103.335277335768581      -33.118758063057811     -189.531878260018317      103.802200792097167       14.117123416305585
       61.284296605110463        0.760900099869703       68.780698823944192       19.100449405216640      -45.934915570567711
       -9.253750941975172       17.035735636552236       18.104609785331132       44.115874919780730       82.081238417891186
      -54.053388597975498      -42.338897916715986       22.061894446551239       10.716603263082694     -120.787412475068365
      -22.556823719986600      -29.256718544621787       66.055209134690656       -0.179025998493434     -131.167859377693361
       97.032121133826379      -84.573072934982278     -252.912829682383148      139.095004497863329      106.581752440996468
     -102.509051491090858       49.124160852071711      111.587436674412217     -110.563675965568976       35.173253185282718
       59.129094694795235       58.254965427150957       -3.766316247495928       68.616369150139192       26.233447976733324
        0.083263874035872       20.327336708963024     -175.472607192029898       36.837423381156810      -49.791426467717002
      -13.081542152487382       16.652865503096091     -131.062253998097788       24.348951460346434       62.277767648437333
     -113.224040018003805      -23.989644511073685        3.177262417453893      -56.633360357404584      -90.721115441342917
        1.842555372170396       31.235250180302181       35.322321313422748        2.151544298432342       28.372079204825074
       19.153725209620848      -16.617479178208228      -48.562059861978213      -25.300877993732023       74.875452786022137
      -78.094117463744212      -45.850294322765031      135.661534759397171       -7.728658916701528       -0.566480911754295
       95.650331866633181       -0.726303570836057      -22.738132540637451       27.340939859040894       70.368332780622055
        6.148456367361763      -54.127188347974709      -89.797584479334361       74.997773230058101     -194.380603286242092
      136.551272501807091      -30.001820941531967      -26.112779500197515       -8.577541084438131        4.163190099865452
      126.538585371388038       -0.516290601289649      -79.314523713173287       30.084775638107121      -54.761016409719659
     -117.887487112883164      -40.413992547402884      246.813620283207371      -75.471769207903449       23.076421969305098
        1.574411918977764       71.682278843348143       37.311281741592346       30.930555453036284       99.756939122035448
       38.722304261907958      -57.777780470797346       64.507692050085751       -2.590546103361649       77.350377245721461
      -32.962283980948193       60.830895102496306       48.163067160542099       39.541392735308669     -140.208396409052568
       66.435334497487304       22.066771167956933     -164.668557451320453      -20.551008977861589     -117.663798951177029
      -38.341844287744252        2.963014564805037       -4.168533107126906        5.139912685025835      -34.762826881164379
     -114.388869769738108       66.042745267842605      -17.520354263789937        3.801190692092024      134.103487040073475
      -52.165699979277754       45.976048288132340       94.161705740875306      -66.207177686706501       40.043117418647967
       57.751437429066250      -77.101281151213541      105.138969599153867      -26.110839147990244     -110.062381546017704
       -1.362326500318191       19.585046029481852     -101.283112071711116        8.606803881247940      -23.699988463375895
       31.672431931636513       35.690105749006477       38.930033620649937      -20.930039703524990      -91.463900623550103
      -40.136409853984070       12.228850851912098        8.011205745011818        2.451932555942522       76.014044761243198
       20.612367697887095       64.352709557004971     -106.550299248747550       22.387310959095299      -20.625151064451899
     -144.945249148657211       54.633011455610756     -103.036120971711213       58.348210949717213       57.001087766988967
        8.784289050597071      -76.659029588023145      -12.500108256741656       23.313759419874280     -102.895192791402692
       -7.328573572947607       59.091809315336121       42.492670147649584       36.345481658756839      -95.997771786650659
     -101.031943495247575      104.069493009253080     -155.334537453891926       -1.979438032721171      -33.508833853909550
      -21.034076746106596       34.378582303043785      123.436689733835621       10.804369030729159     -114.252687278455340
      -87.588150691272617       -4.405403463951573       95.044405444305013      -50.236285223258356      132.230931085834641
       39.754131321186726       73.798205057573696      259.707343504675976      -80.675457487404387      -76.657040382857772
       59.978244283130657        2.781971134715228     -129.034559374232401       41.211076095396216      -35.755132790503851
      -60.000063919442589       -2.868411112359629      -86.769301757938365      -43.721790958999193      181.572180342679587
      -26.613761486103858       -3.648811786287123      -33.918664950951566       -3.299091543596632     -126.126836954964659
      -47.723617422858865       33.510584455297916      129.992406344231028      -18.129720425969982       19.938524459138506
       64.560315152867148      -57.731323130809059       44.384006628623041       75.448424436600860      -79.849535155899488
     -118.611222455472372       33.669339820759042      -18.564289058287155      -34.702744909414221       65.421427676226386
       34.009823672058403       39.973303476708075       28.917910373037049       29.399981386349143     -153.947204499617726
       83.337159803584726      -46.091518732024106      101.348522532129181        2.519748737672901      -17.282113970716058
     -115.417348890317172       56.726744984581067      -75.041410860836763      -59.480548513062033        2.140052871252140
      -57.477929860895713       26.125779490247364      -72.427983077961315      116.108617542056166     -148.476596337626063
       14.984922322603717       46.183771640092758       85.489691629717115      -45.573923183026061      -15.442748469083416
      -21.827164237212031       -0.998844406616155       82.376472794009672       36.646318958446493       66.327909558346008
     -135.884874732806679      106.287314708319599     -116.793995012789566       34.099303252001107      -65.514125542905504
       58.825803354555397       -3.155698906447645     -153.087183247687904       95.862844793611046      120.979111291498029
       15.745185645109922      -66.697675961011811       46.176143148035145      -18.560691957960671       33.881585329905981
       33.613021487278338      -45.073264755993812       94.284450821579327      -41.733035969433004       12.108681409530869
     -122.199552848360781      -42.596308099707677      -19.669569979702285      -69.921432471795967       44.754962888305954
       92.879048657141880       21.771615682820070       57.445878406828221       -8.023526989483013       30.951943789571622
       97.391203039627385      -58.174792919332880      -69.350945210566408       12.901296285775128      -59.146359701752758
       46.085505888793968       42.694776435219829      -40.288787346914262       25.967228503271986       54.864030503208063
     -129.494563354921098        7.780795614343011       63.611244204203771       -5.231888155207927      -24.716088077854586
      235.462630332685592      -11.937074299794094      168.951777437739111      -55.683550781935637      -66.063259269257628
        4.155210899470590      -46.794969944528731     -129.714902704596540       58.321850000782305      -25.463602903711021
     -130.965223741317288       74.656002202477353       51.476521240946226       -8.835061663786295       33.085361609398362
     -108.713202825845428       -4.125729438880263       94.705663885659135      -26.525507459396191       70.984058220997284
       72.206986501009311        0.410803590299895       19.855101781753216       19.391211955674191       13.031063027001464
        7.735987694782549      -18.786237869372929      -66.601253664942988       48.413742205574621      -14.248889822666285
        1.181214300938401       40.505574015724441      111.610839292899087      -57.845385477737182       56.621031249304238
       95.047059268956460      -37.725000845553588       16.826346635217799      -23.079875247521773     -102.555609428428255
       63.573968960473799       30.133192766522161      -44.807889309043013      -39.516032102910977     -114.332285435972906
      151.954714070335456      -58.812488335517372        3.980348005083574      -44.194834664934099       -0.647086616829132
      -19.267089329340656      -10.073705638596023      109.089192004522999      -38.129652146977037      -25.160814542255270
      185.033627960131639      -33.534662240727634       34.004796362866855      -35.194880180558727       16.707795523518460
     -138.849309731367583      -15.265501596530841     -168.128832607832464       -4.902710929392214      139.831707320960135
      142.847400345821512      -47.714909299814948       15.628458862838798       20.074259311442386     -138.368325301183205
      -27.661488994625469       47.678028048880250      -57.110698008055039       46.216259293617064      114.448185749483642
      -60.388646302451811       89.525314778253616      120.461847166781197      -35.382257289674364      -80.620133936795412
       53.895374427614719      -28.007429852858383      -15.762528481426349      -40.567116783287020       -8.316989657936595
      -35.406022644454872       16.713537552451843     -114.914389104313784       83.838334486600800       90.804438618794379
      -30.656766388703307       75.667485141694840      -50.559564806648190       44.309195143755495       15.968940342462567
      129.295586597507395       34.146271205173321       40.096054248843267       30.933507851883601      -35.030231400963501
     -222.462512620247736       18.857858103365285      183.915992471796557      -39.727551340675035      -32.068139019329323
      -56.124765564262091       46.557473505364307     -187.561337856459545       60.024166124519688       -6.307694541862535
      155.046806705756524        5.368684638785032      -14.595976735155356      -61.619901445821512       53.309629482142945
       38.005131403016136      -38.605359282228704      -34.349984054733703       23.892853007933180       51.198491172585030
     -143.609717168417575       21.747186427998614      132.557227087257644       -5.054076976163794      -66.028306023894672
       34.750432231947812      -23.769315950760483       59.643039003954030       19.298274605077513       32.454581463721041
        0.420252649493603      -37.613734144733499       30.778195680897493       10.971048176961556       -6.397091181587481
       94.083872479340144        7.185877205149607     -154.599657629859564       70.643056506229300     -112.628505411088710
      289.583357799378120      -77.052582408666865      -49.119443752335094      -17.762185669796047       92.291316851427439
      -82.470726062427929       -3.826163895028390       32.098738924856796      -10.941940615190580       -0.418627063464456
      -69.129400512124306       53.044775824882493      -53.254002218619270       17.300002603739479      -10.367225817310830
       62.562088662957692       12.168547272910118       83.870008493003311      -11.816374219591841        2.863092028669073
     -172.409986333641086       82.003577638046821      -20.770988692288462       23.040957164182316     -131.362126585593643
      -40.134708687396724      -42.914052192129652      -56.848099931556376       11.799171737438527       23.762767251038774
      -18.350717045052477       41.143808803965641      118.865710211157179       46.840533789478407      -18.430256782526143
      100.265401671857518      -57.910920602019431      -71.259029885830500       11.027778394748672        9.818193219488030
     -121.197190234334172       44.725274062455178     -100.064360170608708      -11.208594234215621        1.970407221660427
       91.219310708690344       -2.705451031464601       55.574622153087830      -51.718476172432595      120.771207569849352
     -204.538708643175482       41.456418512987831       -9.168643335986044      106.858888573456738       -7.178239734053619
       78.135267889224636       -7.709264303992869     -126.086112084397030        7.200668063605766       -5.045961266629184
      -13.515274323113589       18.804193634682502      -10.834106838236639       -9.627108290154991       89.671909722773421
      -60.107277043580183       38.150460787532289      -24.696290925733042       -4.305637150650568       46.122358506435930
      108.623442832615012      -68.426115086216356      -28.640199029023613       15.881167093235362       -2.736666564065316
       71.245562758676229        0.239096431544869      134.896534885671997      -32.857889292932022      -21.412538784373435
      -49.807827255910730       85.817751485901269       39.113013938024849       58.937122152347087      -31.805596892961734
      -30.347478697979174       -7.050770799942127      -73.631349932301703      108.008368794396986       34.911474807777381
      -78.221569236166587        8.249404443777195       -8.705415609739568      -31.123384231522191      -66.379437359787062
       20.671383581168104       53.969832263230948     -183.888058681071215       -7.763547552152435      -32.675966548851875
        2.174716694722120       -5.001353144113013     -110.002027346278680      106.121299207522966      -26.981742894273392
       73.946381004275835      -49.241832575523489       88.678647285810911        0.168920438933090      -21.792929775874367
      -28.076148113791355      -64.882813932049530      -75.956676863222270      -33.679519905429736      -18.526491295667249
      -30.414424069128810       -2.110359870980689     -104.084093713279401       92.907731921955232       16.394194160431308
       -8.271589019295398        8.637485850040195      108.822533774408925       17.768357471498920        6.581053803158552
       41.465758628651542      -41.444297050003229      -90.223464171159890       -9.894256809908558     -125.262717367564321
      -21.913123576369603       23.002166100267406       11.722961144981456       22.152303923978845      123.808487199498487
       49.909834243614121       38.429522719500717      -70.019522469042982        8.688281516513264       71.663100978836766
      -36.416555605666559       23.177415141793723      194.473469148975738      -46.351178050329104      -84.110351436676979
     -113.478647192523866       44.043201722580953      -60.690224902863925      -30.072779590897913      -60.765585312086216
      107.124121844332819        8.803202863240234      -39.587476599569747       32.659484992907139       42.518456531169619
       72.380990807233459       36.343317563395331      -55.180059773830699      -47.895484013830419       18.657051120326308
      201.048463023325837       29.631061495073890     -208.888606420430960        4.723143536340912     -102.820295181931314
     -117.391374326701552       32.044069323843260      -16.991291611978269        7.511675686657025       71.585352996942930
      -73.453821304514008      -41.367293658757056       99.078471595666628      -50.706641100838731     -148.558345580533711
      -38.609478601664343       62.728239059422798       27.036786004989800       46.053576010351186       42.225347815117139
       98.763328220662871      -38.637333490364227      -16.254941021723486      -37.010079380241713      -44.424780281949879
     -114.863481736770026       43.271405446525797      154.787388118133578       48.067336212362811     -117.776472321567013
       42.824137117102218      -52.414099407533250      -81.209205418672965       19.924355696312222       61.826520160721131
      -40.441095775092506        8.038531420360384      -81.506412343762491       -9.516460685545617       73.347420913234160
      -77.731431374703376      -15.079435431989156      -12.208685991983106       -4.387415320081208     -109.103494547578663
      -38.269986612942041      -14.110724403651918       -9.277503967317136       -3.507501900125395      -32.133227576326753
       75.461444549334132        5.443057969522378      -14.657805143982998      -36.742345184838477       11.434284803930931
     -108.701205116605536       53.795434458424459      -72.282159802112233       20.409836825361783      -55.682207429561331
     -128.856682357480423       17.851249732893862       26.131089924894361       -0.205607569074915       11.787757301260919
       53.524321362809914      -10.389302414065225     -134.092198546803019       27.724116390598702        5.195198534481428
       -2.673746037270043       64.769471631158638       39.002196812989375      -35.443757746550808     -113.161500676420999
       47.044048549728458      -73.369015699044326       -0.704324656049589       11.276141032187011      103.495283367221887
      -46.910272525867725       11.039359109263161     -166.824381156153521      -18.659469325467288       48.912561593732462
       60.484501068636703       14.473547336073800     -113.486955861544814       72.638426250150999      -64.294287458459820
       80.723771168851925      -36.224934841201730      120.113210797132794      -73.902593134172733      -60.322658748999061
       -6.766643155508921       -2.837559810867853     -103.565840974531525       87.575937873017708       89.213178125530163
      -38.950855725525706       -2.609056956058580       85.004037069357310      -14.061343626337401      -41.062388725086365
      184.098933374782149      -35.101996637956951      -87.149583496308992        3.928601078898746      -47.027580670450874
      -12.490145753929278      -54.065691256847167      -75.440167930364296       26.334693347523899       60.006013673678019
       26.008101525301619      -76.667439862756581      163.464254733217587      -48.751880787597003       25.460706933311020
      122.928895315311649      -63.207374356708065      116.463938968673503       -7.697114798830299      -14.140594412079464
       -3.795588708033390        6.844229612415351       -2.116811825472001       11.315754014298959      -29.380057156588016
      145.296007027127445      -31.797759120153632      -20.308214112395689       21.841383578987202     -135.305711153122445
       47.625216380840257      -43.206578509795563      -24.451195904778082       -3.035955033523862      117.854248980411811
      -72.437444899104392       10.859340358867854      -67.851391907030148       38.052383370891256       -3.637130897937632
      -91.125707894556243       -8.904031633211771       35.224397921498820      -24.664013480939087       -3.914721945848338
      158.339436612047393      -38.503810638651657      -18.514698920579509      -49.991740409579059      -64.866400628434079
      -96.541738520545579        1.346561520441352      -80.891892528135756       60.508145461160680      -30.127016359964788
     -107.266471086852391       31.402974260391137      -30.128299861120439      -11.617880729376012       27.773990170195049
       33.737218808929597       -1.508723688745048       -9.999231124977301       83.105499436215553       16.371148364537202
       29.272608255356236      -35.409135215809656     -112.364523880208992        8.176271432589321       27.993357618314764
      -39.176512653318966       28.227745804692365       10.804300316964724       14.836523708518149       -4.502464618432953
      -74.062134449451207       23.680120497475446      100.030900858969801       -7.764815697140203      149.188537809063860
       19.797752425509682      -40.181813172256454      -89.186738706856204        9.956983389693582       72.162785319741673
       51.569932256169977       17.496478297181305       34.546911862504835        5.209737307411093      -76.120049003262338
      -38.886402142318559        7.831645088269109     -112.417423249704413        1.073130467978004      127.860730837843988
      -50.362535141791618        1.686332262142677       59.457065929286721        5.080634255630422        1.104157347451372
      145.982756381177694      -18.802955303252766       45.493167366911145       -7.022718352965939     -122.120543921586290
      -52.892840550994649      -16.933991193056059      101.111671194565517      -42.595138583860511       -8.968327779297576
      -10.770890405478147       28.407439205896313        5.674843753796118        9.099704410359537       -6.735804446181271
      -49.856995679170041       17.053330995455372     -181.359599418974568       66.731580965833018       -0.564266526869284
       55.413134831415462       14.278991179943764       73.163482974618404      -44.465688376547760       22.068593373136853
        5.509750172834117      -27.276906980112066       34.410616980201588       -6.733364985028158      -48.216214046165796
     -160.512422431807039       47.620430785237943     -130.056265098826941       25.446490072241588       33.436555799335636
       39.996549215645416      -45.622027574707559       10.083130360655511       29.200123372598224      -71.487758172962089
       39.142929101562927      -19.518433733037195      -12.601274403656772      -35.858652217857646       41.887127740831026
      181.223670130384363      -32.813059973249104       45.505852815538447      -34.346146217803131        9.994108159856916
      -44.933523195667284        7.156765739838568      -18.724853128528114       50.510126457988619       52.251705943659097
        4.208879307031135       68.386288431198537     -107.360203072577349       31.805086629435664      -72.731047433369142
     -158.094419987791383      -59.411214597837692      -20.739601162992123       42.050800600927282       81.267517563776494
      193.376750938504927       18.761991333550032      -23.418949904765029       -2.513932645177592     -129.763695202154537
       12.225588862694577       14.688770811956994      -36.187187057359935       16.301892337978416      167.423965648712567
      268.816772100597063      -37.720337834450262       38.997892510165634      -46.632469361860892       45.500686301844176
      -70.194828370563840       15.897058220406205      -11.790864585544323       15.169470809695049      -84.167383267425407
     -101.665108111753710       69.954147899089335       -3.916561209239658       -7.451864617412966       25.411068208739895
     -227.235150019583756       -1.374954589150419       55.598875346499973       25.120736104016046        0.537654453830475
     -125.419357661925289        5.339835627487641     -199.595727960332567       36.076143598312065      185.647488706520761
      273.439950104098216      -46.487002148436062      -53.040060132000576       11.296918075982829       14.818605848440590
      -36.491319396797117      108.212319777759760       69.674820243306883       26.117086982866088      102.966198222430549
        3.666820270017614      -50.247685751369126       78.459978208521576       52.021416602458103      -26.801542014719516
       57.777614376791831      -56.932597354083128       -5.979851238380609      -30.148275024536879     -191.783096362500260
       89.317066350409931      -61.384258828356550      125.637142040801820      -45.951205702220925       68.129083034685522
       11.395852474914703      -32.542452907159465     -197.170186669199865       39.362430770345384       18.073994215773666
      112.434614139975722      -10.960010652256257      128.461331688876584       -1.807761823823866        9.998098968369144
       17.317688032095102       13.938723901853079       56.554351721050651       55.585372023063400     -104.388246520292938
       22.230386650152031      -28.715455007050863      -94.664006069175130       46.484669461713246       81.722204433473337
       43.227906230074446        6.563430871504851      226.980649713080311     -177.789117496228755      -57.466346030039048
     -138.382767197424215       34.567237000946101      -22.059967463379248       26.588845713025101       95.200326896322295
       86.730712423066350       10.523324425445477      -75.467479878003601       -9.842786036580945      -34.589451966253158
       93.537117248006624        3.057029007146330      -38.856476626116347       97.841086830434008       24.776185837820389
        7.191665782384356      -34.208445902490816        6.719802271309065      -59.470192578000471       13.547497395830225
       43.580645282973258       59.608212083552310      -31.507435903827023       10.492087836566364       50.051851262697525
       56.651952133352644      -16.645875713283420      -45.317773673115688      -18.511429537922798       64.354868751166379
      -71.118811581478923       38.417916166673287     -212.060969400562641       23.822211313349662      -71.845790446857663
        0.884205302642883      -22.063109160746727      100.800109076283448       -5.156518301007890      130.758289679554338
      -42.734328859518854       73.279884816486543      -64.160665725887725       66.602508968219695      -96.919569750572379
       93.371216399435610      -66.293844539933289       47.095381802468417      -46.344719685259733      -32.283144496288116
     -160.809192747554732       -7.379547060204492       72.852262390389811       29.763473789939660      -92.664334319541297
       63.557578738370225       21.609651086124483       -1.814853638438847      -67.897599532063992     -107.162114170782203
      -41.524518521212109       31.841092613808677      179.385813775455148      -26.586667279879375      -55.117516412546806
      -16.113900980607585       -3.649797642083911     -128.898013818330156       26.375971959904426      128.132593533760769
       83.238926809388303      -68.607833975623933      111.484916621601187       25.256781472973540      -68.710840617279075
       70.436817045012504       53.287158717249518      -96.447909749457793       34.840670460086329       37.706400950725573
       60.682657167444184      -61.144988502099977      -75.907950619206787        6.692339640840524     -128.858324062113667
      -67.011664029407939       64.516715917333428     -103.627934529982596      121.489610934795849      146.353124951987837
       14.460714043807636       26.338774553533622      189.703073963661922        6.326216832027806       50.886042401263019
      106.555254288092414      -60.693785352331979       19.470078909866956      -29.119852124521614       78.127885454958175
      -12.005912001180821      -56.820946244670743      -76.861346495609240       16.739364612833420      -28.309142957107841
      -18.725662629131559       21.064104199276784      -64.938814890175593       37.357901779855077      -59.655299000255852
     -105.448226685655683      -11.539843330976792       -1.886690456726719       -1.179433811161054      150.598529948595768
      -50.381184316666690       15.013194887183568       19.364003143345567       38.679885984496039      -60.600291048935752
      150.584818929261218       14.815144657909000      -74.403373838404278       70.316184216608107       39.731390329574062
      -37.976716798245008      -23.014538883681809       49.856987440553468       -2.040659394999206       18.652901550785497
      104.243314601606201      -24.431206741541970     -160.370412268923275       43.063784676198658        2.004123305867857
       51.838171281348863      -48.594875309867781       43.165314475074915        2.750129144905719      -14.779826490375717
      -95.291094932969642       24.932018179306588       31.453727282209979        9.912068408140092      -18.001431487620032
       23.578996202978438       65.239211077606754      -77.267850552303415      -46.859228971117936       21.860843680206891
      137.506116743601552      -34.258255008067806       66.297926012924535       39.879828038796504      -10.214746992018814
       40.500069960243614       -2.902790155026284      -72.478836107811503      -63.491182446108020       59.733005654101319
      -51.823200009468586       27.740320224821012       73.452918484361803       51.664279130949240      -78.921834229236296
      -34.031043259369255       -2.210561826329439       26.056404054552637      -24.615749736910384       26.673621242815614
       22.805250589753356       30.847675432955096      -90.065193033575426        3.949345534146449       34.580350020793148
     -112.120040853750908        5.892299864147640       57.252949821610571      -75.914491810684083      101.716022387845882
     -176.401020391081829      -14.276770564671423      -57.752116030402078       62.383530345662813       94.578691083319995
      268.713333166734628      -30.162074721719410       33.031170165906495      -37.608636250461672      -47.992147475968537
       14.107301476361650      -49.963948939018017       -6.444730939370430      -13.718979209089301      -42.811291680944123
      -94.220068611573552       35.585929727025253     -101.796383482717260       -2.596798786746599       39.622531421657222
     -117.603752772859309      -37.130271470603709       54.774605665166554       -3.316761908224253     -122.691570285890990
       63.765464889441787      -41.961569277967826       45.293398343004462      -14.593513536986453      118.732004593027455
      -23.304629840495313        2.620388800012211      -31.859462215192224        9.515933886867476      -98.698799789355050
      150.405084887192231        4.092113706889895      -62.087919285136536       27.881233446063348       56.248367935512029
     -189.424075617827299      -36.434786553610245      -28.211620907614613       39.556103774463558       34.076699670185086
       10.749015298492274       19.721608139388906      -71.500220475623792      -28.684367114881795      -64.121305209781084
       43.918757111405199      -16.325083529214133        0.144874011982359      -53.046780821777133      -19.425960014062934
     -110.057519702208708       85.441073077430516       68.484429269863369      -85.000301027654288     -119.265394872908416
     -139.023751529428836        9.116082144148381      -31.585228951549780      -13.613247023976564      -11.459118972997764
      112.529884590502377      -52.853337539360190      -59.675347121120595       90.148691450587251       27.328993970995402
       69.317461119453071      -64.383426511528413      -27.071987656813871      -48.972242320743270       44.075631784036098
       10.409403496230061       -9.582684979023643     -102.588970712736071      -79.299146092450954      -34.423550031449032
       18.660368883726587       57.494224364123731      119.205068048935473       26.741682815300084      -42.893100139479216
      -67.333759620309706        9.652633353199953      124.491847242615080       88.849633153612743      -56.297452211588627
      -52.304595643567097      -31.056148113860274       54.580845623017076      -22.054341785791383       79.490435242049273
        9.997178785102340       28.539679939396667      -91.349421707340056       14.959846945997757       55.906587358091301
      -28.038746994851444       57.180924354945951       25.076285941248909       -2.275336753877779      -71.184292187302816
       55.207781061731417       -7.801367635007272       -9.967629897418378       36.232010040317384      109.715719754398620
      -67.068477059719967       -9.190381329347328      -99.584367383657238       23.935232141323851      -70.106599312322743
      -87.022249533072227       26.152419673100528      -22.590827785034495       23.851800486267837      -38.400477050623614
       81.714542464084019      -35.253082634726802       28.523146284968892       35.621870737173779       60.325133297963042
       -9.261798765004595       11.929894931808935      -60.379641397526250       88.544245305892886      -70.199228547861182
      -68.366745251245575      -10.026376931374084      -57.593729328245971      -48.989602767408584       33.912642739182829
       12.016020192257621       14.314236685695681      110.004547179192599       10.205703585596968       69.759236770974127
      -65.981419430907920       90.542832399675490      -56.003481931339117      -66.403282362648042       -7.875597097525853
     -121.990641373989433      -53.539817992072841       34.585246612727232       -8.048469507483700     -114.047213546525356
      257.180645540181501      -48.531445729355447       54.505662284355687        6.893989925669425      -19.598278515195947
       96.173650827227149       13.523264235435585      -57.066567470870787       48.189412443858956       45.530739217027211
     -137.416078719110033       -1.727612111963389      -41.362032763241388       -4.563843547965147       22.197624220638083
      -67.523599782567928       36.802409306844005       67.900933152502191      -50.885173512303304      119.283189767921684
      -28.028858512914081      -39.820673371016817      -29.370646550280476       40.848217762152707      -14.304289887685098
       77.633411967201596      -48.638094157079280      -94.548771911031054      -15.367064258452944      -43.907270882191376
      -71.589413198727939       21.933920936269597      -30.225358352877098      -30.686550026107547     -140.351353115117149
      -56.653134859174763       12.243431516092457       44.281472792415528      -30.018050554062675      100.691649297032100
       41.603578290159398       33.664517447897694       65.369082336407530     -121.617350772468797      -67.562236069920928
       23.094352520489004       54.022626028161014       33.942383617566080        7.871714317826915      -65.605934335837119
       36.967707032939629      -84.133041704252051       93.184809143769769      -36.630877995575048       22.156650058750799
       11.227074519481398      -12.899754966849400      -95.528619447386475       64.656725162960697      -51.220074914344977
      -15.452434740656615       23.720462047384558     -174.051901816587588      -15.231985766721964     -100.971792954825517
       96.823574577829547      -10.882380629641606       68.493187279827040       -1.131302915640306       90.664748055717709
      -61.828680522795345      -42.457779727584118        1.254372843906765       20.442247064472838       75.157579626999222
       -9.667383354473873      -78.679624553984326     -152.186443096184746       24.040423211923024       61.500065419238020
      -20.724517357776048       44.786825837314240       43.567254316273072      -12.642646495673892      -81.169762452666717
      -55.865007003422598        6.892400825831067      -41.889191720445176      -34.451285225303295       33.558290756380899
      -67.016810351406662       64.159379835362259       30.813181279593426      -27.152372952643770     -163.342716650631900
       40.554063685204319       12.372428314213753      -23.062845154883338       43.608988217348447      127.444262828219991
       51.645138738965962       14.442527050432481      100.724316830934924      -47.075621690567296       31.583255999789824
       38.701366178474913      -23.592575426477080       15.487087702364924       15.305269272479817       57.832525729888260
      -95.359896264282170       -5.242357959005644       37.977491845241623       45.565090103386872      -73.421275739798759
      148.274494696824377      -82.356673116362941       76.432635153397655      -53.051725582167940       45.338497958810002
      111.401291275616074      -27.870837045083046      -79.204669032439028      -38.142269004796439      -51.546146216598935
        9.353835400251082       42.056760332120938       94.909966958443803       16.600872883410666      106.774417896584254
        0.479371790337664        2.843107974796000      -62.203966646202254       32.808024042521467       23.352865737870786
        8.633078405465076      -68.780305392731449      226.779358782835345      -73.049184475261939     -151.622005923370807
       14.631486111021509      -46.060504220394570     -167.020182793027999       64.289861494876590       10.939233724443854
      -54.199877263383641       25.927989521509655        8.507009760528465       32.170472764844035     -175.463863025729012
      -33.799244267626925      -31.631857608998324       19.892031674557867        9.790758116031316      165.156381134171056
       57.198953242253701      -33.242562855861067        7.142426446666215       -2.550334870431154        2.623818053924639
       60.091120247390727       57.361832636501340       83.045426439316032      -28.200046594962178       39.249900065522183
      -59.612095244276496       19.177039635816559       33.530013025262718       -9.647263844964373     -157.204353210397528
       12.963040382072613      -16.628207999387428       51.197814013875963      -39.452983979651194      -47.984453085807722
     -104.520907797961357       66.702044289618868      110.272506144185883      -12.973337349938989      -55.169661740545344
       31.434864900971846      -23.424066032907756      -46.526788570706124      -13.840207581204488       89.544409017922391
     -111.022798746127506       13.071554428749641      -14.761006259613955      -27.049377184254048       82.991468801895749
       63.073317551814760      -22.644611337790280      -51.212899883254657       28.186200454989255      -61.652755744416581
      -15.729110753327891       -9.488710466280180      -27.107390715772997        1.840596982088520       34.241824557106433
       59.359582845553028      -17.197169990731812      -44.464737812201349       25.353513325871464     -144.333990085157353
      -14.983934912853087      -13.271487038025246      -31.483569188625232       15.454168344032325       -5.429721961648371
       50.296321462859630      -14.701772070027239       10.378942177346616       74.595358487909181     -144.165389882120195
     -126.043822903829479       66.870112378889203       26.758369846047724      -54.120895866811850       31.585421896931191
       18.884745995085932      -42.582153001376390       35.822657810687403      -64.896713333572876      -21.345482449999274
      -47.421897445022303        9.784524931513497       48.084591600158966      -23.733469900964277      111.437219635923867
      166.548613881208126      -34.317983929332101      144.691669449309785      -46.700193157965380      -28.820821642089932
      -35.833414670912923       -5.451855316631719      245.177522748365533      -52.626602531773180      -88.744029855055260
      149.643815530102700      -41.561353850183004      -19.082397175955990       -9.020158108327898       52.636817280245012
     -164.351674416236534        0.952719193165835      -47.418902660476135       -6.137114133127401      126.227830193533507
       -0.432769164174456       75.131427708557581       14.421115039676813       48.374394419930205       -9.903202677223213
       49.823403207209161      -15.893534798739040       -8.814282844916178      -42.032793124673184      -73.255979339657628
      -18.230338495474019        1.005155351171891       65.915794055373539       16.782100701149076       41.806468793292268
      133.097199313448669      -71.660127815415450      -53.220736830684380       23.355271480654213      -75.521116561465846
      -42.692524299798038      -21.372221303427921       79.658680922785024      -57.198271167911436      -62.920475708510125
      -74.783500275687729       -5.939885839163418       65.780260389096327       16.631103714990857       61.138217478185396
      -39.815133776062005       45.795134187290671       85.498040775345785      -77.778917955024596       51.376186487333250
        9.796090651997202       44.131702723954852      -51.591453266823066      -23.714385009662767      -51.983891474136080
        1.506226680747684      -13.514778669950704      -22.055640369136956       71.780107919585319      115.947754213550198
       90.964868558078095      -54.124657542212240     -100.444127156911449      -13.368754358678270     -176.606083424584966
     -129.945789591606882      137.662492143106903       16.787004982316045       47.398034332830761       50.326223744027132
       62.053306338645925      -31.608232227893993     -168.461030418593651       33.719938252289253       11.724705449241895
       27.969301467970535       26.925109548519586      187.613543982776008      -45.749661758867411       43.077022387299721
      -32.065296951984074      -49.592146417031479      -53.782903730808592      -31.875417183756333     -103.695346811471950
      -40.775530756209719       15.229050306395624      -91.679775961857587       47.843756423004407      -41.041080944620887
      -36.479355737601672      -21.637042224765061        2.474174191420099       19.027576426256562       89.773334766545560
       73.445286250342704      -35.682729194975018       80.560738577409836       52.791637825013787     -198.667797837951895
      135.610155825566778      -46.207397774963461      -98.009019354716543       39.987050435483397       67.064922942608689
       14.532055953131650      -46.134544637529586      -77.553322919691283       85.970388913006602        9.176187379383112
     -167.253775633292804       66.888124931793939      102.891560515532191       -8.691844265606138        8.593432254795079
      -23.434089477497242        4.403550142581943     -152.868339226228812       72.974149090382852      -12.793581405881197
      -15.891591754408950        9.735439299075582      -24.201722622825166        8.652747144462309      -11.786254338512604
       -6.214784757151011     -113.055142064670335      -17.069991212202616       10.089387375908244       -3.875703023692129
      168.407748072165020      -23.459404791405497      -46.177485606793049      -46.392683286435535     -113.842580064314845
       90.063415673433283       23.255642536258513      144.024963655795034      -23.887777549654778      199.115334302174546
     -146.163426935161624       36.831959852997649      105.504899335460536       37.966926413760319     -186.609213994887199
      -16.908785608183702       16.566929651746982      -17.388751916151850       19.414802304212003      -42.038555754677802
       10.218288918926232       67.924537859482442       -1.181216983086126       51.910641993554989       72.638684972623992
      -67.912409689399468       59.105260120670430      -97.003429868845444      -17.285373967034605       16.166970266591598
       83.902080448746901       -8.326929537917886     -148.496061191866602       88.254557953735883      -39.631967763578388
      -19.484167080934906      -21.857580747306393       32.487455765810815       37.374882190155297       21.932276416049959
     -156.815558525800043       38.615823149371096     -106.422762887337939       80.807903930602436      -86.721020449213569
      -11.930724802868667       16.272863213700575     -144.753165391672155       27.314922348631558      201.987328382162246
      155.025593328763847      -26.426381294824612      159.759722599073910      -61.271861369772047      -91.023731248416865
       23.716135944645867       42.746256756970787      132.786700186079599      -58.228413570169536       23.478996704857991
       28.382714243634720       84.125989291314610     -138.474745771734348       35.345600414885823      196.105188138251350
      104.976297816972391      -41.791313872991878       78.318124632449354       16.140458062620812        2.322583962842517
      -32.319637096158345      -12.280278788292843      -93.094861519392850        1.642944742273711      -68.786532272002049
      -13.540592984749386       -2.296947501610099      -27.670235618950208       19.991722699133248       54.267437059863404
      114.050732180697210      -83.961394817061716       28.986567278949682      -40.593528147399077       64.807071206568295
      -66.016314364180275        7.510984705808867       72.630883052131395      -30.806915530942334       -5.873732867293059
       27.491566121164048       65.538346391145623     -223.466959371993738       81.131064426569068      119.064324825541874
      -65.781641745074495       15.445334452586460      -10.208293227101549       61.355004868338987      -50.485783766978741
       90.333195229432206      -66.801843169365952      -62.050380199971165       -1.417836986334022     -121.114426945953795
      -98.473983178095466       50.699466129256209       -4.913413439517255       17.113591813086732      125.207128501116145
       77.770104182287923      -42.992134106004087      -42.523628402665018       44.151061309605254     -141.111510737736353
      147.821907902240355      -41.389921300875514       64.342498889024540      -23.798903668920545       39.613137829143547
       17.409124511403906      -49.721086041757516       36.749415021472231       45.858087106581500      209.367800953195200
     -189.847477764135533       96.830013413507729       17.025932601562182      -27.488336216483575     -130.949755873185978
        7.587307368164470       18.933481519545829      187.108778336355186       10.695673588233346      -39.796146918573051
       61.125976861357344       18.994402312771399      -49.884352593899720       24.259412276758336        9.074774793942959
     -124.892232157416544        6.075727701334064        0.993352059279109      -48.016315546063971       35.953296426167675
      170.548837819244255        9.361632042204823     -215.828567196836531       21.577201023583005        8.214592431889502
      -49.164399873083454       46.484977888345497       88.179482082103846      -24.241916881919444      -70.094818731124391
      -52.934891999723312      -36.481547409253722       18.511075291708682      -10.848999834876642       73.143443200043237
      -41.569911090367263       41.511737155016291     -114.189895941244529       30.790790502537305      -34.154188632895448
      -84.806003353322239      -23.349880868542670       13.912978508100935      -44.580128982512186       56.111515129107453
       53.790229444801582      -47.692241364139605      -30.308324352054942       -0.463181768681705      -64.008660958482125
       96.066559145319658       10.483556784475519       95.668790359576050      -22.842107625676814      -30.450480952701760
      -70.537204230315780       49.162034111777309      -58.761276925463683        6.404115166124210       16.062909005135491
       24.451554119984753       -5.359027652128024       69.301020217070061       33.149994276358427       69.573310073799092
       -3.860414932787838      -18.226105388759876      -75.878366869779654      -40.081527947494394       26.121878490636401
        8.239769335897883       -2.498867652402207       91.840202718998242        5.988467113509775      -33.277332015971716
      -12.877817095537386      -32.257502638912051      -15.132848811489913        0.776970964236575      143.870146061155083
      129.705827236701907      -50.237228726864821     -111.413125147851105       53.366813814404686     -115.343666140972886
       78.162100525603805       21.380631067192425      -26.768527773085992        6.788524732258521      110.749636819799306
       64.736110098930354      -20.347435640082114       88.727308964232847      -23.402837253169025     -161.645641679718779
       81.175955766070089      -40.043684723005740      165.532420253118516      -99.657561449386122      117.673283511476342
      203.167939905369110      -57.625341736175429     -102.088164678827283       -2.076614604193277     -104.496942993315429
      -31.144831400377292      -73.681189049041194      -28.241376100713428       25.254346151969383       71.097956532385041
      -63.267814263303869       65.331189964337256       15.509011138595650       56.770026687628445      -97.717834424073118
       75.232973779509635      -27.979477681370735      -49.060329337693460       32.264720239643481      -68.470712997866983
     -172.148984470194790      -53.934159697446169       44.144901228801274       47.540467788132460       75.950653399742521
       -6.321436358096107       76.303666256552717        3.407159457330663      -54.651350960393216       60.648604813098480
       17.423918806427164      -17.685410665231071       13.283451761054575       -1.458779088649971      103.418485108524735
      -79.180769325275023       21.654086354915453      -84.679738690620411      -28.003100597130540      -52.353500686549033
       79.846039755992393       -5.591490765912954       70.570102726056518       22.230378756543736      -28.838598853939640
      -80.997573591526603       -2.619093759802595      -33.435826376335839      -25.321668653101074      143.978992714586809
       17.943333893581858        8.149654723771967       53.501103181261023       -5.167790428839197      -40.194538589992156
      -59.877546635629756      -15.794310902799548       58.517684174448000      -13.412261101827907       50.448303558071991
      -22.541273401629624      -14.347724530810195        8.901222826908020      -13.087830216282550       10.349520536246963
       19.056118875536207       98.011086229572840      -68.175098128729857       21.069999518144943       39.097678179334309
      199.462872568710367      -72.929872968098309     -166.736265869964626       73.314087999631226       47.196047077278195
      -20.268329548660109       43.289681745306822       36.361766544739531      -11.702829106653091     -127.008971504770258
       11.909666967847874      -40.424178860697005      -81.641483908615058      -18.395452253486230       91.369994685037582
      -61.933806175936560       36.661232793643613     -157.343991054780361       60.537057783251328       19.205045924702198
       56.906263476606796       26.796538438795587      -57.201450484334778       44.436076204682600       75.209803116253894
      -92.275198687870159       47.623691012068235      124.127012428555460      -77.329589566626922     -154.269986881461421
       94.863586728051544       16.293316911623567      -41.054200192337746       44.241494807719953       -6.330526932937591
      -92.127991848427484       30.674676636123891       89.317199933875045       44.227465519338296      -52.130086293997948
      119.431758054305405      -89.318552334732289       28.797237538253405       18.019557646260921       81.840100527104383
     -132.357579361208451       73.771743250275236      -15.091694654043067       -6.980050968130980      114.192989240276646
      121.531415689220225      -87.853038548492094      -42.685457565634010      -18.011282362772597      -35.298290286932485
     -118.538589498875382       30.407583919071655       20.741215361505571       -1.302305405068666      -21.956648020815251
      -19.599767162515978        0.219539645520414       44.034253263315811       27.056503581681181      155.196924371292852
       64.673635937072845      -23.278852213137668      106.395744366845847      -32.573482457057189      -19.650958788910081
       83.056254718816774        9.283469909310380       61.967622936059946      -14.534734443504304      -44.397279904513027
     -119.481211043143105      -21.823040888345979      105.834937249173080      -39.158798270491125     -274.068286492710911
      116.986979814883242       44.589901573261251      155.354301037360926       11.445531467632266       90.380522813094316
      -27.736527918674962        6.210334803601350       73.263579720651222      -32.399112827177532      182.115472985675495
       90.437551998543768       63.232483363833069       44.344524045340002      -11.730190767771255      -53.935983352794409
       24.979436880050546      -31.830943753762753      -46.168067475859232      -40.179168428450367       12.813286934430121
     -159.504237791879376       32.872850111901876      -25.597438881587621       17.117042332453860       17.665714833371545
      -31.092315428860083       24.570535344698914       38.133317927643709      -28.165570950758077      -46.909229007914234
      -72.021150801098514       73.152913054551973        7.326101332991700      -22.678992629298950       37.790203929343029
      124.848752068967329      -89.108562015544692      -63.844796045200326       93.156272378319684      -13.501269211046930
       -7.336341609926859      -40.365411883617163      125.475702533524910      -70.134389500108341      -24.370761659590524
     -170.986182698254652       41.483181196126161       76.506400925897111       23.571326997639289      -56.513463694744999
       78.558612113273327       44.417182835674666      107.415216880105419       -0.599813676341068      -58.852116701476220
      144.146023717490323      -39.203219906060482       30.656304265123730       -1.246802714515238       87.689246760613884
     -130.021126426084692       37.607845653784310      -28.859995807885088       19.488493007978853       13.469021626939547
      -61.782810917917629      -24.533762531803429      -10.286575757617781       21.203976655952754        1.169431420047641
      136.393795007580536       43.474148075420956      114.185372175397276      -18.790777748293682     -138.501537644988446
       -5.414371102063283      -24.953527939494617     -185.603627514175599       44.337585431754782       -6.438687910596473
     -126.625629670283175       34.009524269239904       21.267025614765199      -50.736231810972086      -12.787694901856288
      -40.833198754294031       29.430451643500128       78.660422555858716       48.658414115271178     -167.323357712438479
      -47.522238113345992      -52.256087695970379     -136.870970726439992       18.040896367858757      -86.288230044573694
      -60.893496169452952      -28.006859314711136       77.169531080465433      -23.591734106524186      161.473541237176448
      152.328939345122706       -5.535709643091876     -142.842454702813598       69.367818089555243      -95.531859714485591
       55.630183127634304        8.841552375649444      -40.140868584395392       33.830073491727667       18.669553572295005
     -186.505043623338253       58.127702843717344       84.075349709492997      -12.003727787548899      -56.859495251910097
       65.933184498159974      -11.455710256953321      -64.547179989197176       24.210519927514191      122.076568821188772
       75.836496403441757       -3.076532204165165      145.952453375335097      -41.718718297316144       51.437019160979673
       -4.599398861877498      -44.304239471479136      107.562993725729001       60.735718609413389      -38.698211420812669
     -127.460324058059314       89.751515836003364      -49.922102794813298       64.955790204009702       99.472194578940559
      153.630841385663814      -65.894123786596055       34.505317378363365      -54.802705593165690      -62.212991067610318
      -41.894407522459588      -67.555188139636954     -132.994599409097589       11.571135197838970        8.781457762365680
       11.818751547689837       12.037163417767127      154.191459173226491      -63.291325400672214       -3.918799991095630
      -47.938327637343676       15.246384081460278        1.304245791177442      -10.729772118544997      -68.876623068682989
       71.039620520786059      -49.951078099353836     -106.508545953379581      -12.229403109735321       86.049931442124404
      -11.851898670421161      -52.527954184945379     -145.954129908987483       36.381338815162508      -87.402837385607256
      114.295873413787149      -73.518362623038357      169.821509486817092      -66.109811574443739       25.581320064646935
       -5.837389827131909       38.205425076977271       29.957827473954527      -59.114199224151093       31.748680384098837
      -33.089949398613143       40.090310388259887       33.589145689440684       41.024119513590406      -27.075258868892131
        8.191502005491621       15.339632430600105      -28.428708081561581       17.835233321123919       67.225280190884675
     -100.331594035896089       61.784845178715074       83.109388391975955      -53.688274935174412      -39.529283390956721
       78.137153590759269      -81.982519006074654      -38.351556211639505       63.591944142875043       27.142847598696068
        3.151246541628832      -10.876551395932378       75.578498433258162       14.878774257887981      -59.764414342644223
      -66.802407824691699      -42.166409392473575      -12.582461287444911       28.372994666238395       30.946070124802041
      -53.980282558713533      -49.704124888439971       36.336431942497654       35.818618452065394       -5.401224746531496
       94.510785175141635        2.174846737530219       47.673329591797078      -59.891413517734755      -53.205591472176046
       52.863469694104857       -3.139777761604337     -167.938669129251309       61.672091548861658      157.445689352517206
     -107.163230118435919       44.670692115749404       61.838935078052842       64.146400103883138       42.014015744245903
      101.384862902221826       23.052690545243003      264.584469467993642      -53.485986919064338       -6.492477370250434
      -32.218681210603151      -19.723016808580869     -227.743264692985832        8.209452027798228      -19.197939439656164
      -55.703890498435250       48.487916795499316       45.868882315641088       32.870876006027864       63.183455985528859
      -89.523493916928487       -8.119140567271923       37.130261468800583      -37.321035789789399      -33.952641952507420
      -19.478615576528487       50.792725498468442     -137.935820610198363       28.820048834477348      -62.861491412977891
       63.591229110074813       -5.806731157088036      128.565002587548179       20.037852385644257       86.694065518561388
        9.478352960835371      -52.927893187043388       16.427779390776184      -22.623743341566396      -17.141585823444970
      -23.591800616886349      -14.896292627771420       -0.023779874723184       -6.825153183763976      -11.802900091264325
      -24.164623810753362        9.143821720988914       54.910713626052086       41.045596180359247        3.259086521145315
      -79.433768136767767      -42.903136279092529      -46.275375544720092      -53.341952049777213        9.600846057735158
        3.620346635512349      -56.592414037021612       -9.893879833910571       14.311609244006817       58.716017894241070
       28.994010474039928       11.092077338736363      -51.083685777326558       64.944247507084654       66.834618281708089
      115.119587318172051       50.845758884632787       65.021197444501468      -47.560746579722924       18.225116466683104
     -170.915360025747560      -12.053183024430277     -138.959592697212400       18.451923661151664      -28.126987149737552
      146.907935927504496      -75.434470515214684     -132.106723910166608       65.428809219787240       26.112823066148664
      -71.956312831267468       87.981057834169107      -23.751457450933646       22.826338236077742       33.536368048948475
       68.185348322963364      -76.820760623521920       60.928399189572119      -93.051335300798328        5.405193594534236
        5.157942740866035       36.047816986966851        6.012269441172292        0.121683054629351       19.054744199668626
      139.353317588634809      -81.838572743640256     -171.822709079402358       45.440326907351604      -35.167894068584381
      187.988497685216004       -8.452914238989854      -50.127553653060154        8.878128974595729      -17.148739712640197
      -57.120421236414288      -68.002206466389310      171.499453672592153       -1.562779788736187       95.960705511359379
       56.629186309583680       39.481088279261826      -78.189501477878565      -42.871789956398821       79.747434341071610
      -88.930308475690637       20.523348121660639       57.744662947851531       16.709048857856729      -50.812177518082407
       45.031798809478424       -7.434970595992047       44.360517951337229      -45.982432471067106       26.708416896385391
       38.726439750582827       15.908805927695337       13.138905978525143       -4.338724471283160      -35.927215399435994
      -55.363295971333464      -37.702730440983963      124.776696815148810      -24.814115176763742       91.570372332063982
       33.180238755196264        5.994185769756038      -49.508430872776259       42.681212506486858      -39.824305951895063
       97.551748266977768      -47.812865059569624      -92.086256752164587       11.658766902825800      -22.336209662706942
     -115.678782288210002       75.832494905760740     -137.079839105572887       71.868857084328610      118.523102043977886
       -4.756977373018450       -8.292795549395727      -50.277232732105894       56.743474175457607     -148.492586064140397
       -4.443411047458936       11.630966174695784       74.991250259745939      -31.999228521535457     -161.241093426296914
      -45.402998720463039       53.635450734504566     -113.496543014701174       52.135735707986200       -9.868641466998090
      -30.081049523325529       -1.082936654582093       12.201802508644340      -17.136735994107319       99.892107337423198
     -114.177051736339081       22.670615509059598      -64.400214542882495      106.397449418664607      -37.411035553371001
      117.776885049964321      -48.894270217925431       -1.632584241330497      -19.155458950749406      -63.856989634323305
      -20.324248430480012        0.874128450971018      109.019529563562614       -5.710138531805038      145.448232567453914
       27.086553326583022      -53.516607715345813       79.123587306394711       -3.340901908328856      -44.248641931045590
     -131.583649326209667       36.706250314061379       43.572100081245644       56.778952332265078     -139.671922653300300
       32.841021025305039      -17.986592875331297     -161.956554112110354       59.449853191510620        8.433799952793906
      -33.060398022557038       41.116242834935228      -17.888968849804023      -47.726184297829803      138.198263727267062
        4.084533663914756       52.751506553373289       -6.372995276789453       55.427263791896280      -18.774063715278775
       68.548572009136777     -123.954485807366297       72.512106431684174      -43.586752253668017      -25.070967180777711
       44.977400202697631       18.068559582890384       25.601798857310797       17.123258360792516       16.899611401470146
      -10.991881942035993       29.962051603531219       -8.337832918626194       37.307238692365580      -16.176525319078202
        6.962966555967383        0.986930452415956      137.566797538049315      -24.063647990350425      -44.570201900522022
      -21.553310101819129       -4.316190790317827       21.880317828174189      -14.620184017085053     -172.551078388379835
       60.931777461428105       -9.048770007210614       -5.774061582086537      -11.463878871833511      -46.019581530984361
     -159.116466019084328       23.254577803619739      -89.554465451567054      -28.304803490473692       42.309545000978062
      202.406200549272000      -56.520510717092364      -30.047795964684489       -0.815376208919544       89.831434631642693
      -66.917567275820943       42.649278299371105      -30.047809328934363       52.747669779736093      -36.002075054521406
       -2.542120887319007      -33.398540579316979       -6.773937449074255      -42.367004412993651      -37.084018265350878
       62.265875670876540      -45.545695220145632       51.616954065251825      -57.804726814584100       -2.560782122807910
       17.947991314436099       39.292358218347637      -58.342941098389801      -16.636311428259098       47.996358559624930
     -143.566248219510499        2.470565321924491       84.320698122964714      -11.879455687760469     -195.802855693005938
       27.577443857221539      -37.186469934245743       97.919238071301720       80.562875283110316      118.003220574679290
        3.463401030412611       45.715633371927375      107.221510530264325      -62.272962680982502       15.691764482059456
     -118.423106628400603       28.061825326904174       15.608229923189306       49.770526959129022      -91.580098372158275
      -12.443586590717748        9.969621310998722      -66.012091385239344       37.877524570594119       -0.197184765653002
      -29.644650137055567       18.868651258198692      -53.762496194857015       24.733614848162787      -20.205927511386005
       23.145375148952805       32.269419640543504       46.638122432254669      -47.633644001270987        4.944489825892477
     -108.434082393314924      -63.274045479587393       -0.708036787373902      -10.711377184515296       94.025505754386685
       24.351933826085485       25.981750886748493       -9.015487032537900       20.278349736250551      -81.332747609159483
       26.259180223020266      -30.725832062340540      -46.398087619075930       78.199958179427782       88.517755358079512
       26.261326081712138       44.952672809115782      155.484366857111468     -127.744625326296870      -83.925387507438543
      -57.442559530564694       50.248767942527458       52.598947964690559       42.124118506825916       61.898566720679653
     -152.814305303723017       18.834087505627593       43.854120938120843       47.369295619748932       65.994637926025518
     -104.175120073362237       21.376742623073916     -186.627475297413127      -21.673682813862801      -11.485672219043401
      -33.491032887536626       38.764445669499850      100.455289194632499       35.989917654035210       49.867034341658524
       37.653601695203143       20.996095083789008     -139.239294958463063       29.858194814245063      -62.483905394006882
      -59.505724716815550       44.249311932890663      -29.256876995933833      -30.525673302420412       93.443549959379510
      -24.862179541627722       52.609842764721229      -83.053162272869329       17.537092478201668      -88.024106739885212
        5.233254065594976       48.488490930517671      -84.737031682470288       17.376270066146528      240.970073016506888
     -159.649787253556411       48.163602862027602      209.400586162313630      -11.972650827088090        0.487440165792637
        8.203314808165985      -37.644091666791560       22.692259137241617      -45.490089543460769       24.769731360112839
      -76.621957163692244       38.573323517750183     -156.504956194239554        3.585000249722799      -43.344381387728269
      -82.650400587730942      -37.421791732317736       44.578020828791182       20.703161340211249      -49.303551612304517
      233.973932625367837       -6.522336196108769      -44.203901325603105       49.822467899449741      -22.779215215232938
     -129.633519274029197       47.914906210456202       56.416790773989483       15.209320647288527       44.657660468686686
        4.053966000323127        1.606722770235842       13.696611144637641      -50.563234586678966      -12.781442009172808
      -24.492269631385785       33.703913991347342       -6.306258382485231        9.348688061508154       15.486327526164635
      -86.509986944691747        4.081125344239215      -69.584968284563445       -4.504591979067782      122.377960450419124
      111.047746330846181        4.847549304456506       97.192562159527284      -42.490719034644663      -94.710192786018965
       92.478793901560024      -16.324800317725128      133.480631827135454        5.875199967004598       32.870241171274039
     -121.165863702112830      -34.924028018118065      -63.712477708438939       45.263687150702950      -39.008383032405760
      105.011346117070673       24.456582234388510       -5.662971393440725       -6.545920255438483       41.728384882967369
      -86.860396773876602       77.045859630026953     -111.147607390760086       43.805468660058722       25.702790632355239
      -36.104093932687405      -13.394831913432160     -123.253659166940579       44.041311610589048       95.787573810474086
      -51.846728884100372      -20.734778465888247      100.260750260173296      -35.343164669790596      -94.965270585277651
       97.811386948700317     -122.067356546829956       -3.214600008609574       -3.557410922294764     -102.275169946611484
       78.054393429043145      -11.657739359421086       35.164691355880876       30.133986417684863       88.270139038440789
       95.808096074263830      -35.185810775644214     -103.333461165563406      -86.714228401343775      -42.816738810980389
     -102.293761595842923       38.752072426756307       81.001688672890282       -0.384358284386842       66.315588637619499
      -14.958776649140322       60.487648782015945      -94.191235004232752       17.288569746884150      -80.400780800360096
      169.880167723677118      -10.725238841683044       34.419589507153809        7.705582960357571      -95.359284773389035
     -179.234868078332369       84.482785676748676       12.613158729261958      -16.132520564764626       97.907632067331051
      -16.298029502270122      -25.161595679420081       47.778843025287131      -73.757394795361463      -63.100165897118323
     -128.226254689813203       27.603799330196058     -164.739359449893016      -31.966850216341651      -66.020498209454445
      131.363044642168433      -38.228946471035137      224.188640709908384      -67.745247939727477      109.116910003664955
      -41.324952920910590        3.023818598854235       47.502121793904557      -34.332320466803687       36.283954698336949
       38.959982938347721       -6.963045564325259      -47.878700183890125       33.666231280100469       89.746711721111410
     -129.120321392183456       29.459013592194633      -41.856677572943468       76.419623681222845       35.142507747313893
       78.240015963496646      -47.881296232545260      233.144283506956725       42.863165968266685      130.072565920282642
       67.616631636033318      -15.236286596696342     -110.724440935756562      -58.176630558524693     -118.350453015493869
       71.450706700088091       17.077268624589539      -50.680169563595811       12.180421338408376       23.706745247659011
     -129.743252686228857      -11.959448421976935      165.602040791546102      -35.767880289092595      -35.887958337850876
        9.224968291626404      -45.891964579192113      105.580394016016228       -8.298087214934013      134.776467701423826
      214.270542997810793      -48.016530783858137     -130.880810989439311      -35.936476595737005      -77.927361015496217
      -43.850583200674293       22.438281553460207      -25.387378915386023       -6.287489688505222      -46.197156100351883
      -29.937282901861522       15.824957620137180      -65.955372994568023       27.448842822173464     -105.392173658161681
        0.223896872950648       -0.077967977751361       37.527976089529950      -12.297112557153316      -18.049217119654269
       31.910137618669424       11.296191862458620       60.580522249061502      -24.848279364756408      111.931578642204784
      -53.815527467136889       -5.125535986729497       -0.975044868094658      -67.106976460356975      -45.931949971104217
      147.312507415656995      -23.173569497121331     -106.898075318203396        8.160422498319047      -27.501267467721867
      -78.081452967550959       20.434392283050322       42.732876602353308      -30.527344185006068      105.205631786709560
      117.015501940523563       -2.380999062253429       -5.309957468556799      -37.786278460901102       36.468034931473568
      -66.790284654002832       43.632735910218159      104.959053429338979      -49.223630741749680       45.804554955293682
     -127.034400514809192        6.466616398943964       27.315109662690510      -26.302248392743785      -58.577399852859152
       45.748103331276717       39.135620306498673       35.526366268124221        9.806938584222188      -70.826154530918132
       67.325845413744020       -4.688180292751524      -23.775794706652650      -57.875140077753272      -57.063909108883387
      -83.754288569687589      -42.903512531332638       45.363094790814749      -33.304099353638264        0.746893697735059
      -21.250948686259889       13.528157686304926     -120.966106086824439       15.258545684992590      111.086123669303802
       83.025786563501043       -0.646195664331081      -67.966632703575669       12.142625371547709       79.356446268155565
       47.590806544033164      -11.702878759642633      -13.330386128258780       78.529386017940084       50.262222141515771
      -83.955278680540061      -20.381380888392005        8.927368982959624       29.896811494168272      -94.049719568470650
     -106.468237989893211        4.149191121016960      -23.927400087399711      -22.413465117550658      -79.795449743041047
       89.622118533178792       -9.698567820448130      -10.376225943593115        8.638181813135960      -68.249194017448986
       -3.544194560932743      -16.258232261779096      125.097440871290942       -8.753425348380743      161.783233279587648
        2.736469153054978      -47.737919520071195        5.070652979480391       78.277814600706378      -27.982569052104481
        0.611241056185776      -32.305352084259489      -59.682966526058884       21.224148245096568      -75.842999999204395
      147.060016918645630      -11.814536031632890      159.477418882907131      -80.408804858656083       45.594938105601791
      -49.627065846178596        4.254788050540393       70.346667283304413      -49.353124904749741      -67.093518542473589
      -12.196542437875577        8.354475011556788     -104.877181115145703      -73.648104003056261     -113.004881749543500
       78.623913270964962      -61.904555995729780      -50.694398899304325       84.327210258654830       11.127915206177731
      -85.370267315395353       46.990251940255106      -63.924583213586487       15.696324859927390       87.019385499390097
       -1.033531804024111       66.563914318113120       54.316775713091992      -44.852581441394427      -11.932558039270846
      -61.044333214404219      -78.317150480262185      -52.055466044695073      -14.618408405373254      -48.424075293780881
      131.590111503339386      -19.796871218490914       37.316128569088235      -48.160397736546237      -37.272568229566964
      -41.281608839750341      -38.476237543936712      -57.643407947518391       15.017568733793919      -51.016093472331420
       61.148801501175569      -15.096512711542537       54.947586618602848      -70.069485572471137       42.271711912820130
     -106.928796420965071       -5.484846539362267      -65.840770412871748       54.482553412892003        0.513685126540150
      -14.128277297930468       20.526865116444917      -15.254952549508168      -68.841286903061714        1.512235533557388
       53.651691799288969      -21.746249030704025      -58.474274711900819      103.116363565168257     -199.697649446685062
       14.852351449150436      -35.761848078249017       54.831288508440402      -55.649427676799547       -5.700757947583362
      117.478490752539656      -10.924451114404038      132.457918927211267      -24.241347491347568      -23.336161524425737
       67.250685580679146       -8.890705619461691      -70.019439903088596       27.874427929507984      100.228028861499070
        0.252257866822142      -15.999974541136103      -32.282831396499894      -22.678724400770790      -25.495537611915005
     -103.411134898131081       38.086087408611228       69.376923496985412      -57.491661876454700      -45.384619673970064
       28.597879091797182       30.263250898837093      -42.434008683948768      -28.298677278133539       67.858182009271687
       35.468478488738945       15.491830785129167       31.636385539345472       35.084099697729563        0.074329049218153
       34.812710338555306       23.821362353589567      -24.242770858556820        9.562534053450289      -48.279639911349058
      -79.325849600901051       13.406062113875077       89.038722776594298       -3.230500723567656      -68.750877502061329
     -127.228264935603477       53.462626643236142      -57.900796330991987       -2.778145954137861      -68.231965635973907
       43.963037987687947       12.287380586040204       89.382063111673773      -18.806922651294766      -17.310677601054458
       70.323248046519211      -41.793555450568306      -58.580427029335375      -29.499565080986784       36.776144893651647
      -62.078134426672875        4.129916886603374      -44.264010386242006      -13.561522541903068      105.184237012068849
      -22.381255488386248      -31.221375412646260      -12.980468197279095       77.892154508955812     -110.922441408025136
      -71.508784821112073       55.761704898973832       32.784301634495741      -17.800109793111183       30.007423991428201
       79.900373739304939       36.891912757898140        0.037753372433226       77.708641218679475       98.187821857185369
      -86.999682594509324       30.479740094259977       -7.943471931624351       44.471342505779475      -11.129439577678918
       29.506012138179599      -26.691599033962948     -100.848501946539685       42.820601688812054       -9.884372733525892
      -82.063751397834338       17.239919382122189      177.856900696469097      -34.377822038454461       72.641727059258301
      -33.079119159114171      -78.879211517449292     -169.170682076504079       49.498961546066511       29.195115958669142
      138.653908238954671      -44.956648854525433       40.373317071394460      -36.941110575089176      -93.579602589951563
     -129.187264622123905       52.472699215322990       -0.314055035883480       16.671990287970679       73.666380868307044
      -56.660789025805173      -11.973495829628552       23.577050701896209        8.880378628583809      -35.964485011433375
      -21.622559163643029        9.242879885593494       39.697799161350460       -5.170860046693102       83.935178260719908
     -111.044120491912949      -23.239014794503348      144.089726329923110      -37.960770903205109       19.231323524885376
      143.468847838900757       13.344295364658452     -145.707019944638773       31.729805311973060       -9.280548136630040
     -101.905396330450472       63.898874642195587      -63.230718988296381      112.392687337236424        6.769329341197745
      -72.892672659518112       12.502647977289346     -177.163419783315447       38.712204751663236      -12.938882153483037
       52.458413748609672       46.072881343210760      -93.640142017633067       21.570740804218811       69.041410272584116
      -74.540172504679688      -68.088183198084437       35.457016681314414       69.516051611436978       23.095240993432011
        8.346650441593301       10.198156462274508      -35.500697037665553        9.729693295730833        2.806738002371294
      101.704640273580281      -24.588912497676851       39.763550984259119      -75.208647014254311       47.590048029288553
     -106.971712427152582       40.097872531104130     -121.784642576456619       91.820480978452238      -25.810563633252166
       59.677467324053069      -57.445141536677248      -25.694537970492345      -51.649731552473298       29.512077466560044
     -160.211133770072081       86.683366866530960      137.841071801055648       -8.095678472275710      -74.014242765420391
       -3.911844492357802       30.800474637351499      -23.545689852294785      -13.006205859601494       61.320024892208750
       50.943500236332518       26.088517537021094      -34.580039931609612        0.633753148330689      -14.111539396086783
      118.977362646862005      -97.460281095979298      -37.602689514118204       46.529596485588137     -164.446329827800042
     -148.758451608591514       50.803001110951264       13.416081130953513      -43.994208675920049      125.643645659730893
       39.609431300790511      -13.021156023603725      111.839366579403205      -53.762179037036773      -80.722958480794759
       79.176041177384178       -5.208125678893093      -52.620173409172082      -45.543296675558615      -26.748418789296704
       12.443397939014021      -25.776662150714071       -0.491650264064870      -29.873219382428172      -62.747752617597001
       19.321185763942669       -0.522939525917239       98.906119231007096      -23.421768148418426       11.854767538514807
      -54.837006562792411       11.889983586229151       30.261638120064291      -16.469552237478624       90.111571994078204
       54.951671902248250      -60.575778427475008      -58.635109369407147       10.429599071299723      -56.972090094668651
      -27.092993912370293        7.623567943922052       68.537268846178407      -57.953196939687423      -82.694363023943339
      -59.977605709256551       41.082282232960239      -61.146843604116825      -41.411347214941301      123.182973925888845
       76.873815218534816       56.144568658990330       71.029409327315847      -34.579055082808075     -159.792735297632333
       58.834351301308601      -36.181858441586954       27.676162920763883        6.825703233839080      -16.697619068444915
      -50.506465057691102        2.785874765500441       41.697787939289285      -42.502610655395706     -116.770892682941536
      -18.142667062475844       43.573696827184662     -109.274439923261980       40.642393509295452       63.102353143783766
      -16.645829000584879       13.495527444424740       18.903434870876321       90.220613896351793       21.050100259296517
      -77.758671972266015        1.967628640944825     -175.941918128139946      -45.200710688790956       -7.788876651865819
     -107.549344969359055       35.504292332872531       -9.862320753059644       19.659767722943517       71.424001148332209
       50.007921232952150       -6.960652531271797      -36.280937195891674      -41.869923386111594      -77.208760916100658
       20.235345264016900      -32.211647962594959      188.650361042111456      -55.576137917852677      103.566706768518259
      156.548673682810630      -16.611699703811112     -154.890952205924691      -22.909172724987616     -120.965945934851959
       58.132433514891503      -25.797564126398552      118.633029661880883      -35.786793639323307       18.418799360802680
      133.436904780455478      -60.835169526330525       42.833109969629390       63.907251983847495      164.134548720095154
        9.554144366484731       28.823415799881637       56.185414998036983      -88.276741986441664       85.049601583801504
      -32.563024552583492      -11.355713132103745     -113.697002888188450       75.135721087752486     -178.125076746216678
      -48.131825617416588       22.498230816771997      105.058727668295887       12.947633569268072      -15.672307645468949
       -2.115342940690700       26.728583254935433       40.544785205541906      -10.255336400453530      168.553816587654723
     -137.798212683161154       68.372980041562442      -82.713518426764523       -4.331198930970082     -136.211056443656503
       -9.832520503782227      -28.912429420463155      -14.070225966820228       36.446158324086170      -34.502256091392091
      -47.296397032090916      -38.321689787180212       89.151268721988373       -6.951444137483707       90.583406370698853
       16.020811375770133       36.020379256894834       73.373577213723962       20.078269071558360      -49.439476768528095
      -44.090690131102832       10.026017520355285     -102.344770993437947        8.397669126334476       56.816096827087208
      119.771372046195609      -88.106978539019551      -39.793830506067103       32.446660483322233       28.378056255677755
        2.327522170351424       50.086789929727118      159.723428205997749       -2.932615324645221      -92.602526492345817
      -41.354323150252704       17.607733108011466        1.645173705762042       -5.761898863752258       37.317228213129532
      -48.529352852768447      -31.238950689286387      -33.599164203018674       62.213044927730401     -107.850512164000321
        3.547108027458857       18.348360443752920      -27.301251085682555       -6.993546879785282      -13.571096971442222
      -83.995769343380800      107.351639710346817        7.616778732849537       -1.060203533426746     -198.809819740540746
       15.015929561377549       26.539337910607482       28.256558086859577       49.593193340997352      115.377201856513310
     -155.837390998138915       -1.094464560654180       20.817921931796075      -16.914104982327068      -28.471822187900120
       78.068569819491671        1.501817935081019       23.129350123877629       -9.192457031532975      -39.920783262362200
      -83.255226982368953       52.992218653257680     -134.481032800902852        0.206914707917777      -50.383845957226477
      -91.195395264121558      -25.606780247183625       36.069740372382725      -26.585137651656751       33.632338720068113
      153.357594515801566      -61.732297939062406      -26.995238892356227       14.961401180910810      118.517292657234208
      138.032436294902709      -25.804128196202701       37.418612518823942        1.940795120179941      -77.565294846744422
      -76.286566998005441      -19.551799547065791       67.172966434129918        9.453245830610676      -21.173060075436577
       44.816041282330779      -67.358312619546297       66.434627207235764      -55.618765102390498      -73.218079886876311
       32.648494125202099      -19.298204396171698       28.397726005663682       -0.794979874811031      111.031290472811548
       13.369973142013786      -44.561071843043237      108.581883099834997      -25.252492916167334      -39.327704577976895
       88.636461661416106      -11.776409991369571       11.584580216905202      -30.981139039558840      -43.615218250949688
      158.841247200909578      -76.952605557054326     -207.177797082862782       55.137484565488371      241.658722903452230
      -70.523526072144080      -42.276984514889783       57.561701674225887      -66.155456037341722       -7.430038012657129
       98.498351458220881      -51.193825420453919     -105.221428983936178       40.572850063068785     -158.824515501723056
       91.905668993144971      -71.139133209204516        9.980689778793126      -67.435895793630550      -62.783960521629133
      -56.173957630407237       59.152176077548425       66.467506568949887      -42.901222749723836      129.510321806373469
      -15.417392711944894       -1.479600919030381      -74.470195968480979        4.173828527367506        3.194701278495577
      -97.669680600166188       41.317066318041654      132.534865661398840       -2.240218641274140      -38.457588655768205
       70.955416860343988       27.016650507077365      136.302903457558784      -96.752824315542753      -29.437535864548337
       48.127525458294564      -12.222782507707516      -28.559105695331599      -16.792252320039541       57.971919146655885
      -59.047097272355089      -20.305266415280791       33.381107176732414       55.994935432724120        1.700747311891033
      -24.235986200573414       16.858121394443494      -36.750012254182053       12.761925687646679       74.982388979979092
      -56.584147289043344       16.476761957866646      -95.317380571781754      -32.371639359243375      -92.901262935170280
      166.723366913830205      -20.894520057694212       53.738973569623724      -16.347349765004477       48.572131524022986
      -19.071162383129597      -40.819579475794697        2.651940617037749      -30.024106135860482      -46.847628000414225
       -2.258026281899512       10.946823862394066       39.119470291857844      -40.661849500491861     -125.178475329660770
      -52.167094088184946        2.434910276401834       37.383556473737180        0.871677153265238       90.418612674999139
       95.177998020424809      -82.476953299135047       30.526148130050849       69.970908493528356       -5.670039989815175
       -1.444031918858239       -7.909526213918316        2.639777578124308       10.619779096963867       96.159018557913583
      -28.395057596459058       14.814996056391948       72.408285843315113       -8.681813263088124      -14.095439052224386
       60.339262650370770      -19.711991540508993      -33.732048630961479       -7.173690788585820     -190.720444351737171
       10.773802007928142      -35.916900503160342       11.081597763723344       31.592563134354254      -79.329427777990304
       10.064768975268491       83.339663865466960       56.152590803263593      -47.360885198127221       10.803867912182632
        5.301259721001577        8.852159316624464      -60.254751482233907       -9.379648339309263     -107.703969545526277
       21.378970337132152       10.313988069310767      -53.863739975628633       34.384688710357182      -31.520213783913622
      -84.187653646485344       40.898330759382425       69.495355395254663      -67.522908492242465       31.202657287468259
       97.146245085430451      -30.453494437080849       23.875042233612227       54.353422822836471      102.424672340120040
       15.600904859160472      -12.368872919713610      179.240912197844239      -16.169990395100008      -95.422605493240908
       22.143426683726560       22.514571817553893     -129.897551011078178       39.143356549050836      -10.929246173033636
       70.143495426614237       32.202136001660385        7.201279869636457      -21.940434163653592     -118.516027447116670
       29.216004207150846        4.257451581637127       56.727513232528786      -15.852896245211609       61.504528804805929
      -41.740963232121608      -19.141007498434249      -84.312560816028125       29.650012559680643     -139.056101091496231
      -37.461425936281110       -0.867522314032178      164.025092133680118      -68.889777250641771      121.552880097814054
       -9.021960454929973      -30.189839045081289     -194.466322054734434       63.041728320495366       -6.578631196657357
       56.120103246896591        7.613978641259696       60.584294087761151      -94.373198510753298     -226.290717971846590
       41.143037002028493       50.921522566032294      134.256219173134781      -57.195025618496970       80.377762534690063
       47.390175895535030      -13.387750030540099      147.123422885084040       19.806506149252932      -78.325853360770822
     -101.333964349134277      -12.284964420997003       25.375020254435913      -68.141797935658857       15.924533801493933
      156.134523631882757      -36.984781624110710     -116.178586380294746       36.313830399658926      -57.028360511615482
      -14.767875743640275       15.117504601420007       78.930972972329243      -41.369980489534385       89.091118056668037
       -9.909248480690401      -57.457781310386565      138.404590101038451      -25.445880464912026      -65.692796291639624
       99.559701590382730      -53.057426167056164       53.705148430759849      -51.686897200473574      130.459557028981152
       72.787919494851209       47.057867243255693      -14.425082723357598       55.524454147572541      -17.114736461879264
       40.251054306875567      -39.355566543264828       55.098790907639540       17.235215413463351      -39.699485399425548
      -22.632882501908615      -18.350473214765298      -46.993074008507541       -6.869226336418099      109.682622309852448
      -62.392259482696936       17.963739196892508      -43.702595931473468       43.091106666171264     -104.204028622924781
       95.698117042059963      -69.862276727748934       90.475882888190839       42.015023273846658       37.881693512975666
      -67.881583552837085       -3.426261032414902        0.492650179301007       25.908897144693697       33.551419901643087
      143.307651098885771      -39.457146182384356      -55.982529829761518      -20.274700440547694      -30.814571232561253
      -29.511896484930446      -70.803473222911279       28.241023808005384      -20.263186481012180       21.564855690863997
      -26.888428969757488      -11.761304164401048     -103.274884630829533        2.974151795912484       31.887512111822435
      124.915547379535710       -9.344353007057803       17.259562806960325        2.774945524149246       31.500850866806676
      -22.390948136517320       -4.459372221661503     -130.202584393753739      -59.848145601015460       66.875491851128217
      -17.409957236752586       -5.860374250644822       58.035830048886496        4.319981544917266     -126.086885606216768
       68.785485201545967        0.478459342984639      109.562295837108650      -11.346113156618340      142.683681937044582
     -102.668622376567868       42.380574947509764       41.490903722143635        2.924062562457614      -18.283055890088278
     -125.676783212039211      -29.402916381529455     -143.702467943618018      -24.527084047120891        1.458469524772038
       40.109233607226280       -9.182169797485551       30.557753436734735       20.376663172367113       -9.924080224416739
      -19.501429825358677       53.134646911362253      120.354648018731169      -12.118199025912153      -25.792537019935310
       -7.081376026831443       21.634317526872664      -21.298188693778904      -64.769328651160450      -46.023978056659971
      165.732607843790618      -32.058271748885346       -5.319971247252939       -3.615686655460622       56.401364466536783
       15.851736975816364       -1.574279010114657      108.534352143521417      -14.173087409853103      -31.463787018773342
      -43.073947579200826     -108.515733453710894      -94.914508671617185       -2.219396087798100      -54.396385967473684
       -8.038471260258543       -9.667469960096048      -19.855682060685115       -8.694319611392475       98.727117575511528
      133.637360336029843      -19.768243137463791      129.736039689272246      -29.627006809422088      -46.382089814554000
     -145.551876159188026       29.254110783943140     -238.466232475297971       41.539712889896364       20.753010451511578
      -18.270333935180318       15.668101465908849       53.483309256668697      -31.250303653276799        2.916443574941409
      -88.625672358901227       20.744525264925581      175.111823797474614      -61.213443093033888       11.947213349870282
        9.829864695623396       72.200943927965426       67.822274028774245      -30.942944046432736      -23.863334143964295
       -4.131187127720041        6.995246410139096        4.057987565420201       31.159545514737502      -59.621437150816377
      210.463704406752043      -45.542306516140002      -17.493217642147684       18.434153739999054       93.483986366769386
     -211.353691511859466       63.508430513278014      -22.256292243412183       14.468014628777468      159.806711920879820
      -58.160313812417137        5.849571134892205     -104.809575049650576        9.044373456376361        3.509785185243587
      198.377895238034569       19.287344097659652      120.015871404572309       20.916626711761211       78.934488453715360
     -104.757067087417681      -59.547741124544267      -76.861132430862426       27.065428879642884       -3.315340745540359
       34.004110065481342        0.903453272923510      -76.153816231596579      -26.642893841101863       26.714761286374461
      -78.401134215070087      -52.502038806243867       46.647716667447064       36.049740234927704     -112.717541771357205
       14.837341717708361      -14.058348282410094      118.577757462308782      -31.396500226045713      -72.304082884996191
      -14.863281211252685       28.319677032579136       59.796363900313430      -10.431487247367123      117.187742999363849
       82.785089043576164       -7.567512413631237      -24.206368994166297      -62.932425383854323     -125.709699040746983
     -219.848709392172111       69.290335089273029     -108.307980862687515       41.955252184128710      113.818980834050635
      104.980485338490894      -23.927959859541872       85.747854776408076       32.256705339391367     -123.850801154199672
       -9.635840050824667       13.103617240964113       73.507577583548525      -47.431808454781326       75.336580419946614
       -5.864751176206177       44.087703823798520      -23.887618101969000      -32.805630639189772       76.485707975377736
       97.846478970191853       28.877575424916234       -2.719911924709298       53.623151420217724     -137.564623277136519
     -145.142007384804032       -9.230651613143246     -101.868418895641227       12.169866881513407       39.987701357695556
     -112.905811403326624       16.453408850618626       30.684562257691361        3.258655338192653       89.992571887057295
       -2.891941840355719       51.777648885232907      224.632515275774978       -3.856011745982791      -47.391516300853624
       86.784625194377426      -53.678279360707201        7.580848082695186        7.894019139905034     -123.420103456947629
      -42.559933326452843       59.487387218946111      -51.692024221955876       25.412052829285951       51.632554494198239
      104.131030489864372      -72.504848261753153      -39.867001548413327      -65.934491086576017      -65.272063388810281
      -65.699732820383147      -22.643238778786124      -27.275459114213206       36.792145763140454      145.573598353554615
      -23.907447447935731        8.171795789944932      -29.278231308320926      -29.230463601433243       93.256216575838380
      224.955050477751229      -44.037069621877947     -173.813541421028248       -2.972517355493722      -61.437982471351106
      -51.890981079741124      103.933079966789265       21.566973833636300       56.415038875169287     -136.315208737624062
      -45.007177370514341      -10.159360800597463      -22.630481128336342      -33.766512508882407       32.202653882417067
       72.484941846036563      -50.631996190187458       48.003417303591448       -9.742997417703830       83.443299923400005
     -181.163282365662695       89.852069379659625       19.365038565249517      -26.985840347149097       57.070831334826330
      188.187665212213261      -17.209676610375368      124.779378361451975       10.767834672115713      -89.367667938228550
     -192.706942056713103       63.068838156524230     -122.604249123418782       21.925826129792068        4.692808756854324
       -5.953166727938195        5.591734541238827       58.080187276610545       52.639292241431662      -39.052154688003291
      212.820588068979816      -30.934826300525430       -0.926157000449282      -58.264978994992454     -103.371909055214331
      108.548984989680136      -28.228356061366814     -250.202461829099661       74.155385567600831        8.030063582733339
       10.978120874236840       11.786294832111583       -1.922775727692752       47.369127449450225        1.105166318820022
       69.394216999163959       -5.330490392207832       -3.458058327791380       17.551720119551081       64.122466630558350
     -118.874630993987381       25.528654397898091       83.414148042480221      -12.972407710693981      -36.717386212652585
       65.794758880000927       17.678267615610153       11.679505462891617      -21.978329402451479      -95.548218531168956
      -51.020552234226550       40.754843131521810     -115.469011820497030       11.390990218916617       28.227396604684607
      -53.933227191962665      -31.599558099293024     -114.330779933506989       22.192479039265805       10.181158859497517
       67.239801154006585       -2.420745040343560      184.256742924167554      -68.907661789840830       14.319889445486710
       44.808429291982591       33.722575005608618      -97.357439336818302      -42.026802063197763       79.449522365914888
       25.234015274433656       24.308519156723747      193.959293818032535       -9.173771288227087       89.040393667703185
      -24.394216629807900       -5.979195961197018      -18.492419913627273      -39.216735897708936      -76.301349190743409
       72.338616158641642        4.437448546057325      -43.778291987465423      -37.917256738793512       42.962917051627841
      -10.829716196271582      -39.948679327121994      -27.614746716033167      -37.536490996694262      -98.934467768763184
       99.624105477911982      -35.843573369458170       68.929783896320629       28.900804969823014       75.345512844347226
     -141.866082533759112       30.205756790812689       -5.872094464123722      -31.237294790730008      115.095371796240713
      146.570460669951416       46.440199303806494       57.613089742106425       10.017199661943692      -92.462993048112594
      -35.351087587574682       -7.848290716001243     -117.940551822018165        1.234792609080593       87.636112800472063
     -133.919787327858586       70.181153220018118     -130.434069881842333        8.624003597184457      160.911717255626399
      -57.967178267828885       16.910689961187586      106.374958250536025      -23.035044730143696       25.881401653556470
       41.647836928474007       -1.644884051417022       13.066166579719187       19.921972008662738     -112.483744058903682
       27.836488991067597       11.566868165351183       17.926608627589001      -66.875923435758509       24.363329094493761
       86.337721469225016      -85.511195905523365       56.146251290637942      -42.819853322688864      -44.110348633389265
       10.703047933448870      -11.824555303847919     -182.115244580253233       48.724829909540134      -23.113031568546837
      -52.076345058902760       37.111447685567342      130.676627606590330      -31.348496950114384      -54.474765080908725
      -45.051030865688155       44.676268022383766      -41.029019123319877       -6.484714922554836       20.012286667967562
       48.004022158392154      -15.798564406214783      146.594701113796503       18.491704866041292      -20.807922550664557
        9.672562470661271       54.686966343954154       21.961761719775488      -65.276030774679043     -101.238431692169613
       29.133234065211969      -58.763464503738419      -24.618693740991155       -0.662448629767500      -11.463413271003063
      -11.312021973474664      -14.785309185198155       15.381859146429047       33.833836396928973      -63.169344130241548
     -134.739415960853393       54.279523205817178       74.616752749066080        1.404223258106035        6.406045081802218
        8.351854251882198       -7.927832960205738      113.287200966303729      -45.452271145639095       82.331983370192205
       54.863187095813842       -0.101903284161947       18.276989627566259        3.994589464255387      -48.855580477149388
     -116.404834931902187       13.398904915001355      138.381250011182743      -10.326920671546006       93.451671211183594
      -29.266156296519885       87.642373290547923     -181.862793843728781       21.229497955782310      -73.654439843217332
       82.830639647872289       56.995797301261398      -61.900310016652966        6.387555309024235      142.801376891839112
       38.272347540443782     -103.342302363729388       -7.830251449235555        2.504668532836678       59.145028485531824
        0.321952385097702      -52.332185265906197       30.890482070168780       45.120929151755846       23.262677733770168
      -21.716543594073553        4.586371700727878      -18.616729167259642      -19.214732907929712       73.754330191764581
      -14.707493148496226       42.646178234712970      103.381848811641049      -60.301199686922033       22.976191558741736
       24.884754749958226       61.822276154028529      111.816470552830097       43.701742692062297      117.611753944112451
       66.598201600067640     -109.190853256524662      -56.690187851878463       45.660091184211446      -74.560334396171498
      -35.962966169338507       34.666635483471381       14.919728029747915      -14.526945807000180      -80.014423071269533
      110.736186657743730      -25.608323433704484      -28.214371691638483       67.083133400674456       -3.395957056782205
     -146.351179694283132       49.201167126926485       62.794020461829021       10.965759187125219      -58.513156665322420
       33.906866711263014      -54.357165345715416      -48.098118051420194       34.229071296883319       93.781389621641111
       70.767017812525950      -24.621743581470227      -96.986148461495503        5.198782015009143      -41.081710246261849
      -65.104704955979400       37.305533430581868       52.485393572196855      -35.264078665872560       75.140127284521839
      -97.689263648379125       -0.906995463611104      203.220332348065739        2.261624262434756      -15.010965463011992
      -70.554644160712030      -21.307911496771109     -291.582994611739309       39.537241888469772      -27.858587288141784
       87.980204627616928       -6.549905213581901      -54.733441538833780        3.333083638161078      106.425049048638314
     -187.595534047870643       10.931863447091956       87.260476900147950       19.426221546690531       12.386623047115627
      113.870378466664022       -9.993484169015117     -111.701964979809802       -6.961758090799892      -72.242022884231986
      -69.568150961054485       36.641474177328220       31.945517098082053       15.559574724558340       66.444732917873594
      122.435331244621963       19.251168943215266      -77.013202709493953       28.072470204819815      234.994270397589105
      -89.935653298640901       16.854401163657297       14.201206397091344      -34.497053866285491      -90.948980117467286
       18.090324397586080      -27.588094870104985     -103.461411922973198       72.397461369927697     -144.261655174551208
     -163.999644613149883      -39.671630039325670      105.499007853800663      -41.612029151996886     -111.353309193515784
       84.787535976806865       73.122160299068838       26.129820727397625      -26.082432921545124       36.999427170774915
        4.761349280688417      -10.507562184784373      -63.668429545791298       39.344318870053819       30.551452792456260
      -59.597493456884592      -11.110877773126141      110.023043574606078       -8.233525475962782       56.646401040346859
      -20.927282375574190       32.576383582689637     -155.989554361924888        3.395448812365554      -21.988203302780324
      169.766755070721871       10.280477347476229      111.410814154861498       -8.418411835116709      -31.529706015631636
     -169.458548431831304       62.093217791873329     -108.157721505391905       45.881695881263006       71.027683227403259
      -19.463980706689650      -27.794048662415722     -106.181517975708331       12.324355178597337       -7.866331602163557
      -73.699477440005836       54.708413358317586       70.725219573433236       17.974616802936421        2.726503599271966
       79.819396961817517        6.026765617924053        4.653120576603669       53.867413359340738       95.384858843395378
     -111.583180231343079       97.210791256670788       63.446066794325958      -29.640259620710367     -154.131934993489949
      -36.131228738127881       -3.598103162991332      -55.362404848894428       13.085797796582005      -18.876843727492460
      153.611306544031152      -23.001673395106224     -122.944513025976804       84.833158942777828       41.974739282334660
      -70.135302343720113      -23.905102418083022      100.942411481925689      -44.257227028001147     -163.428679379395305
        0.295657275061370       48.494998833941537     -150.271221845588343       21.565902166466415       60.380651691504958
      101.676802823614750      -35.351660907240195      -18.413338019963369      -39.172611855267121       20.650024466931853
      -10.973499642588727      -26.672414283994225       78.548827584932809       21.326913434052319     -104.654915253416021
       41.711457722572881       81.886566760977672       13.931466589060273       69.767834428261835      -87.104881074865190
     -178.624465116861558       29.629432280327215      -18.284054959381635      -16.764230710048338       52.353472557017113
       29.563011848495062      -28.588170699107987      -79.455176811432949       51.055326700267692      -12.079096917877337
       20.625285881554568        6.638278062684530      -88.787923275599454        1.695887491202132       20.954771218326130
      -14.600109804295474      -14.756878808206652       41.405691091361959      -50.344573316002943       47.901630289346201
       27.605911181722135      -26.257270430360592       38.994387481903871        2.370455705092156     -232.855705407165090
       65.705438508086829      -39.042978027280512       -6.804975432638275       19.779429555332676      -76.422901694944528
       29.310912072571160       40.023828313720358      -42.084096291564343      -34.503642401287671      -37.756298861281273
     -148.184036903083779       56.820427023823164      123.168377211875168       18.856958591052535      131.531386707862879
      -31.313537108230072       22.439729348558441       15.463135266386253      -48.257272612581680       19.108703458745921
       30.775595125853403      -90.144090560913654      -55.243530000728349      -38.571911204387042       56.260714368938345
      -46.235375123451199       78.808222782297349     -114.838061306997020       60.624176256478648      -76.327391894346064
       -9.953600934486500       37.263134234431732      -47.282642696952806      -39.950625502792676       92.381765532013532
      216.164615558094766      -56.812051253942997      110.971973031356342       36.943153545549876      -59.592048663937831
      -26.088728931861016        5.930716489294216       35.299275157562207       15.235517076691904      -91.104601791205084
       30.764289164566353       26.161289481373128       -0.780404757781150       46.071252464834913       -9.299064074216156
       60.657832540155823      -32.015467122887742       63.376876914811810      -22.942908452719550       83.616219428205298
     -138.606921068321185       16.537607250185250     -138.214749063872944       -8.397775074237682      -58.065824797552629
      -74.757201712353506       45.647238319508098       88.677760861679047       -6.200108849392614       33.058170412711313
       81.927080537279792       32.856248719590361      -49.419980164213769      -64.961749985628231       11.582755155803014
      -23.963011799831968       23.158225384427013      -49.278687847175540      -15.415034443775747       -6.037712495075474
       73.881187896628617      -30.454042715593904      110.485691753618823      -43.773721601779982     -160.872617269401900
        0.654798049023450       25.813502544621667     -166.114922653390124       80.753457607193099      -66.314179472599378
      117.113226965837001      -67.773873993286529      -47.873884083271690      -16.753990557623407      -37.294602370097643
       52.482569341141627        7.698734971549527       23.896989626697632       23.389474078486025       20.547550512421356
      -38.573412686813867        3.526398004363709       32.732213071687944      -36.672954350923412       74.737321251419118
      -18.611429556505907       48.840991322943808       85.053642597743064       33.265250471935836      -30.774419508560182
      175.245725102694422      -53.978462517718491      -68.193029791342340       36.978589124417468       43.589068500029001
       21.590884156441597        8.805527204497244     -104.435446774405207       43.650697532073828       27.861418392988092
      -31.862518007136988       -0.435525757745227      -35.217012422014740       63.299576256154076       45.764726606994451
      -32.626285084179713      -42.823957431689337      -95.077103525435447       78.963239475068448       -4.835847278412388
     -148.567195655359995       74.373448546442944      -45.787040783748644        6.912881297899749      -70.164827807629891
      -28.138026101317909       92.362789993568668      -53.769313215010385       75.334489163015022      -20.981551859211830
       54.896931883267804       43.383740622515937      160.885268882418899       -5.415681535577812      -44.696856425240092
      -66.837206364461579        1.312134754562450     -114.855101556244449       -8.515852979173419      101.770826847501326
      -52.512019653080536       -3.768308146608956      222.384928343132600       68.985491125201904       70.185351595874323
      -70.035682580690434      -22.246302436319940     -117.949471813404756       32.073405406990254     -151.273535143329468
      -94.808402097693843      -11.170107514992143       44.629465355264493      -32.064052323866505      221.693886657967255
      -56.475745098271801        7.204012769902961       10.808506807688422       32.894969163335347       15.888556901064732
     -125.045283110428400       42.627396465331643      -46.825241234397197       43.842277880291519      -46.685547968729814
        4.219700872857050       13.732143984641407      -40.949366957064385      -62.122410832685588      -64.573931461370364
      -75.433480063519639      -15.766496319911209       36.547692713125905      -79.976068888522519       36.397863742307102
      -29.778260220780993      -38.687257210554151      -61.666496794012396       19.863175062414285     -104.621482841222146
      -69.584878309192348       11.307744008626871      -59.755334390376873      -50.774030376501599      -33.104934478007003
       19.216452491434691       28.537541387495313       43.401452963681933       21.253048970019563       -9.313827071195497
       42.383741598785207      -77.306213766702101     -224.410577323795508       66.777585289881742       97.870028723556771
     -100.871780447525182       30.103645887362024      110.080967018254810      -30.921228157422476        7.085530273100800
      -92.868079718717254       57.648138510313963       31.482707481935044        3.423249819456534        3.236572526316374
      -85.970358990848382       71.490609741332477     -123.602333521096767       33.068270888357588     -106.585137359867389
      162.054702866884440      -11.740953909235692      -22.679405160948850      -38.541927449899276       70.350285207273600
      -25.595683251297306      -29.027673993932449       -8.691379074656899       30.180102054967310     -114.034878595592843
      -29.109139706095863       23.020217749439063       93.302970476851144       -0.974014381763949      107.729973973674404
      202.429906889880300     -137.049039241868712     -107.445106133100083       12.784170693451376       10.999211225536559
       41.635674911760518      -33.879197349532049       54.339086324001656      -16.944156076434172       87.947611167074498
      -17.222944953304076       -6.683457122141052       28.323568579221199       -5.730047279883224       62.702296924046877
       10.519135126667528      -42.705348859329959      -17.560178671813890      -41.936953288236445       36.438620299600110
      -23.169100861959787      -59.128990525773219       57.656203856071642      -60.719056851458141        4.545361791053154
       28.321290209618244       13.685115792058703       80.854560427927083      -30.504715038373078      -50.337312033339565
       56.321143121609403       25.826285978304774      -60.382666644673989       19.610363666745325       47.750847320561483
        3.298835940920267       59.690069422197986       51.555649188257647      -10.127020517056474       11.720910180219690
       34.105493272532271      -56.391024014432915     -143.150565730892026        0.181526061423792     -121.377160875133285
     -187.308768955792829       24.997780707282480      -86.091276999267876       35.147703373319224       34.549989399583637
      140.152312054938392       -8.736690455464476      194.545922617375481       -9.590003816695194      -53.791716026494427
      -12.843870640814432        5.905384981295720     -137.022334196514834       12.808053985336871      -82.760209657816432
       -9.782473121212158       40.196884475429997      -88.658576264025371      -18.829464244592373       64.737187589222160
     -143.443221438137215       -4.862532123652508      -81.173298071085412       46.991336720629761       15.008446660619638
      -18.335909905332521       42.618834098124161     -154.604474648760259       26.872874100205880       39.901719782917837
        2.146014780024209       50.777393839988129      138.914420404427176      -67.780622753576722       59.788717395774945
     -150.148475994093474       -5.302816472151140       44.004796902316670        8.992161539515209       27.144826667776236
       22.515111280092075       48.748850126758946     -104.595552279996511       30.378750115770980      -30.045600291593281
      116.107145243211932       -4.222909891061591       88.156482441909091       -5.815424736856142      -14.915692893132503
      117.237643996236443        6.098978688330543       18.961690321371087      -40.260557492033975       57.353795681476043
       73.465422962804737       -4.201875624166606      122.758810652972457      -45.988946232112504      -24.941867051469064
       67.969413394725152      -27.816363437246160     -215.974096157926908       95.468553406290638       18.812497778059406
     -178.865033303497853       24.144057823266142      -19.618604861305798      -37.220950196948124      -18.993567167828772
      197.086243412961409      -86.062280786009680       67.944602082497653       15.933722109534076      -51.098826368840065
      -87.850750892169131      -42.250685399942469     -183.604560706495704       85.300561836597907      -63.156239644353207
      -71.555071553728425       20.360880971662748      -36.030709070054009       -1.095538527359291        5.776437363002200
       51.952814127958639      -57.426844576030447       -8.437141621941960       50.277170056156436     -105.801816399949288
       66.676528045264405       -8.144749959638450      188.018065344919222      -74.024118454908930       25.471358852132411
       42.817305513542756      -10.223382056428314      -97.469156038335001       -5.987492114664843       75.468318254913100
      -42.536822726822095       16.747111155017404      112.415940638815670      -46.489192187181153     -105.441569998216053
       56.457331263486431      -16.747002917740023       64.209387662291618      -54.510492526094936       34.247463249379500
        2.325463546218284       36.366328754547681       31.929802948068804      -75.290127072919077       13.216205565958143
      -91.100011598139105       33.071941714662280       61.106962606796870       -2.692746345362762     -149.216830517185940
     -238.499675052185921       25.914441302478807      -41.016930505432981       13.421900371983611      153.459846444288388
      109.713975499274184      -40.064806508997975       50.966605797696005      -24.845023151348052     -131.214091855418388
       28.921616661262711      -36.210929235396733       44.531686470051831      -35.504396006899050      -69.774032070305083
      -54.215384186466338       36.986664016382704      -52.291874015971842       -1.034720691081408       61.316788129917938
       -2.966408499058959      -22.017871187204868       26.342890224448702       43.907820175468089       37.705237567269876
      -62.126346200439109       27.346590204664867       77.754635326143685      -43.544146766279809      -34.114480078680231
      -95.070896201855291        3.764750633560384     -105.508111110823180       36.162221851142171     -175.325288585221699
      -17.443149698011208       31.005608476619521      -12.101380801227853       67.435411857882428      -30.635851516734085
        3.551358809449731      -11.720232929140730      -57.213642618012230       45.883338366913712       -1.011175035213285
      -27.804001393335319       89.864987087687595       21.722648554380822      -28.966518216957976       43.800388070203645
       20.224730575753554       13.183770463722094      -27.793052800904299        2.549948191173649      -11.624541293279169
       -5.904133049311364      -28.464231284107299       63.943297450920966      -12.869250054404995      184.622062307027733
      106.980444344418487       56.018711215213159      -82.129117161158746       -4.656290827708741     -105.752301422993469
       36.051874059252420      -63.194611139688512       15.281697179501608       15.971503857799506       82.402664357428620
      -53.102143090637327       -6.290219454754983     -102.411501858332585       -2.065019377907868      -60.318660507589705
      -62.668025975481136       28.519744367119621       61.103467786734242       -3.624290163754783     -103.897877523634733
      -72.003388557709869        6.959751616115137       89.723822890438541       18.426068232676670      -20.804119920688350
     -189.950378681461103       69.675839797782828       22.963427128300424      -11.659397748258664       92.200859563033731
        3.173142974347261      -25.992752070011317      -92.919608820941008      -40.445262795252965      -35.719984492722737
      -97.905020903231602       44.547332530522489       25.922753481246605        7.445828247928125       60.280873145859417
        0.661778542976356       54.508621244094428     -110.616491894424428        7.749852360075053       25.986216809768539
      152.005287123646411       34.998736549595279       83.314187061957682      -39.874905002379158      -30.496777691260412
      -76.471954850306659      -15.314753273820143      -46.238733734296886      -18.572110719921952      -85.989514542077828
      130.412975862219326       24.927116300624014       18.594497606416908      -24.729274213937877       -2.532724562803556
      -83.186144347089567       14.375334730269941     -135.081577476803602      -67.522644476991914       33.693384109025558
       22.306246829630400       11.332217781830607      -16.293481347492296       42.637353720585999      -22.553051370295766
     -100.112612022186639       -7.559656936173701      123.854061797418922       12.719042241616066      118.612664413954462
       58.872336535047275        1.699397417163021     -211.668981637242894      101.928404965968369     -174.036928577871208
       -7.864819806643059      -21.794550423870415      -81.126934110095718        2.375358799022718       18.003122385800975
     -139.650532632414581       83.073895811813344       99.427216164856901       -2.380780394134331       75.068337595801509
       71.925158947340336       -2.063599930723655      -56.454167646995650       -6.761305452293625       62.531543438814886
     -151.702147249053525       11.798502624167694      -50.133963300430629       77.309508886394539      -53.769730682636833
      -31.305005070027782       63.528209363012287     -105.812787711312495       40.520779411872851       65.309557400671252
       59.607687526026751        0.277436563086604      172.801996156668963        7.972611092849275      -75.736979994675508
      -38.412519842765121      -69.301959581563622       15.196985372487111       80.006767471360249       -5.619167859138957
       53.511797632754792       61.495494758527073        4.361256080126307     -108.591194982890315      -90.606994220150071
      114.456539322522516      -30.720881763677578       35.208404468638491      -29.523003820357992        0.846076867911491
      -70.248025660567436      -19.485237286378329     -158.092310028293639       44.209147282186180      -61.678572260499145
      -38.978435445204035       80.618672446727928     -135.773091426746277      -14.568534158556567       33.397200746376981
       21.317454663067664       64.972990224473378      141.791710374904596       -7.423416548823861       64.173192383414005
        3.150324985601859       17.227401544377326      -64.679972059643930       32.644366577147544     -156.544908607861259
       19.983908963940838      -59.308557978369628       14.751622973861963     -113.230504012481745       68.046301559198170
      -40.700073195991422      -39.618888926942951      -51.828487398224325        5.434939592165607      -70.139081891056307
       73.240107624321965     -102.727711771870062      116.181241552257134       -4.298739184707604      -23.165176822662669
       -9.509894744496709      100.215345245746633      -43.735516743494053        6.422967535263665       24.206504790477787
      167.046993979526803        1.924790491156648       82.415094000249439      -35.088982152357460      -64.746264395830920
     -184.148686469120236       27.498272697071144     -165.917208009891453      -22.118310295707879     -120.693615682305122
      -78.352584696608162      -27.917803029797273       28.533010838757878       33.592918099483413      134.372025717742275
      106.582204426112739       57.906442062686473      -58.357781405179736       37.772940024997830       -1.252561473757341
      -22.405840756567375      -25.229142277928986      160.790418263670944      -40.712053750594961      122.711704002603938
       -0.735406112605659       38.269872147488421      -77.600821941115456      -22.416942874837016     -116.753893386115777
      -73.844169061807648      -33.095049325941716      -58.001923828034435       49.324637206967509      -83.914501540692925
       28.623967443169622       18.696564066876807      122.297361052770341      -59.294337346092732       -5.601548076105107
       37.482761579293616      -14.479394320960166      -80.266839106078052       33.067447209532986       90.545005751126055
      -87.080123016517646       30.133630800633309       60.156893708017840      -16.899856324340149       50.498384978942070
      -40.494632072907294       99.439317883092698      -15.157049761801471      -11.485363653745345        9.696977245029887
       26.122675678788951      -31.248606447177892     -173.639427137539599       12.003650218482420       47.993364862489393
      -15.359903410499768      -30.800593975615946      156.227463798019500     -106.552777704241365      -31.181256549215210
      -43.607610286206672       17.175316186929933      -28.436836892990801       -3.464084005661868      125.592241279689389
      -86.485659672839233      100.649746420642145      -37.004878098718663      101.870635702728308      -84.766445237831761
       85.358949282808780      -31.112029326043778       97.851132912488666      -54.281963277466843       56.405303381689301
      176.898171805654727       37.757000798936843      -40.376658242535427       34.854493160482129      -70.102058125112620
       -9.944036591440645      -51.361335663054042        3.916589546016709       -9.052725574501329      -83.561752932056393
      -24.157984755436161       15.086718481166587     -115.381858214472473       85.742837299010020        1.641437748409476
      105.363080800681260      -35.091796900534590      126.342544323191504      -35.682025656439222      -21.463709713286928
      -66.924163771429363       54.736545360662937       -6.140786576294277       33.604075481358990       11.081933639955958
       56.583711592598718      -33.479563742731365     -223.107513838215851       55.471511009450815       29.809741786800469
       20.622665828684529       73.840846896490021      195.040834573375747     -119.920178058555138       55.998640386145233
      163.845095314409036      -49.912864999585061      -23.869661816286524        1.511135508263415      -42.918772521899250
      -21.077144311314122      -16.434643956666658      119.839758845358901      -79.093983899461278      -73.196369925799786
       -9.330831649264187        7.971699839272521       64.400483419524477       -1.205977290394246     -238.083439527437974
       73.575339274457718       13.758956160958203       63.691195898060521      -18.722587256270472      135.324795139104964
       29.417903327461818       39.874674177939170     -143.158995323342964        7.780936069026594       30.816774492020649
       -1.836744383785260      -30.182850138859408      115.481937933223548       42.578997996973222     -126.052849980220316
      -29.284871840911606      -13.264696328022481     -155.734727679155583       60.530456531423219     -139.652666245741642
      -27.663498313258394       -8.702193226262805      -34.521039240613305       -1.713808800356268       42.142288375460900
       34.741657662111351      -44.330642429747328       92.554973447261489      -56.948972470350135       64.565376235519437
      197.878937339325489      -85.268301987850577       22.417569536249935      -24.992598617900068       -0.676880594052270
        8.726622439337184        6.960532815847873     -181.235147265369193       84.169374744127524       56.331267885309494
      -82.084007568690112      -17.527461232961087      -20.466961836870407       -9.091976434538443     -153.054418642606777
     -119.172522449359676       17.064113341276020      -73.073726559160974       37.647038101001897      107.090946317635471
       27.765797632971399      -11.874788800511265      151.190700727075154      -53.492871314406962      -24.323235873583329
      142.187055149107181        2.831542256629480      -89.305872039690826       22.378691932942235      103.553286474389225
      -42.404781008757226      -10.210730259060336       45.478361270274277       -2.330788796494556      -62.362938073247307
       47.027702341958424      -76.065542826877319      -52.391403539909277       46.980345063397053     -118.091464887423513
      -51.753728325850730       15.048491241642891      -16.386771306431697       65.679439500618358      -70.215885118281776
       40.277866998113005       70.827364912799169     -119.005412520663015       55.223276523772718       37.535897882885557
       49.446955046974374       -8.183249806126399       65.108037929103858       -0.555064327840015        2.658864359050985
      -13.383358977769920       24.730408973714862     -105.116640240252309        5.690772694681854     -130.299028870324747
     -173.238625030065066       34.591908356664881      -56.862743759340347      -22.627905917058179       43.074438293150884
      104.090255750220322      -57.585741834071804       71.202525376198665      -52.974002500268838     -148.133613391997557
       -8.188695168679214      -14.842588072962510       33.370293252207951      -37.271765347023148       51.282960579428000
     -187.497571517525870       -8.882140818048995      -95.627400531799850        3.269433936160133       90.074944382354659
       43.585098671172886       34.146635934292128      204.644865108617950      -81.819100760193962       28.470982010372719
     -174.238201383798412        1.377387500306363       -0.540052076236857       51.649710130855816      -37.781045325256891
       22.428593172890000       32.658471988996034      -36.640724242979331      -26.156115563137924       18.319415201999849
      -99.387974470754287      -20.130209195756940      112.451506726982402        1.498843477354935      -23.453368686946988
      -37.885413367308182       59.433020296396080     -170.094467007073604       19.241613867796058       43.462291655067339
     -149.658514971763651       18.110124364361436      112.472193869106988      -10.934209989593997      -56.514908808625933
       97.751597804915050       10.447533001465937     -121.741010504765143       32.721507280142802      101.550950204793580
      188.319560063310945      -24.518708940442750        5.370518385555549       64.942565869104953      -93.253934651133534
      -14.825401660720759       26.599341857027468       25.884201673809997        9.914128806823353       93.234521418307807
      132.214266201520360       -6.944307910561584      -34.823806732575946       56.633791322889124      -93.978405304437132
      -96.279629090603478       72.884060234813347       85.829187110426815       12.696549588741979      108.247510427682741
     -126.975036042566643       59.467961118680947      111.405747580495003       -6.338341454792795       95.508978238853175
      -41.578468245840199       56.931845506968209      -96.805216883868724       19.044235759100129      -20.811386887631240
       17.249736551506164        5.071838756230726       29.059326747326899      -13.295105288098444      -37.218736808884294
      120.252898070792298      -79.154839983374984      115.492105335177456      -49.112220624292398       15.557660251283552
       18.540548386613992      -41.123488009485030       52.819560860388201      -32.527360153390639      -25.938234396440084
       15.171317564299152        4.303928223761107     -173.657818453348909       50.481319216705160       24.638020118894872
       81.404556353654556       31.994728705177106       98.865038515684574       -6.096957154679034       52.424484539473447
       40.449394706367997       37.830595229388521       51.435716619992668      -78.200394845538355       93.387751754215927
       -5.734742348606369        6.195437038749948     -120.997539997272384       76.739225869545450       72.170365184828214
       68.555592432905797        0.334426200722211     -103.766639578382524       63.647037511354533     -193.771832806993928
      -88.590192946025738       51.935753734591472     -115.656994638341544      -27.778633810116521       16.240124512637202
       28.175877560360025      -45.505940754355549     -110.021180571642802       17.882202774386528      -88.901775853094932
       28.447068880426642      -49.786980043075467       18.748073248798818       74.886688061881785      118.984612261642326
        1.724054402920703       -6.326930885767578      -72.776946800534759       20.404902836154641       -7.877306953812466
      -12.357415105610738       44.157605248813255       76.133238013923645      -32.504557281546802      -96.539836705501386
      -52.053791418475114       -7.844823031026051     -128.335329657804266       14.699291559023745       46.374304632526311
      -37.313580908535506      -26.553113839487050      104.299904196109480      -19.022018996169155      -77.987461449638744
       70.163575230141390       10.998723739582179       87.344811043064368      -20.560445136467536       84.683280241585365
        6.560947979218626      -21.761509230064558     -133.876597605082139       29.139154332413955      -91.949724158212305
       87.579967199785713     -103.184086211191129       46.303788630832869      -79.343728308564323        7.548008140937398
      -34.009906648296479       24.394413570854489       81.802798084218963      -24.836045503003874        4.130360067848747
       61.388905452163392       15.816878397566640      -16.232490183676962      -28.460365416245448       -1.076689311311306
        8.797237908679090      -65.691789577467119     -114.681842755502274      -24.409526541511557       77.770429783864614
      -75.746109705404194       38.385618970192418       32.384992581951558       37.422187816364939     -118.839909299239991
     -110.735797205907986       10.271787452908796      144.237937827767524      -12.813799293307724      -69.731334399110636
       28.685858178787214      -42.392639758717607        8.683648477399048      -17.643484937446125       -0.392640441015365
      -20.570163091257911       -5.006370103854105     -206.533427450225190      -24.422976012759740        1.277648103964230
       46.149493368901275      -13.618518795225679       36.786512540674401       23.594617928504100      113.730457576308098
      -11.920625991332034       -3.111528564287832      125.713906764219061      -59.565335381341107       76.781062013572807
        5.084029212565640      -38.065396744271283      -19.925551413166581      -62.240335832485876      -24.981234232847324
       80.844384584468386      -23.874793375980651        2.951665901747565       25.058018361993128       33.636943382873859
      127.909945861809547       36.662129270929690       91.898002984404698        7.726639127652534       47.145468443214206
       30.984969900928785       17.811969997838943      -96.259973853824278       75.180614699101369      -93.295166066973536
      -22.844305001122844        2.743370205503564      -17.370202267187352      -16.439451057719815     -115.024450297717237
       55.780687364221485      -30.048945020573537       47.601601227536491      -33.232695000973152       73.408357483227235
       62.186224117666612      -55.486574312732102      -80.631505121994223      -16.998652268324907       25.368205932650483
       33.827655368173296        8.211803150728562       65.065255997372390        4.509150944061486       57.479477452069254
       32.268307113956524      -25.397805132284912      -23.957255579187514       22.230534362175415        8.970852306621788
      -91.424324555202148       93.835640162287802       36.164436646143606      -61.955874520786871       43.558225892960309
      155.030471500861694      -39.459042650493451       93.093582365684753       -2.190001646850400     -179.657911776044216
       24.800528899036852       -8.314058522572447       31.417820057792582       24.385891096443505      -36.904622035687140
      -60.730134299849098       -7.376713428401243      201.155158056706142      -44.519591524858605       14.310053962854910
      -53.408052752982620      -39.262312167045408      -31.867842178617195       21.458219773941266      -45.648577302323595
     -105.688221532835357       24.619430822449630      131.241244884537991      -34.595490223083750       83.292132243130894
       40.280666243204237      -84.826425157999580     -117.860058237256226       33.426658814389938       -6.969656708907513
      -44.363010883546615       88.867038209930342     -222.778257400146941       13.690997916352940       51.804406602549129
       60.672172482697952       70.588764617278358       46.694380852730774      -17.044678669374488       59.473302691602406
      -65.325551903962193        5.334412844078555       68.458147494141627       14.993947047157056       27.878739230404211
       91.606367104781100       -2.320200263625833      -52.599574593274710       61.864142955877334      -81.987761205129360
     -152.387268611802654       11.186155354478895      -12.738737906921701      -31.472238967083396      -12.125052592123613
       40.758542567033253       17.726506695175118      -63.753855589896119      -25.671055151443898      -53.525455411570448
       20.206300921851451      -29.872506738012138      140.976078318653038       42.101368032771560       40.085569865129187
        5.875071347939731        2.034346874841569       40.305705038779308      -72.897796730725460      -17.090410221717416
      113.406889658475194        0.008152568684189       83.278055989770692       20.625406732260185       37.148908592632395
      -63.646746074580378      -55.271386634866538      -40.709378934451415       19.121445660293293      -24.546854860282867
       40.014623429884779       51.463429618878280      -39.511916472039900       -8.761402602863896        4.440438148069323
     -125.758338056146528      103.256006940544822      119.905362259363443      -14.601583989673451       35.983752282074065
     -112.932067114617965       42.724063291112564      -30.785184629262403       47.719525873679189      -80.333307286228063
       36.015466452753216      -65.537062842883401     -127.482243243040898       21.004127364886184       37.949375916003149
     -165.701536089187925       43.810523924639867      136.356500510774964      -41.789032454502468      -91.174101998847419
      -71.873103320106978       39.836724747892461       73.041958904228181      -53.608817537950081       33.373907556936324
       26.898422699221850       -6.465170300488868     -101.857655509018940      103.291245597430233       40.225614270804122
      -33.460104143096693       21.226297983121697       26.860479138594659       50.396870280776156       39.368423575205739
       42.501849569399432       13.659840587165668       -1.754499640947790       51.822368258813540      -86.546520744513387
        0.898289746627115       45.446406046077904       66.440544862322326       -4.108116926621191      -50.239025085625165
       -5.780296806516572      -17.549746796370631      -72.318726855998861       -3.059364377116177      105.445394790281242
       33.459938629760437        2.040845521821785        8.081133637112137       16.784677719978596       66.713546055857677
      -58.248304801173944       35.058119296525767       71.970453246420988      -18.490716066057082      -93.200678820082857
      -12.435403093538568       18.388781612469465       21.772161172676299      -40.372880347812860       78.107792316834846
      -39.058230995682791       31.339726085657425      -47.885826914717377       -1.107793738500558       39.975291728513248
       32.765779769117763      -14.794338868195869       26.512447975051003      -63.716516946017258        3.587168007701661
     -152.116503661922792       83.303320583130088       96.281459824457855       47.879759439907879      -65.834061371103658
      201.672567040288271      -47.795169620279175      -12.483142526217037        7.958773058474808       23.458617620816245
      -42.806352483549972        6.041813368310599     -113.697798516994055      -59.877527204209564        0.089442437019338
       75.944531990987599      -20.692368088411623       97.179381198193951       49.839267823114248     -151.101023125759497
      -49.648759720463374      -25.784532914762096      -65.658850311089680        2.811899183917892      114.076136215182672
       49.437759476572346        0.914079926745579      183.371463348122319       23.906864833671417       35.308713332330306
       17.100280111286690      -25.790333436474064      -51.532688759388535      -28.863428530156341     -111.905849283665674
      -20.274113067175353       53.177185763997933      -98.132429777445623        2.368675033291393      122.841601109327925
       24.534229675105482      -54.751720486269384     -116.382680730919915       50.322564622314324      -78.145608525230926
      -47.534980426723621       32.388032235099658     -109.118689584960634       71.372557391956590     -160.862088276180771
      -16.142895633528560       13.593233875213560      -30.236291758925294       28.914301307105752       -7.332338531198270
       30.315692512332575      -11.373597312027748       65.740999963451969       -6.556354044802464      -40.880196591800448
       80.846954106648496       25.408606814388971      -44.795990427128864       32.063858931808156      -82.384455669971075
      -25.556512880626567      -31.454337703243514      -46.149836420521126        6.477059090156945      116.691961501007881
      -47.941707095723118       30.902904343476937      -20.638329557394428       44.462171988597497       17.706799510478099
        5.335240163794086        2.396562413371744      -89.834867788023914       45.382302995293955       30.299043568487875
       28.819127931123074      -28.701803252564154       18.254373717728384        2.394700096398353      -57.128210742752564
      107.146678150018033       41.858927505765813      -57.724444181768774      -16.974978549981845      -89.053144198632694
      -91.286292674859666        2.580881519777664     -116.588636624176559       42.464860291650773       58.875283769898928
       11.624008653143125        6.328925574599516        6.744590392567156       22.844345723405741      -54.915154587374339
       53.847827926081628       -5.432319087822017      -78.999701473662256      -42.718074507728787      -93.308779260668999
       42.693142775150093        4.522633110687770      -19.907795379054065       49.215702056632608      -26.206864477319929
       15.789134543555317      -70.830689292107323       22.871247320131367      -39.608737269113796      -37.206146515795467
      -77.840798280604744      -21.657385321032052      -16.859003360687510      -31.685613490682890     -108.406748980708940
      -27.783546797394838       61.775112660692834      -19.834417518485171       75.160536636446039     -196.668525845725298
       43.696985290529355        9.807011438746613        9.270714033669055       10.857964482986405      122.234948556590084
      -60.803492592703179        4.808401709533694      -69.173483355096678      -36.706269771243711      -54.323360286202849
      -10.773280124854844       21.901448302398276       -3.048160969820513      -61.315443739541777       12.097564564934007
       69.154184110205847      -73.614005862281573      -69.841799273899923      107.377017909665895       -4.281596178126192
       -7.599925565194833       27.826404855572648      107.444603094975463      -56.386276591612543      -15.297317942360836
       93.952152512413534      -52.312085856239491       91.093369291648827      -47.712962802822744     -170.668753775464978
       17.779988910415792       35.144270307433750       94.702822249036885        2.128769577302862       48.102031550405108
      -44.030146545330020      -23.749324580716038      -59.708876510846309       28.186676011515484      -81.390198025804693
       48.092605975766872       53.233068784397723       54.661293066796304       -9.824542284372727       14.174678468921769
      -51.762281163903268      -11.453677605957745     -139.325783110761364       29.056318430217672      -95.849111774975569
       66.001168522116956      -31.871858364382696      145.587800066062073      -66.337173319985368       13.458475180110854
     -140.049355068024454       62.734675189494574      -31.377690563452486      -11.515600549715373       -9.086315375339746
      -55.564956200631727       -2.230183044681475     -163.346930279168902       71.289252804873200      140.892366579035524
      -19.699603266414254       13.020491244655922       17.677699291968352      -42.169210779468209       98.662164361279082
       66.279539071974028      -60.455666023843555      149.064514657252204      -63.193261324555152     -129.392238174532309
       90.796629195546060      -60.775380041493200     -149.704175863960472       53.501543399065177       71.826215037522303
       -5.043535559382514       15.214895239994839       63.589303870711085      -14.822709606695270      -74.900232327433571
      -56.031894568586146       86.507092211049866       64.615725073321457      -69.447747707860685      -89.247291609385627
      -93.109482451753777       20.586753571226890       74.131365404473286      -55.611378990149070      102.116973560866683
       57.933541321702762       10.241196192916453       -7.294588258069696       58.990264618136692      -26.940301041788299
      -36.055283549958716       11.665795934960514      -60.115915462249959       -0.511694737758494     -134.915809682237608
       65.388910412962261       37.161087771494202      -63.187203904862919       44.841067886044527        7.202527825215473
       31.167883217648747       20.706532265272621     -146.770156817479744       40.856232174556951       97.336918529033198
      -57.111127613735029       65.974331348882941      -29.344965195593428      -24.051717983705384       -2.227678072858769
     -102.960416437712979        4.834671731613370       46.964756670244149      -48.402745294762504      192.500429818398459
       76.418173806505408       30.667633023086470       38.623358462016448      -39.296948143629606     -121.769142183281502
      -75.809169260795343      -63.153225218562120      -23.462699543287354       27.914813505958978     -124.063856657011399
       17.051193994134607       37.986867377518628      183.120886166540828      -68.841666416181738      -44.952874074482253
      125.175342954066153       41.472612133047157       50.295833469931807       25.812691354576124       41.750215537984516
      -49.626287204256734       11.018058376686655       47.988954293649620       10.606994257677538       38.578617555770819
      -76.617074237572197       18.254090652970028      -25.466202388077470       12.509887599276063      -61.134745215809737
      -83.948567196955494       -3.797972355739779       59.613453812894704        1.415586235375566      -12.432553890243659
      -64.795207842644359       30.943290061816313     -134.398070395688990       40.884454598890663       52.994430907930798
      -39.144660705883872       -8.709357216161239      152.594434297728014      -27.940901998190306      -25.384847491844415
      -99.451047477086163       11.738286582919981      -32.284790308593266      -35.378752289690325      -28.819383338189088
      -45.711480289147133       44.565063628125188       41.938323234861286      -68.786749375937262      -80.702262880858754
       64.961345392629894       -2.313961663323618     -150.547704208797285       22.578322890508037       27.973049785185516
        0.895698718190633      -31.578227925719794      -65.097327843688888        8.790500033081697       15.356648852589768
      144.192605524863211     -113.708568849269184     -105.615171471788685      -30.649195142967034     -129.638258589067362
     -148.226837065098863       -6.544219472099362        5.995396782877412       37.565818858505715      159.310271349824973
      130.764784678214824      -65.625615691710806       40.962277830366233      -58.135345708856782      -20.093738027874888
      -41.251039398195807       34.545151412929890      -60.565837421681756      -17.696676530387411     -112.908913187969219
      -18.767425082101376       65.865342584930005      130.905101855028505       -9.815677562338244      -38.438605861559388
       53.515323522725026        2.032150870815630      -19.580087759517646        5.664145839919548      -24.488456870127280
        4.795377319646239        1.000036031000051     -105.685899082607392       -5.343900117321383       40.664597436325558
       43.739763358238747       31.660649585241668      -62.906163406838793       78.190781821042549      -53.717005713957974
       52.439816371512606      -57.439098815361270       85.224716650220927       34.613270777909968       39.433513072086278
      -65.100340621412329        7.171958876971617     -123.516605625497832       23.868651810147121      -21.821008795768673
      101.792002756856192       42.003082245835159        6.042825571474195        0.615456614050199       67.507962748419374
     -174.741949006306186       83.413937974751406       31.235080057864220      -10.271365519550617       80.970267776714849
        2.793160621317625       13.894914914882063       11.057559405022744       61.642731680391272       40.868522620938023
       21.486747434112605       -7.510688280330966       -2.601993627808934      -16.263737266740439        4.681050823025305
       66.611438311385697       -8.740343838153729      -42.517647007471915       40.580254236971882      -67.670957770356196
       74.493839957378484      -75.163318618417293       54.900578427453397       76.297593628679735      -94.003276115720936
      -82.773295453911174      -24.502898289008705      -72.313342512608855        8.765064126769879      108.750027894788161
       53.884263356885192       67.857379961057788       14.022443334572461       14.159649874894383      -74.987773362233085
      -53.524180813079084       -8.870523667166012        3.916932202356501        0.073508871176646      -32.718787655528587
        7.286470879608156      -42.974905785517592      -62.650748930665451       -3.262163991016839       45.098704844016687
       76.527728764449932      -27.171871988557474       46.863831339735611       73.824611828126351      -33.697970621075399
      -90.796617434326905       31.106769572712064      -35.090687925544621       14.583158064985160      -86.838501984034394
       -4.635968106668108      -31.268759549237934      -31.630286998618494      -34.397547770814782      -27.054013235040244
       67.687192260095216      -15.223819785283899      -44.508618931740841      119.379458408764364      107.458282969881679
      -51.143420273914735       44.065506740242441       56.078142269015736      -34.309809884398426     -192.469458678726056
      -23.923552504609599      -30.624791051853844       13.285476934317954       -2.270541723605611      -21.112887473177491
      -25.596909484715500       60.564400033734763      -54.089410687970080       13.375545909530569      144.426839580310997
      -96.467698646590463      -27.470230005094955       49.689323751798270       -7.585459904982629     -233.715031158913604
       -3.829433817212032        6.883731149139017       68.778819413650339      -66.207972802437780      125.137346262703872
      -45.416759865114280      -19.092027554498504      -40.236320265985171       64.451216329288300      -60.535619822104792
     -100.838653367064239       57.001319043896629      -59.202376371528480      -55.743708167249267       74.091882889718391
      -52.879503548802155       55.317156414856676      121.575332427687655       31.488382803126406      101.364303101472956
      -30.574206393369479       39.896296545084795      -54.668156397547364       -1.175728639519435      -61.426663293193556
       67.664571134104122       15.663382279993987     -179.510143548825852       58.072794939735843      -16.406263822743767
       66.759349207401641      -72.824216373772501       82.187261708388860      -27.542207025921904       48.599920152950340
      146.395881603937966      -52.226874241489604      -16.621674691602816       -0.688356861192090      -56.598225163630289
        2.555580623387979       -8.968083054578660     -136.606769576697957       24.448650531005981       35.697096968882853
     -213.533258601194291       86.054786676596080        3.384877576059853       51.231598818593291      -58.600588378381623
      -36.739607941947611      -30.306986349927566      -17.203055470225568       -7.066829922504459       75.868363162437518
      -51.744133041843860      -56.068236882851252      -84.330659292794792     -102.895204203495695     -108.062451198075053
       -4.212967159662337        1.035064061782319       13.846102321568344       46.888530443882047       25.098609367499023
     -119.759595605784781       14.918947027117515      -58.199756993868178       77.374139540980366      -38.414914719556869
       83.018599803416080      -52.834288038742407       72.878473581669667       -5.044105012479289       65.292818862479635
        2.204760173361411       10.475178656691973     -183.066728975267324       41.572427931319396       59.746621349609512
      190.973904445421766       82.699010402378434       20.851372955164852       19.855634007969392      -14.147763646766057
        5.937673663752252      -74.834634917364241      -38.102712112025841      -14.373916684788528       51.029518802834374
       95.180921588168175      -14.463360313495475       78.583482499078599      -39.731516711039497      -58.666898580547240
     -120.062071184505058       14.197236907384713       82.167367595300789      -64.161115227568402      -18.191643524485947
      104.209103232998672      -41.531783997780686       -2.114545773013627       18.680142284959523       -5.860304939764810
       94.619400944248980      -51.086235347285680       46.660882074523784        1.104976603907038       45.863197572354281
     -260.255024105026393      101.173668663859701      -95.006988879408766        9.282560157543918        5.950320965804637
      -16.451948673874636      -22.219986083282155       40.872745296715742      -35.249562753060488      148.628802601109498
       -3.200983210575747       51.712112611223809       -9.430378968036383       82.494340604153834      -55.643200057467425
       12.359242536395383      -25.746981885972360       39.150780049576376      -27.257048329785039       83.695030370042204
       10.787611737957423      -79.594886752264415       33.611092651549086       -2.433963416506739     -112.168032202276393
      -13.436846635322752      -77.516206286262062      -20.101997111729041        9.692631428791895      -27.387039469170887
      -40.385143981392829       45.216946013547116      -77.987427320650340       70.742053742083584      196.652183482231123
      107.939338987094658      -67.683655143364362        0.750178590156520        6.812804227022139      -38.510113507053312
      -30.398327812098973      -42.891143876129895      -80.184396363935761       28.793220272700299       14.457093871691383
       38.699756570384466      -18.580760655915434      184.780495386438105      -24.709763609270798      -20.605432734484427
       30.794410437453106       14.603562048286761       81.130161518990136      -40.937087906431806      125.573108062211205
       88.147630687998230       12.299822528343546       37.936814806120331      -24.488473339376764      -23.406911699533801
      -72.088498476255850      -58.531001613125490      -21.234108555387827        3.405652786348566      -59.102311901196273
     -155.356210218325060      128.820873564490370       19.803653067262491      101.343108793067344      153.289662789946874
       34.409020059683769       50.193115576502237       48.749738303739804      -49.200493304575538       94.778458304003536
      110.906009520258650      -38.902134243968177       63.218920582553338       -8.967716538197498       35.098872396558512
     -148.319971769221269       18.263520312066092     -140.138845168820779       54.789967748683480      -85.055138454185737
      -84.525326543269216        4.544661119585453       -4.351970111835855      -39.966241389408765      154.489315534260555
      142.655978570292035       -0.255601599668712       -4.267964064433746      -12.539588413509927      -50.116481288856306
       44.533149645489637       15.347668007415463      148.398427830037832       -7.685747434309016     -154.805584421927136
      -98.320437021192205      -10.628601579304839      -34.493942962229916      -46.137325074659003       -1.552422577243267
       45.091961310760084       69.804587783154986       74.200382195346833       -3.578075246099579       15.089245736775940
      194.288401584221219      -68.718068603042823     -122.163006905581724      100.413269770527421      -66.893214890901348
       37.589625887708550       10.553692829035503       56.033224613396364      -43.819908401406323      160.121513865204321
       17.313568836206116        0.062377487199038      -19.099261567152752      -30.963644563576032      -99.407493808176227
     -100.750083326595615      -14.070307311683028      -42.327478216810256       27.064918779207019       19.925559065345947
       19.430036755358927       76.867436726017260      223.241615132697945      -15.090274507921798     -154.195017962805480
       16.116460222034014        5.300620193059994     -137.870916015274588       26.915368548356330      -43.143139881142744
       -0.960890824764658       13.752762334802936      113.878593116877596      -45.193441641005627      -38.640300159240851
       11.751461626124314      -12.872920493325093      123.588276157516816      -48.242640059589519       21.822527263261922
     -112.847021363402618      -22.034376576983746       97.396116073705613      -55.641774703890029       63.790704995590566
       85.584247457506564       15.102468394627939        5.634619543443314       60.575935285788567      -65.726920527317461
     -153.793903190395724       34.044915743390646       55.577681972222258      -28.134373372384836       97.115733229046555
       95.076281826117963      -25.292236397787693       13.666385170057874      -25.692179893485807      -15.642597635991882
       38.897268044873996       50.188330388991936        7.038575265932883       25.349635872555329      128.049705029842784
      -96.045328728887341       49.621966668887417      -25.220910256219515      -49.577048420623051      -61.166869101054338
     -111.350935498902857        9.668316207325223       28.476537543674098        3.220922403739957      -63.736507243645953
      150.156349541709801      -60.656436903624993      -35.007800375243640      -18.567733102525036       28.430337777909802
       62.642358063857671      -16.310038679075777       27.052206551236811       28.053406000837551        6.120914806767283
       18.237850163215484      -30.014938773740742      256.247734915761498       27.995061244058387      -65.980665480596073
       51.464606826835592       62.461546847232732       -7.054420936553105       55.173109298626237       34.088030750968414
     -113.829296762715160      -30.753445227064827      -95.766399464656118      -13.597186990353961      -97.288730774824430
       44.387235200841879       43.763495923208403       51.070294678048015        5.692982896206392      100.947450467996234
     -113.318783303125869       62.341098211766415      264.744145266421356      -44.411062221398446      -80.506430346700213
       72.825305620298678      -44.769067281595099     -106.170599356395712       34.432835723358039       -9.672086433388140
       26.018646128224951       15.735161871555258      136.456129774459924      -26.896428505513676       73.678328789680904
       48.479992220984997      -46.387904980983613      -73.622867973035895      -32.081166906348237     -184.449695908771190
       90.006346311974710      -12.941160166854186       -8.734876977643914       25.323720568284539      -19.263328026467136
     -140.800573427746798       15.436885172832989      151.934534912097064      -62.461227769427012      120.560133551140964
       44.156802039453623      -36.799435149136933        4.828220017432528       -0.817776096236725       94.960620602601537
       88.741328304958387       78.825230312725438       59.341592851040616      -15.031313221387549      -70.997467708708683
       29.862345500700041      -27.829606718679528       -1.594944888042695       43.603998887436973     -129.322870298726770
      120.394183734631454      -12.377372444756643       11.888126067950305      -82.695016948089929      -17.829136070201084
      -71.317562281144760       47.362947298892315      100.097152966768874      -16.748805870421418       97.388199148081370
     -102.274916969229295       41.764723475767234       81.243269067244910      -37.368606387928658      -61.517062462150008
       37.457794578801668       22.676550593920346      -96.634667787725206       40.632692583103214       25.922923048250663
      -77.210020414982580      -30.440590477955332       58.411638783410794      -14.835091349943383       67.353917053883322
      -30.920261706079689      -28.989753478103811      -50.215505934461831       16.796438293286933       90.588102532885216
       26.405845703172542       12.235702564675513      -80.885640208908910      100.087126571450142      -20.445615355115272
       -6.883968734113370        2.163911888236674        2.442909344850610      -47.981392969953824        5.007818869136790
       34.791012282939846      -20.430666235740937       60.930022402916180       67.459832780342694      -66.532051912645741
      -22.878231928523945        9.600306399157414       -6.178758291110496       11.524613177340916       10.210502172842048
       -6.255272595847666      -18.220791866054324      -59.891784756138584       25.786836630476909       48.193963934158731
      -91.663207589191288      -29.198635346208761       73.570317941393910       29.168400950210817      -75.504310665620324
      -12.699450791975268       49.019389960615811       -6.229867111796055      -29.002634831091203       69.142008358884084
     -132.949480606194214        1.901897286967067       51.471437264001352        1.984649229765697     -121.317237930017725
        4.728369941652527      -54.748027232967509      -60.222431120104126      -42.172352766779724       24.647137402468100
       85.249319081625330       36.131499765584572      107.929952460677242       60.048489574398040      -75.722331981688455
      153.682900318064043       -2.337295900934698     -111.248137753324272       45.319160099547041       -9.243199995495118
       57.127765826525035       39.860694984614426        9.408691185255238      -17.378146907084052        0.521482809920691
       61.513585493523372      -35.586569300807234       73.100623721251367       50.310767801331316       -0.857441146811822
      -70.802355331244030       44.071892123035703     -170.447610068217472      -17.820144821197495       25.272708679731512
       -0.599796917495961      -39.497832214871977       86.084942730440446      -19.589548633178701       39.334259895314041
       72.119980180901607      -77.827505674839998       -3.891679508330755        9.066673174909930      -21.076125435762588
     -130.180192958400141       14.010322690865758      -29.329538321091750       58.725351907523823      -43.611430290717145
       88.344453406245421      -14.112135634876944       -0.668773640932094       -5.163636862868754       37.626059079122527
       38.215245258302993      -22.085546024354798      -26.671463701707147        0.669992735821198      -47.604219439902984
      -63.286728661086393       -5.218188982164172      -55.820003525102557       10.261646123851396       -1.237839513797975
       80.444380746056424      -47.511561695225154      -64.427996888278599       25.900506243487804      -64.279790888576329
        4.826281614305579       27.885446446573919      -74.159460909802547      -33.597565911819295       32.300977767589785
       19.399779528372392       11.937033364938797       45.823106575037954       34.765311871114775       68.072946629101196
      -76.409574250721164       12.432529362994831       14.554202686558755      -16.963515032220496      -18.664047134932236
        2.662393657383106       -5.332549317765498      -26.935595403664426       45.110616736945403       20.560716391706961
       -0.818067160874546      -22.876933501446079     -161.020891609707689       64.281177847352467      -50.775893710811616
       -3.340397291743540      -10.279830463361641       54.032386746803262      -84.767430120047749       -7.306378400723934
      -49.778046791662248       16.498172921222071      -59.601712818545728       68.529746421833082       51.916282348053123
       98.641499236068256       21.068522027625466        8.510652250113234       -3.582075384566747       30.283822784964030
       13.500375835254234       35.165275899428977       38.731598796328072       -0.901592147283206       54.428639455123246
      -79.774615998380924        4.010175131896390     -114.843410486519844       41.627543666983485       68.174149251377159
       19.039089140721284       19.686520322859820       -2.563073610032910        6.817975694807385      -29.865017408329027
      102.957847543491127        7.835711307206633      -32.942912979509693       26.634079620931516        6.484337311177160
       42.310011309595488       15.646545240034047       73.569957862498342        2.630775814375825       -0.818489263758921
     -153.636574492348927       14.679458725553145     -137.155206072842532       -2.910236443316541       82.763566238205897
        3.902161204149638      -50.286618761644654       36.198971140870704       -7.440878087311646        4.142965227562645
      -29.327269959149170        4.244699715764567      -90.431532946396089      -43.306968802962096      170.641462783908480
      -24.493101077892639      -29.552244500038590      162.716015510592229      -83.851268472225541      -89.236735701203543
      102.387870443153076      -52.098288075742531       13.500170924447502      -22.798986418776479       12.980189012633970
        3.413393787385654      -15.989851240614753      163.935521874197406      -23.096724704400700      106.758870641615147
       18.158773839512630        5.459979636070138      -51.251502594146999      -72.332785804643052      -39.200204725529908
      139.357392437232875      -49.956869854335707      154.300714159109873      -20.041395755435435       35.786484861841068
       16.532214862096293       20.811299718999049     -164.992489410590963       26.272164138702774      -36.804564063282562
      -13.116325590497500      -53.544670497438830       33.105142854983669      -34.784105009801280       44.117784087883457
       28.310099819492539       12.878855364527531      126.469182191453854       57.592046075979248     -129.168879188613857
      -83.954904943269071       13.172050329896551        3.666888369245153       -5.874508116271256       70.507420986970331
      123.058216337283866      -87.503173757371826       82.787787911308214        1.386164606255607      -12.223554275141010
        8.995487711092263      -16.012581627314056      -43.518766661212673       23.923868487792308        5.480996961057603
        9.764404829863665       10.475521176061882        6.505195698964168      -13.199448471699753       50.130989443657896
      117.580877989455445      -76.136124904168852      -27.702420349793240       54.326878709821557      -80.781325292267624
     -137.939639010996814       77.109520786482719      208.907104573040016      -98.544350434828274       55.038556906974023
      157.654229241993590      -28.822285217432981       -4.629830943251544       24.616529975983312       14.344768477588412
        9.470714710314546        5.223356358272699       -6.292008757268013      -28.175648849193159       54.588494431479795
      -65.254531766998895      -61.467033770498638      -39.929016198192386        7.558648404738931     -141.358596182485229
      119.131899490140427      -81.981658891800166      -11.785315448594137       65.927445435132356      103.278904089469194
       55.144124954045253       15.799179351495017     -190.756316415381548       48.578395650687106      -74.954257641168184
       24.233596955723112      -55.974278218055957      -72.602870971208247       13.524705999967981      -87.314255661301630
      137.809428702820696       -6.434021993259180        2.024294678087340       17.428441668549386       51.783726331773160
       36.325191470960590      -65.549338535496744        0.351225372874523      -40.151730843932370       75.578482614759892
       39.256219503446800       43.778257566613341     -123.630721302254756       89.347103390368375      -24.847567724253683
        0.570198525226137      -40.395376913931088      196.983208193841193      -49.528884526338871       95.729703236639907
     -120.473910597410324       62.201573467688185       -2.194216827122290       -1.029251861641898      -14.540482339661724
     -154.135014044626246       52.868779400083000      -95.433911226290647       14.326025067053441      -27.670242439113892
       68.853560722716836      -52.243301636612209      -21.449496743315311      -86.802898276209817       -1.869283879702463
        8.734094517902195      -58.719104680416969      -12.184526661095866       94.675583952692520      -94.979038128793277
      -20.273917470151982      -30.819239325385119       47.727729933701795       43.789390700005839      -27.765125639545548
      -31.826416079322417      -19.682700135604509      -99.276016138804422       16.987343955085283      -73.186477269525639
        2.638329714027138      -12.104053027144190      -44.738922958554575        1.685481522460267       30.068155215770240
      218.280274762815594      -51.345710239158912      -38.092588399905480       33.115941667158317       76.160642896560788
     -144.478943083793325       31.192369438644402      -91.557669116351704       36.327576605141942      -52.605795337641119
      103.566645111630407      -35.356666404260558       53.684409529443450      -27.290096216493922      -45.887559854523658
      -87.695928298554449       51.784003338331146      -66.778659105967463      -14.660881709742428      -30.984961890223886
       33.843173118896033       37.703592367217503      131.589951802175534      -49.570577975046945      -61.396969870403346
      -92.450411423907511       81.340686779062224      -34.821531935721083        8.816060449528134      126.638517944658801
        8.811947239646527       -8.158510084880190       22.730435738954068       76.617455683059546      -31.561521499409707
      -88.317267629013230       33.427139043864720      -30.851408339753426       23.993091979444156      164.505140948664888
       12.362411204952682       28.687230977339734       48.452910578530819       -0.366673340080780     -122.261052664724900
      -30.561248760660327       30.961285394435841      -43.432176258254032      -48.495553654569036       43.253245446467155
       30.571951456541800      -34.475071107470029      179.231493274067873      -66.632275007582308      -16.873007262773381
      -20.498249571409048       49.463452793712101      -99.260441491166247       34.711149101122672      104.174437714875324
       19.345599539476442        9.088443203569108      -15.340100361334914       30.332355165599896     -120.312771072390277
       13.999730752886034      -21.858810806190739      -58.297181417966939      -26.792655321735420        0.909640473038354
       81.175769253252369       26.685036574783734      172.946409736624844      -59.850661436302083       61.225083507913482
      -52.319740152425503        2.041811264035208     -109.632065481282240      106.088449442446105      -62.684040919422905
       56.582365709850521        4.992606225238164       73.637542036802060      -60.261715256658960        1.495026679714273
       39.426521853271467      -92.371030693276694        9.493947673517431       23.338745843118215     -151.956383355982865
      -67.752903149924279       24.708047320544072       48.775192102062789      -20.656142095898787       15.568979631174050
       13.597805069518744      -18.339091313639646       19.121606018746860      -45.007698197614260       58.826985578964553
       40.480951391527370      -27.124677509911063       26.506972069658637      -46.080680164473421      -94.708375830883796
      164.260568683384463      -24.779764354626714       -2.408242585385329       68.225097394018889       23.274783477118152
     -124.329446458619344       14.923177114782476      -59.638435919933436      -15.489968859808696       33.088571723753475
       37.681177343078794       -3.147284949903450       39.730487493494778      -20.638355189794986      -22.691555839303316
       -6.514296155387275        1.850380674797928      109.205083738283776      -37.322405000253482      -12.449413783554915
      -77.366347846163492      -24.190970336310180      -17.180025985179540       24.155107586408480      -16.637879742268677
        1.933816950681710       24.013350186115531      -77.414690603582699       28.347714558012587      -26.345764775916731
      106.515960504092746        1.804267552664617     -136.828907803502943       51.662649819432524      149.584211967505212
      -31.213270194624322      -22.852928497886587       -2.764586865854043      -53.464071048156335       36.448905486476207
      -57.904372649865635      -23.851277257490935       57.320147099150134       35.051186502347349      -21.228498860686795
       90.386129756586286       54.076850923981482     -149.947933099185406        7.343112990413874       59.123585412723259
       21.987715630005791       14.483664629116559       36.453589477079369       20.247357279972316      102.632953595541125
       22.810788322567145       19.206807237613209     -107.227310283614386       60.260881740920766      -47.608082042667753
       20.054928005571373      -10.875176251041617       79.090305261070782      -45.252594688442507     -149.106922189175094
      -87.026845376297459       20.514967444401023       40.235257919843512       -0.220044112266059      247.755394491710035
      196.981268204529158      -12.887943425373008       26.997665066190567      -18.580797352790047     -234.925666796679621
     -141.036331854521023        0.368392458027689      -25.288972487024552       32.479712495798950      141.723636511876009
      192.143091926468713      -89.612664726089236     -112.992624002283776       37.687448085858733       19.817295761608683
      -54.879047453550633       29.714814492795597       50.208581917091941      -66.952460433132913       -6.734957410338680
      -21.855217730977980      -19.825540617106189      -85.530139215418458       28.778916257158325      -36.287972309009973
      -38.893738774792901      -13.038899781933489       34.041475849251732      -17.689465345451968       45.038399927741445
       49.318771364936289        0.985051404809408       57.185697562533782      -14.521351264279110       60.551587570098690
      -70.932215370902554       10.250054764233953      -51.637923833272012       22.076682532619728     -118.940061970094590
        3.522001364628890       47.507608372646942       40.806286338520508       42.039725079202945       57.089900060020426
      -37.197176860168774      -10.391124163758555      -59.895721745362565      -58.522693628052082     -144.078662792657383
      163.016038003521658       -9.668700887817456      -10.312177682765157       65.830775582502824       67.330806531195051
     -216.779918418696923      -14.197000184991500       57.185795880896094        5.497460912033051      -10.357436365218204
      177.000243601604808      -20.146286118127705      -35.535965829904306      -50.315278272266291      -92.333884343897282
       56.296823317212009      -21.819069620015487       36.513187611834738       49.641102650064653      -80.984903850432858
      -12.088759124187510      -51.519509850083516      128.519823833076799        0.839833915153396      -53.607557122182271
       34.354084628170355      -50.106057393441255       26.266156900756705       17.538372731242461      -39.605593545431674
      162.755063975470392      -16.830752789801714     -193.373188637075117       83.937958484572519       92.091374061566967
       90.715396757465854        5.233168771529843      152.290507625157744      -90.887364625438934      110.173268658754438
      -62.944291120682223       58.796072382194694      -73.818733234144929       23.939341307086522      143.641595762037753
     -189.973097600257006       40.086122300713434      -90.842210683411949       52.863381951772887      -39.054387688017165
      -80.960844122943811        1.010346915232561      137.793230043497175       24.977780135014655      -89.684707195286080
       36.548456133399974      -74.355762519971947       -7.228797954799809      -74.229438613228808       94.002800718519723
      149.509437646481246      -69.149758748311100     -106.325544760475225      112.980449475216091      -38.045125820403598
      -44.668583056044156       38.054880486598996      -62.211988139768565       54.383267825725099       75.190129621194401
       24.704719677229669      -22.466080070238874      -33.577088301832696      -35.017692227583744        3.206476761978576
       -0.264818943676391      -63.450870784109270       52.931944819298444      -60.032331249436226       90.490003567828751
      116.641716065960821      -68.061511097748181       37.753585123126683      -53.905070518139688      -57.377756479033373
       84.409312581420366       55.882567615013670       -9.392140361751673       16.571527983415312     -146.025103120762253
       70.986269784540070      -34.265185890098870       21.365305930958634      -84.608322438699020       72.860926332158357
      -50.257276738393671        5.115368781647989       29.553175053989786      -21.257213657745755       20.737071597169205
       22.759030049801787      -74.441122606189751       23.728118399829846       10.134466364678476      -43.284912394789679
       91.357896054349894       21.967398719667795       21.566531337145371      -60.794449442659456       45.568824449106437
        8.284658372833649       -7.364118129972884      -80.366026781946218      122.943357862871096      -86.244867752898145
      -49.565410378619326       -3.478803004113902     -176.108622844342250       62.410090974945824      -94.427614822519146
       86.643913444392211      -61.848542800531582      -56.647857567109419      -59.344104724849466       -2.172984178748171
      101.220319977294395     -116.764687411062127      195.771767210726637       19.951275217331197       70.265419227777969
      145.458440669349955        5.661007763667881      -37.632058456970654       17.727982999008717      168.856430299213457
      -40.715113101547288       33.661299006095234      -60.526297724473842       23.177817193589028       24.460739442849217
       52.664446174784388      -38.818265185733758     -157.523094850687954       59.195486522689528       45.391690976533056
     -216.124991050509124       87.919086305160718       38.938330080528821       16.360279436436549       25.896787404691967
      101.842976929853492      -74.813952830886578       99.237415304695901      -73.486361391460107       20.938858551914336
      -81.713222967621107       69.866967213921995       66.862142724338469      -18.635153412843589      -51.173938856225810
      -92.191687287156711       43.443846110653453      150.237687192764582      -29.776350985083170       66.239725763318461
      138.617452801728433      -40.984630794602410      -60.109824787026888        2.243136100095192      -32.716892579516070
     -213.956393924585001       42.746859175835077      -22.510893196649715      -16.644212012289756       15.583333507851778
       13.704967831306771       16.609719846794619       40.980626433810379      -33.336509735302307       -3.752944506822870
     -167.082294043625438       10.390460358926008     -195.677866683958513       87.321781970121634       17.449757463656514
       75.867261649584734      -19.203771552539528      159.750885410358222     -100.727556733793193       48.837409181293843
      -24.712676219595796       15.434946781125426     -156.143384870904129        7.273880129797279       62.113326803691294
       92.986459847562983       34.448087515327011       99.000061697915058       -4.054806474840657      -98.419325061996034
     -149.034436198772795        1.009948129086251     -139.869840943451948      -33.554096167436143      -68.469089020577712
       62.536515756153221       -1.133055440068643       64.468551738008685      -31.238146032834575      -17.006123288479657
       86.868871082766418       11.002924454573089      -24.798857248023172       31.755555384445021       80.259944765191022
       30.803441287160322      -12.633558768097730       54.069428711245074       -4.095448125094646      137.953654132944507
      -73.041143685499506       21.696381590237127        8.010870283075114      -63.339073539191993       92.398465501439048
      -43.825430797820523      -52.084828583704883        5.128097651087601      -14.648651815356644      -99.019440069736390
       79.124445814846553       11.785770970644723      -63.397049136818865      -18.130618193804292      108.449739208693245
       37.440425993330585       -6.320972990331974      -66.826669352819906       68.715671644964161       76.426861482570587
       39.218148676809022       62.516929191321445      150.082508837748293      -13.420510202912933      -43.071171902095521
     -126.129945380717430       71.080744085457169      -69.624768679818359        5.736978974547322      -41.703545437069167
       -6.511736267492051       14.947890047868819      -83.052714532982435        4.237820010955033      208.845781446024176
      121.592792363037262      -91.012704355067655      -81.675041172805848      -18.059628426191903       97.389421480400557
      100.712393308248465       27.002564043697550      -38.870199838341613      -10.797224974671666      -97.423310837040205
     -128.690894801674375       33.409600939067410       15.014108868663266      -29.791722441483209       90.679968469156890
       72.876542273821755      -44.639691199946107     -158.532334093904353       22.294191670687919     -128.311561799166526
      -75.350593597470194       25.126729709598315      135.567955108416868      -71.885408688014294       -7.865038957681477
       41.221773232016346        4.625566510184592      -52.854613617981322       43.978967497738509     -105.539099966908068
      115.745151708321913      -73.462708545716623      -24.273111715302484       -9.415922579954028      -16.515119074197884
     -109.972058392335725       29.063844682434134      -69.005622500070956       -6.732418602729630      -45.490397553670313
        2.784335830330417      -37.072600063382204        2.408179197482353       13.986953448125506      103.099904388323310
       14.774324960978076       87.072204087403634      -93.009497855833800      -20.366402310642982       13.611053570907249
     -119.712891330222348      -14.210610900243486       99.523793098266708       -9.292604131346089       21.374286895097988
       40.040958017779658       -2.365798021861894       87.928105157250940      -31.876117609872427      220.539001256405612
     -115.069473225147036       32.366965933528519      -67.276418803403729       12.387521318820877       -1.235233623100035
       15.754645803379777       -0.400158655178097      -28.745632069493354      -67.614333086488330       53.672234750052901
       56.428731765902768      -64.564354103320341      -88.153585464728835       50.365658112702569       69.405393543599700
      -87.609752276816053        6.554818044190243      -75.023133484898224      -40.653962418309256      -38.314511556003055
      -30.931852874994810      -32.157869657139109       94.170148870009839       50.541201047247100       -6.123375050777363
       53.976678155112964      -13.531360573545737      -22.961739836730551        7.803759765464960      161.963797386085105
      141.527439442406433      -55.378509833413013      164.035690012591601      -54.616830487668331      -80.560177348489418
       13.708223609703868      -41.214099485710008      134.296662500776819      -65.041378812252731     -122.501646351492354
       17.832374672366544       30.985975737591531        3.248874092329457       59.380405741732133      -28.268842036698832
      161.498610409127821      -43.794091037493175     -182.139150707994162      125.744618248898377      -62.141804348332776
      -26.862154783001486      -25.421068037416632     -114.708325269171254       -9.062748360062868        3.265249503073767
      -23.020555287982138       35.521564103638966      103.354454590339373     -109.543071447122443     -121.275494216195298
      -52.687889579829815       25.874504725126357      -92.054465987050889      124.909646176460214      103.777151358786114
       14.712533992515775      -24.881055166697198      124.918101623791003      -76.276988231099011        6.768159578343605
       77.902571138579106       -8.016295012889696      -13.390393126482586      -14.835097342802532      -62.006970730751178
      -83.188587582091813       37.712090217079364      -68.337687057661128       40.038614272715009     -101.011609317968691
       -6.642607321144973       16.587620323021238       41.144204759264348      -17.748257300259606       46.567742153241802
        6.419747774957067      -19.149137798138735       41.579009524618385      -10.421550680536917       -0.320398966567942
      -50.586919940419449      -41.596057453081258      -51.982438102581654       48.869464812335195      -41.105657346864000
      -51.667446588159542       20.429094319892620       45.316566997261837       10.785654510212622        4.219051117992709
      107.435342519859745     -100.430186259899884      166.804999513313049      -49.079943824937445      -76.020934515269857
       87.469237215458321       24.659776010328581      155.834377756736160       19.658510829676437      149.797117223491085
      -35.393216059790895      -85.551259999028559       89.374674859106776       -9.922781689646200      -34.342152697391846
     -186.107313558109666       16.039040381771517      -97.279282867676031       31.489334733674003      -31.902636054491506
      133.717423990752025       -1.561818697136016      -60.860130804750241      -54.203990204956135      -12.428652963921035
       99.883068371618265       -8.463628710910379      108.890444923430053      -83.410040828713647       52.647652666730735
      -23.895893872626818      -25.120053102206626     -138.576924111716011      129.627934576677973     -124.103589829900869
     -163.180551351376891       48.296641094107791      -19.472812176879305      -16.626910375345897      -51.404539625101670
      217.472315087777730     -112.519172459107352       -5.603235555066749       -8.226071298226707      111.257301820226999
      -50.031198525832281       56.133214535245777      -58.681391993663553        8.022971300844825       92.002807555049074
       39.634091447160543      -27.422895261334823      -47.855929090895408       53.698694254803371      -52.517237949989436
        1.357405229721672      -11.254300886431388       14.261923981195164       -2.309066392519497      -31.005414498925735
     -187.224606906837806       -2.254640543586247      -22.766131638157169       28.124945938931148       15.364690511161745
       14.266519005889439       19.578651402970436      -19.926524267669627       -6.070232807024282     -168.790528222697731
       26.377124825924824      -10.854637972491011       73.162425126381663      -54.718304380722259       67.239980623755528
       43.548806667732094      -20.930879418079524     -171.326379755740277       55.678218095108754      -96.900051898722339
       29.695777327099616      -40.772130432943463      -61.138030605938802       37.246224284038746      143.011696438877578
      -14.932722032891853      -75.265409529249823      164.167690654500888      -99.968964806591714      -10.031456066475084
       11.696716107680711      -14.037872109108058      -34.797770948500869      -38.075066454859801      155.407123937913212
       96.620610515602380      -66.735626075998397      210.677472225464328      -31.449637197483174     -174.472291848351688
        0.456529494239316      -14.988060230921358       19.871577347321558       -0.145593301416626       81.898919525802128
      -30.508223529752808       37.745101704870606     -232.228967296753723       34.447783071613806       -8.827253353889317
        4.634950353821373        1.577153976829394     -113.573792894840636       42.750759077658806       -2.431787600674742
     -130.317408452981141       27.611368078965278      103.460822164981153       12.123140999075796      124.182093569856889
      -54.163119579077041       34.065249309154787       38.487174574896898      -19.668100876130250       36.498333718971068
       18.749788697233775       45.275917134281364       -2.967064108905178      -41.502877930880132     -100.760644786854996
       73.416412376511516      -10.642026783903319       98.354617390246872      -27.142290154496010       -3.368060914036249
      -21.317889403309717       -2.556392365001380       22.476319846623898      -11.977448349118159       -9.857011606758697
      -95.859088538748736       48.592422953644380      -20.845040338324772      -66.377321194607234       -6.739493750793577
       40.113899336882206       -0.665492442872208      -17.873875987222661       22.692574504516596      -26.853648262306709
      -95.050870071767747      -14.167500197013485       79.533314945080221      -28.444561262042352      -22.542136086962230
      -46.132033080841758       14.599906339720215      175.262035897655267      -10.373251161229618      -36.334844606778589
       57.700196150734925       40.611138457602628     -168.543313907278502       17.243812914191064      109.201201200150351
       76.793700401208184       40.905901747878517     -125.734445225405011       30.533116040825572      -50.365294539643024
       45.601300827397566      -52.662746358713157      122.616466571238618      -49.435507668805656       85.034547200848692
       44.992310253565918      -35.699408874568512       19.739235848413610       21.455670391573900       56.085191124483302
       31.977635855731751       -1.385725202349167      114.264489189749952       -6.692393624850300      -46.628487309456574
       50.914909088717216       23.665441270975318      -39.490980027018779       23.527177629377313      -67.609955447165490
       -7.841022897470419      -10.420462339628381      140.170387305577691      -94.833259411139196       59.316425960138055
      103.454798133117649        2.646767394168797      -89.595607300470249       15.526488952886144       96.735125509872276
      -61.543348354923857      -54.591163260980380     -231.794126258333847       -1.633869430899455      -60.648597104677485
     -196.442575842568232       97.157381603183083       14.175925404218736       91.396474520340746      -76.130192257013874
      113.506067297648315       31.700832812776259      -48.225017747045058       13.296053535312423      118.639998719624202
      -22.063284506666918       40.202444309257828      -18.386871199001021       33.476925379852219       35.138586715817247
       41.295384404533756      -80.600047532113152       -7.796415858134398       47.129330697901750      -47.098729509476257
      -31.871625685076367       52.057145949939816      -83.053178538650229        6.729545938457492       31.596987451866365
       57.477335844915871      -29.629054210673925     -112.119968129288779       46.707996373338354       79.990241576966170
      -21.648191222280140       -5.753723024277863       68.264988791769383       39.963713689600951       31.395450954921795
      -23.441099133864086       35.183101696679493        5.188229113849708       65.831764698377569      -80.554461449839920
       10.619006029529061      -54.017317596158065       43.689986702150307      -87.644578414505062      126.005901453070734
     -122.067888867501239       68.700565609380575      -15.966443820185310       19.298815989403217       30.306945039170529
       16.541965092204105      -42.063481597279029      -14.673887798548247       32.909673002517906       48.368853434948349
       59.679723418047736       33.897181159466207      -25.841885846907708       61.210561567483808      106.388213798732210
       71.158659506920984       -2.632898861049179      -72.424103290867677        3.233723608892271      -64.460541818302389
       -9.027598067280197       35.707700729785216      -51.139539062782227       99.723396769174840      -25.384585362487918
      139.480308395394843       46.081118225810286      154.337758480696834      -22.878412985898819      -89.615822664273693
       -6.029809577079559      -98.384967513049162      -94.300861121243159       15.645244975377086       66.423474591928169
      -20.537785941345408       26.577965505626327      -31.848052961263591      -20.054566426584788       16.500381031964647
       28.394359893113606       23.975006321050067     -135.337610146112922       71.339666016355764      -26.198513789129038
      -19.833106167687834       44.468311060878989        0.091539113061659       62.612477137915725       -4.318722611252178
     -179.112126144610585       51.024512931806008       63.166960325320574        9.618314269248335      -84.769370634106238
       51.670404422250655       -8.644471377702697      115.355161658550045      -34.763367052100399       17.202172454478855
       95.155291338630704      -20.353216022923124       51.248417300897202      -42.269572471146780       86.126399337990321
      -57.934955570306734      -32.935332429585721      -42.099965510563329       10.221193184961123        7.853331236137169
      -85.301621229813946       33.840290003857284     -122.261829022839834       -2.876620697757379      -43.002253985758102
      160.911741010979000        5.701451639457909       34.348958717939396       29.935464747976976      -56.733607127806543
        7.279449104058549      -49.683348499930347       49.281513572389706       52.861194393109152      -18.278508820033363
       11.680893198498207      -11.975978258084133      153.322320938216905      -43.183229793068769      -14.974479622854739
       73.933987465627922      -63.616861638714703     -139.388899730439590       24.235617174189628       28.957216868044810
       12.664487676580855      -29.398616860515553      -20.396819129753499      -59.691257007764513       68.191328370235595
       47.340122366658626      -71.214493520745918       -0.254508445298063       30.353403885450348        6.418628198780397
      -52.967219749568137      -35.630487117140667      165.745190033699970      -63.518856667156612       -7.587225788637430
      254.839022460318631      -83.934168602081272      -20.430499782798428        8.711380258091419      -69.468192357507249
      -85.382896790517236       40.258031966754842       47.326167404575806       -4.430871023339789       31.111272217557424
     -153.612935058670814       75.785813137837607       14.198553515217260      -64.991955763877996     -125.426742959050529
       47.340693308925488      -82.028702570611543       70.938185061453893       21.835910291454681      105.680603550876484
      211.924109270277398      -41.398313190979202      -27.047183418895536      -31.665445030898034      100.347779983810810
      -44.332065669991579       -9.529867713460034      -21.033420852816384      -65.366575545997165        9.609601602551253
       92.273049544828282      -18.571256640956594      -80.340447529725708       69.548677555799841       30.699016044244765
      -98.152892786451034       24.701109088546637       72.201123444079585      -41.127580536644089      -77.345928812397176
      -39.605847953003504       35.432178231911152      -70.180429348135263        6.968199715731670       32.574888097172149
       19.453200390054288       16.042841321888687     -100.517048040993316       67.167445952062195      145.361820752391793
     -148.330559858315723       36.778825831944502       14.795213443725890      -11.032301046019791      -23.052088980002615
      -72.677697285678690      -22.477439506063416       51.237887611639543      -18.509094110523598      -34.657812698475837
       57.185583799296332      -38.792554733488096      -29.023680753615373       -2.726028699228635      170.989543118466287
      207.811499024927969       18.352349678073335       46.106932209596700       -8.868875244657747      -46.457789126760531
      -66.985033860583187       30.619141708785691       92.982552406326676      -15.850540904763827      -72.826042537977202
      -60.468675280547551      -77.366029882560227       32.318836433844744      -14.724503120548459      -80.625136031023047
       97.980137068046503      -29.403264982352049       14.880300913066524      -23.942834084454134       -8.193806540240226
       19.296886742868296      -18.656399762958095      -39.911030593447045        3.377697993374869       31.367474081034722
      -34.202418597584249       47.219518677025391       65.302141809820625      -63.872409703535993       -0.242800116990595
       27.242398131017758      -41.553384181610895     -184.863667436940176       80.084333688212283       68.071362021629227
       21.828300623416304      -42.256385121809963     -117.610169406085447       12.692186649271724       50.193904479232344
       30.733635175598273        3.175424532094656      128.298884982898244      -81.625633810138950      -83.866726597284199
      -94.773091303023634       -9.998770870568377        2.873787728822421       -2.113097221407076      107.152486723640862
       71.799522590028843     -138.921445167960457      -58.259178196662624       15.868702215891378      -75.113996256684047
        0.023625851578500      -18.834046766057650       66.774960012056695        4.748030008894789      -69.878532767175841
       93.800914234109470       37.036073279653245       -4.048093613056588       -2.016755891880425      -20.225394064082369
     -134.623803811011356       81.862911097299360       78.186719313191901      -43.335486115786914      111.732936891635930
      101.097414726511360      -69.083654454679774      -47.126343756873418        4.010717012514902      -10.804481805825571
       12.808870831127225       11.609271245163315       23.877137741066001       65.350801480381676       30.406596115334317
       46.779066749337581      -15.519561483915711      -39.653758429456673      -22.740757677532141       52.575804235783494
       13.175437406314840      -18.718974133710976      -59.276496639199664       12.175563758646419       50.194900202992422
      -48.424812672274285       34.095069819706623       16.505074086068827      -47.513329287638399       -7.364547756889327
      147.128260302730183       -6.993755812481453       -9.058319845577673       -4.589386816405033      101.493529403702212
       13.236019492835561       -8.172576429797303       46.835722203259145      -28.701311594457607     -111.056146446223252
      -83.059720460266604        9.294864140831409      144.425273711970959       27.292267700503405      -33.662070424310954
      101.611379232669748      -12.498854233991333      -20.770946416048496      -69.073611966037163       61.111949335687875
      -80.675805502360021        2.651573762857359       32.001781238573862       18.104411131302541     -119.798819382715607
     -111.402954666705227      -51.283916170680733     -106.690634514562177       16.941693578613137       25.808226105499017
       73.154349268141402       -3.841330520946209       37.688409195925310      -60.576155124612995       37.826777331305742
      -77.428494440876179       43.111828450384770      -42.826333115977953       18.671549477411521        8.310269813976047
      106.944388479416602      -46.464795969171313      -50.627242517824413       79.369226996755287      -41.463412427606045
      163.343748069796874       28.902680705392921      164.568191585867424      -49.836849647534478       67.167764121072025
      -88.275241127844652        8.866667958285371      -51.829286917752512       63.625441627769597      122.883234145949984
     -110.947139302360512      -29.015017312208361        1.028044655343820      -72.004905542540172       27.563271065732511
       60.877053516632742       -3.408784203996370       52.042752782593816      -14.664582547543576      -38.269991036202434
      101.290695632738448       17.293227264695091      -19.914652538668697       32.673358951140933      -31.504996628691398
      -21.331990369931624      -28.884341252447733      -19.905457154953382      -52.833463766401827       72.504714451867514
      -25.684625981541206        7.764473176104419      105.061293727722699      -38.525069494502546     -135.642119915861230
      234.823765576294591      -86.686004365509376      268.521736925995810        3.329595184105223      -56.521865321639716
       46.154156354668466       62.539181559470329     -117.525219087645198       88.789348616096660       -0.115399530622600
      -36.455066534651060       12.557537716385553       14.374205531996420       12.953139089837213       93.149976166199181
      -63.935557590918862       10.150540900994001       60.309785073902667        7.644188841091578      -77.110410318611272
       13.577544148427355       69.243756269535581      -74.200725429719171        6.389864853367451       56.878653561641357
       95.101135118506448      -34.412219594231161      102.037383646826470      -33.426442807968257       27.579349510388369
       81.590661695163860      -28.177269592303478       35.982006515888770        9.576894184867713       35.533337182968729
       35.258810699464703       22.430501775822965     -113.529869832264438       37.620698222139403       38.880640011450787
     -122.759592383086670       53.209625302994368      -62.603544402886321       23.032530919993825       42.417729237257838
      -34.712367259993080       18.006971453901542     -158.455572760758713       49.617293343135117      -28.031239297996063
       51.584401963766027      -66.981846172292165      104.579783476534601       22.293012985092791      -54.726929721473702
       32.464176861247445       20.259701287095442        4.427243826477522       18.522829289221548       54.468948481011594
      -41.629897657435777      -48.828994365460076        4.041268263098504       28.074924307907438      -19.605009517733986
      -59.224018030761023       12.018653115488535       32.682382251728598      -31.868412116972173      -54.987388153473887
      -50.156065366376431      -16.237382845923932      118.365943935772009      -18.598285906724787       77.851246802852359
      208.532414686891087      -29.180568773543769       44.670311279022869      -24.265093637507203       70.837733520491909
      -30.739220610265949       34.940556565833482       71.461482546227145       22.602243753716294       11.992473260840935
      112.618735480636133       -8.405844326779505      -71.453658342777231      -12.481124634475918      -75.098825209623428
        5.417411798726445      -22.754181017205436       66.626243614753520       -2.839753646583828     -145.294616309103958
      -78.448747661181088       58.419604027767278     -131.050389184884637       27.452811562451878       32.790936936217108
      -91.306621781228500       67.769287960292417      165.089685631421787      -75.829957429654655      192.294655063271506
      -18.306941447181693      -22.831634775095178      108.964747551146885       13.863211177183512      117.974490113022128
        4.821766129839967      -74.801775498559721       19.459853531989285      -56.636796936223767       20.052133531877267
       15.062015914081179       -0.635657666371733       29.749787927524629       -5.827357625380591      -48.865058038065889
      110.513759374488160      -14.871076854896605     -115.379809162867900       52.875785082453710       -1.778348300240182
       41.875672340592160      -24.644480511816536       14.918328092901312       31.288058059492847       -9.410736640642947
     -129.516995943301936       78.974974712104085      -28.049540995978436      -17.453424478469483      154.827098294110328
      119.742386901599986      -37.053624300248927       41.225215370654794       11.802077199138656      -17.979416142284631
      -10.072328060006750       15.780176664651222       93.434573118612136      -13.246436557710163       39.319734580221365
      -31.300227233937711       22.107222577062757      -35.728098439050484       27.066836319815145      -21.479793538765481
      -82.904636882587113       36.553242829749486      150.062295127297091      -36.277817693561772      150.926398162717533
      -11.153589753193408      -29.270875241042688       37.086944013235012       28.528737527569227      -45.820122265614785
      -54.566559332561326       -9.560965055088740     -113.195189853653346      -29.764703043136546      -27.495163525101518
      -81.874481057470277       15.249298403891205       92.895556517911174      -20.144237016968404      -24.116300815611694
       92.751836088443810      -44.355106204079398      -20.032157185291801       14.814970646656851       37.137176192009299
      144.498772352089162       -8.858823726959979     -130.625989641242938       45.763620570196359     -205.977002474980537
       72.967624462395392      -63.711882372714932      -27.129865877051323      -23.482015783393823      121.030009630897510
     -157.668898132091357      -58.930316523251115     -109.880731950506032       71.369983372496876      -80.821102795790907
      -34.114256165493217        0.186082199869059      201.680379448688569      -28.730353631495866      107.602713655661489
       14.816716567761725       14.410699896033410     -158.016928757960414       42.725877018316716       96.809272518219117
        6.295707579139156        5.777797408777597      -26.233944758122355       78.884427276588227       23.364824658460996
      -48.296384060319731      -17.522278633728973       57.073741917057546       33.013698609986825     -148.172205919657841
      -62.897523816789572       19.431466749200272       71.457089630862185      -25.994338998763570       80.000689929426585
       91.558150372787708        0.058673834129045      -64.902330370405124       -5.547290500661584       79.973355206840807
      -75.667082460257831      -64.689608673813623     -122.286079136268995      -15.228104049506699       21.937144885941070
      -10.600514939178577      -14.213048336298272       13.139172273986878      -58.696357481363222       39.829170688322883
      166.840364501578961      -73.040881483323872      121.296932269827025      -52.738691722831689       69.621520210553939
      -23.981404001939556       29.776839810957252     -131.579947045919482       27.623642418297838       -4.076991067275686
      -57.290255744681382       53.675708879390669      144.202071266627570      -78.802337859547748     -222.850439370450857
      102.545833280899984        3.190554408456841      -37.410778418585444       54.224579266712233       44.850739888562870
      -93.734958206146487       32.533071015232075       84.178896195336250       18.538720837649237      -29.311902665059563
      -45.370362642691475      -12.804265741231717       25.726612681317643      -18.999720428468851       39.906337142881114
       18.948151096270188      -45.363234188145093     -112.919208486418157       59.743637497082354      102.548843209236992
      -98.587507684990129       27.369584069161302       43.823308817747879      -54.482936193323631      140.218881498219957
       22.145833376287136       10.107904362954919       58.797886922205265      -39.506467370990030      -93.773893913341936
      112.297399516086543      -18.026823021796741       23.349536387672533       12.526322620591509      -24.207991869285209
        8.602747808754016      -51.012016290414323       73.178614443831890       -7.652187195514735        0.564913358880503
      -40.700225030141858      -53.141383667381824      -24.651283872242772      -60.760269977914355      -79.436197834282169
      156.684099235210340       82.561250783858142      -37.622979910208059      -23.750378577660282      104.250693280036330
        5.163363969345545      -46.712383158726979     -129.801895947545717       68.883823291073156      -89.001872645146776
      -20.420221985285831        8.638848556463914      116.585048417774587       -7.362207692172111        3.064029925618771
       45.564284277323168      -24.422748242760644      -88.640481912763860       -2.663934063691392      -47.458315977302320
       71.737268723556483       24.232716991275169       86.914963427856677       16.474915170122337       66.901236351072384
      -63.554660594298078       -8.909549999472588      -57.227714373117614       -1.285118714256293      -34.659121483171695
       39.977916042973952      -46.841052565664299      -69.856613189855295       -1.930864474320789     -105.521777984480011
     -146.260697098075099        9.303990419248503       44.082501627835804      -44.621255805620855       -6.734635917413907
       72.308512784665737      -10.896639728636558      -41.564667464374892      -11.551831437722720      -68.293116219785773
     -123.560412289273089       61.032473331779570       19.069670874222972      -19.523317582798917       26.961649300139545
      136.514668793376529       -0.707814008652183      -25.543724638587282       29.742874562892034       42.021462401942131
       77.523466677224405      -24.966155343057316       74.704115133278393      -22.889028403678982       14.332104779385906
      -82.325853349223593       19.293581242539069      -75.334647109031522        8.284402920838295        3.521956899013579
      -41.918941128256726       61.614300603080544       30.647396764759282      -82.802176373012003       20.010089710433018
      -77.829186450316740        2.682007753712929      -37.028556036519497        9.597609028815704      -54.257306616612155
       28.304447411629528       26.622476483349935        6.793324540278144       14.936887369803603      120.075513733104415
       17.147070486198189       23.511445900864551       82.864456778740944      -36.806787049537739       36.932802233419274
      -58.835562364848002      -32.268391165369628     -123.431288510643071       88.376555097215217       46.625640871363878
      -26.560913442176187       41.247640517772879        8.959755485483360      -49.041567448117789      -95.911844557093190
       33.422716141057876        5.722912789284181     -245.107557047712987       28.693057336726145      -11.551118380205484
       23.385849447369434       -3.063757484490794       73.552225692789392        7.050468865877005      -30.929248961263113
       -0.451531777955695      -29.232854370915064      -98.885424162258658       36.138430084384133     -125.272254998894240
      132.899427038520770      -69.636037070002089       53.820290941245879      -26.704986702712752      103.320918952837289
       -1.352152856066372       69.270224343494817      -97.965156353490926       31.129669270326001       -3.050324744877737
      -24.410077168186614      -41.836568450572152     -164.113730657035802       80.766727785348806        3.681250800035877
      150.639878378956922       22.540252260458114       34.270485785478286      -76.345417243510084     -120.696896929403096
      -30.804896793335537       -5.145018196056006      -45.492057079562713       56.459509727148728       91.977319513205998
       32.817120402450151      -42.047601379681268      148.873024508387743      -32.514032561345203     -186.134381868147926
       45.916324840751201       41.942097036316660      -66.662999817931293       63.883794162002943      -20.897569927755914
      -98.261906291079313       47.551906525587206      -67.036332573930466       32.831050648062082       71.611843539419255
       29.481816409581622      -27.471561582097110      175.802476005058082      -43.518083707792044      -71.892325989273345
       84.592683569994833       23.272859876489179        0.912225795011474      -78.463838613633470       -1.529472397314908
       39.637541931364687       43.474080911576522      -35.388787784509219      -15.678817852812717      -89.878237486957801
        7.568396181940527       12.836292592663249       89.226928721230593      -96.185282731170446      117.302195299734450
      169.367016857581973      -66.948401900020357      -33.790738713347203        3.330578350953316      -47.950323044381733
      -32.544858921648725       23.565618968310062       63.389783780255129      -30.093448778820996     -112.080242492716465
      113.399260738364831      -37.805601720401434     -142.595180633545255       76.402614211931493      154.616831146714190
      -57.464929658491045      -25.998132432979389      178.064949369492666      -14.058473001726000     -146.318323468907124
     -142.952952280995135      -18.001161265737863      -63.362717826964861       39.677645785753079      -63.676500224776433
       54.352647659993679       -5.646166007154811       29.360641314191483      -17.616323968586361        7.596627249665263
      -56.111076904248534      -33.059043333553511       24.451739443833549      -37.553216078515455       74.781990316937211
       27.056814596691858       53.342877762639681       29.522293023316092        7.206844834293455       52.996974320305775
      -98.039442385569956       60.459834907302763       11.505158227069098      -66.585005460532315       55.168321484966590
       -2.363879496240760       17.420768190211060      147.494312887214249      -16.563638262418561       88.764329414905575
      -28.868516869927820      -21.882703274665261      -74.958671663509122       57.515713218716805      -89.773126593004733
       40.640596487427636      -36.649800338808191       97.290941921042460      -45.617828775535251     -107.150003549677422
       31.751345429621729       18.306182287703123      -20.324037288833612      -90.960174079159842      -40.389671507693429
       23.206055537741570        1.628343022540669      164.070489661894953      -67.527218468087540      169.873812521756605
      -52.384573916053021      -12.695033193248154     -140.728667038096518       15.249355966314203       48.731914719430804
      -25.854690140066829        6.691896956560928       60.164351047032483      -52.156149967540280      -46.887500107903833
      -16.044544299194033       38.234556495743242      -90.039786982197242       68.140621196968681      -23.753334506494738
       40.253304403569345      -10.105591488768573       25.073828075630885        0.983513611399893       32.212216859304007
       18.811398029338445       42.360826755889008       79.576164490354316      -22.002822413778716     -109.263497833303958
     -124.462723755759868       -0.702548409470137      122.727497240358915      -37.479534290757428       99.409004272030543
       -1.951975583473225       36.236266796265546     -127.068196391765980       89.474905944638834       19.226654632597402
      -32.177123475819798      -16.794964138457082       57.061334144240689       21.863816561854115      -64.648883462828593
       41.712489845567930       -7.371720540946969      -34.725577776774571      -13.726475246975195     -104.419972945588910
      -78.479040389174770       52.327689098297277       29.369663113569658       -1.085659018554224      -83.553299195973040
       83.588710975670921      -88.233892135063741     -134.905468867994131       66.185678064522193       56.460558891283647
       18.146595300113841       41.697072903567140      117.355530123941080      -77.302212875293506      102.486872946955742
       40.672325619782626        1.644530042725010      199.811556628239885       22.666648069635496       78.445128875478616
      -39.491124890943347       36.772624508405961     -126.657869921816840       15.146805448200022      -72.437433909812071
       45.433899909994494      -50.356102034041356       47.292293898925919        1.211086482114845      -46.239427587156904
       -7.025304681087890      -32.571206915226931      -37.972652671062448      -74.556519182469103      -83.514969086781988
        7.608300374307114        2.361975397460754      -21.260763125362892      -14.913773671943828       47.613769225711586
     -133.023896252009393       50.612129812425614      124.600295900813521       14.928463794079152        3.230735716703354
      144.648637843622481      -14.567873330470377      105.215970238356547      -52.369978163135052       -9.341784570924567
     -134.267097987811781      -20.367247782573415      -50.018706540950497       34.919688361661905     -140.033268429803655
       43.272539998351725      -55.946690261209284      -28.717378066042727       76.960431831763657       86.976074602040327
       70.923891404964635       11.609363093179118     -117.829289682210103       41.703890346112495      -24.300120018494688
      107.112760469299914      -18.060513424061824      -91.999774993548399       34.619408852201857      -52.997028007797816
      -38.430057248240033       30.174123078015572      112.063082498051500       14.013186251347332      -12.099817132640357
      -79.626050998358139      -90.390683559987636     -151.605092652080117       19.001902659501582       23.382095136692978
      -11.444444182361648       34.507256449698524      110.956223936986973      -10.427420717708671      -70.022647989368082
        0.418976001981959      -12.690874338896545      -92.881719648501502        0.804806599997369      120.125100600984638
      -67.073804996428038       35.369234090915533      -23.308296243146298       14.087533469434279      -38.561795090481134
      -24.775475239983709       45.671041162373029      177.055942045135652      -27.656721912367818      102.989784393353858
        0.477114565668445       46.594487846924032     -146.218042023857663       41.504395052561939      -31.682000696772540
       25.765990294884851       27.868646107836998        2.620902804973074       37.666409865908307      -17.368240160010302
       27.907815323307158      -28.710261058911481      162.668729681335208       -5.331385236019798       16.422264790578073
       12.566920338806073       38.776086770769759       95.674205871247722      -60.498387461569806      -84.908549376217891
      229.241791039453290      -38.751767691571274     -150.499398546824807       57.278187457695928      -77.497933873394700
      -99.282531476031494       14.540605845097717     -165.907396081257957       30.237221257208351        5.870942318182215
       25.652564503516267       51.450408584789251       71.998338277824033      -45.922728588506800      -73.854413392223890
      -88.180317280754906      -39.301979803105517      -59.745207727239816       24.390575377909201       66.166537811886315
       48.688706943792539      -14.793266843789315       72.494212026585387      -52.550540408801744       75.463194530348616
      -28.770045531830753       34.485914084264394     -154.549480577466483       80.430246798098537     -153.181999541486505
       50.446482225822919      -11.707080131322217      -37.352738703726274       67.161634840904597      109.315794557321937
       23.970326776890658       14.885727314932332       60.585764631433555       -9.086606199245786      -39.203632005007861
      -22.508416001134915        4.094146142869517      -68.988260644759464       19.892963584769166       20.504286602173938
       39.171321066105946        0.867276966329631       -9.376871970565983      -15.871068126137994       15.333678210955140
       47.873189819864528        2.872268847496898       13.000593919531843       38.479579079445266       -5.954179137237307
     -174.469467361244085       42.077095046801745     -106.371135863846746       45.294857925904694      -29.932806382673238
       11.345498088040802       47.667333363185087       70.678089423425078       -9.344701983308710     -142.412085034556299
      -37.827642097673710      -32.641642025617443     -179.504208498092737        7.107981378027849      147.332863065100526
       57.951102038186548       31.356281623912949      -77.091159720859196       55.914385974944061       54.987485179788173
       47.224571375900283      -38.952740300604468       57.531145322224077      -37.934446878024012       89.435927733413180
      -79.785002717733377       40.892037256804983      -33.774007781228484        6.196573717560730      -66.703196885072288
        1.266915318862668        3.927302068488805      -59.580851512409701       22.663510559721786       14.628191566947375
      167.567026210527075      -33.533760755841932       18.311903903583797      -68.291346884395310      -48.022035819764163
     -102.317059084333664       36.504852865031914      -91.871449912942765       46.835125242734996      -57.218528265582400
      106.994655588289149      -48.553371510271226       37.155198321298982       -0.882967326531581     -132.842606120572327
      -31.468743116186552      -33.466259843473658       40.732423083897935      -61.793090173205407       46.119839683240613
      -37.517011652852851       44.585911554701802       -0.344235210383854       62.684691008105169       37.572461732039251
     -217.858362262623416      121.151303403871552      -91.577961440446714      -14.130178973628844       -5.167149284996936
       55.596000165145547      -38.133211709080967       10.343713473814372       50.786914881558630     -120.144357799017996
       92.202573950536063      -15.276111329468256      -16.266614486737694       -4.127664516797685       -4.884728682418513
      -27.101449435155523      -16.151217245639074       -6.838089855870956      -76.331867905987252       -8.775534697619401
      -95.026118479332311       11.832429769386986       29.974607780272841      -29.689609238644277       70.350040579197312
       87.074646828932714      -86.469867345611632       45.681908613364641      -68.991386967723670      -36.302549631546192
        5.918985386059908      -28.509982879588396      -46.278214460830917       73.008369481752410      -27.480557528327001
      143.019404992476183       20.439359954432692      -98.859163672329672       41.119075874422009       93.207931353978751
      -77.705904256211554       33.537301853474446        6.732710763556002       57.048235371405163      -40.933610790819344
      -96.981100064057173      -20.341038658338924      -15.281416969899221       22.983073892671740      -67.120973798957664
        5.548252006376087       13.968453874633845       67.756362450337562      -29.165660628073830      -21.188850736531489
      -26.996556281347701       45.255327242630479      134.403566730350775      -14.878144156321042       48.996767081758307
     -127.560967780158407       31.896239756396199     -112.742339371605851       75.215944727620183       12.422007900006031
      -56.906518464721920       -8.487957422304383     -113.655847896565291       80.291841430931868       76.278973522384860
       11.893710546437944       47.074575705904977      -24.713034034374676       20.522991340681255      -27.616072915188276
       69.267843918317269      -26.498813524283285      -29.388569875439995      -51.663307292544566     -187.406372441561132
      -63.628866103780140        1.603303914361017      173.562115081875419      -42.445838753768058      217.925788783247640
       60.952410249437136      -63.559365967407622      -36.105017949591087      -13.325697973909037       49.852900644456192
       97.885901645643543        4.710107536709092      -34.681604894818577      -53.840272577984159       76.198648120513880
      -51.584031278339751       -9.115889240121671      161.621298342247314      -34.697194414178824     -167.448722303166733
      -19.129684090856127      108.400969536262622      -24.338352972862374       -4.813834418868029       13.618819182936402
      -88.941137712054285       -6.198777389725795      -88.351569538225206       15.906217983161518       32.579378427445455
       59.695017915689213      -55.775756564171715       80.643624992262758      -51.828520697668651       71.605606128753976
      -15.039506188937748       -0.812787461141742       16.151484563336787        8.345511770171770        5.623659015522078
      142.341495106077787      -45.500524622786394      -49.860936685292451       11.901071429199639       41.729432628869290
       -2.592269751448337       35.011826166890266       77.360793734619634       40.789258630517821      -35.812488850256315
       77.037318918716792      -40.397429954659010       77.539666138025652      -65.695249030146982      -12.365168415283778
     -123.527576469971365      -17.271803474078808       63.352925767149422       -3.650344346175014      -40.442609729008467
       -1.551103419773606      -25.268442380952823      -22.245955551609782       60.281794674626894      -98.003302854965867
       96.871332346936981      -31.091992516198165      -19.670480005179762      -44.163381234422530       40.415641626193818
       73.091349577674862      -25.470531331963649      -25.368488327091697       18.954401081097700      -61.384724065330026
       -1.387802746293105      -62.994122847562075     -131.068138511914810       -9.000047045784770       83.798195731220687
       -2.793856263894677        4.672343474391651      146.746169752419775       27.399604860268632     -100.647016819718658
      -68.395676320134569       33.125889018103130     -169.396733954903254       61.314505049623605      -22.360052879634523
       -2.674940494913408        5.716162913581309      178.504225284957755       38.577347439479595      -60.414911438917194
       -8.028956598644228       70.053397492745006       11.712299562720544      -17.956534988759088       41.639057076306543
      -99.690201319423764       53.915913004492744      -80.873168703892119      -66.919052285607677      162.085457960058335
