      156.770098415025728       33.838063035157504      110.880028373651527      -83.645290745478633       27.434631347689283
       12.226327425626963       -3.433849413307783      -45.206990044312370       15.868837586332347      -19.961168654812340
       46.789015995387615       57.980017102570066       53.815295737828613      -34.691426585533385       35.477551920165112
     -191.687984015585130       32.875861508076177       47.349656655100013      -11.754988483702023     -125.487137035806796
      -16.592259730458874       61.029190555290491       26.456766929795641       38.567236779002094      121.101384299862943
       97.359272633042508      -88.955669678330452       56.601417041067300       -2.453402162217791      -21.845900085571262
      128.334061423748096      -50.499452323707914      -29.280633410082668       42.265615966471671       31.341599283088083
      -50.391240531203493       -4.628265704294212      -37.134618888663482      -25.629014960976740      -63.627886333403460
      -11.902188244847942      -11.082009113480677       11.987014500205014       24.209521688471654       24.795484238027111
      -51.830131016493084      -30.631525764306307     -173.864591442119348      -10.202926326965700      -96.209691159701194
       20.066783497877072      -13.492097669729731      158.643690988277001      -11.941410480945928      126.273249301162039
      145.522103485938118       35.726463717437689        8.175158709186219       10.126253157465845     -105.894309183350217
       98.399923554549147      -31.539199760415713     -164.428669591851360       47.325851661518698      108.845606275614870
     -112.074607404612891      -14.393354700504485       17.899433777355249       25.348961546462803      -33.726492036487734
      110.934859014342734      -41.918879000244715      105.512679100155950       -1.605904154014636      -62.412227357982651
     -103.061483086637310       20.229128823037652      -86.198906929324693       14.486968903799742      153.100383875306875
       79.973811939588956        9.490782031093346       71.409275373344045       32.705210750569940     -104.250663797648812
        8.631738144873445       41.913560354758957       48.779655217855563       70.863820268996349       79.515252240426250
       92.773534421332641        9.223251058893011       -1.919111060789177      -13.326081131269405       39.088688898703957
      -35.072449902364212       27.893393467587476       38.772975630218831       27.562652603656730      -53.905087358018719
      -91.138737700760586       -7.889242850260178       28.004796795718232      -31.228530894965751       71.512346305961799
      -18.758195809413941       33.678466783290979       65.123536110552621       11.371635058271078      -36.593908304333013
      -17.845908772501982      -17.430077647667240       -6.697315518487641      -58.923497271494114      -64.010161603356664
     -127.885018855992598       -9.085333625409305      -66.200129397475735       74.887160725915876      148.137180699053800
      120.211632122285167      -82.446843718266265       99.082721161978895      -48.871067219176851       33.854903681670194
        3.822486316066283      -39.541579797810819       11.645573004675802       41.212201894920710       14.383704104717433
      108.801009643926008      -19.256383848792069     -129.570697297017404        3.461671363407856      -44.668204316827349
      -77.934896634340717       -8.202467775988056      -44.788473439574986       38.772414781141229      -59.622467490453822
      172.907961530237486       13.079218546080728      247.377472245739426      -53.539123155773062       98.113568851999503
     -136.955866206918614       42.928698413426382      107.229668201760191      -31.207516934773693      -27.375836089499145
       58.670802143865977      -39.610873309314670       93.445082378946381        3.218335914113874      174.887340239437577
      -88.271006511763801      -18.830456361318795     -139.910595400927804       14.446378913235975      -18.689326072349736
       22.203944285785958       14.141697871027507      -63.066869854220315       33.814523242817387      113.071701881728401
      -23.378226263674204       42.756949565155175      -42.993368738626032       22.156676478333477      -65.835050803722012
        6.276441147133185       23.724241048496381       89.246310590254424       11.000799124295444      -98.569119278276219
     -128.939735104354810      118.126160503670775      -15.919113625354541      -49.208895757597425      168.603218575479758
      166.900181427681190      -25.212079002915413      -30.761077250382261       -2.548876754554915      239.277689314064446
       -4.909756887299255       43.081927587557558      133.922464284140347      -29.800938994704918      -39.808512823054627
      -26.920441454326497       22.136687372099821      -67.980193088710891       25.493141524557949     -158.426246782054506
      -61.994711133722717      -53.483936864959993      -40.802300782568842        8.254090268982289      -43.079620248448421
      -14.180120852725407       32.339851632661151       93.956685226450816       28.420008904665295      146.819332975652202
     -143.213213551018157       72.534012874511376       21.292831419665262      -37.665794382754896     -152.125573604910926
      141.895719066886613      -40.580675454128972       12.456809534377946      -14.407366444813970      -65.713790269933682
      -52.855975704907401      -54.166687242136604      -52.178312463431979       -7.925411401688288       38.411516715049160
      -92.520909427052317       21.428535504283150      101.108174070977981      -14.809541272737203      -54.645562000469198
     -173.856056191941121       14.404740253500826      -86.481384593907975      -10.655157646733503       85.805778473670415
      -12.425338440269945       45.771649348905150      -26.003063590602721        9.725947961067815       -7.390651637396354
      -45.130920106504782      -16.524765909780090      100.348439247614877      -11.907423845205461       55.247565876600845
       50.112109075234109       -4.964969616697403     -173.535876662980684       67.664055354853474       29.848583593501445
       33.872252308700531       11.476615844419937      123.164193467305410      -12.360087646272351       82.716220287780217
       34.509480414114073       25.849435156310754       19.787570662025139       -0.148896285330625       78.087973294625712
      -54.141470243509474      -73.927188058112179      -31.233588914670896       -4.001984183651543      -17.105319112870241
      227.750500701160121      -72.988161946998403       65.775069831360071      -44.257339567181170      112.965891215225795
      -41.168323288099742       20.702311035003166       12.788730689694949      -16.532654392301747      -11.218111322930600
      141.091733985107339      -15.765741611850666      159.090265086105177      -57.611066810523816      -14.605120029671616
      -66.570974548342335       28.055248139172758     -139.216392187402278      -18.381174362685403     -112.707776756380198
       40.514893418939479      -61.547993604519270       82.783576122119939      -30.469214105584097       56.837832297602077
     -150.735905692629046       64.933948953294276      -10.042508417746763       82.812121018454988      -73.260595625380006
      -74.162020492349527       55.528476262347091       50.248213222632018      -53.580141657278382       69.438409054439717
      -15.335866017298343       -8.463868487272514      -17.831443714124070      -75.310894101296526       16.656672663698288
      187.587680675426583        5.137126523950188      147.396599871780325       17.786705533728487     -185.276492219231329
     -149.994948403929328       60.459562973388351      -96.464580744923310      -27.416723924659795       75.435278502367737
       17.128409028942517       -8.523103757706487     -117.381565080578952       87.581231579562782       23.325833048017572
      -70.657022876376814      -37.594941851095022      166.414595734167307      -45.896814568336701       64.330123036529486
       61.360676721530105      -41.553777883663344      -88.552024969417118      -31.699815516598768       28.553740459668983
       80.290032431079709      -32.195812609899718      119.700901693080766      -31.152122878140155     -141.946729498725972
      125.609755821274973      -27.459426243595441      -13.475369396452500       36.656431822410816      103.701113444497111
      117.613471285999097      -35.120206250283715      -71.204526777491665       -4.095996242235237       53.089426924318175
      -86.547680569891227      -60.172666237756914      -41.972572971065624       21.791232315085086      119.105659133637218
     -119.497485379226816       16.722007179571197     -111.722749354788050        0.845366157109578     -103.943668475538800
       94.875049303865950      -62.745808343576932       39.838565413713738       41.545322442088221      -86.320150547464237
      -17.305635285846794       29.771657057420072      -31.570838100101469       78.374981981285430      -56.875196402105288
       55.240348769313997      -34.996361099689047      -46.147526116963995      -80.101130209885412      -31.758558943607074
      113.628748228727176      -27.029024614133906      140.458610665442166       32.956748542156021       25.187363232218047
       76.106792814197007     -159.753582549241855      -55.469097187902626      -11.560069079050711      123.263634919541659
      -47.200170049602846       41.401946611215635      128.951885834393465      -37.501847029571088     -112.511070296307111
     -137.760005194703808       11.883515318823711     -103.141611199858772        4.137564730976455      161.048795274894900
      187.036611657691850       -5.781888983752053       36.270510126314591      -15.674094956750661     -121.259685928500360
       71.359081835799373      -48.196891176005288      -28.516947071099821       21.973414346676062       72.563633919413476
      -67.826919910259633       61.528526436304432      -31.382113880020768       52.782203917456187       99.449171464307540
       -2.007288572625610        6.691989886190290       97.908319538778485      -30.711354580193131     -107.936239096638104
      -59.932888113333895      -18.220769127401176     -169.058984727701983       49.433019655528234        9.048741775224387
      140.384677387791641       20.499242630826515      -40.452154319876172      -34.803236084757003       63.790655301284445
      -67.478624413154591      -37.589083923204242      -48.617704318547617       99.882425720493003      -18.361259491005121
       63.512713406267821      -47.309416215716652       53.073612115902087      -20.034041594770457       56.646218267945294
     -115.958715979178294       11.208479760887373      -65.972549973140644       52.165280839783911       13.514134551836056
       -6.917624370112316       -9.038901151634066       63.185732047178327      -63.343872178759469      -30.600795259947862
       44.536520965688126       78.975982103752330      -53.346417503950669      -37.595434231583454       55.154960652917836
      -50.118326462436023       12.267722129192590       51.797221869880765        2.832376216167366      -17.793433511017327
     -101.314631735953995      -32.367703082754289      -35.477318984875900      -21.086907755696902      -31.087818389791391
     -129.913660792622636       48.093298304728478      127.240028149966591      -60.457593183516977       13.863844928559505
     -115.854071859477699       42.782967685145522       81.809981864640363      -16.387546970132597      -17.434384012208017
       29.557887465543040      -61.556120942506354      -83.545402660137043        7.877577547528815      -32.283666649055498
      127.686710388138991       12.139181332022755      -13.342932194273839       -3.116908476034219      -90.799252256973162
      111.683916423905359      -48.649116586721675       -4.323526244852745      -23.058385348305350      121.971504587300316
       82.755866182097805       27.699949585328689      -19.221698820388148       23.062864305868828      -27.498543325865814
     -115.498300581951653      -47.939180646108738       14.926916018076483       -1.567045041761566     -120.915880477383951
       20.319523415469057       31.644929672419327       74.132966797787788       -6.761170829142004       63.877762716167148
      -53.873135428810855       50.864933219072732     -156.403187133525392        2.723315752681600      -73.060304614650661
      108.381499062535681      -11.100127501278592       55.168102772024461       22.678307920578312      -15.331178529286435
      -12.449222634229059      -22.517891104393151      -40.738489414702848      -32.567397243753263        0.033649886335861
        8.619885859482096       69.033002391497092      -58.668963001321409      -18.307975072962449       -8.702016097525519
       26.595803518848143        2.949810305676791       94.165304343496544      -25.420188324617822      -12.997291955604620
     -152.966139045952644       16.627488807795366       15.940990706703289       52.112552235753697       71.811317104810286
      192.133104295029511      -46.357955380047599       30.907171139125786       12.922246428507828       31.186142174180286
      -12.625582300054846      -13.066489897188989        0.921267642137613      -48.125406789671864      -19.533984847887083
      125.364757284937227      -48.378444389700498       -8.794799400411121       35.197092660901014      -17.390041322301947
       40.075189683018714        0.377922667688031      143.039516643911497       39.101896224760580      -92.274623651484163
      -63.792570368307686       -5.925728998462230     -107.001034770441564      -37.291067067860673        2.745318778475665
      -64.554643343424985       61.045744213741933     -146.009017820888062        1.648204350417103       19.819834939012267
       40.271275450585769      -60.464570543267541       45.899238948161013       -4.800419104768049       23.178606892787702
       40.392990403044031      -13.060836424342920      111.012788607467940      -57.592396893567788       51.564767226899832
      -60.078040079795841       24.384630104524859     -190.032951897328303       83.023311031758467       99.397467985985827
      105.147014756704664       35.706464815596092      105.363393603922546      -70.071281178146890      -90.813272089243185
       23.937613206994030      -71.648906365133428       -9.709406733383355       25.737975122025805       68.608698539614082
      111.183842080471806      -58.278490040923714     -141.116065741926093       20.397275685818983        6.070439026682950
      -66.967857749563166       15.805352462738137       41.920879529271048       24.363809492958360      -38.667004325502418
      -18.843162390534953       13.093625077157991        8.115163450500820      -59.777821824887077       91.181641348575539
       15.856593534443208      -40.746787799372619       88.846802739073709      -58.637818603475758       56.126763760185092
      219.858121271927047      -44.342195207396507       38.636976056643555       15.096194367095473      -77.736215827869657
      -24.189689862230157       77.670477982767665      103.806211231339987      -27.793422741812403       31.891990979011791
      -46.658682168947230      -69.094392117924215      -17.058013514632506      -48.749250769584513      101.054383612088131
      253.787753085493790      -26.693407415107650       62.237893002352955       50.056035612328849     -268.964255844498723
      -38.168464930720219      -18.076676586063073      -33.113040441612526      -16.296993524886098      229.988283817152080
       85.879414865072391      -39.598123562600719      -13.533680700613965       17.336241715902155     -207.709517255085728
       44.836783250207091       11.560906553125948       43.194171682676263      -39.735754016815868       49.382627982027643
      -47.130201025565547       -9.621592857529309       50.490653428383872      -38.118198904753989      -30.128993128938479
        3.594191452466149        3.704697988266362     -101.396171019517382       22.002484623068252      -29.425913082759173
     -100.910265509253747       99.000597117805683       61.586995662432201       15.020205979294833      -69.497757374092927
      -27.169893161336205      -10.554431834872267     -167.687192532205273      -12.181592702072388       59.792067034164226
      -47.296015073614043        5.532003674212993       33.569438363559541       31.371804275851868       -1.286787625653527
       14.810677034029231       16.847157070259428       38.771467091780949      -19.658498533670652       53.018964566383886
       55.909325850577005      -46.393523455110930       14.388910703206220      -76.813120730002012      -44.005077248302264
       49.897822799194522      -47.614243928221569      -39.302181649880133       -2.403953487166748     -115.991031426403410
     -188.518085145959503      127.742368550017076       99.255497381458611      -72.853930283915332       97.049256599909796
      -92.514854130165702        5.336074587251088       18.222733628433620      -57.614257247244673      -39.474140817267681
       13.075721401087513      -16.925956446122733       29.393106884378586       32.957100721106244      -97.043469130148338
       97.026155844466373       47.004856122185551      121.863173452829685      -45.850514993106160      -26.848682967424413
       30.964191890269213       15.444670241263166       98.830120790057336       -8.019520997405772      -33.470730368812056
      -47.658952289810898        4.494295319112134     -118.388139448138020       39.401675033070923       62.908145137242293
      -45.566528535927169       35.978679691734662      -22.632415356744939       -0.760150847212579       68.491590637310324
       55.921375349265304      -49.061199002422022       39.354739640718705      -25.465912835124577       95.106451598263746
      -15.076696120265131        8.216237594736359      -98.781482310607814      -13.935149329706130      -64.119392810444538
     -212.146542708359760       45.846118695563391      -60.867081676664938       30.018956975888745      145.767786000947694
      245.622109150130115     -113.044794149225780     -184.196081993760799       30.931972705973472       10.743925538459880
      -75.344689853909088       12.478729570337956      -67.984832298789783       24.076962954210497      -55.096595567812933
       76.180563240378447      -24.081794417671240       55.731876813987149      -63.261489058644671      -56.887235266849338
      -12.090808169995183      -58.333046664726332      -18.361431895041971       28.287020625506614      -23.003893616431075
      139.461536000169787      -21.239424625794317       68.526401386173987      -36.709611597040414      -48.386081249443656
     -127.190299968397028       36.053631289085068       27.949503279247988      -18.592322950228123       59.970560068135192
       58.569436525560469        3.742465617562298      -81.698544597327043       77.757694768204402      123.390740182026477
       43.463500141793816       -1.592379735058844       31.139125230746650      -31.502625741562550       -1.668798403858685
      -13.191923051749129       14.929601790856877      -15.542967120557305       19.874233302302070      -56.753123574052509
     -115.367332572254696      -26.187852357791680       67.164686193754619      -66.979634127604058      115.949993404523170
       96.662391154430409       44.313973156141259      -55.604847564586720       19.894340304558739       70.054842696465556
     -294.290736379187706       23.874968489839304        4.515197608111648      -11.356424727568282      -30.858352169929095
       26.870494736202861       25.802936303965669       93.420655153317696      -55.269809767510026       10.933193075753893
       42.697255751943374      -22.144693242060637      -54.200639994388908      -85.198408371293368       -5.993161051582562
       79.813901858913098      -23.688936413442054      137.767951574627091       54.061000019631287     -128.237886861729891
        8.551939172453119      -17.860277803568110      -88.211314507315507       34.797584786619751       24.375198165170353
      127.213516172313973      -11.490712260113069      -27.339297936718051       34.476327517795092      -51.223513138250851
       28.243564022233777       -6.941671527700633       18.478232338790804       -9.680199516151042       -0.833353995421831
     -168.187627850465930      -84.408885674019004       87.512744771515315      -25.059670464292296      137.105395096542850
      101.829702016685957       -3.731044095382360      -18.264849978789055        7.370388933844758       16.492263158806157
      -24.528278437716470       -2.416717893614798       44.166017245039527       19.434185777121016     -222.683071243019043
     -106.450700719179324       63.857885441828948        9.447525398081051       26.536036167469909      133.549264307992900
      -81.438386220823489       18.232302474711204       24.756590593143141       20.353422802177729      -80.083524008181399
       64.675192756633749      -59.804938241709856      -96.710147323371586        4.980775022093293      140.331941966331271
      182.214827686648164       31.285587334265543      -80.529170825344039        1.022664406957367      117.988045625716026
      -72.486396014914533       22.372690765212322      -57.284172485412647      -11.408502123747343      -38.992747066774257
      106.445662168905542      -24.134069715527595      160.865199590630795      -33.234578581649771      -81.441486040499143
      -77.199275769945885       23.118636088749916     -165.186222303288503       27.968510677487590       46.454627907015045
      -90.440348493661389       -6.049858027272634       46.341934620965233      -20.335764834472169       78.017783925002234
      -20.314952665566985       75.509395822041284       69.898224893209999       17.103809872289748      172.049216495818342
      101.833715104351924      -79.023525999896322        2.313578329372707      -66.318095737183981      -46.687744616214310
     -129.799109357603101       40.840571023326042      -70.977295662084174      -20.122059203849595     -115.357187924219502
       -3.922797405854719       -8.210711072089191       10.081301630036856      -46.561016241187644      -55.057185266202495
       63.392323700066157      -16.319437309266750       75.874325037713575      -63.436594564553381       44.239591124074266
      183.043212457391405      -59.748992960354961      -22.627389582726867      -16.742788451532050      -86.020315828446471
     -319.076544094024939       64.344527095685365      -77.485647768651333       10.371717019874200     -117.379948344499738
      174.803208531744502       21.845437754581688     -163.046671836414276       33.339777881412999      124.922147840641514
      -91.504330892183560       -8.531378204783600      149.449833968817472      -34.456452996612526       36.277855362819452
       98.268970047993378       16.848545182518915     -100.174629191623012      -28.090187302465676       -0.057469046579692
       45.734735906593272      -60.260142840025601      -12.185386025074981      -27.323786624783516     -107.289474467376905
      -48.640985044423942       57.500030884619711      -19.969272462486629        9.518149248931323      100.154644430548757
      -20.786796140357637       17.735436934411290       68.206099937429130      -25.607162345882468     -110.392149498601015
     -143.554729272037832       40.953950174957882      -88.897823791370513       27.071746604796623      120.130753853054856
      -34.033545249236568       12.075288086377375       47.428522464444320      -42.117713924969742     -132.368916753699295
      -39.767523367644714       67.208485788971046      -93.959269473358148      -44.395322461192464      128.359237793787770
      -93.041617677193713      -56.021209000944928       48.104349447453664      -25.096650461319967      -74.016422653060943
       35.656831455514087        7.285143447491721      -46.594636773102295      -18.265741967467555       35.454765858104736
     -114.386568153678709       26.547962944978146        2.220387001853255       70.861529337400427       21.058658406697869
      144.625872953243004      -17.316309634773365       47.994827419429754      -56.183172567848700       20.378827902917212
      -67.727568822618764       37.697100647933887        5.037160948927059       38.803725576996868      -43.559369779362598
      -53.398720891111168       13.674798420345239     -127.810308083584474       56.978736265663137      -46.821711946492201
       30.712247381152277      -34.087854947543605       72.056578037146281      -54.735917535293837       65.804635085623218
      211.318855476374040       24.094067364291902      105.205473903556452       22.576578828719899      -55.134516332052705
     -130.783561166028420        9.992748684433765      -45.483257900697716       67.124145274614222       67.222585849344654
      102.173694841637158      -32.645193424331723       13.819194436159110      -49.352463046705282      -23.726161088084815
      -41.109154759930838      -46.054243644867206      125.581979409164163      -76.888366392214181      -67.168527182651573
      114.442342216812349       -8.533537708968099      -21.419895949610776       61.996278708552985      131.840101556378244
       54.021927353673675      -48.889401154192711       39.438231554400865      -57.312126940383244     -133.219408363671079
      -47.470222134067356       55.978620968076797       83.356562754230509      -37.110060619691787       -3.326621923847066
      -21.561848786982083        3.379995264082733     -105.080701027522593        4.919806573452797       68.566952787715124
       84.128155956208786       14.642186437652363     -136.305542613536886       47.076097476092592      -65.199651259164298
      -69.633924516886651      -19.188464027821240       58.313291302590038       79.888070259631476       20.953826634617922
       57.463161619976212      -47.690975977837745       54.336862334035665       -8.002187429470549      147.755316046581015
        5.428168138637901        4.987673488803103      131.339807741731619      -32.036168617108089     -166.511161254207707
       75.865084387538658      -33.998419713835496     -203.579192630307432      -23.107270418918986      125.030544204570631
       62.008157754007478       -0.491886752660215      -67.608650432347346       47.799154657190776      -15.800633004860302
       16.701636122366178      -24.466063253450230      227.949589975556478       -7.698544131949136       55.180063463969283
       74.662415766920901        2.471071163159158       78.935023244560384      -83.698914137233885      -56.442152503863063
      -58.718596560868782      -52.265070640429514       31.619087825458944       -9.297821283561102      -23.028350347906159
     -114.497646202467763       36.921812070228683     -106.523050047168127       -5.823887911146227       11.580521384540589
       31.028291641577383       60.580063736573592       86.149835150783744        7.154341161879089       66.498523396149835
       14.471994418718770      -56.230833011365426       71.468020314816570      -28.933094375796127      -52.454032150193292
      127.421130485886962      -55.322770235175085        2.139486208359661        0.756660080746705       89.085799981814347
       15.030882022677709      -12.997982455056327      -81.266144673298896       36.218897119937985      -61.268846107994385
       45.012028730694844      -45.702391861567214      -48.150400154815230       82.668665340241674       20.533653940120992
       58.123180262538440      -28.968698775240966        4.586957385972312      -30.612316496993152      116.186848061676727
      -36.075378708742377      -16.964806026806670      -48.340916567277581       31.966790416265731     -180.802738181629252
        0.923941097910298     -102.724102507344867       54.498769383462943       43.235744547046096      -12.241116025269175
      -94.176754710125039       72.817337143882128       -4.055847637237139        8.733030959512798       36.768579489111097
      -73.516389247067792        2.856890369259116     -117.702452083773380      106.009918014552639      -15.976061274161033
      -93.273376586871620       74.609444706706554       62.690957243861760       18.642129292432919        8.569063685648088
       21.717253599974420        3.602243833263181     -116.367564082392747       26.099005295570706      -45.233258150826892
      -52.574510537535701        3.477781474247174        3.903478393198063      -10.209590539276814       79.705333581145823
     -100.721027844657115       53.336479759582929     -106.266128811016074      -56.124793003703651      -35.733084166974145
     -101.493534107675657       28.240808426105040      -27.345580916143472       15.175549387710555       96.669888935505142
      146.487561113999988      -43.549682041158505      -19.168820192918758       28.153567207047391      -64.099930166966885
      -35.979686670699685       15.538294411619846      -61.029301867715951        9.214837006436531     -128.090527251071592
       39.297259291667530      -16.161207679513772       27.916508166068976       41.940423936705031      -59.945563915162111
      -64.857701020130676        9.275082060103555       36.814828295638357      -60.355677092619700       87.379793924529608
       91.692450958445548      -10.217469984530537       52.498516200747297        1.105782769950046     -115.630146191497118
      -59.291965882550322       61.394577596263844      -87.450592912382419      -14.192681995818006      -27.329042587897529
      -91.723383456357496       10.252759744690700       64.869549154100682        2.619005139923706      -11.133844276523270
       87.616634850650598       42.905520345169165      -59.378229548167155       41.854218025521391     -154.839786354057196
      -98.574335703753789      -51.942941672878206       50.619409985953958      -36.721899529704679       96.086681315051521
      -47.745250635590573       97.258000569033968     -122.083956634695369       32.338830284608129       51.620625161328256
       58.999461794575758      -76.221951804810473       -2.132680775867570       32.471852679123145      -14.929288254780145
       94.763745150876531      -59.154124862515950      105.494902602928192      -25.827852137416684       41.997396605465092
      -86.174353992179533      -15.954076771362171     -113.009469284445203       56.217964181869149       68.984129848346669
      104.643023590368855      -68.906720862170474      162.166196743632270       -6.991835228588837     -101.418835801703153
      -28.738345167246237       -7.136441761925330       73.772519312817820       13.593996164751431      102.673027243928047
       -6.801819706111572      -14.634664532700329      -12.501582488487799       62.220923848077732      -81.563222644296559
      -33.899906812624110       -5.845310078123615        2.732502153336102       -0.786881788437036      -10.853028406514527
       51.031657945713064        3.250147731329493       86.079848153938173      -11.316215235379021       85.648771281406113
      -80.041794982283889       38.239168859599957     -115.788168780592400       58.611036123933914       19.639692091846438
       24.930056167526089        4.120302813826378      -90.958285884933801       56.037984843972289      -76.869170205600042
       49.550255446238992      -38.820029385827233       67.283084747590138      -10.189379526018097      165.012773714678730
       42.934130425478209       24.993075960607587       60.908920688994286       18.650448115781266       28.597019526685060
       -1.197910889098706      -63.099167875340605      -76.318994381006192      -25.790170751737538      -73.754481615122316
     -126.238755405447975       49.265284111316774      -44.982309343254542      -22.525087531541356      -31.715937793285438
      -79.914679078367712      -16.819323128814855       28.552352264009450       21.321983668185830       -0.874650890675084
       52.773876070349296       -1.309721226784489      -79.902400267496859        2.800317273066314      161.877063166462420
      -19.339879237041632      -25.579799199997140       90.091108681840140       26.488246848924472      -78.064570304224887
      116.127144403989263        4.894209073432360      -91.222494512829371       78.723797776470249       38.493174016170720
     -184.942761844962291       57.019523731468368        7.972178317457552      -28.828773937560772       80.489381078034356
       51.964850461994956        6.316761533963271     -137.128035962087154       38.677482053297666     -107.989714374323739
       24.307937923520377       -6.852681994045418      -39.369435793868170       49.127876687966229      -52.622259954419050
      -58.733722560881382       48.438072764767952      -94.678796171386594       66.127616790869595      -19.770752710171291
     -189.826197801348172       25.725330472892825        2.305242795490076      -96.091760151173929        0.841191423772719
       70.831371113926863      -50.933537509844015     -130.223962346470103       59.511630781575093        7.176535849974888
       86.787847532309485       42.777457636080840       86.129049318365020       -1.160855841703508       51.063268254851664
      -66.982420778583702       66.099838407670234      -91.518119776774043      -26.374371761267760      -48.570108387583467
      -32.988887310213222      -75.919120672569619       66.818076120899931       -0.977494519666309       73.808024668730184
       -2.461616483189363       19.706852433535584      162.566136928785824      -54.020486138927403     -127.833399838166130
     -161.562237574732904      -20.905631343644760       90.095861788468298      -24.593487088375909      -11.832213714348541
       13.897337209006263      -14.180717194182810      -12.172677285913776      -20.843676053803900      -47.234446076896376
      113.431825124891589      -57.228847745842792      -33.026821638216802      -32.184670891238348      -23.436124953407685
      -41.549063358221872       29.675817977838051      100.756490408989634      -49.121027336135562      -74.200422834882886
     -135.136949036816134        2.312700433974948       94.818589020973619      -72.299877640902338      -52.447305508898694
        0.956687084717480       76.378322658382473       32.222640048447914      -55.644891440023315      -26.259037887757355
       51.738110632092990      -22.653053996021086     -131.136458457432042      -17.143484318025745     -146.649415451085929
      152.656692907128416       -4.431117737260280      -53.173961912651031       53.152723233597399       60.342240368438993
       26.701790215039267       -5.201927736281285      -23.578480033808344       -9.015607276349989       26.802241311066254
       41.899804625176429      -70.204196191774926      154.600876156809335      -38.962637721155623      -93.570875010342235
     -154.975560283078920       51.520561454725097      -11.600338041376830      -84.539098068309514       89.336663327752859
       89.706736635485072      -20.405945481400984      -91.282668857125941        6.920514503153747      -43.927479936696294
      -29.893885090290755       28.645272649654434       19.850749556814801        6.403442314077095        7.947270505260272
      130.825974622087813      -83.658794983331802        3.765257721093744      -21.377138955371571       -4.512399574062990
     -100.456975854668585       14.343948662392318       34.755475741184995       39.392146559032021     -168.456734543517825
      -59.080983554299770        2.055271778418887      224.790872916830864      -10.325085795586901      -35.034494319980645
       61.145504005290448      -25.270899747174969     -189.956641665501564       34.528049881174439      116.868887001030018
        1.880693280955191       32.207322148003264     -106.068392771289936       13.791352659528515        5.403455539586701
      150.820415721073118      -52.756787735844910     -142.131917134086024        9.250992365306269      -69.891655626577148
       14.860138352085420      -29.686016530066407      -97.661000026395627       54.515798203094135      102.757462667545809
     -122.988094324202720       79.193228309277629      118.391494696378970       36.717432484411212      -65.606006932408235
      122.585297731750103      -72.287426900161677      127.541034092681713      -98.243843156400800     -121.264171651156417
       -4.202701415482225      -22.468685269416017       86.204241523717599        9.317935769727411      -31.876337157293392
       68.368698199142869      -12.597704264763713       43.735584136952248       15.890071979274866      101.313784029062703
      -11.207354767661103      -50.753768432208538      -28.557849097614753       17.079183965150705       65.674064686997454
       13.019359353958444       88.274359756696711     -112.452713571521315       -7.874358884044718       -4.958856189683946
      -87.477412511219200      -42.247643023597746       69.317715789266884       33.260987237803562     -241.113630410345280
        9.052347410129745       91.565207705128756     -100.132439974899881      -48.758040277761239       98.526208290833480
       51.801727351892836      -50.361742420182878     -170.802097662235411       72.947624545003421     -137.197639769084446
        3.567166976070813      -24.477867914251597      100.181849732831679      -13.098326449718755      143.357782974309487
       17.141297589368040        6.353056739561071        6.560643823562855       77.661723662202476        3.451428127553071
       98.269927679260306      -88.389478391988575      114.837987818995444       21.452286849758199      -87.512389079626558
     -120.779564628240152       25.235379727693950     -141.326234454740160       41.344005228444544       46.560281844218927
       80.634368998338104      -79.598607363637043        1.539646185159770      -10.475490723663254      -60.068087609074638
       95.792898978051795       -5.141185157858545       22.121062909335603      -49.043604848588608      -24.989455254112784
       94.288080432016827      -36.459181561705073       16.187471186111623       59.289004739785121      -52.982972024834822
      -47.690260317155342       31.603427683858367      122.307703296268173      -85.354335432750119       12.458678861967938
        3.906825278558313      -22.424024228893131       24.635315045074570      -87.407873763276115      109.886435495615117
      -59.591859820638021       86.218806072109984       -2.858229179413312       28.472160973351215        7.537332771016758
      -84.324395091599342       -2.327315143216519      -69.229355347976536        9.619835346267957      134.702841941378381
     -145.769591280834049       62.817235684472266       44.221643159178534      -27.484759589091222     -163.094140809683950
       89.881854920756879       18.123721249867934      -23.008593916143905      -20.806935678693129        6.234563360582971
      -18.640732973449559      -70.546363983504207       50.940423214376914       -2.727508316073258      -10.895806852262893
      -59.354113848724978       12.732527647785330       31.019691043714648       -2.306182002505943       65.595395624900078
      -17.258018544550232       21.355222606963487      -77.565611516751588        1.215556258112054      -40.532255224088317
      -29.988001740130720       28.051486802334075     -115.925490230850599       -1.599854580916658      -67.284273747315027
       48.486736803802700      -15.144783949608577       28.524746354360449       15.164654895435694       98.913499719288907
      117.020720161374257       11.304145824175574     -194.831360507137333       49.040900524753255       44.701388711262858
      -76.126091695619067       31.540843434726899        8.272890558402860       69.328000924519259      -49.289499313260677
       95.526929154784526      -16.868037349125636      146.518307491248635      -37.021466687517652     -140.698794849594464
     -117.213170257805274       15.981074674345528     -151.754965752017029       39.759577484923305       45.739145281329350
       51.914050835032171      -16.346103673724091      138.753753164097049       15.607960727904830      -16.830230210117524
      -69.754814076517533       12.100497937435629       -0.653751721503580        6.842679938761795       67.350795786750055
       31.498433986729022        5.993745980957494       36.459659573208619      -40.113652359868070      -55.872410258292511
       18.837995356544432       51.080054470661935      -35.759428833249423      -12.483529507434390      100.778618721691672
       -5.498126542217163        5.397177903634899       65.991036958060391      -14.060323754958404        2.216938586726797
       -6.174865325577326       18.352985681930825      -85.861840528629685       57.403271782928485      -64.784585145797436
      -53.985812774783014       19.255966891335387      -22.553471173957234      -33.683355809628807      161.739556877095481
      -29.761251339235507       41.046216256377562       17.657137641958663      -49.599473679404362       16.167928292723236
      133.338484198912369      -93.726909784974225       29.238995035530003      -14.402558583796687       22.459138405207820
       25.679388169034389        2.122364193249045       16.944290360149733      -31.521337161376682       24.391895280308340
       73.165352372219800      -29.631475305677515      108.981364280870167      -34.638437120682667       78.560986713163985
      -78.981479137841774       19.952097697644980        2.452384896065117       28.734418218499076      -26.727849863233892
     -194.779269070119000       44.273062551243733       66.938111418518176        2.815808565374676       75.292426172765929
      147.416094124326662      -60.956888092662133      -57.530102439214623       32.690186206914156      -99.014642521758020
      113.041543484423883      -27.136218256207954      -18.551078865580685       10.856143877420516      -46.917628561590504
     -150.631134018996107       26.221816752971328      162.126471226165108      -31.396670482430391      137.598539019967717
       92.255171293114643      -46.359222460050880     -182.730878843611407       29.487437840525008      -32.603332698032354
      -66.678613382038165       34.806159734545275       22.317205812145314       29.018688633122668       27.448108724033371
      -76.768691611018610       12.997941036065791       75.437683864889735       -1.142711634220819       94.753474234879860
      -88.378009423115714       15.871702506223844      -28.556485098386879       81.221077591305104        6.322816684035443
       12.460598584755067        8.409803983888398       22.822619890396680      -16.922755863760681     -159.389173860363684
      -58.785941728141573       -9.986088192450191        7.634778837792731       14.167930148859107      167.685470773333208
      -70.693423061250499      -12.174975891892608      141.145874716957280      -20.464461106834964      -30.144521837686113
      -98.248018633166367      -41.627027762947080       13.861978615527871      -54.231387181915366       31.696889837184184
       72.160357060159654        2.914257277247681      101.645485019696807      -58.637264745905270       83.765202821795640
      -28.254201707928882      -10.392595477755071       -1.973624128208276       -9.284137774706345      -47.844254310737703
       67.536081086418434        9.580096684691528      -52.847615930109519        4.987818539543384      -24.368436344432858
       89.827712956519520       10.566671331594014      -60.758556495084349       66.666713640292357      -44.431139736628992
      -78.279899229277547      -31.899669037080741       15.818343208978565      -21.056607355873115      -15.303285517943566
       24.630224549167782      -12.947161563872962       75.505536128188609       -9.863553466023784      -31.943210701770607
     -134.095539118177641      -12.910454385527929       -4.325842035310352       62.268331316456006     -101.935504512989738
        3.060188010608683      -38.106859379682831     -109.120945929217584       96.447883883298644       45.985888553690948
       82.216448742044676      -29.524924342941087       66.322943747720657       15.637871421516145      -51.757138928203979
      -67.733618143357106      -13.836504010359166     -101.036553280158614      -14.031438921039205       38.202411310923289
      -27.271904782730441        9.556580066647564        6.841962058122536      -18.930915520613777       17.489385127922223
      -12.308152807418720       42.229440327286767      180.366691724555210      -24.845478810102531     -113.666624818588161
       29.625261896958612        9.913687267179943      -27.807120274451403       16.207357253891178      -82.078579527192559
      -99.054338934350568      -22.251788398366575      -21.822984355172277       41.899551909187295      -35.674797741546975
       82.086245620472752      -15.026654590679486      -30.868451042631946       -8.164495973114349       41.391259463446289
      -20.501280434069759       29.677786342562463       95.682607231651218      -56.993259606847815       10.951484690642422
       81.136503847631786      -67.127399433204772      201.052344787972459      -67.351081903398907       28.444306444423333
      -67.149719197167542        2.912209014728895     -197.589276750512965       78.787460187021736        3.708291431715685
      -54.338310913025474      -29.000989118346325      -79.331360986704610       25.242738977712150       71.307122131412640
      -49.820223884093387       19.419194833607722       54.067928727481124       25.985620023780360      -69.987379617937350
      -27.778536012481872       60.464194436965364       41.348262508126517       39.602872933883447      -72.784490047886621
      -42.501554040833689      -28.084749639281650      -14.614374374709131      -48.260705886367099      102.931170921781131
       51.229999936362098       18.581418514273714      145.397030705132607       11.969277155427275      105.710620331361696
       77.571847063056609       27.036088820867647       53.086585411367892       16.480251331575001      -26.841069084850666
     -128.771448520948326       23.817489645431124       21.514220583254275      -43.236301954488908        4.808003202421472
       -8.294994465858380       12.116512334687787       47.637600115248453      -49.563026027639282      -69.749086490434365
     -110.388189242693628       59.561180594156518       52.477296168403477      -71.947249011193222      107.988824250124239
       45.272166246088418        2.472310118306140     -187.626639272853652       59.803907138972100       68.295430752941613
      -97.238692147913625       58.237579349179889       36.962122953923966      -16.156847075342142     -110.438223622767282
      -52.229636221657877       13.030800173197228      142.185697229365161       26.881969750231214       51.666152363015257
       51.415334275032762       25.668002726812528       59.950242633075419      -49.943966424009780     -139.945364694591916
      122.036979291372660       70.460303511141660      -30.492156466818336       49.584817691187126       10.140528499597179
     -126.303045846356412       87.524617862521808      -43.408869184406285       40.658784597081635     -135.431596042411655
       76.057219006451390      -37.148925812208283     -151.228325436246337       20.695859189376161       91.635187047240876
     -105.176679071011463       39.981356132314538      -23.792807443105072        2.538521975903741     -137.455845442639458
     -123.585239330770477       36.612713196606002       21.972808833093865       22.795670479606859       78.249268558510565
      149.693068145314442      -45.976382481750520      -93.734564620929007       73.521213816536658      -82.423635815988945
      -75.261212359362347       50.108758208883643      -41.736581557411384       -7.973945952288706       98.077204533464709
      -75.122035013464455       22.946462055660760      -16.087776060083616        8.408447037095257      -20.721292508394754
       26.917987401580799      -11.760666632962858      -44.682615201170357        1.346469700819088      -80.296880245795791
       85.140126762553251        7.701149860837225       -3.387611296559681      -21.555897986070804      139.466382496637465
     -101.728640581386898       36.978108591267485       -1.535091977135106       14.128894641925777     -213.062548957944557
        5.287804576366238       31.351868389357357       -3.762263942420437       58.110559152409408       52.596977604876322
      -54.754510880332028      -56.408855254134544      -93.745067189074319       32.648186618198210      -20.076840530359142
       49.116626309494592      -34.135263571469288        3.645417010940530      -83.580332368680800       37.595949188755633
       55.074393300201059      -23.836973547714035      119.800226216146626        4.379069285978563      104.092854337259936
      182.199359273832385        4.736902904832260       23.879120891203865      -54.383179835010800       53.766434728831108
     -169.042618833615450      -12.930563779989786      -54.644743200438647       20.023986446846497      -63.127749376871016
      130.982789416795811      -22.380012137872768      108.066442031232839       27.994913562614087       92.452368205372309
      -98.795694880571759       56.889257070380523     -124.660566418854728       -8.258808541768889     -115.521425984088822
       86.774968490591235       43.714251277033242     -127.778189666153324        1.276208431616392     -226.528161994479603
      109.042380181948459       60.439596037537896       83.114499885316093      -19.642729482468432       64.604304633407381
      -12.940537074095138      -63.821104460872647       32.661874469742934        0.640875043663043      138.513100773442773
      -50.259778269615673      -11.176731671545037       69.408045569859809       18.670069388040343       -4.333629512637201
      -42.718891480043695      -28.503353088996459     -230.715115083523642       49.003919460065084       -2.589910959629588
      107.101661666090521      -36.488309292863818        7.258302402334254      -74.098377760741798      -43.024156631170854
      139.108338151644261      -47.876422830548591       45.038255186025545       -2.626537428111427      -80.001494929323414
        0.202351980458322      -47.862842654543229       40.137519054898760       -0.334066848762814       99.435312653391591
      -33.618643895425322        2.217336004843119       24.908013368631288      -12.928372739001691       35.676215588174983
      -82.536376184561121       21.732049977610568       87.411105767574227        8.519787755704842       17.501579845908847
      -95.158870634357910      -19.863332923730610       28.831265105218829       29.355645986944420      -47.211092179917955
      -56.607296858118154       62.860854289576459      -66.466989643889249      -47.002626503748516      169.222115634989791
       85.799722024062490       33.941079691796787       59.810845382058723      -28.683941465397606     -125.788395564268285
      -39.614124612278864       66.037030707681055      -41.833423516647699     -101.426882550196268      -38.080707984718430
      104.519593648388636      -98.109068323796762      -12.496439984033376        7.804463695146404     -101.685552319811961
        1.301763323627921      -93.322250729866980       -7.403306257925716      -43.174420178699123     -115.512660042144489
      -93.861571842500069        4.933569934955180     -141.091691729255615       93.105157036413587      100.740914457910819
     -155.252650185589857       -5.018631354543493       34.693199849266854       30.020916520913225      -29.973115510138161
       46.513612698992425        3.921604127302268       93.997134740531706      -24.480526503595442      204.297934177018817
       72.252943007873597      -50.345155067020642      -13.024789734044363      -16.583122568259604       69.251851035904124
       15.805757881983315       55.934458320001141      104.023446729420129       36.442334154012698      -11.184101936629888
      126.386162645936210      -12.191142667207595      -89.752122901079957      -30.378569255020878     -163.124114693437946
      -24.861776345315160       64.260768177418981      -52.455344600650520       -7.800888060999421       35.439774507479029
      -27.843006426214266      -27.380784231465807      -25.766098839446148      -36.124432217404127      -38.630220088024835
     -151.965481460883325       59.355301245782904      -35.387639936601254      -31.643611660230846      -13.877270912146189
        8.307790694937637      -68.599993050131360       99.141671699546407      -29.424843688878301      -46.027654727371768
      188.673539458951154      -49.434957163275577     -164.421068155450371       48.972312560148680     -102.509593182035303
      104.445890042446166       27.092478119084287       72.635236879688520       23.144723364317617       62.560859850716085
      -25.045639223320169       -3.346448446201187     -114.321272791668619       10.473060385776055       -2.669264633649635
     -154.176081254586791       28.712998623014062       45.527609936397376      -36.384616232993828      -14.010529068073497
       61.181178798478548       -9.698533509087932      -93.166193359194565       44.230328532680765      -20.539993078787791
       63.412678973353692      -31.965384108581340      -46.290181602757521       54.751157766762610       45.863270452337552
       11.815493529424609       11.899243575740723      153.610300401185071      -42.207499596975438      -71.847312920745438
       -5.013881720434844       -5.758045056461775     -108.800039390466225      -35.251982893812624       75.737935465245783
      -32.842213063115921      -76.571407598021750     -139.931282794471315       63.744649446349896       31.391159178726017
      -43.050826253362075       62.795932518044445       34.010110941148248       52.908864052515888        3.723419398554344
      103.204522034358121     -123.362256784657234        0.978260289441254      -14.284361052756037        6.775050378261586
      -54.646606627973952       39.814975285875072      -83.636749813415477       33.911495922324825     -121.627596625643505
      -91.263217985324118       29.788249189222725       94.100198238812737       -7.520968535145448        9.738938997684338
       77.185765640872049      -55.471923225985357        7.048717223280464      -50.474316859275817      -22.287590818617090
       20.155366597182610      -49.204694487150952     -175.976099174196861      132.766613093216222       12.957934534708043
      -46.830647229506319       89.492030168916585      132.778489980628848      -32.362085799850405       89.255169454752306
      142.232642733064267        2.810332538453254       39.685282590181160      -45.618776624657109      -93.238870430101969
      -67.229761911842559       -8.114677154450955       38.129278684666474      -18.188670534920693      -71.652926687697402
      211.019307764379249      -26.256103488812450       71.062033461305717      -58.734740645458764       31.112997046029875
        5.621025123285458     -101.618461263336499       12.103276826432735       -5.655580996161719       74.087859457831954
       91.615603770361346       34.183802192010880      -24.546340797600969       48.943650709386667       42.682763019344392
      -98.296072521065355       11.966600526993217        1.418548975264296      -56.435609644070631     -134.774493788137278
      -41.393725197569367      -90.717324653741798       -3.923356835931417       18.461857507448588        6.673900776704172
      -54.198199542007885       85.146340877759712      -55.971104375847517       -3.890779774595007     -101.667241385958064
       14.397550770715444       32.065422593204488       25.964640917056379      -81.340354164254094      -74.265234881384700
      -54.224636174292520       -4.657150177365336      214.674600017853550      -15.284511942772831       24.113103913265252
     -116.692485438436975       38.152680184698241      -38.166338483176254      -30.707332186700487       56.913699239600390
       22.249231741663031      -44.002063550265952     -122.841669991315726       17.290660882563806       -1.629412900821080
       72.380457227423420       36.242687853509281       35.933133640751997      -46.786570353309095       -3.761275339904344
     -151.452104958110596       12.623480120215662      200.203104791706494      -23.063025823631637       20.009634756359848
     -132.253180449612643       -3.850136266686399      -82.134163598464170        3.611844510421040      -49.058396672576663
       -9.395309122630671       38.302720002553215       67.307629061958650       12.034356747586981      133.831939747775436
      -18.313200233817131       64.487355146257855       -3.802637430601208      -10.271025297224504       45.403092617586125
      -11.642578467975808       66.032502343038360     -168.475998625888167       37.800548862658012       23.730344832157979
       62.459226778045689      -36.608189742839862       43.783146763970173       13.529529450794474      -15.064942972249311
      -37.828111178979150      -28.337048043707032      -44.524261346739188       -3.800554006666560     -103.696909974029111
       36.835878626561666      -46.561036722638860       57.701890850056699       75.866718361722405       45.560282279123996
       -0.174843510361675       -2.532904468483227      152.198719742209931      -85.241416297062486       97.694276579351296
       31.377425567832955       -1.660889754033667      -68.442595124916878       83.742244269461921      -55.033617531962022
      156.605542142555436      -38.487195657820926      -86.957819072488618      -35.979320287982780       76.158203205496591
     -110.605330765065943       88.855971650995912      -92.743722808980337       13.461096148092743      -25.994702621527839
       11.925350876776200       45.186769052435181       71.480100562223711       68.978062757571749       45.345177672714534
     -164.734009940323688       85.316679211453817       78.851163737157250      -48.669142747390588     -191.752888919620005
      128.767371552222073       -7.920879600216479       -2.855195216329479       25.939621498180745       85.006282831113865
       17.573577232790242       44.201574911322119      103.928795453198319      -27.821713261980776       94.941191199133442
        4.044352245524149      -51.794051474795758      -43.412738986106469       10.298171656452665       20.280345512337995
       55.928167893547844        9.694985801629869      -50.389463264238969      -27.701593403803560      -27.793446308900599
      -23.914480204260030       -7.847692729170178       43.859307628276994       32.352487734179242       46.446350120146306
       58.861287215446943      -57.890510302592951      203.155025396929489      -41.733379600012867       24.880578043437666
       64.811607789807312       54.287411155472633     -124.843783068863601       29.615137937443414       25.390019440267174
      -40.136816911795819       45.118245486045609       31.019927137852552      -37.511220386878669       52.580954528278845
      -51.967971374373015       51.852425508701032     -103.410482261331651       87.465635157810084       12.913596487437950
      123.800432128043283      -12.072570607184653       72.937934738446245      -27.396774005633748      -90.490699616083788
     -196.979558522210652       39.884624767532827      -46.136026666308346       -4.665520849614825       24.791511108298486
      -44.242710604272553       77.556211431892450       -5.805600097316408       68.089093905725719      -89.703059281696071
       15.715982454816563     -110.549505270626099       -6.223494682013341      -16.087552908146627       83.903470027057267
      -41.219900185072511       69.278557421748886      -76.480605356976298      -71.721381295709293       20.368284391991814
     -109.136143970544495      -28.788349382543046      106.351484495135708      -66.397576423983921       41.240131472548867
      147.540212377963655      -54.019560336110807     -118.438830187260848       80.791772830375493     -137.471801592671824
       29.791010583710776       23.344633899178817       -6.070692498882964      -26.280525157788240       31.140460870658284
       80.726415832820891      -36.923006993059190       42.932873908869894        0.259513268732393       75.861355145326741
       51.112047998644130      -30.927986102062494      -63.892604594497875      -13.123955713497249      132.734606264304375
      -88.372894330566169       56.488249148835472     -103.426478950906287       34.426212310002512       -0.444604401680915
      -33.346211738600786        9.972296527020569        5.578268538202892      -10.743293161758423     -176.173671701988326
      167.677464596033616       -1.295437646532067       30.060734306409707      -59.633200710483059      154.670550177334547
      -74.736479384811801       28.126023807383511      -69.116693305518936        7.009721431358037      -25.294802291691912
      -23.704939593092568      -34.874562817774176       84.512313294679657       31.786766038376925      138.546427353147578
       98.135911014834861      -43.284800012006961     -131.751083451403758      -28.649525840276219     -103.184169760632813
     -117.552826276542547       34.603065149853087       19.758691260689670       15.040332758936152        2.632709055940691
      -18.813459857593230      -34.799025371469803      -88.559490489276186        4.666440515523766       71.594016709372511
      146.066955942634053      -70.128791707486357      114.285391592744006        9.339530033838722     -134.763695285849195
       48.706969310120201      -38.863181314552072       23.136828606334277       17.581124670438705       47.492324979709096
      -52.133115014819275       35.004957245293632      -66.159129860999414       21.559586037355032      -69.369300156988984
       37.346878492616554      -51.995641047462108      -28.969155912383567       -5.844870160119383      -22.606925189192282
      -91.493099858142543       67.164913548018362       42.356042686353192        0.707020404955101       69.808702098966251
     -199.305166827700759       41.855777708847761       -0.705776508430179      -27.317014036986937       26.790576740131247
       -9.176388318032254      -79.814829543285796      199.579430148045361      -40.514423559077891      -29.714690817755688
      166.337591912016535      -10.453115084267468      -99.114443789982658      -63.666752180425384       61.680760394833165
      -49.903907582966831        3.613402106822400        0.261529183080719       99.347553096429905     -117.137595373442494
      -60.258626990253454       16.755639064092680      -10.761169847479112       57.060792423521157      -20.908109336407652
      112.731202452760456       19.308860007601467      120.984550707801148      -58.084721561762336      111.849742894930287
      -69.833910852819827      -18.512870490917869       -6.065221226988929        0.822866134371151       -8.206729329308056
      105.018097999996371       37.630788741852420      -50.067568000142487       15.766843147563389       11.995670168099707
       -9.046343699571411       22.769285587509717       11.920109273803201      -53.412542563795256      -90.555410670850563
      -60.193155363366550      -71.856101289277916       60.538023273440949      -35.936054697913349       62.833600847768672
       32.851971634058614       54.854800487713355       14.286555245012508       12.774322312702308     -108.565993442283229
     -101.458288731809446       58.918181721454829       62.891334763214161      -14.662130767750243       82.599176868666916
       90.107393413503630       11.805190467966730     -156.414502211774476       11.281743324259720      100.584290847976689
      -95.359685557678020       19.894459836255205       15.194892176601389       63.255117528036308      102.288733127369767
       11.056012030237129       58.315677163254072     -106.953119709431164      -59.275155201952842       -1.213580368453610
     -261.471404821266447       -6.100306140830205       20.695254755711399      -65.512855797854527       11.153054098893437
      186.069565476090588       23.974777943530391       86.342621032636529       31.366486351573450       -1.042066367346965
       56.758656810198048       18.457461599956570      -51.750451721489576       88.121509182341825       -3.819528208937266
      -93.212562224798731      -38.096791628758908      -78.564004688676604       46.844220392365436        0.633160291636451
       55.421470431262087        3.685975367230379      112.752904706808778       24.168148586659832        8.918764219097172
     -126.985434974142223        2.323903578083595      -79.007825089961642       10.046858777189406       70.022831693439613
      187.875164222966873       -3.404520097327338      -25.264315070769918       53.739761467338923      -50.659089875125950
      -77.232790020082589      -21.627103044406347       49.989635799915234       61.385198237240772     -148.275652677909648
     -196.420867561452354       18.305708671859822     -151.391490554668508       89.571059585781768       37.215166054451856
       67.677303888032654       -2.567804571349128      -24.894902512188487       -4.280522569891580       21.531642792120131
      103.785487865479510       -2.043537709043249      135.259432975101390      -15.962221764695272       22.824958731741734
       56.108071173468595      -19.317017892442085      -80.089525170610571      -25.722946755423536      -13.186316453707038
      -40.232275870825120       12.386989123258449      101.334278712010359      -11.404202369298845       15.032498644293385
       16.284727993855281        0.258795159533159        3.690556972803349        6.271657088925166      -35.054886866695540
     -140.867475573585381      116.702687077419043     -111.821605334241028       79.557162673732549       81.817289781453454
       46.491839817426658      -20.820761662301123       89.786752755916879      -13.585401610823801      -92.594738938108819
      -51.913303208112978      -12.008057539616162       23.707715267420603      -40.596731229281787     -110.206711435297720
      135.373012029941066      -64.156023222160641       -0.746703452806177        6.911531108135367      -54.385405839939459
     -113.033711808058968       11.047266328758182      -83.915268718461164      -27.766922293517304      -23.140626771613416
     -152.386852222749212      -11.957348540027885     -123.939827354366656       19.843042623825227       44.182927689097752
       61.262247584086431       59.283650199288239      101.027229245197660       33.127338277494225       86.149124310571295
       -1.889104879267917       20.660189528432873      -77.032209904509401        3.017537878366175      -17.405723640844769
     -130.831770723199014      -43.947091815989438        0.572396715549216       44.806760443713188       50.253481752915164
       86.060864839518587        6.443782578888920      106.746568568635809      -96.988923549855443      -65.044312052203040
      111.788907050406863       50.782824924783796      100.347871954754865       -5.314690106497883     -198.059919387824408
     -139.202870420654790       42.508362922982457       46.141917282226885       21.271542467329741      108.323162199171023
       37.123633741179837      -46.292026609564118     -201.576585045862515       79.597233518961673       92.757128492917417
       -9.982222466794735      -17.919146051490323      -87.785142527899680       11.051159912749485     -117.637053797928786
      -11.714225806497813       35.201170364226726       81.168146629904868       47.526582750064094      126.269469712065145
        3.641367592458005      -25.239012320064848       36.978261835567196       52.618577704861075      131.634473238788928
     -308.097975950503837       67.755662543466642      108.246966661470694       12.667215083040395     -146.963338281367839
      178.680918678308956      -69.062819303175260     -161.210031574950108        2.355976944332670       13.422160245312709
      149.687009763055784      -23.356634362006989       55.906864177187352       -6.331157666225232      -70.240624185942295
     -102.610289168740167        3.140751824737173       21.280548220161492      -36.395115553971308      -65.941975793579530
       87.305290836277095       15.210666509477825      193.390631788009387      -14.957532001252941      110.682468557873733
      -42.509317449447025       63.173425413513066       19.443731949582400      -37.140264013558181      -40.790058845394590
      -34.304065782147340      -36.597420052838437      -40.203848852939778        7.963726847674453      127.895435067916836
     -199.091523563610735       73.696272979590347       94.832588549551375      -57.663226942399682      -65.124021392343110
       25.981061638497987       73.646177684860618       75.869672923970228       44.128265264296836      -23.627233549948375
       92.942434433792528      -84.641778120001689       51.392855287432269      -11.926327005383266       97.532947553105814
      -69.097847826955174      -13.457734389097245     -143.101367952678942       67.554011850418817      -85.831703556422426
       86.999956310954374      -30.561308713011137       49.204180424115343       -6.595274342630100        8.426055230359829
      -19.334102311312545      -41.789429285064593       23.236102936383396      -93.778676798981650     -206.191033128409060
     -140.182779879906519       40.861741566875054      -25.689194537763097       89.977811356320458      -56.109121855316040
       25.848377770503721      -38.689119960598980       45.949115930435738      -17.378755578688377      145.286532647788363
      -48.307313001322981       -0.910796605692504      -40.230748782429856       17.451383338918927      -11.162367614823500
      144.117310294114475       -1.478049683953036      140.872191310607207      -91.736246048282652      106.573020805456068
     -122.849835361626916        8.250948318733226      -57.920763467454641      -33.955908968660587     -130.621363261846000
      -35.542132290760520       25.958330206827728       91.437861691979307      -31.247378480964311      113.228149955170295
      152.257977684312067      -43.718590638067347       11.353514528408569      -45.611022524976306      -15.373098854263016
       51.459868517468436       66.988997983754459      -66.142314391426410       29.830065239434767       74.044621797503865
       63.083535276646259       12.840024003416465     -126.850707786638921      -11.094650292636535       11.969539449934697
     -112.773133779648418       23.573224291385891      -68.720663998595384       48.093915471651066       41.880115520323109
       18.890324127143629      -47.089304208849221       50.827958641124560       46.330104305816640       59.414482817881897
      -23.901113337304121       93.406409342564032      -27.823423554625560      -32.262837186844195      -70.553832866583619
      -97.152801138432523       28.432337021096114      115.745812551936154       -2.033834800601286      -15.077215465155433
      -95.174161946147748       60.775461912977185      -55.404951356194807       46.794403253081285      -41.311546100327128
      -64.965057933146525      -27.480961781472306      -96.802743359468280      -52.676337488892315        2.445076831733227
      -92.703895309489866       14.842884367955493      115.168213681191688       13.595864556774186       75.012358643768835
      -99.957274133124130       13.763697065249042       34.293676694660881      -15.096184365190199       16.810218678740213
       76.733019793149253       69.454457278796497      -48.166192323280342       58.310249856564930       77.689164062951392
       58.252739788387629      -49.124111414229631      146.837360242424893      -89.707548800756527      -11.580177728896192
     -168.366958526528038       43.911681994851421     -107.961633021773864       13.560794695852671      -40.900265157804242
        8.491351066193248       -0.211502839223422       29.920292850880863       -1.886525782733555        7.340241570804843
      -86.101481069635696        7.441470286462001     -101.700216701888223       -6.387110337263058      -17.347004010383170
       41.918466576870259      -22.986696622018361       86.220898657185302      -20.881463033477203       87.110095371921986
     -186.364962652384662       41.509356970209609      -33.842914606606158       59.881579583724786     -127.672998363714896
      -80.499673651106718        9.555173228576807      -41.184886264180534      -12.896923801194530       62.085155609129814
       85.856801664985682      -32.780547056280319       38.802042184699332      -35.816604559379478      -23.916252773204427
       20.424163101269261      -43.151618430594404      -82.207502909497535       11.781715158974727      -15.792877874996480
       29.219070880719993     -103.933661243799065       92.423968062987569       26.186941961643388       21.932176809806315
      -57.718637575872926      -15.248967012911113      -47.959897943872782       42.035152229444570      -64.360805414126432
       23.317366372009939       73.696733890425875       -8.177446568495370        7.864841335783101      -51.799208110642063
      -81.735991820247179      -30.490821496533460      -15.990417516859489       37.324485502594030       20.921226938829466
      -35.960529547731653       -7.028689333764394       -0.414507611700401      -33.694203686144753       28.267217045997857
      120.427870151492726      -86.527290060871650        1.167884808666400        1.883928202823274       40.544893148247482
       26.397540750955958       81.022939604799220     -170.291746841064707        8.025204191919004        2.543483815909479
      -94.264002790676642       30.515149776840747      108.359959274513741      -62.756313051173464      -26.537595273077862
      -18.400567024588309        1.803586469125266       63.044510493495295      -15.577697147406790     -106.898864084871505
     -138.049014811686959        2.043162432576751       90.580011912264396      -19.319667186172602       88.250365829572075
     -114.213726493454431       56.239795566670438      -27.175301964523126      -20.778610520973061       36.926395126849421
      190.490888980634992      -29.115870772146941      -27.353948567703164       27.878373342807940      -32.223948434493948
      -44.628369163929065      -38.197148029409121       44.625087112430400      -40.892142007493824      -21.574873524624333
       35.796697789665913      -17.536348789246585       49.576713802193680      -50.698140685607584      -84.630904559371189
      150.373593979524884       -6.896633878754669      168.823961408365250      -99.820864733690996      105.063139795461382
     -225.730810146252225       25.434757779810170      -62.289063806301471      -17.628535321423552       35.352873486596295
       73.708169881988184       24.099393048517868        5.417583043951782       -6.622285250071155     -104.031738516763909
     -154.958270225368153       46.973867758304898       53.404318425306357        8.524036374336042      -28.012246206491351
      176.666247201369600       -4.752939890848570      -78.020940964441110       -5.653913772698803       53.096560596206338
       -2.472367434542446       12.985604252316621        0.593759856272705       36.238749192835812      -49.774496808607580
       38.333851529081798      -17.317665802090353       43.648150434103577      -77.073518653383360      -49.494643365774664
      -40.241038997832604      -17.197895486145640      -38.467117027249536      -30.989008614468691      131.754671455048623
      163.232422055362406      -38.003604221977525       88.191747279916370      -21.305325492058749      -77.923799906455045
     -148.407612236132763       -2.146390423778339        1.430993284476984        0.218984531072235       45.412094197145478
      -81.332061245912485       49.909561470634024      -27.652450584009785       17.894430708376262     -200.938948820807724
       66.061033805836971      -33.672919352194299      -51.499562950620252      -53.843905938551991       20.012741927724864
       39.515671906984615        9.490011418486430       80.431146682574749       -4.665076601827194      125.442901158200172
      123.198686788205038      -51.724436849095490       13.768800200099339       17.673665984976001      -16.980382558722944
       35.161244202470954      -25.285325662875668     -132.096456909663743        2.977408553159999       28.225790706676676
       28.789595312051407       -9.190344132295253       62.445037645891851      -17.080505119256387      -99.187456150536278
      -70.908535436688311        6.096132494803491        7.120156107124901       40.665705046859145       72.783960112861109
      -25.185567520902929      -11.971584939377964       93.144222257349711      -30.682618087743091      -80.837488781657157
     -109.677009751935060        5.109318448841277      -56.350422325356149      -21.221550027414864      -22.009593294603381
       -7.887650847993894       -9.916041080716004      -25.814310066561866       66.491911667399592      106.855424583558332
        6.970085470321680       78.636335055329326       22.229506021074538       -3.808559611857090     -133.340382878298101
       -0.777730085995721      -39.473612663151876      112.444428024321297        2.735682911297901      164.620476470618314
       57.498968663611109       21.549768936906485     -121.039649862811061       81.463934322692637     -107.696831494026284
       11.342822614059314       -3.193701122498850       15.150441576516467        1.806484033170692       -8.168686609573371
     -153.017750986763275       68.812843394240360       97.043775538509692     -126.422406066312689       73.336012116320759
       43.652625619412945       22.375165863883158      -56.421669867755554      -35.497990514963583      -14.774972225273173
       57.129944166064988      -53.399410334636329      -55.031641070468133       31.650830757293299      -35.203266799899232
     -116.843842247453622       25.354711148428425      153.620214064996674      -73.652606179128199      -16.229265592232572
        7.299653102087548      -88.131092497632380       46.664658105376546      -30.863318544803079      -32.545166700395505
       41.421423261192651      -15.242693696357978       17.221948743076116       -6.142307160463550       46.929825873598034
      -37.164057691821398      -47.336836853741232       97.962965782509272       16.963739192843867      -39.152216076119821
       74.792971612237892       36.404298793599374      -94.372749637721384      -45.930257624414480      -46.371292881199992
      122.068665877853249      -43.824031376843855      -61.371465099720261       50.917512346509497      -71.310314464804861
     -123.391550012970086       -0.593072784768638     -100.646958596340355       18.919557926189050       70.158313036955278
       39.187731736543221       15.287833481740293     -141.179711504812502      101.840837913830811      -28.895747675027796
      -34.690105099707225      -15.948520573886851      -63.600607620249988       34.156181726892520      -32.216684167982486
      143.007530414478452        5.559920610535629       84.116716778099104       -9.649862592215207      -82.350376632311452
     -110.479145198433201       29.948819113944189      -80.496894387776848      -11.530140835614755     -119.394805999553441
       45.492600594499002      -25.537269416424984       26.436877231218197      -17.277104670350969      -47.552616424226947
       58.018139189728736       54.446451407844251      -51.973588950942947       43.354988721957938      -17.486532651980983
      -94.183087985769163      -28.590690348202262     -138.962115337703040       26.267291515111587       51.085286079790684
       28.988461855287941      -82.898018155482049       73.794303222153189       38.931172811775362      -79.973857469712158
       18.614467756211820       28.469863484910146     -296.869053576769033       42.287045220863995       57.937448941484504
      -28.443051604325635       10.025618148569910      -20.785953308805315       12.763278073367527       27.724156164962569
      -73.119643784249831       59.033263558714673       82.664872036510886      -96.749387912794177     -119.301876662059641
      103.491233219900906      -41.025615435013812       10.063754988143055      -20.610984593982270      -41.087320253785762
      142.410835962278441       13.343192174665001      150.927756661418272      -20.050233022704155      117.611563462814630
     -146.203760557623269       64.744913009599486      -13.729572151732331       41.051899573140744       -4.517218605184406
        6.713930814880819       48.672392279296822       64.170566425025370      -49.267293119466892      -37.398956812822952
       50.695124712984232       -8.060045676557936      -57.247482078274992       39.305273230554498       -9.935469842707246
      -66.586516773889642       -2.659012062739993     -193.536991050554889       49.071172915940807       12.360652600362151
       15.319843958710663       56.699755354861317       99.010869065025759       32.381614260300452      106.220950302110111
      -27.102734202058627      -58.370278934555756       34.565249980838054      -22.417138490693642      -25.395148819557281
       78.136072812349425      -14.225175385434055       90.010127861363188      -66.661725225267716      -53.285729146830363
      -32.161430485486981      -15.550804719594185       88.835135963739447      -29.753211269869759        7.762844575552972
       62.203688425321559      -29.996812198837851     -163.473381423211691       10.446739635712435      196.470747899270492
      -22.871863435312768        9.271621191711530      -35.745157902207595       17.075660719163771       78.547502325243443
     -125.890743542961417        0.782172193568645       71.697285331323812      -33.372413596640769      -98.434080754189381
      100.303062306987201      -30.108216765104853      151.518743992643351      -21.070602235008465       13.220765028583742
       97.730575760793243       -1.654400693879221      -93.318707007430930      -42.962163245896946     -140.587378404631124
      -74.028176107749459       25.193818421222606       89.902866325568155       49.406405377028619       64.020473434646775
       44.328073667293644       -1.682157264232721      -29.882823000623805       10.198363100376465     -147.377064938794518
      -76.934150154816010        6.944297900232211       30.349932313669953        0.851027398525358        5.822573757450012
       31.367183981760082       17.334773603638773      -63.237930020888847       26.430007042826091      -36.967420557152423
        3.926158658187765       18.993606396522225      -53.034186190394806        0.646445941005613      145.023260430963575
       38.685341576881633      -21.039515845887021      131.728515566070399      -23.077974550139668     -165.352057878512085
       13.807517111460912       41.413416368956696      -47.803226803282527       28.091004329577242     -123.732790691263745
      -37.004788472683543       24.218309600662462       -2.969163375125861      -22.948868705416871      -37.457260404995758
      -33.153478452145031      -44.034956961438006      -41.240504228933212       75.297745560933862       55.355893132273224
      -35.952035517917622       -8.542130607342205       40.151651249120626      -75.004371312659060       71.411973863297888
      -81.972627932815143       16.351405023830662      127.508176735305582      -42.353003267301276     -116.680449646615685
     -102.629599369184774       21.723669554183758      -45.139867464217311      -16.993001205133933      109.152289761387934
      242.642667742208715      -33.263987998450276       71.327571538951503       28.667797242996393       43.881412932991807
      -93.863838868903088       30.798405764704221       44.550690933307934      -51.582599387814867     -137.427078698607261
      -70.852756819804483       11.795738255550035      -89.070778888372359       25.436242901727134       20.511502426189981
      -42.476612581618070       60.555956853009604       95.422410910986315      -51.992684751119697      -34.462022926082376
       -8.866789343155601       22.366705414131264       50.481423539574351      -43.806341884236581      -11.969268257399042
      -92.986585700033444       56.814838581116966      -81.404647617554161        8.263550736772931      -38.131975333289660
      142.795193362416825      -78.351150398324080      -92.332970217438728        2.165114318478761       51.262737687471656
      -34.630927518231744       27.527811864618748       42.349574373527474       19.372458605099620        6.452651203706742
      -85.061366637413002      -71.560420128696322        4.904843994475208      -19.592027088395579       81.927285822388413
      146.098664248907539      -25.919782232088963       30.533475717123157        4.706519231934626       26.782484398640737
      -91.765364590459342       16.427911838238426       26.521152842885382      -22.685802064327603       55.509456337421391
       -4.060267201719334       54.670604656094952       93.706700799452506       11.307111284592636       32.020209658741734
      -65.037310256536102      -17.167667763861349     -150.717254815265477       45.038874051839954      -29.056370572708929
     -130.572040664790848       37.803202030072590       79.824094696908091       13.630043445938945       58.358048351768119
     -106.129527177937888        7.374075780045106     -103.142387063887199      -16.476036593347271      -15.882625951372592
       76.257935512157914      -30.391704595209379       85.106023715716745       10.186248493882884     -190.090159661420358
      123.439506904848301      -22.647242855645146       40.114878044770769        5.443725401230654      -97.478615780552119
     -108.425972233200866        2.500143100539916       27.500427060214559        3.309196842614739      -87.910128429213984
       22.912979537475945        5.565103337752612      -90.396101389289356       23.279379616867068      126.257492214568828
      -90.660189682239576       28.714805199761091      185.999954805403462       -6.978219963428207      -21.434650777705542
       68.068455591041214      -49.867860895072575       83.507304546193069       27.573595083634018        0.118824903062537
      -51.945949840874412       -1.141355937541032        6.263324785659913      -98.014606752603157       34.572942527000478
     -231.967275552212641       96.639308422971610      -21.950729594654071      -16.016163404429911      119.393951606395646
      121.643418564857342      -81.753436187785624       12.059392483507752      -66.825178212752519      -60.524158500190119
      154.168793140815126       62.915015154198336      -29.071346674556718       43.953244704233299       18.162184584512467
       33.766236182786344       19.385278719341692        5.706581874041119       -5.908173648909887      -57.434319711058116
     -141.975768312004874       40.435857554850664        1.845893914631707       -4.989471617591422       82.093353804615774
      -20.345637805723484       -1.458491816752798       89.950045047593491      -44.969375136825981       37.284554325964187
       67.838438967504487       -9.225332491329448      -67.264306201573334        0.350700642529864     -111.835075463992936
       29.905960048904934      -32.973961009346866     -147.598972830324328       45.099179654126004       80.093833356990203
      -25.078847459216117      -54.082416655642305       18.191676865361824       -7.880235422977374       15.884531017204942
       37.372222941398398       13.876298245122705      -69.146635053169192       63.773004831032729       -5.701895747518655
       40.515298655434009      -52.311420777688760      -49.334118312947901       33.930289059150894       18.557003572847734
      -95.144293319100996       39.802115143109091     -109.022495772915974       43.376338287099365     -103.486296973123743
       50.605090568196239       10.891364034413371       44.285525094842541       60.142367789484453        1.911255905296198
      -62.317562534437840       20.159454201158997      120.861467859777619      -14.969761829456177      -74.185399383478938
     -119.501136432361236       56.992465425655354      -35.112244833176000      -12.898564902189502       18.129378628271105
       30.239136610572455       -0.083928244587727       29.678154129735027       26.609214748686405       11.270599704684798
       62.066508702584059        3.076218300817886      -12.104962375823202        9.167090510682229      -84.740299422931855
      -26.319227487057532       41.791674351872246       86.445957145623083       64.419626832981265       53.178184448334200
        3.877859017719714       13.268341442360121      -12.224086833599973       51.586076724948391     -121.687179544884927
       86.162651189315682       40.045108230990124      -53.866014162904968      -48.752587052766671      142.187760020597125
        9.107261138712269      -12.220414942844434      123.088479574229154      -15.779723784161947       53.959758702047694
      206.340228243609516      -26.991770918109392      -88.416878741113123        4.819276885243780      106.721864980531493
      -71.704360067017134      -25.837837542403484      117.392480122824537       30.940507366083068      -53.175399407769497
      -19.124402974302150       75.575569299034470        6.694901954791607      -90.302956701004263      -93.348911244013422
       17.347983609674831      -75.889441294730460      -50.457067400025068       71.091605434865542      -60.112473747108034
       51.139106123801355      -35.750692990275482     -134.068506512054284       54.890536527118009      126.780139458472192
     -106.216663004524364      100.095586190499191      102.520673194105385       -6.790251811340641       51.116967816031710
     -125.901004152849310       69.290063601273857       91.722293583428950      -37.667601124847522      -64.381089971955603
     -115.020418083656409       -3.198129135806953      -34.568253949835182       40.436465706846462      -21.235899711493801
      -95.136563736286007       26.229892139983132      -53.815718472459935      -35.017218015901918      -85.974645938225763
      -87.763650905566166       -8.521271149385903     -167.631413487501248       -3.254223705605940      150.227445323351503
       83.489846461757793       48.791970014679492       87.219291697815947       30.737430065244897      -19.182479288181042
       -9.002020364301098      -26.984436877609852       52.819476669775391       43.822140820052105      -66.708158975985612
       42.817098700041754        8.919155225189932     -128.273832975712509      -22.976480189159957     -106.166365650926480
      -33.299717983112622       14.056850019442770       65.530869172267344        0.948475841595040      -74.611714418162649
       59.806155115930395        3.093295350633150      150.825235523792827        5.703700611577855       20.164560924135525
      -26.437299091566693      -49.453823509496303      -79.733598406081526       25.098819220236400       30.740662191003842
      -44.972089765642899       44.045708133323110     -153.484600934993495        7.144927524674158       71.764618577532531
        4.996783549727212       26.937705861101296      -16.624630720184509       68.039215941185063       97.411665221480945
        1.205843702310750       14.080005888427381       34.185751789431706      -36.087795381577948      -33.986898913567401
      150.016083867006301      -44.717438536893845      -56.698049725358402       50.451991421303120      -60.879150963143125
       44.136158003814948      -34.927628518851250      120.032327794432788      -96.758796260398142        1.252737410643299
     -134.890005738332349      -62.848077557146297       34.562879313861202       66.068435521710953       -9.157994414710711
     -118.492328920889008       64.499019093982582     -285.310819526426371       47.180061409839908      -15.266406286861624
      -48.620263853071286      -52.353128024251312     -180.595016071531376      -10.652875450129562       52.425160901281878
       53.634084288820304      -54.463808770931621      209.392740608660830       49.666049325736978       74.573299599935993
      -81.541293773891809      -24.037137853461484      -74.864760634812427       -3.118602367983982      -51.592045697007620
      125.241651524121707      -48.055361997535655      129.851876268406386       -4.620483594032339       95.229768959899047
       54.011142905553598      105.810685005026883      -70.104610919642298      -23.441740744625466       73.704914702661441
     -178.019110251507811       21.043441165816958       33.456699739380817       46.774296758322116     -111.483730312486088
      132.169922790536589       68.506079870146479       44.360725146683059      -12.623287649316682       30.385386193858487
     -126.305845714161450      -12.306123355175409       -6.338476833650621        7.149173239554624      129.353005449419612
     -100.859782434681904       32.765702515527337      -19.768259532471731      -31.133430466877918       -7.341887208380221
       34.312914269430202       43.732148168456028       -1.213072569466805      -48.345557281392040      -19.006104221466462
     -121.493618608500242       41.099783978358531       22.978924876040470      -46.516009146200524      -51.904610163908643
       53.071171744662266       60.890024094135548      -55.530090875676557       13.985580601157981       20.435988552355948
      -40.373874653264181      -22.017440594854470      -29.105633696485508        8.330701131039262      -41.033249473656866
      141.905301869602027      -35.828080922546135       95.587817602935530      -61.481871057100570       83.421654859056559
      -83.921690717475030      -33.593907862781187       56.908282668373282       20.457713883333021      -58.558489163150952
       31.811809563760050      -36.259311279893851       17.298965375127835      -11.705216758529353       74.165052406234253
       35.932020091027930      -51.409506692828735      -86.465990616789455        4.622662287234678     -146.466069968491013
       30.943159838331351      -20.866730556316686     -146.561929152670274       67.704032289777302       -3.738428356090438
      -37.062514418979340       58.755576004324254       49.879406864265846       46.171493615061969       11.362057989339501
      -45.525262569534718       26.555318392340457     -160.728181664267680      122.066924424517296      -28.503880583469716
     -213.599322860126534       45.096919177893000      -32.931429426254823       -5.814549289469221      -10.163030412927164
       65.148193874015462       49.398262619865640        5.650024933958075      -44.850384313734700      132.438442899236435
       13.488737381324173      -10.266582721308191      116.102393302968508      -61.140851007985447      117.302411511507003
      -34.181573327382885      -73.853397886519062       30.761107337439114      -47.448115746764145      -76.164229533036476
      -19.172406451230366       18.768130194281678      -35.252165503679990       24.493718011237217       66.196368267303498
       96.078758195042369      -15.036910108730895       -9.072636433876514      -14.980237825668075       -6.724887729635126
      -32.489914610006117       37.669598978058289       66.570277638939046      -21.454627658705814       12.996752220764158
      111.167319398447276      -60.896141915919706       93.336237835819162       33.499319179794483       12.747220665075011
      -45.254170095177400        9.279446554619495     -109.672959638022903      -38.914774751718454       15.173419426974094
      -21.169084493641446       16.619067553972474       75.350989275981291      -18.071990282012450     -131.536484053687701
      -38.143640494130189       73.370027519121010      186.534560188013188      -37.729791686178139       39.262690564915495
        1.408040763339296       -1.768949109820708     -114.844983813509884        0.994793963275318       -2.876413268150963
      118.334791491809554      -20.034924846406554       -4.840004436722052      -51.683460537508530      -27.609030882519985
      -14.188486015058285       31.830401747160529       28.452741932422803       -0.061292080057241      -57.138465111849150
       26.600078678229249      -37.424871963478743     -100.647931773604739       32.735270916273890       77.261119587894399
     -148.182070219560700      -23.008620277212643       74.115408692347941      -46.976341768428448      -31.692148852847318
      -23.552054350431209       82.947089548380433      -70.152602786672460       -0.650299155924755       96.027301386748718
     -158.606975952889599       -4.198481498665719       52.416166451170668       23.315523070746583     -105.000163272648976
      164.296434245056531      -41.441243003979160       85.868215959074647       -3.549032261832494      -28.876742908680168
       78.988341721703122       -5.275415200319015       52.025117255572802      -59.488447065883513       27.072357847345238
     -145.385715073932118       38.872064755141302        2.361064528960049      -34.463911015230458      149.919050089705735
      -11.493985203092834      -13.606661145995046       79.272452399039508     -136.555217549240808     -124.117882198016346
       90.029510528937777      -19.274482286163604     -110.764120258087914       93.017102573240408       29.975796804884677
     -108.560782090968843       -6.816396912268942     -151.692004382651618       -6.346211555999720       32.857238211251293
       66.616635638248241      -35.526836939249790       79.838839201761544      -59.381043187134395       72.322720983569255
       37.107079939475163       12.036191695684513      -14.391220586267636      -14.456393555527443       48.674237883311925
      -62.847341241704854       58.008494047370242       44.270239649568261      -37.967615434517299        1.715803300388587
       85.871083736712080      -51.107737708595756       40.045097034033660       47.501866493700987      -40.260790600037538
       19.757544761808898      -91.671426223822110      -43.354485738203941       17.068428764181583      -22.252859730252300
       -9.201585958136345       29.612498566578793      -66.031571815869484      -25.338644396437747       65.763655143004428
      103.887168777136083      -80.763698960997488      -70.732270757826711       92.621118766084919      -80.868075624049851
       44.939329069570157      -10.846678118108164      110.106784459462673       54.056457166021268       65.774982084234779
     -148.405052724055253      137.955853797548485     -105.653598296554037       81.281537148352172     -185.980988998561998
       86.674745576565613       44.336695014052324     -158.015074987180583       28.801245849315372      268.163073424030131
        5.618929519078581      -22.576881749229788      140.210235290202149       43.834107110554662       66.514798578330868
      -81.630053931027987        4.044173119700085      -28.895330026654676       74.236050443886938        8.692612583324157
      -97.205578396991456       26.465803836751526       72.553345255013781      -17.264981381510164      -68.756942585596988
       40.906682452073753      -10.609767805529010      -40.025194602407709      -21.895910197581731     -168.473071903429684
      -21.386737297131972       32.205961206984995      -33.492218787127591       -3.632675598479634     -114.158993009512358
      281.043792898897266      -37.418221943161456       97.407180853105430      -50.151514033728134      158.497170202143451
      -20.563236314771864       -1.477428540676886      -83.925804872228753      -23.472460982818891       11.682403928459141
      -26.365487266513604      -24.951457005620856       23.246729203894482       25.500269199812202       31.163492152714333
      -95.423099374153892        9.189802156172545     -115.717906580238278        6.119273981710561       86.311319209095558
        9.268758538776325       22.101219648891949       83.198041215992049      -10.891965740139396      -37.866243412100260
      -46.763476820235304      -23.405796163711205      137.601055398724867      -22.594542499755093       27.050125168840008
     -111.444625319051696      -46.756821779569663       84.152908117758216       -4.154268611306123      128.372725096001119
      -39.897240441409160       20.027868691010649       21.963637778295642       -2.074314216319257      -80.573815267622322
      137.625526729803113      -17.831627690560143     -141.396348911063001        7.124318901160398       23.316381433196813
      -52.957125990222245       57.132232022667608       74.184962914852662       29.443595365649710       56.826840136633031
       36.164891245437829      -46.336801780893666       -4.109328388465510       57.634428212628428      -26.502607212617246
      -41.357543318021989      -57.060221574250924      -11.429612328938259       47.500881854612139      -57.986874060078698
       96.916945747322032       29.098762378853984      158.315743021031750      -62.729007277025588       -7.418577690244941
      -18.978214197319694       15.968130836503944        2.252383808042776       71.579478165307137       -0.676000331987184
      -76.007075165155229       20.353850019116376      -65.416658221792645      -13.833204575581979      -12.736783296809428
      -62.887468217751206       25.649913652703940      -19.349076603172385      -49.258396847119613       82.840437770100948
       80.678188780689752      -81.204383027778817       21.651929891217307       96.831642879496712      -11.904298878837951
      194.831812754274921      -22.048952064117771       74.139417859832591     -112.271963112227439       73.381757449930149
     -149.012281324095113       -7.566096543315028      -67.407459061070028       30.593547435767476      -56.392428543719234
       39.458917171666855      -33.200329598775575     -116.010115936005661       38.000394973865745      -91.832512468322349
       13.663469606285423       18.361042712953186       45.885187213018639       -4.844566630572846       95.944057672534427
      -36.827974602655438      -41.732711487310262      -27.264583337579548       58.130262017227935       31.040260547587391
      137.246062494165812      -60.182792103598189       97.778605574950063      -11.453302970933999      -24.349137305255560
      -60.762111158131134       29.235113252327757     -224.949562701058937      -22.268317710493172       95.397700657466132
       58.113907529041107      -67.374258486183678     -205.505791185674724       43.224978182775750     -132.751788708402728
     -114.345287624861584        6.501817237572292       -2.242829047008448       -4.329821198202181       70.223011697158910
      -29.859390132038808       46.851521680669329       63.721510501763440       39.432687663349526        2.891212717224722
       60.899534190432952        3.094490005467772       31.745209570929234      -69.498505085664661      -43.138154064206539
       66.289675816550726       22.013858932680279       -9.855675369207315        5.736152137280343       -0.877114030491717
      -28.421831298330968       29.148294836131932        9.145468755579909       -9.635868217567300        9.314324323251858
       99.277973425851684       -5.066678858916193      -25.860575617294053        6.974680392536449       65.042939325134753
      -34.557884583785885        2.431919013175823     -172.406534018766536       38.804034027461590      -25.033519351307643
      -82.674022691597756       86.149824093761865      -61.607215104010656       29.031717839579439       41.510626633345971
     -154.592627690126250       71.709539314739942      101.756634857300824      -58.944657261841698       69.331031725984772
       83.090189182774637      -15.746549875266849      -32.845326515600576       38.182910545646564       34.309605407418196
       94.203725319222528      -22.058679328882921      -19.657447749926501        9.642716301347440       -1.312666867184332
       17.598358548743786       67.825859433053381      -57.697765719410675       -7.763277424032563      -39.956112226552349
       -1.281281638552471        4.201082165916163      -96.739635921112921       -6.467233320464024      107.312501873794133
     -142.313391171072425        6.911670691144959       34.389938623061298       33.345686073115004      103.912435336701222
      101.358798782605177        5.580109186010530      101.162848182484169      -11.470949929240179      -62.067795320202819
      -57.289398802868369       30.017898616711733     -134.069109784997096       -7.322514100039915       38.750418379131922
       28.772649021543717      -17.999740926012258      173.531231935737850      -81.953437413914529       12.506958541774599
     -135.652828924594360       39.915939295616880      -10.830680926886631       57.375535693253994      -91.152275249056927
      186.587366128203200     -112.450980957305831      -58.579130904799591      -19.668071962277335       69.927250443299897
       80.545067321449892      -62.280261851239125      193.697558697458447       19.692261298721657       48.063133688873641
       30.664765834903427      -25.352227557346520     -167.924170062543567       37.987408374530446       51.844699961059597
      -26.233566327594264      -18.116805846312069       72.385515076867676      -84.375804810064338        9.193884054725244
       93.418237414397240       21.503492497787747      118.499813047010988      -31.895179528491301       52.692231266246765
       -1.099556419715906      -22.958640236599287       60.710453738038510       -7.926018815919381      -50.478315622012246
      154.005559753053888      -18.296484328612795      -94.770074778679145      -15.491614142662572      -49.209441849986987
     -145.454563537722805       21.111202959334349      180.353805105416967     -102.807238403018417       12.169904717838731
       86.215632146723223      -42.432012431112220      -92.304379478274299       89.165358334184646       27.682255809777189
      -32.209900155350461      -29.814108983934791       13.739216314453934      -13.035090585682681     -139.022563738897304
      174.567772151206157      -23.545330560760412      -81.752646542826568      -12.941170145177034      117.189504310202267
      -22.958423373024768       16.607481104394118      148.554532721263968      -50.480090973236010        5.518203286840625
        6.526590016244719        7.751813161017627      -92.161554122347169       40.130089930063455       11.598313125276693
       35.789662415304370       38.643102490690694      -80.760601106548094       44.753478802708159     -104.666590946968853
      146.381436603966023      -37.469280132631845        3.335717646037513      -10.730091985822146       41.196050439119844
      -18.818575933373033       -0.858118714979536       16.284641679962132        5.741985904490437       13.637608925256922
      -50.767118886968625      -29.686071433722901       22.476856726078378      -25.644924232305407      -80.029115157645151
      147.716994723785234       -0.651991744143748     -161.626404358449292       41.325737163476298       65.872832163527022
       26.989850370092785       58.850534208179134      131.149777503803136      -99.629970446301840      -17.339426426130736
       68.729952554141448       11.926858747208941       -8.253130502870452       64.538472807230050       72.342648930069188
     -164.439378836977482       11.151011536922486      108.499720487411594      -20.031800983087425       51.459307412618806
       10.014071235420371      -13.716130671192149      -65.260912419935210       -3.974590476111014     -112.259728383289456
       24.771120655521230       57.850189419543831      -27.408695483165797       34.421945750869320       86.106895362460151
       24.371839341831141       -8.284516596523831      -34.195487412837814       16.430692905788835      -40.878371605332674
      -74.165515810029603       27.119676101884824      -56.643699307861191      -34.219638781471154     -135.997225924589713
      -76.365245997606380       10.112647503142734       41.187768671897182       -3.196506433884321      106.644323086592607
       49.862181681192055      -12.970359589755153      -60.776561200973887      -38.487519712930407        4.375821284319713
       30.471879953042421      -46.797720786764309       10.925851478466079        5.540754400277513      -23.162854020575217
      128.496796046319673       20.273215585703174       14.692619412424595       29.906760721850997       57.667781871609250
     -117.798241736501637      -23.314199608871181     -168.670853855318910       81.253599359946634        9.906489179194839
      169.271977081342044        8.982240674861746      138.796778959852247      -29.217824666083086       -3.858510319211126
      -38.889494717441650      -15.787286672540873       10.460538838625656        2.172265596083493      -54.420004617296094
       14.540970784637567       30.847633075942397      141.457086842690046      -53.949274799262916      142.620841135455407
     -105.489583212992514        3.886130452598139       -7.957687209466622      -32.645199147413528       23.643505013825209
       65.141269198389949        6.895126903906665       40.826788286641388       35.695056193706236      -46.240124314296231
       37.877122975343610       -9.264515469151686      -94.262571785357679       20.793927026002102     -119.547194196486601
       70.289242999721608     -118.278919169446525       13.712765623721403       30.629458694099284       16.753149546351196
     -137.107871098126509       87.370400580115671       -6.752365665084523      -30.817419650689917       80.901857699231186
      -48.611435791204222      106.034326415872769       79.924693520302881      -22.246020564903368        4.537459068834183
      -43.577564288888283       21.919120293861386     -197.979982434036799       54.481904591864343      -14.409655118597088
      133.304911285460889      -48.860251879438330      112.113675383632867      -36.271569506783358     -134.789091876047905
       61.905123986367705      -40.825543162931396      -62.287096179493268      -34.951908452553376      -97.248319958786041
      -58.172104951679259       10.342816069615512        4.598193840076051      -53.767933377347340       37.931275889664697
       84.193459413530036       19.714907098816223      183.517715979164478       14.205142778494864      131.637709544985398
       61.261705626999039      -82.441535755513272       -6.220578493298362        7.715414757460672       52.315148299401251
      -79.678766993803791       86.811851182668306       20.587107814657141      -39.434135068730718     -189.882180934739296
       42.977113266918224       51.466984733377153       86.222253831993356      -15.453716598679765       41.955948346437708
     -212.411639958304249      -22.064647943325824       43.508908297271489      -26.087301118078113       12.084712253158258
      -32.858088116921806       87.310510193788190       -9.544446812886937       45.428178044848259      -15.267220029466193
       59.803869182738083       19.600854158349783      -25.728254217276515      -57.431556979265444       57.256160653219318
       79.391625166692464        4.246136270253310      142.312543137162493       40.922059399071202      -84.001858071176414
       70.952916498264244      -24.055434072066170      -53.795537754486752      -37.136376753449795       -2.221017585021575
      -31.727370920870481       25.942650500605904      116.100380719635183      -79.029661609216959      -24.285691662337165
      -59.489883883578322       -4.873223051156759      -19.743698324751964       40.519743638710544     -101.346847182172368
      162.291183379959932      -32.518144720369506       70.251592629550530        2.577821088218536       70.773983458533138
      -32.010604496234798      -29.540872442468807        7.626078690140629       -2.884610295665348      -58.200559635082975
     -106.825691051276323      109.763270982685555      -12.116357646773061       49.705344857035243       44.622474025647428
      -90.625017156908868       32.302409801147583       76.885250157371928       -2.094053531200991      -35.129760713881801
      129.352901497350047      -30.783932290683818      -20.084813383495842      -77.205876426795555       -9.730953255099907
      -48.806432934116273       49.424291232482211       12.201322702429160      -26.955592484618247     -177.444285156572164
       -8.229729551028969       11.921925711747487      135.509975110816725      -40.871686229095523       24.482432448914718
      -48.194151818804336       24.645140839192045     -187.992237158073237       19.013240579596413      -44.151582511903420
      -94.488037533872102      -11.120893203676163       51.617968202083667        5.879752060734748       60.488117152494638
     -127.675004796965993       23.413200701834445      -15.796417491658522      -65.512052567556509      -48.864042860447931
      168.992040126980442      -42.890360835651364      -16.886583579924942       31.378999388876696      -21.260344611547694
       29.806064837970137       18.202056120553017       54.676731059281643      -10.327726060197767       73.275442895382469
        9.673806402183192        7.826222856007570      -66.342388784622415        1.424923253323768      -16.967451886438358
      -44.273203335316850       21.671544035113069      179.006277045346792       30.605672967663278       -8.376375046100524
       43.962864330973119      -43.273797564436563      -67.617612874035586     -104.692815124047783      -19.871867796706148
     -103.190396113073263       26.715522546444163      115.334677801369764       28.659041099458356      -66.185372949348491
      150.195318543771720      -24.449401344513003      -20.250092659464343       44.106696448918427        4.835631530120335
      -78.945733385417014       14.507501626155513     -121.299678774303615      -35.866831586691930      -94.446074473226417
      -10.110370024381460       25.652617884887349      -91.983761789744449       38.848756939545162       29.396472581707535
      -50.708867885374659      103.952423461511458      -55.363988085780434      -10.338033800469626       10.111862208166897
        2.826500663195910      -18.312509267585735      177.626894813601183       15.508065896329608      111.063852912824899
       51.155349944949428      -52.275533866392855      -86.248972935560417        3.697136900437770     -213.176916661781831
      -85.031284416791493       14.551035640198306       80.080225398560927        3.678031682807228        5.152582331105175
     -253.737812598541467      113.082289760048795      -36.158480796297646       -7.455775509726706       62.325179127385660
       69.313493247967187       -1.648300566304577      -26.291513319313211      -71.373454949171702      -51.280207671138157
      -60.696542195072105       90.066712556892398       54.533876847753277       24.610889620500753      160.273789155793224
      109.091600367548438       30.658214644688783      -12.968751131764783      -79.241898732783412      -77.167562680089972
       33.404997082242993      -48.075786885822161       13.859371185440649       17.382218449252107       29.669520225442206
       63.801320491550420       11.109059990112531       34.587558932223075       62.818764675207724      -51.426786579819925
      -23.849842919809621       -2.233397047656775       57.291981870760686       42.905129548447384       38.257874632017902
      -21.713882458205582       27.401329766762288       28.936611883741755       33.743969390986614       13.763875078883332
       41.361866357553318       38.481031607582366      -60.636110011293084       16.311817098660072        1.220388207561987
       34.267299215929718      -43.837730909549542      -42.286770367606209       36.887186941496353        2.172872433453525
      -81.711449266986165       33.383605112149702     -136.806463471291806       46.956937635744382      -83.401058394585206
      -50.460304692002552      -45.587840440453384      103.751505118347026      -62.592773780498433      163.987016919106935
      136.478400623564170       -8.333625304659543      -99.822149312704710      -22.458702138562405      -75.033322269190336
       93.556525496281552      -56.927142995170577       48.526569520538885      -30.978086847296638      -83.775948340993082
      -20.280374783078269       -2.332110433089711       42.538148657811334      -21.198377372472624       -9.619489617372510
      -34.786197202010399      -56.327026978497869      -11.140845510062013       43.309594231992058       21.350811545225284
      -70.096418531253505       47.725598877891827        6.647035623727115      -61.405659770230820       95.318527565205031
      -49.489251903354372       35.541773737940929       56.348534427075222      -18.855749509110549      103.835720733316123
       11.960997054729178      -39.063203825172515       68.388057005691863      -65.951174052009563      -50.075778899219365
       74.412437611367523      -36.057588626433393     -130.270864249452217       17.310710579390086      -82.217832335111240
      -11.723111431962488       20.495073370603116       90.153899710119902       12.085295719304845       30.088327646876916
     -104.752112497478876       30.429943670137344       51.719994268727412      -43.084769796802043      -43.998388343874531
      -95.411409161312463       31.682897072884714       66.112457749681369      -22.396558794837937      -12.455205689929743
       -0.816863105648472       75.679439670738788       83.887131909445273       18.802804035008830      164.552471255790806
      101.790209781075646      -21.152629731919045       72.587004332901572      -21.504437530802178     -146.425976396536981
     -128.625102621981739       44.947146136604502      -97.785494682730629       57.421590870780598       80.356950130790523
      130.249673024035445      -40.421514055527908      -17.593139644181644      -85.138688207043643       28.378737837307003
        5.283169211764175       19.246019149336185      -69.941912104771816       -4.158344294776802      -24.151565220832094
       47.320976620280824      -40.122831043883728       54.569887160994057        5.578319738170105      155.986313089672251
      -13.691191245456436      -35.184483872800172      -18.251592923670202      -20.115333952758654      108.718479878496709
      -83.409552038236228       43.498221420985452       32.941489518400061      -17.148545286705705       14.336738828408217
     -137.168479936775782      -15.196672447309508       48.824823154274739       11.111308845769116     -102.824028425223418
       71.692539179340116      -34.324459381032142      119.668060833066193      -88.494130912603779       65.306373459821287
      -51.565998397540014      -32.177237862273003     -148.266749105558745      -30.686656550839370       13.605914979440922
      264.032669933676459      -33.810995718951567       72.703144602804969       61.620438535570344     -104.911105019848762
     -118.003754947008147       -3.505872289710899      141.170488504808816      -94.857541181123466     -102.587496051379617
       51.572767290708562      -11.885330605811694        7.851604371884356      -17.565108074710356       -1.745962484558535
      -77.390667618733630      -29.078560517278653       -9.493131581400243       -3.469425528725961      131.299943745961883
       28.369114391147601       51.210338071463475      -61.507547858190541       18.306641643889243      -58.225602823763914
      159.698856615071492       -7.420645586493336       28.933823661624452      -52.510026305727052      -61.534523138901889
     -104.934644561662452       15.059199451615786      -59.768734607493506       -0.774830713888935       75.222409462771083
       44.023249029937780      -57.650717993728279      -37.520220070139388        6.624961500198967     -133.834946984086230
      -68.298502169234467       71.852504647801396      -70.249699166066051       11.030570722891982      -45.247939273356920
       63.202825118694065       27.540463440890516       46.878031712348360       36.845623560067551      -47.567267977159858
      -98.036475950593626      -23.984482539188971       10.765868206532911      -32.481963403883192      -61.147978336376312
      -77.877895755077091       31.609854106844725      -43.881265348272571      -56.951971109199178       36.555583163325878
      184.494430969249436       -7.040483420473871      -94.097383632203645       26.720553160203036      -74.757141301117557
      -46.444188178427439       28.214028249683029       71.926511796713001      -35.000769879088750      -25.715593806228203
       53.073800940458632        2.566483822048781       42.900197290000683      -56.825943984891268       32.764117304004849
     -167.580854176040901       59.761793204066727        0.189986916921551      -24.821371546022039      -52.419980398312106
       -6.115016607453103       33.256692920571830     -187.365589214542325       69.968595674029672       79.095267663098582
       79.808916279794204      -24.747162580993546       26.272241454761399       42.618523083438475      -28.020103239851000
      143.381757224800765       -3.750539956196687      -96.226334843847411       46.561241292956680      -86.253121067684432
      -47.807913015794881       46.548928429105686      -60.222428492714101      -24.558750480882704       -0.379507571490214
      -23.070326131998868       -6.389959198042341     -222.596602241356265       50.117086139794203       -4.712400741128255
       -6.297025822494510       27.503581936285045      102.087121621214706      -38.823132849956018       36.531279629859789
       -5.025059845186644      -86.822507620699142        1.377332651619448      -21.624394795056112       46.205925749554090
       -4.896166782689613       30.713295553222707       29.398826000185633      -10.727748768906125      -73.209270297170434
      132.510624080502026       -3.474991039164220     -144.318422178637149       26.125956701945281      -21.822954664260607
       43.370147848364148      -59.080946537478752      115.149852197605725       75.897716086576338      -17.109452124714799
      -53.218340360744541       42.457345348276611      -72.496761447703577       59.691920197835884      -50.158074096862258
       32.545912842441602      -38.678613090478592       12.770073289051195      -15.670325546834198      -58.548768767891183
     -154.553048306861712       69.552980096136309      -40.697795115624082       56.916472424921260       19.909252882521624
       33.456391075404980       51.307795671993794        6.537364378200601      -46.322026189442411     -103.891607496394954
        0.958488204491794      -70.911957650855811      -24.510346763178969      -15.969575908347888     -107.676837971481334
      163.144489499971371      -14.624316164039199      103.859221083226188     -108.481863184838687      -87.648570810192865
      -30.257961278549342       44.051539617520078     -248.232522170868066       99.074081266576201      -27.799272100695372
      -21.005640305152063      -26.696417279546814      146.454557450324387      -13.752914818675112       21.107683702914013
       77.780809885402476       14.668727764810654       49.514747603946077       -2.322152913351689        0.038076320903342
      -32.389462686245302      -26.566532972838598      -41.980348521163222        9.578984871732573      102.568971929499668
       60.909390988622960        4.136314964845842       80.459176964396534       12.330322574858831     -132.770901136982928
       63.732070966692241      -79.519485660758463     -123.032991241873589       31.576293647219838      -36.106432856570336
      108.404271364406739      -82.571377522616785        5.053644038066689      -40.046920013082392      -87.775362747010746
       36.927709482219896      -37.161276209429722       26.566405234720197       63.071431710226058       77.563123683102646
      175.028245586403386      -54.088422085164403     -107.689995293832339      -24.625763157841707       49.696190980130609
       -0.810894312669694      -48.126668394199022       69.393076402220800       13.956957223407828      -28.164124941750149
     -126.835937134295023        0.572404997776485       46.547952762488499      -14.809696699215039       25.045044506670113
       30.499513851699223       19.308683427817577      -44.272689161365214       14.784389264990807       77.051382803389828
      -68.401801749717279      -65.310349639664253      173.542336822918486       14.524896880804784       13.229732584867815
       28.381982469533032        6.088707790607976       85.946588892687444      -46.434164862449130      -89.848716586000762
       30.124146237306277      -33.836816256785035        5.865444129105231       92.086717052371412       -0.295442834467539
       51.886928403645470       35.206137590621154     -103.389730337798966       14.260803378542937     -122.029362560904119
        6.223544436361785      -73.274362370345855       92.738608201268136      -34.700834336168171       62.884127378003228
      -85.578788546092184       26.333064528159831       33.497113402617472      -61.527356723606935      -93.873400708856920
       83.625319513094141       44.733358557473295        4.325221086572140      -37.270163899750436     -115.684915869522357
      -34.254601151442635      -42.907116802848428      -29.453886355672083        7.963802378290866       28.205709899896082
       24.138057522398704      -37.680496036397805      -44.704906164501175       35.696694503036994       63.741359058158949
      -20.765453500947928      -23.501055164062542       66.177985612109623      -32.264348188459039      -68.923719178521310
      -37.795429518809442       33.574307317841011      133.073270963431469      -30.089762210578694      -11.241984801927918
       51.947783189372380      -39.388836129780522     -101.221179116460831       11.961349224592228      174.953451133321039
      110.863692917792591      -23.456947090172928     -110.551495850240457      -61.598265839347818      -24.432818208108035
     -153.384730870181443       54.082560101623827       75.263524531267123       -5.337371811084844      -60.685941838749685
      -48.113989029495066       66.091420818845577        5.424237415017364       30.078482481879441      113.013655109483295
       46.442672068223573      -65.120373876619666      109.535440582984350      -28.745632717134235        7.204076139855852
      -58.990422114768947       -4.658206016239089      -80.011165934464955       35.944050367020253     -156.284038322674860
       64.205172104697340       52.436058533901161      131.533893635517217      -24.513131803519666       76.234499229141164
     -102.496143703960513      -33.348091907968225      -91.567740119606739       16.592579121890719       54.953089898816273
       46.832657972878671       14.422572994996489     -108.648218675675196       44.976900946827634        7.078159823611085
      -83.315380991689636      -31.341081181652658      171.506266298491340      -66.946143125955956     -114.689065358724662
      132.556778052401938        9.085972366394927       28.004092357233390      -49.252911749896057      -54.164440263606856
      -23.783219984973378      -45.060366612508517      -91.896185102396061       89.963133482899963      207.760919101903085
       97.385567338264352      -37.934677723359918       89.961674712595794     -102.169618235327775     -129.690420742511606
       -0.363487033994897      -36.616608490928336     -106.464058559984551       71.799246039284469       44.275036588888248
      129.389121461514037      -21.563339112357227      -58.313535764326105       45.459401134537750      112.590244630296652
      -50.436267045241543       48.844094909396787     -113.280140570438206       43.956768639335912       30.216798421199382
       98.403700976275971      -62.038857982445926      -18.997768230283821       47.573760729435286       -6.312987815687277
     -294.111392107525489      -19.810988433572668      109.351544964522802       16.874561517840586      127.632576976468442
       53.022758899558546       -2.888853203514338       58.754618199802849      -45.551717260902549      -48.817641313624684
      -25.783744066504418      -28.811118958741808      -94.318832870138905       55.198853539306761      -31.742262796824697
       25.484254923046677       46.864820532589142       -9.636634655712982       11.661262560829044     -125.365904008359180
      -56.945272064296027       30.569979096996597        1.504928708156269      -74.507232722873354      -62.041535888656192
      -34.648703263856611      -61.223075032976062     -169.863312807071168       89.419006499890571       -7.918129188293055
       -3.095312648529535        7.671575897433789      114.639487144116188      -82.375877301172522      -46.176642234657969
       93.675258721385774       12.075108483197463      -95.720002527950868       61.295820434546847       20.715218054239397
       71.822541227222899       26.850705756323411      169.073784451304959      -16.072441451846615      -72.036615557637447
       -6.373294486962295      -95.015110845550765      -12.216436010357416      -33.789145872982814      -18.868871303392378
      113.456422850574654      -26.354199658902079      -11.830024730748599       43.320707233356458       64.086478235609832
      -70.812895017119033      -15.558186613884127      108.460387720824684       36.951076271829010      -17.617062073854544
     -119.294698563343132       46.015488695692852        5.621320988054009      -87.001450011834052      -17.608182519365496
     -116.709049701165895      -10.600207556717942       34.091591153152599        2.163585716711445      142.359439327621800
      163.305189665798849       31.124486005961320       28.545833587314284       -5.383752347062925       96.645658189448923
     -147.703414339257677       40.296607011262878       20.736985641284928       -8.948343877895901      -12.212354746880266
      -53.058101558812510       33.040569879819266      167.684017822309556      -20.848504547510966       54.009813371266127
       11.753295383137464      -14.206110436487478       53.915788247089118       -8.909923130590389      -93.595303156249201
     -127.000175367903509      -24.965640301659249     -126.912825608766724       21.803944496588446      -26.098106054213101
      -50.368250111418924       66.104155559380871      184.098136116967680       11.339580421738287       63.090312201414001
     -113.911717113296035      -30.562228099898032      -48.238709120442763      -27.948558350379312      -56.739535359213342
       -9.180633912858964       -9.508872045101921     -202.257362238799459       55.188556495477336       49.919255889548566
      121.520455813571559      -36.675475742882220       62.287686346541435       -1.422780484008316      203.852640312214618
       60.088267725667926       29.572186054881374      -21.989604489738273        3.092388033485459     -195.433190879047487
      -35.681376565131082      -17.217872453835184       89.244863964966925      -62.153278385927379       32.599420924163503
      -95.897192729140201       88.858785221980028      -80.929157456562592      -25.976457865535441      -47.172953736579608
     -141.786864981375544       36.708721701088812       10.667409036843035      -22.476615621097128        4.491396962654002
       63.651543702502892     -106.551900635787206      -33.433392455339387       14.541759340948049       75.417754933378490
       55.939286819345121      -47.144347008162136      116.156894772226238      -23.952571644354997      -83.661563028764633
      135.301723314280679        6.397120189889430       95.739646153761015      -50.004223727237360       79.023278693246183
     -127.758654010954459       81.181796940973484      -75.005902766389653       24.157681931533343        4.677396195812472
     -102.761054725376241      -40.983904646993381      -55.849350710618559      -15.079336977321290      -86.319452197056179
        4.400167899275231       67.546432909475826      111.075654505115608      -61.966295443404782      119.847406855218992
        6.988250670032847       13.976186925942107     -133.668862895762373       65.999904060756890     -182.114547464084666
      -12.707190420616442       33.406398817089411       96.035064369975075      -29.063836222154208       64.330186642278136
      -39.401079509514709      -46.712703679072881       85.548012796112516      -31.463063460165834     -110.234729449041183
       63.275748269199333       34.266237317419900      -77.933907483825436        5.905369399157837      137.639769668887396
       -2.427274206725889      -76.382419383982807      -95.730319415616449       62.932268654213928      -60.728023159062431
      -82.974834052823866       32.886514764563273       36.229668323772756       27.440617702623165      -42.495340451463726
      102.970978075268903      -63.749525104916643     -178.611234390763286       50.924270459873156       72.136781997328711
      -30.644680707207815      -12.886987913602374      -12.160951510815762       24.358945398182769       47.095427747682933
       37.651987106051251      -44.872206385308807       64.566599927797554       -9.379982882002951       42.383224880429779
       52.455389090794377      -24.981475034770842      -98.994159981663159      -22.582194110109679      -52.247567020951010
     -118.525013615949760       70.658857837997957       20.636979478967362       -1.052875004701350       -3.662154954151178
       24.451774243681861      -32.532493456003479       84.839499303649475       22.191319472373703      -46.645870505859953
      -28.472776594607506       50.879268274705112      -20.005962659102657      -18.381722552221618        0.900314531233745
      187.240434858759670      -95.843028284168767       14.338765990991165       21.810601865098960        3.870825093854385
      -85.476177050712423       60.226811214683352      162.480644123325305       55.584174671758205      -48.959413837650992
      -35.665287938807936      -89.841631156989834       30.345097264787242      -18.170849184441643      -15.959928380872482
       93.380223469312412       35.653332900122550      -66.136882636072826      -16.829933274549042       23.441358530961200
       67.080470704436209      -72.873835776368651      -74.639653188846182        3.017394696733270      -39.926396191937272
      -95.269957085177040      -15.530986284109211       72.790028405626671      -40.151747227710807       67.734711969176828
       62.790755846544712      -17.659752249432341     -201.548179742899038       82.384021585828449       71.764708628439308
      -13.069979302135531       -8.483790967263701       79.455534786389975      -73.575743674657019      -99.948469988484121
       41.897301671045653       51.750399922340264        9.605178879102985      -26.695313367097516      -80.616180385196017
       69.934447907623806      -57.026713640907040       31.684202368268298       28.900643021722249        3.628066497088481
      -13.463298765897138       14.842462429717900      127.106830428862992       36.886847811565474       52.739479421175851
     -128.531108353403283       -1.574062827400846      -85.728804401424171       77.849686634994555      -13.831294781075023
       17.296602840819318      -46.192324879975828      -52.136147558546241      -12.278592608427042       77.728665941043445
       59.052335611494058       -3.475577520965732        2.769241913540301       -4.885405441303956       -8.981751535300203
      -45.105592058739980       75.645432365144117      -40.154294384554376       -9.718853378345973       16.808140673613426
       87.869753668748771       15.241560230311082      -81.381175854676712       -5.740496986486678       83.754191022008769
      -57.064738461875137      -21.892075888805724     -110.859463649864125       76.462987930329405       25.476218855627263
      -67.718476707715354      -10.904112569576405      -33.046845369432376       -3.955747393851033      -25.190220465501337
      199.284222856610342      -21.292711396854507       63.499536879349428      -18.133689562216226      -30.325522248898434
       22.761699780144994       33.162332938455123       74.534828404899415      -40.940930673307591      117.073127042922451
       16.955123593840355      -42.475178748946327      -41.438053104784544       21.064069739061608      -18.035245973208450
      -89.550170821980188      -60.229402080590248     -104.980506264330387      -65.250549013953176       -4.005732501301412
       46.159865409938369       19.975152260498582      161.950369134652846      -18.282853503400951      103.386814925935923
        1.607821109831368       -2.747917931949841      -10.523393405710783      -28.587338739561897      -39.311134232151673
       37.916947393632420       28.861419171486460       47.256398307942341      -23.825138726667895      128.800413925497679
        0.481386882062879      -10.710781018944431      -84.180087727556398      -10.113035821910033      -91.722726280436135
      -83.402083962451897      -54.248122044744179      126.583691697654231      -12.775767768144071       23.195703246373078
      -58.988254326508823      -10.899647423692450      -63.471907674912153       38.530764042007434      -31.441584883190338
      175.222982689241775       19.052832180014715      -49.298212942140786       32.950905352579639      128.265046637356136
     -168.122891781984805        1.063838293799737      -17.461981264936021      -52.717658055995216     -112.561030993829959
        9.602476414098160      -28.634463767129983      -23.272496151362809      -49.774243300896181      -19.986865868209794
      -67.928196368719611      129.267717837046348       -7.280055908288388       20.847329604388811      -37.333507142506981
       61.291818071155888        6.368086339002638       78.172318973638724      -23.148971486522385       78.699419918760938
        1.571487215016329       -1.448951854351089       -4.615883756479042       24.266770607452131       12.129176760193463
     -233.609490400905088       37.207206440887681       39.610168729589930      -25.180733117871231      -18.232632803310675
      102.303419269452192      -93.733865895919308      -60.032671847765862        2.663340353173520       -0.540189292004196
     -102.850291185274699       90.452074205999381      -35.666100868656088       11.992651024303058        2.675255643096733
       11.216957944124861      -11.481116544291991      -90.316826970017715       22.211261436253356      150.045843937586341
      131.717336590923622      -77.567936943188741      -99.436720483243903       12.047581403412650      -62.589111431428663
       -4.157434419383242      -38.016359657943738      132.421970207542444       -3.607466047890495        9.979451399568461
      -48.347101830838710        9.567175648285929      -91.246183428729353       -9.321632000072126       61.084257109262339
       46.265218271674989      -36.069366819959903       41.265658852096273        1.112577954327574      -59.324816931845263
      -81.682184027709866       30.236843853998622        0.047814282502405      -23.203768601576765      103.923898914490096
       84.332664852109346       -1.855811641799501      -14.645456401925351      -20.192201826810308      -34.358650202396454
       88.340172597916919      -11.867017921956243     -106.325497897456771       47.820392537396657       24.878643103835753
        9.531123023808203      -18.853561063985524      -37.664912634545665       68.943529184881115       23.591505829581269
       55.787553306785995      -24.238284047010225       29.714825515706035       68.941455742639377     -105.565589601611720
      -48.022420280521487      -48.648497790965834      -65.521439743597341       48.323549298522238       58.240192553177586
        2.976082954306177      -12.253420725743664        0.419399327968831      -42.671017843164194       58.851118018984749
       34.445829661083778      -37.252124321052328       48.246472819593428      -55.322962259000640      -68.425945788933859
       32.241420128257062        2.978133530417670      160.291419849637379      -40.217745449374902       77.493623921554402
        1.438452136324523        2.268914893555866       90.599980905750243       -0.128296999928976      -52.164443012623281
      -62.275999891215150      -17.305152541665024       47.789369432423449      -98.162476651419041       35.746073583999518
       78.536297208338709      -34.195490810533350      -27.665925112252935       -1.310367644087741      -28.061073996125625
      119.069578878813985      -12.361966557034423       57.345015236278307       -2.167000781770037     -138.099951117987814
     -172.051947341572401      -44.101048935920716      -79.156185571250447       58.893332380212485      125.967361022715153
      144.622609976745593       -0.030158012575600      -85.505548210024770       -8.733500193470785      -93.831906062735229
      -71.036429560763949       17.358268022943445      -81.591100357501759       48.745882330297313       38.120628951462862
       -3.997056712116909       78.526851510969550      -32.277585913847886       11.925002081273984       39.564912466629167
       46.413649853364724      -29.071922337513854      -71.387865814997653       29.430168176262121       36.767820047430028
      249.821057002195403      -37.361541017272316      -94.973013944956449       17.522237854292062        7.705813272888435
       -9.533468644647979       31.080068514889163      125.330794671568597       -1.123319527753866       62.888327576502014
      -68.841277314025490        7.372485140065613       55.491905300917274      -88.778974073538777       80.341565102147456
     -114.138488736717179       43.124892614268802     -112.238924162926551       31.006219890009245      -33.486195277212659
      146.018291659716681      -26.950557898669892      -31.539091408216642      -47.001551949647883       86.932274173949708
       16.556190773521124      -65.393342223482790      -37.728272489495005       61.959247639928790     -116.680766999037445
      -15.102311889911439        5.065082482359483       90.355300994577874      -21.472213365505443      -58.517701476006891
       44.616743498321085      -12.674837521878805     -215.042676198151469       89.587250546123769      115.877114945486568
      -71.780291400369464       31.658737904975094      -80.167286094265521      -41.261221560711853       90.863913380694470
      -32.930163139929093       19.949479031931514      -62.089487887045500       -4.527904647422051       82.222069711543199
     -113.463474653043392      -23.954177578232873       10.690140395538412       75.916580206417734      -53.636322189753848
      -76.852933185564453       39.153874126555728     -239.688762415200728       34.919950422047727       12.729096878510283
      174.761729736477918      -31.335237851435519       18.019021157211533      -16.283962407264390      -35.562984666327949
      -32.706670492309840       64.323787037421866      103.607652940023343      -48.735887911431881      -12.982392103567639
      -12.338061340851604       58.291141417908555      -69.776820161395676       42.117102003613958        9.318570039413078
       29.007795835105401      -12.816506032717202       91.821203347445234        1.137619100894721      -56.372810906614149
      189.054997196976217      -30.327305511640919     -163.711343602171723       23.522279873533357      -47.661840731209345
     -107.021354067481170        5.286442696774623       23.498693717107685       18.604531244291408       15.321517264877755
       62.903286877379657      -18.378914946302270      -30.750758780212514      -43.009128066467319      -29.335774304011611
       34.589038334916765      -15.344934954098314      -22.925778734505759       13.549185074213128       22.365005706096511
      -92.060507185516258        4.462067191979126      111.722222980034644      -26.701242599666397      149.673079309676154
       74.742368134468549      -19.254414979438053     -111.667873423060456       88.953354235012327      -25.709173545246934
     -146.182667466954484       39.407876339715571       49.493171917676463       36.073652728960326     -181.610965421535184
      -75.534529104823804       15.631980314165776       24.340690194910341      -16.719066544983164      -17.597260957936609
      115.003342558625619       34.634987119725643     -191.279603368658229       -2.665775230203486       77.706975235202648
     -171.521183692128204      -37.982628613299951     -123.016703775641275       30.788384977469686      -35.894069884316849
      -67.332073621725257       80.254234316549812       42.563385510462417       17.770165141319339       47.593398312824633
       36.056896371833886      -26.250715806863344       30.033094842802413       -4.723694410714825       33.764047864858007
     -161.169279687264691       55.928772092319079     -129.122355493755720       50.848330091265261       87.472869188152288
      111.018989880842483      -26.848228488991378      -95.583165538483726       45.519847908513768       26.380705149618258
       30.974519225788839       73.945112421827773      183.709404275921031       21.078862309261446       53.816198413260011
     -107.418968599011009       -6.420014424261860      -83.395748881185199       42.309369493331857      -92.869814374120622
       55.493315903081118       -8.831360684158103      -65.900015783530762      -24.351670897988672      -78.247374562284548
        3.978072083636566       24.015919615719238       94.921294479229857       13.144096688905094      -71.921861297561293
      139.769685517519491      -41.379302035347294      -77.676478228703061       -1.093392869364356      -88.737829146530885
      -39.360979673115104        9.703151411047132      -61.114733379162466       24.924975307261018       28.280054515947111
      -25.673983329390591       36.445408475733082       70.119779749436191      -36.415668453004237        3.752057329985689
       46.328400803218017       -9.142138731505151      -62.044678371217756       43.154790020421828       89.833012100879387
       12.994464839992760        3.938875548615209      -38.487841682816629      -12.228858310594951      -97.180966304399305
      -91.299057838421049       20.428783834774510      -51.048274505425326      -10.561153667208119      -15.789138844301233
      -23.550281505282804      -37.255134733456778       59.497233841379362       32.009167719802988     -100.509639882420473
      141.331088564137701       67.051493108907366      -80.955687072884331       15.892607721963588      -80.222908163393171
       34.981986447866888      -21.388471428636453       67.341263548087397       70.958246316239112      -56.170048326714948
       26.682644411722563       -2.627102727437975       94.840479667890762      -11.365901213932135      126.643754744331346
      -14.893580251375505      -14.446249671295247      -10.837506559099618       88.733471990092880      -56.739951760168481
       22.893761425347023      -24.493623132333269      -68.120552739601422      -10.243567820308748       66.866949186640596
       99.576962192965638      -38.714563486875001      144.353001421937080      -94.505039105501012      -17.766629048378526
      104.283390574465699      -60.409360040102122     -157.286880475302297       44.692911704242761      -29.152229477801562
     -215.826317980337137       19.301652101290767      -43.044163584929194      -83.923658481630156      -15.564678491994126
       15.174239697070796       51.541347201293362      -94.608918446631037       65.789684110464464       94.917290850692780
      -33.419252602507541       22.293257681726658      -28.524049408753744       30.435227722950170     -134.297382955536335
     -205.776680892888862       11.421982629899418      104.721806264680012      -18.786301403133873       72.591544159506356
       61.537447151055417        4.230691193746188       26.703047060140207      -29.975651594485733      -25.986005305006039
      -69.277390634535678      -30.366859695755640      -58.810157312902426      -38.097809670232152        1.357233282323714
        1.245221678163465       18.948007591799357       50.401367453901074      -21.461322656433488       52.234456629958814
      103.380666463703122       -4.730254380034338       51.348541386278541      -18.907030269819217        2.326407243467722
     -130.820628349718163       -0.817222840537225      -98.326450979568165       18.697393525380598       73.132164970234854
      116.133463311413621       51.244285343882837       -0.325668121011799       16.067154843346625     -119.555344661139216
       19.828975058634924       29.549137345438048      110.711201419722315       23.050414328669838       70.100140149125139
      -39.949505307344708       10.997069102667052       -0.806533878493413       29.622455351597004       -8.110218559735182
      -57.948552437112788       39.751743447888636     -137.499057423404935      -38.942438950738342       70.106830598543567
      121.699511793072332      -62.853328245183071      185.893631377979744       -9.489595079592664      -85.776415102031365
      -80.171442417728215       54.512925709145783       15.315850974665786      -43.348067199092419       81.965502162019206
       89.880782648187562      -29.272889154520179     -154.005045096594131       16.859955322835837       21.199305996955943
      -57.945208658492248      -33.440665263155132      139.316340613050301       -4.676290093980340      -63.931645322840247
      -94.723529611069466       36.455572085963709      120.726583527389650      -77.649149120450502      -52.458365787835412
      113.613568624666257       15.571626270598813       28.383228256475302       -2.275031497030016     -127.460332645816266
      -73.285128918991887      -33.800056339342540       26.478290533215191        9.877368965236174       54.596551620805762
       70.495400099962566      -24.313896409186299       62.402442418520394      -35.745031517191613      -33.371998340484218
       12.658124064168579      -27.500301017042695     -116.424405908238526       53.121037418146678      -15.359649767796798
       99.851602732592298      -33.827953622541493        3.959903611241019        2.522415867273664      -34.001992088586192
      -20.600747074741680       31.899979255564435       46.171376224483936      -73.316597204300479      232.556298636749148
       -2.705919522435886       20.269083288975398      -17.007407379947288       59.125584059982579       63.046938054122485
      -85.026013809053566       31.126472162079725      -31.640396414560918        3.463604768778251     -183.798090943315856
      162.761598375390946      -29.883712008465700      153.782517522229739       37.953833226394778      -25.558699185444148
     -122.705020038379772       32.806316261816470     -150.569285186265262       58.732807458054076      -25.582210032907970
       25.652610247661144       -5.723405841048623       72.380035049526114        1.054823434177184       80.631087712727265
      151.794894371558769      -35.398224069602456      133.893845954018360      -15.218646897169981       76.792555326850064
      -62.114393749762272        0.527679985836434       10.216149586702800        3.224907814249762      -90.762128356677110
      225.297291567403647      -77.425565480606181      -90.018375037395458      -29.591134767740989     -121.043237195758536
     -128.762108512981655      103.756608764905536     -143.342252183339156        6.289655716108092       16.205822180365281
     -105.921071256806911      -38.158045460768577      151.879623421926993      -16.686928880344379      -35.694933402224372
       83.732492551321670      -64.729778011167312        2.542803433403028      -91.314625203275185        3.592044644851037
      -97.679298927315514       31.805290250407349       45.592965800295239       25.424872077924960       71.496784889326207
      168.100678568661806      -28.174929123813357      -85.376445141304430       44.068700612815768      -38.136197587212131
      150.442928382750694      -47.666829443518694      -39.057307718216464       30.544187153571247      220.198839161058828
      -61.156383429072925       -9.709132228098778      164.995980953649422       24.922772308976413      -54.516052857427532
       -7.493180599536731      -33.215168202389620      102.422571682392217      -61.380110874524163      -72.419526422959365
     -118.732795190560296       50.141584385081217       83.572300590076267       35.093168109745463       22.269307802028681
       94.241840803025141      -15.608418643893732      -32.485961172589150       34.224974037693812      -78.048801026885286
      -88.272818139163590       22.898677467239139      126.781996434001570      -29.262607097356138     -166.295137605024621
      188.719067196393667      -11.048265533794602      -20.394928763255955        2.915656978335065      -13.053187947334735
      -97.713330870394458       28.339998064875026     -225.714434783618515      117.322822852131509     -102.199439634029630
      -81.717613633196066       26.041808752688809        9.697664145680120       47.563183287581474       75.707364643135747
      -35.900387344417680        8.799192421910707      -96.127854083441093        8.821338579074942       82.828053454373304
       90.511272817424498      -35.140152023437537      110.580671866471278     -134.359131439526493      -68.129477999256892
       62.230898445309442      -55.362747043946655       71.580416219287457        1.277102369954679      -12.669675711988690
        5.091447870816149      -65.497969715356476     -101.894021025781143      -72.880393720598775       93.544485393604035
      -49.496555613158698       99.662629996590326      -16.364615057079295        2.148054263545025       46.918467403310721
      119.934454817214643       -8.002411495849714      204.459974786933401      -93.413022952391657       66.284347966954940
      -75.012837748364262      -50.279179529862539     -142.835321846652107       42.435812103363084      -79.932807072370224
       47.583867813105734        2.959865720273070       10.488143873727129       44.749436642004930       -8.987342886897874
      -10.683706682119309       -3.154804705994791      -61.174952234240969        5.813177078411817       43.546903834444471
     -260.456775915433184       70.132945278608346      -50.666429176379012      -37.857979148249456       22.225785910997267
       -6.339663494432636      -24.703645260445818      -53.279187389322402        1.991975788857626      129.575721231530423
      122.072233656574326      -60.353157988231146      113.827692021896354       35.033946067100445       10.457939892552618
       34.681311745774465      -20.946086377470689      -70.551419135724146      -16.211989277309968      -50.085950701959781
      -12.209750062074779       28.976268170041294        8.178523454918283      110.289985980483635      -35.494384411752307
      -71.991972969631732      -29.770693929890442        0.739657431273335       -6.400554169923452       -8.421559686657215
        6.480924794254245       33.502461732013828       36.225574529168803       34.720413338363613     -145.315074447758406
       85.979681854408824      -30.580742846943746      -25.606128108486850       35.326235396083433      -61.252442930175903
       92.964187838886318      -87.890113612018965      114.916748592556019      -51.633270355350483       14.163831965653488
      -15.003894035228097       27.615369038911258       51.330798716484068       22.205579730845642      117.036714208498239
     -109.624302581888557       78.114450471005483      -53.958852103914758       11.336966941349964       -8.414333238517509
      129.331546660406985      -43.950602063467628       21.967206430012620       63.210595238123325       24.738451369182648
       39.457836980496772      -35.350727591945287       29.378880171795682      -69.056120667372909     -111.092981543369390
       14.977751470266838        2.688719248736402       -7.552108284587153       35.946935888116926       21.537917918965658
       79.294326794105231      -24.197800056937051      -52.774837238985313       33.634051623611491       -8.036128116968499
        8.240798612506929      -60.699882366659629      -33.076791829935893        7.826528247710940      -34.559932439646289
       18.321771835296481       37.485489515794512       53.324870916115628        2.102147857580248      -10.175255809166611
      -26.494402425697775      -15.584141584594962      104.528576829411818      -56.421763886809707       11.843325896695363
      101.308013342059851      -35.971894885971551     -109.105913344606918       32.120419077733729      128.829734715520885
      -54.747117293211410       10.937384748503492      -48.667440544036531       78.985437980758462      -13.411309550472335
       14.490796515069729       64.747519980353474      -15.681640699917272     -102.215230836878519       85.322146584204674
      -50.061197009277819      -28.881547697403263      -82.721142604899825       52.602280264288005       11.500085285440633
       55.088545620033813      -38.222423543114019        7.158708934711052       31.341338780169931      -85.081022928201648
      -39.551647617543935       19.688941443725373      136.457433697446191      -29.442151469798382      -39.509559132855543
       34.530628041743590       -2.931410636758545      -17.030661706113687       28.059101533321549      -75.350226119886898
       38.539303441776191      -12.782611985998869       61.263908406330927       13.765321463955745       80.580649519899708
     -104.511666842608037       40.202838448700206      -40.087189160188395      -72.886460339950901       34.073077058475334
      111.209238288582185      -42.589779124990834      -71.704818655162995        8.435374264708360       62.073374048805981
     -111.324137325724209       30.324704994375139      -15.645097992039334       16.162280407164708      -75.965152672484237
       42.493361406178302       15.723399757676910      127.816841882195206       34.970162928018873       -2.434565543758411
        7.192818830493170      -32.058293226732630      -44.930625035133730      -39.979101700313720      -10.614990599488513
      -33.037332912805759       -9.413855266926516       87.133055161565906        4.440121788063904     -125.904097035224211
      -40.739508664873618      -51.981359456974744     -129.609415881660340       38.905529725743577      -86.826627166108253
       46.529835676189407       28.596865924414814      -47.611031436024746        3.601299984741243     -118.404380437519009
      -25.773192041667745       19.163848424142166      116.284745252247433      -13.969060943066959      146.327954675876043
      119.816318469073153      -76.641605063014282     -226.059654545456652       18.100825353841280     -132.962497847002226
      105.667292060506441      -28.200126226747233       -5.326357470332947       32.480706982322936      112.246182119017490
       76.125762958112929      -44.942685954255005       -0.998741927186821       17.155030020583865      -16.526186092296161
      -42.594783591695240      -18.588992866229813      -30.779642771564060        8.123423634129230       -2.729375508828077
      -41.211688819499471        1.964668444951430       27.037276034294091      -13.977735936145702     -150.391348229402382
     -192.122019457145427       46.060704119514675      217.616171631734147      -62.051349700196930      -12.749056309039920
      -34.466330497392661      -14.317628213822539      -45.662248877329993        4.684128177083347       36.832664339808950
       45.148960768287687        4.067690333249714     -109.665123586530157       81.872308274144530       38.739632563675968
      -76.903899174164323       67.684914684499631       70.941885084489400     -121.235515659145278        6.956901729230244
       -0.894303089436221      -57.343174999519405      -54.010149146180339       75.246862079177347       71.137643481696898
       77.231502597337467      -80.166466001459099       18.136114851459496       -6.545742906724173       81.322819822411972
       13.481950210457534       -8.069501311278495       -5.866655880864775       14.946586233793916       42.630162676350231
        3.937961787273367        7.979100097947132       32.194399177950686      -96.973912297076012     -171.210423153136986
       -5.804054889956743       32.157667876181193       71.529347258943332       36.412807049815918       -7.897828278306498
       77.305514873613276      -26.517900272314549       70.091050807539716       11.488589745597674       -6.697818648639436
     -131.601700711846718       25.803379947967649     -109.730157979179182       14.060267506257301       97.148500726635930
      -25.316739679370883        3.039986454852883       19.196576238251122      -11.736169848154809      -31.241242628412987
       98.358872984703993      -46.716960892288654     -128.013257606061472      -30.467798411480334       19.375722166959402
     -218.094654140650590       28.287815885073613      199.426968191328655      -49.090421685947611      -56.867821451131817
      -15.199273326581173       -5.123280642562307      114.573582516261254      -19.191036471163542       66.646622576952538
      -31.076493182755033        0.507599346138657       20.012550830374433      -43.493250985860840      -86.777415086923213
        6.608053446652677      -32.548804318908211     -170.979390444007720       43.290035976912428       99.183075243056990
       92.116057143473839     -110.930874572846534      -95.058988557278653        1.774100615144501      -33.472801295771689
       35.440264027631976      -30.298518841035396      -25.944029488269550       11.328253144542099       22.662540586137553
      -83.736492648226388      -53.825182124165231       87.638987919538550       -3.504075858354766      -76.581738927697501
      -38.637787930067894       27.466940567874065       16.983359395451618      -16.815772571438121       48.414194381482254
       80.599476037217698      -40.769520507694011        3.165771501380594       14.224297324612820       24.109297298854166
      -72.232660551102782      -45.925180606415523       66.137335575219680      -52.652303039917697     -150.510147551768767
      -88.073209481561108       54.408987620533146      -83.392152943010089      -31.817712871389180      171.103511855611032
        7.788281583407398       52.737916771214373      148.859278540599746      -62.129266989051608      -45.283850383575796
       92.426490844597623       19.121443847063031      -23.934094914981785        8.521221505062124        5.999200411269438
     -149.838989043776451        8.881010468186158       23.911090478259482      -23.287595884421940      -44.911754207976138
       -1.630301915523490       59.900370020387818      -28.210759841753795        6.225892824361487       23.232342759154125
     -144.069376834878284       35.544659354363276      -12.131608984501012      -35.744446104384508      -25.105178459420493
      -40.556557482416913       43.510811157600635       83.358161060363543       -5.526985240549896     -103.783399716714442
       69.948557021579234       41.535775499954930       85.267889010012397       -5.926689028952938       -2.306143720908266
       49.697513472991403        5.074938997841921     -109.366591250089229       44.709543315664796      112.786106543050067
     -106.171221839198878       86.996100790096364       67.863127758098855       19.597056910645627       88.918387410915201
       68.805248760620898       34.858683074317590     -112.179916800960854       63.158160358805809      -84.515378755044921
     -121.702287188359193      -43.380341462004850      -26.191192286811312       77.338548739739466       13.278389297723418
        8.233912874108956       36.294520745935955      -81.980324871108536      -28.513253317784272       92.184484077897309
     -107.172062486633607       54.601467161948428      -48.311965550845734       85.774788497457507     -112.355635101179359
       93.220673763010581      -22.545969435589949       62.311407336220000      -49.377884966050054     -132.740013903225758
      104.525321555180000      -73.344318487397317       67.053756815315211       24.817858202453579        8.818766525051107
      -57.395672591675357      -49.032312415539963      125.420503781961557      -43.460633255100888      -59.844015581704085
     -149.779733786999145      -11.977908538782184       23.064358351980250       13.271382743126777      118.765904486182748
      143.751056197954540      -80.444836134274979        8.023602219808184       11.409605709902578      123.849600865895738
      -82.493134122990313       38.889169273157052       67.461052053207069       12.043002092292069     -103.616886513250023
      -43.890118621291606      -60.513260788536776       -3.516764563091691      -35.213076069721737       53.893563126832220
       63.782948990020060       18.977520990206539      -12.320980888289146      -13.305274644451163     -180.139683847349687
       62.293822637146675      -41.836625740266818       42.408546773775115      -51.384892082757879      -13.637290033697147
       15.721872359409884      -67.857315117822154        4.183099572481484      -27.998314445730276      -79.998554754195922
      -87.678816110585529       88.171144658675928      122.289763125305853      -44.702563070618730      -59.548383551796483
       69.575150647797372      -58.952523288585873       28.166800978183293       -7.960480483169928       -2.113678239193395
       71.654878647789076      -43.354850658628493     -135.780156382046385       78.765011195991335       57.423206918066306
      -37.928868684817090       -7.915801061864178      -80.416757924606600       45.118220700930024      -94.826929556624862
       -3.872734819604978        1.269965489245625       96.871780599337853        9.632582864583046      -41.353484795455401
      -28.339509844710467       -0.691184246774567     -122.803209374563821       32.231946708972188      -16.242242397401547
      -90.985323299626216      -31.383245987461642      -35.746719253792847        7.316631285611463      -12.775167439572018
      130.828332774573198      -46.765475511767448        5.115244425840573      -11.740279052831450      -18.952412654920092
       16.972505831141646       43.104602402841230       76.980496653220584       28.130620387486776       53.885311362541394
     -106.234553518181528       15.753598508788130     -121.688104962638377       38.359112084263025       -7.360525618197692
      -49.578396368919307        3.165488097507708       38.598687259910172       15.234297941027968        8.757234832044299
      -91.285886486479768       46.778400411658318       19.955664423313813      -10.158134106729838       94.593083580199959
      -29.232427016422022      -33.340028827551606       45.099598719660420      -26.136827047110767        3.358872791082916
      -10.672555599385412      -36.973353924902419      -34.038202589558736       -8.229595688278026     -131.325438239415121
       94.578637668915675      -25.320631059186116      199.188242856306488      -13.420934201963023      -98.038953865230837
      -25.471142581260121       -0.744717953345810      -99.185368415940175      -41.114844294024756      -44.931553758837680
      137.309376769063931      -11.046450380527558      -64.794220411595802        5.595229661436912      -77.965801861377599
      -27.188226554176961       10.873154646991832      207.574958245554029      -49.349436040801329      -41.408709333940813
       67.809777053875621      -76.597570955100082       97.963093771763212      -41.018124993790245      -23.969183213025968
       93.085799205791517      -13.770866276040207      -31.881995467691763       69.879084918514607       -6.309541351549192
      -25.284659144742701      -25.234278262868369      -41.032955223906228       12.701541686145076      -79.655236517344605
      -33.491694129019521        3.380842031904878     -124.035928915031747       46.556936127414801       12.211933471400092
     -189.827609838852709       -0.920459575171419      -59.350462976518465       -3.647613959070368        9.052168973337981
      -35.449053743531394       22.752008320074477       57.116219431957852       54.573753867510462      -82.003305646491214
       28.051087070943293       79.289277125981684      128.570407249986232      -20.039807662222689      -91.825751016594737
       46.710650339392913        6.432393534057351      -84.737856118449614       37.196436832347658      -51.613757221210399
       -6.401764141691838       -1.767025703404514      -51.641272714938950       27.257771318603172      -58.056822395993322
      -91.289916468225229       14.960056353347110     -177.411215555032896       38.842970155219035      132.011942739657172
      -86.210217825051927       77.643562420297641      150.892147055341326      -50.567714213518393      -98.360773523416142
      120.454560389320179      -89.433864145128908       11.325378301984463      -24.292364070671471      120.675333442156045
      172.540395143960410      -35.818204184800543       16.353962884052098        4.205598871800698      -83.464317009329591
     -126.097107814318861       12.143700799541445       10.077857032444618       38.533079599450303      -42.738745082400669
      -37.141325243970243        7.171109578994189      172.548759627847318      -75.811971537563807      -80.909584108390874
       31.648185072599997      -43.817720134278275     -123.403223354077497      -83.230311796031430      -19.258932224586051
      -24.759960364858252        0.432639332610320       48.334798607789402       -3.975664923819183       81.314897437927883
      147.525199399321508      -17.823993908252369      141.630895156628185       -6.719083041521683       90.676968870376641
     -160.344539866459797       38.321302438322348      -93.573107513413021       39.915665128995165      -80.875634374440935
       53.647142454311123       18.033462580937801      -97.767495549672986       55.437646583799612        3.925278609286291
      -74.380959994714217       37.673245927085162     -100.286244316197411       48.167321144880795      -42.890533314437953
       35.818205094779188       42.928169024183624       -9.654210156169059       56.748700490537416       14.213807341355587
      159.179277778949199      -14.346603094751021       49.739784486222867      -22.494880456169437      -41.098290605758869
       76.503376872389850      -55.083538824602648     -112.792233629902213      -38.614350033963710        9.078970714925189
      176.006217983826105      -83.440799022357695      -51.734757008274961       80.492797089703060       55.852630943542692
        7.535468933688489      -11.848424105264991       63.729640371095627      -74.796109555229137       14.842972348028246
      -44.662780389704388       14.350146494237890       -1.804118589505957       83.986563967473543      -46.814183457986076
       -7.285392808279120      -34.697012477777548       20.507745478828678      -41.046642192357112       41.710328934423814
      -46.974264708114568       20.667457552434293       -2.816685297102243       10.904573766818091      -60.012189998080018
       75.801671497276530       12.576201408871110      -69.124600930114454       67.402557395574377     -114.562301140990584
      -81.571733601834666       53.133256362810329      107.533557766117738      -26.615054954874534       10.953857045891004
      145.932731297823864      -21.935303354845640      -16.081142332706285       16.368992960436980       70.656598712444605
      -21.246212676320351        5.330632598982490       22.678784168066109      -42.524277410451077      -84.671824155538431
       67.601271134502554      -27.756043860588541        0.294486295182304       -6.400628809249266      136.884691574614521
      -30.986553455178139       28.485462557274850      -14.320368794744310       26.934795003920538      -30.585765579916103
     -127.530321755973034      103.058503630629232      -42.313081065112513      -35.687356618942346       23.078274385840960
     -144.361903731594055       51.310608905940754       33.347778536704617       51.612552996985762     -133.691765481864735
      156.740637174589608        4.812643840573107       -7.760897664660215        8.066765421397381      -77.139250217734173
       -2.238439369083699      -38.072056633321502      -29.189483720742366       55.831690913776264       35.738923876717685
      -61.958371631291463      -10.299846907575004       42.247284689833371        7.482161965263201     -120.839956963960290
      148.577060201658355      -91.276097097344945      -65.813233231277749       35.253755778384246       10.978757411017272
      -17.148138813047602        1.180327775782276      -72.295137856101903       19.881772145106456        1.566407030988574
      -11.205205136186473      -50.660234852707454      -37.340694370953791       82.329635964908334      -44.196774459560437
      -41.164508338032753      -30.930928346182107       69.990183743714923      -41.206035927447743       -7.292658007633312
     -117.004852656630376       18.102135582115938       38.842643525494957      -25.524425602463534      114.387304638275623
      167.169177510282992      -28.285139741838918      -41.757160594937943       15.024917434919278      -98.297635232166314
      130.396538774562146      -36.281855501276226      -46.478001483284054       -0.208912688339703       78.771219325608513
      -72.606478637012913       49.995447572439510      -68.260392931359348       95.559081168875622      -50.037109478699129
      -76.103505523972643       -5.238438076057981      122.085371525507071      -87.965222345156221       -0.013070657537315
       21.399211619267827       44.084839233606722      -20.831290038312005      -26.204340474972302       88.291796185963520
      170.184036530038327      -23.071350422587177       47.573879360800888      -19.357127998542754       42.224006648060552
      -39.740433508353362      -55.845259755983314      -26.245503273269893      -15.704858575683946        7.156415460422147
        6.244277938208938       61.907832793785708       70.743730614887525      -55.764224497428991       89.856505056063753
      -81.888926800763343      -47.782641592767568       74.036818002913279       13.844317947858698      -27.177816631262456
      -41.157108853124306       -8.343155955390085      -41.053476658358370       12.368306312170155      -23.710229219961825
     -116.061638867060452       57.765406534552014      -31.885094541387975        2.179055728542417      -75.499473916466570
      209.049126503642555     -101.750524137413336      -62.175239810423996      -20.468256371610174      104.218965724345551
        9.555487350234991        6.226922992953789     -115.392506444499304      -32.298231616441782       -0.090720758274000
       35.292537080442592       19.124324978821111      -77.656996844474321       23.228965311078593        9.751441717009643
       99.007472423184623       39.444157851653564      114.447593449123346      -41.719013562365845      -48.312046744925624
       19.205403361079142       -1.168483763742167      -22.370098644781688       12.224776298889557     -103.256956854907656
      -41.629754651348641       -7.496360206610925      -47.832198112937178       61.507148363423340       21.708414619140648
      -68.193572611450847      -20.624713722871132       24.627122330882671        1.505707786838233       20.599623274650259
       26.891663157695277       46.851944372185073       -6.668349621570584        7.018411816098668      187.165970376339686
       75.895124850030044      -76.700594520066517      101.930948189115838      -44.008240341753051      -74.501656288912756
      -81.533555855107224       43.888208795891167      -85.030945353228716      -42.902579851235139     -197.158020895258005
       95.121650065270146      -21.390000225515806      -40.797528775708962      -29.881165158169249      177.855590710546323
       74.152934874989157      -48.915555064390681       -9.571967087755036       87.360802518979980      -48.960876556798098
     -120.978954761881027       29.076441495028675      -96.179472788020220       60.177475209701406       58.622286567778914
       18.445024864986401       25.075145258015844       -4.449991821032686       28.079876626073599      -55.732117170191245
        2.578183143529447       16.379639908620799      -88.037345079728240      -49.035673285122947        0.174910075597649
      190.699130505114908     -102.759853374030314       56.961441696739406       17.423634669969442      -21.929231512512686
       -6.765357986142616       45.185576275230147      -30.926907943032372       12.145247290936313      -51.965267337373511
      -28.549105350296514      -68.394906587138365      -96.353282433037350       25.656757734208075      -23.047855242843514
      -87.921089533733024       34.530059300609906       -5.191302010961690      -54.282204624993675      153.283686507230556
       26.817841345305759      -13.815355770846571       59.336167083453020      -24.325457036793150      -67.636926779643133
       46.140740511941054       -8.556943190165168      -13.054919488830782        9.376345744483457     -143.949253267759616
      -11.301061002852419        8.508252693039257      176.999002684062418       -0.884621466458758     -130.536207877114350
       -2.387643422818935      -77.953714960645627       36.901482617037516      -13.977708396585658      156.732998632665982
       95.479779589610658       19.839931321651964       -8.651688274891761      -20.446419637495818     -161.873365711896497
       13.819125014801648        1.622096903836151      -38.355430242501917        6.520634541103914       36.742887175320938
      170.508956137157242      -73.092704214972187       -5.227193766111999       51.213713123309098       94.527753658688155
     -107.007805660794176       71.174116217603938      110.512046421726225      -40.793130217797327      -96.072967161419086
      -60.190002645687102        2.667141701190802       88.315919486934376       -0.529938463828170       49.031772189675173
      109.860955801689428      -40.570660097099328     -159.981091556357057        3.869922945004447      -26.931092391153317
      143.640312695552154      -54.114417386599889       96.214913271272678      -59.313944816047091       47.073053738022551
     -147.564662230166675       -5.522003301414542       39.712063884058459       11.539860151061273     -110.603770811403891
       45.654029500531351      -16.294439944770740       22.199965700311143      -12.566638551630170       38.843486796437460
       65.088042662119406      -14.529739397938224       -3.617474877178224       42.231335154167503     -105.940202009931340
     -201.293183394949040       35.070041983953068     -187.332807262850878       25.454491712545412       63.839606433387722
      131.600938487246680      -36.992367322051990       85.226891457920217       21.324703834999401       60.961429678134387
      -25.610156741708842      -20.720859282235196        1.109548641951981        3.594754939438339       24.498671990027621
       89.418131080307802        6.797357515938715      -11.784965202255689      -19.200536486197272      -89.954043833049013
      180.312745285333108     -103.515993353048728      178.093690133801005        7.092142681272869     -112.626573321429873
      -29.529029480450646       54.203775780602072      -15.478344401668018       52.617491644962868      125.888253894939027
      -41.352156991397642       21.648696361911842        4.824020059219397      -35.984422865705540       29.881399795737480
     -207.699537192757361       41.350531542019432      -56.589756277571865      -50.970154432890368       96.773768284769304
      -54.254633546250311       -8.502918828006401      -22.423647258210103        5.152725463904071       -9.044604688227901
       22.302614838767145       10.769837034444285      145.193313201783525      -33.424120725130877      106.672739920996875
     -134.292892255389688       23.131241544496959      111.232609238464917      -42.283570569033152      -67.472499316866362
      185.475983281208499      -21.196638251430048      -11.696630760333854       24.645251987669106       60.630166031908011
       20.076482028493789       23.566478716084855       52.558735758525614      -34.151904012358585        8.216171880744053
       -9.728828467125396      -49.840911566585078       19.730879092980778      -14.873800857945229      113.163044430635765
     -147.386542389093137       82.569392161268993      -73.117153117153919      -44.146616736027326     -145.421880207787410
      -77.267296035267520       46.857815288959642       29.076696450998956      -96.766066817281171       89.395414754820337
       -8.780330489985749      -30.140665885878178       -4.842436146769544       26.959202414389999       58.316708034204389
       87.222136497308199      -26.391820631061815       97.632162148813407      -37.180271002347190      -14.909348458903990
       -4.596743142236167      -23.314075458732415       80.991726746383449      -23.190692290331018      128.616447885602355
      -14.513487400157944      -82.515955338855065        7.907312522223936      -11.997293841431643     -102.775649347749976
       65.156330397513059       30.805578207718863      127.616128115894639      -63.010561609433630       33.682399434454638
      107.213755151165472      -36.837284323592193        8.010465244385900       18.729706637279278     -202.378478389261460
      -11.885395824515399       91.232198895141593       -9.724630731671942       21.613600066725027       74.841247762636129
        0.798755302038849      -49.026709609568954      -55.117142575270655       13.124562860889711      -28.624980138089715
       59.987342759499533        8.272652546190118       70.336170023332940      103.074748785976951      123.296360770472702
       26.978787810265167      -32.598446282442431      -88.620087143892306       27.361917162921792     -137.782832719562521
      -15.053863259675596       15.252329266124875       97.202810491938067      -35.287663216298988        3.157641236737230
       79.991502439784114       54.944038379838304      -22.222540043536821      -36.539293765137252       60.445781448350630
      -61.259963285047228        1.757541938125328       59.439523946594271      -25.893706576105707        9.461478064608372
      174.841672952290537      -18.461268245493841      -42.734147341685564      -52.898085213230381       39.272145709670767
       -5.259921173220502       -0.113024015419281      114.405081895791952       21.948685828961281       71.981685825463671
       36.679063795239578      -42.369048892440269      -17.290088668893709      -35.973743245539502        2.018391255213738
      -79.573938725591503      -32.827580359408422       72.034444580439754      -27.634430814031795      -47.080362125100379
      -49.904830980857469       51.810481102271027      262.562157341444390     -105.768513866829394     -123.948916105610763
       54.162842768582678      -48.161797536222856     -146.039848410669066      -29.185122593300985      125.806453934243763
      -81.398062159420377      -63.556319998547053       87.363101476960637      -20.619185524976324      122.278968549117067
      136.124854685230872      -24.239748385232854       10.661279049467618        9.823709327415504     -177.724269211518049
       64.696626163804126       17.165744542236485       15.199303528893752       -2.388361558580939        7.988309414500725
        2.111371763063208      -13.012699340656697      100.050419787139390      -23.575808587402211      -67.846573208953245
      -34.725264394071452      -17.365293034566658      102.727591370020647      -51.888059075315034       56.983419404356212
      238.113565795828066      -13.349022147036225      -42.563742288510724       55.245654146687151      -94.423360710941850
     -168.603163987692739      -46.827994953154814       -3.518626232145934       -6.820621720731873       35.065422593147332
      -67.322647883891676       69.084944466202487       82.942831693569858       20.704854525537105       13.448082149039619
       97.752915221117149       -4.204807522267806      180.125422157281577      -78.019965675222068       87.658845931855282
     -114.553775412538158      -15.047421220747006       95.572192392630498      -41.586825116491184      -66.272851129389849
       82.982954515903117      -15.540373627295967      -25.975690967758194       12.938663988716915     -163.705292109286404
      -49.667253508790232      -55.294408029650825       75.692245508189501      -52.188845866504657       66.037968578762815
      -45.853736785997668      -18.591662030064594       69.070712336506688       37.052873763192189        3.609569691383021
       17.899495312658129        2.070784487833046      -42.147892194713229      -23.944705938169434       44.061574293670425
      161.642019128107023      -27.278257579148949       65.634054663415540      -68.418058677927803       91.876344306348514
      -61.739906609411904       13.169693840723079     -112.223023381307982      -24.096912924786650      -66.451391261470661
      -56.199543518860338        8.098287209810220      -98.880475438685338       73.543375069138847      129.658941669961479
       27.875772949775882       49.533158639083112       35.683248105211163       -4.572996832014707      -38.705229738203023
       45.013475585658412      -37.698040959244615        1.999382029147692      -21.742843192669639       25.769594164803689
       33.847062598633713        7.625999071598216     -125.781626719990285       75.845869908033848      -30.953540608904458
     -169.443139311695631      -42.751165666097982       28.981781778832730      -47.529490809464271      -15.280475857836418
      132.919143778843790       -1.420663216678147      133.411434250525815      -65.980584576818060      -14.552038244079771
       17.944798756274711       53.172995832782348      -64.054851866077314      -41.858601804073714       80.221927984452350
      -29.493385739766101        9.874596965417600       12.297965944542510      -33.752734369694515      -37.106769368396940
       -5.967399671959737      -47.170539248053622      -18.163808577319134       -3.020521896225560      -29.281948163964643
        7.481002244437917      -41.326804870326157       86.084578172455409        9.894588975457506     -129.935951906144112
      -12.694652678349742       19.417877415551366      -63.398951145320225       35.487170300092259      -29.704335102813225
       27.345906389814200       21.804875800646037      -96.836824005982933      -30.524635367559767       71.672345593037818
       21.258568773838288      -16.516533197320832       83.532999788677316       58.426135027558445      -30.503323480977350
       -4.356969473196014       23.087818721768002     -128.455799624591720       50.497482334716409      -75.663241867959883
       30.121946504221157      -61.728872418604070       89.066700008303911      -31.472430266656669      -69.600103249766818
      -47.183111068109632      -36.090929877731149       -5.954422055235247      -13.876000848033925       13.811296843120804
       -6.294751079402020      -44.312123764784310      158.777039520346875      -33.829640698935144      105.338359916567029
      103.779408092390184       34.469793554160951     -183.333004491283731       43.874742354018686     -219.085186815026105
       -6.788872553253256       10.826490532216575      125.344923204249028      -20.583626108676437       -9.233123212148810
       -7.433150075018201       18.303744366886534      126.658839254001137      -69.686919173106332       91.493469896189310
      -22.323563401580557       -3.783300091179923       77.679571575895721      -24.677797851390658     -141.256548244034292
       67.487304279437438      -43.161510970437597       -2.796727375106874       35.736701558062592      203.651689434054759
      -62.607848697157642      -23.140837613000301       92.467226234474808      -59.043196949116940     -154.744608406736404
       25.084822911123361       32.788043813936426       54.014758092615651       -1.818406495078036       91.893600031553959
       65.089828219458681     -101.512085335675451     -146.788032065042614     -101.636848664244255     -267.716682714640342
     -109.756246525933619      112.981822706853634       89.086571926576440       74.430013265046469      167.030083751234798
      118.055883305179250      -40.441653281388149      -87.427642281296855       61.174650061071958      -11.236365248452795
       31.793813712674844       28.597452405015662      -23.039023618148391      -19.569830583774440       50.151792227839813
      -40.120164353600750       -0.050503465282424       88.421432202379535       -2.996314548201338      -93.990766410331545
       56.399874605349730        4.152294606939883        0.674122497229793       20.771849859402227        2.385718896451871
     -191.343958422388511       82.091468189067939     -104.368636547888414       18.684913762887902        5.476583422985299
       -5.520959867421629       36.232064207452837       28.125226429844457        9.781682580632554     -147.814567744587208
      -62.192646057671880        5.660872829213972      -11.382990012661137       69.774240238359226      171.024113348519819
      -11.286873001968198       64.375506045761583      -46.220447068445260        8.094038466710808     -147.921969511512572
      -67.416855534344990      -37.974573076472410      151.120078848766184      -71.244321952065107      -95.123618247549402
      -51.871161226751838       58.647609501170919      -86.327706469342118       12.430556518513107      182.350036856975976
        3.741640764922596       91.675750012200623      -19.267714166887057       29.208098826250684     -174.347851345600134
       54.606192960684986      -28.503293897457052        2.160593204229200       29.206069315181569      133.712109948204130
      -73.405172025040358       52.231578626277816     -141.681286923983180       58.570177240198120       96.892696111626918
       35.177705892864040      -62.768237307108009      -35.293067582791558       28.069694601706509      -60.925333574963922
      145.013159389383162       67.042116697365188     -190.637908270839006       19.337931891484299       47.171428036901538
     -209.411236523125865      -10.301794829550394       60.923581248514189      -47.120859249704090      -13.113839608405577
      174.883502592516010      -59.783448944119797       14.392228505442800       25.654220282916725      -13.163981227610151
     -186.458864615071036        2.698971988989894       36.209797232201360      -17.473402126879762      -11.029045032445220
       57.424789164323805        6.713077935233804     -171.820838972415373      126.208333375424360      -91.045479642983210
      -74.964617958359597       34.574267930825300       81.845786255496478      -20.823138148272811      151.646512480680627
       45.240732263555365      -22.890607845100444       -9.788899070909252      -50.461236185146106        7.502120458813232
       66.675106206748012        2.793968764741427      -91.627695647865337       43.104659527677754      -16.924139362596577
       -9.761099788659575      -37.143077565562514      141.031103173651474       -1.216485424706460       79.278645301765209
       75.683811444739732      -25.112132585151709      -87.170244076043090       31.109494620421806      142.811865271292731
       29.837826640779312        9.435391683427781      101.708935835867521      -56.755007268255383      -49.954999269268576
      -94.660620801003063       32.019430400813327      105.878565902534916      -52.951089073568781      -56.804418094890615
       71.849805101938117      -30.919469942923982      -29.763128565644056      -14.168194132523967       87.393809114876404
      -67.427534012272318       41.421795236753347      -73.789807544539400      -25.376609285752298      -38.260222984708989
       31.686940916808854      -36.496342635696990      -29.452142726126905       36.858297317595166       37.678315051350076
       25.494779252938066      -60.094352248958160      -44.811070915598030      -26.283887945171717       51.199109044693245
       46.937636788689858       53.601505603639460       61.228907787791236      -34.614102432285534      -54.242117079881780
      -13.506513204903197       86.411368264705771       74.895843934165555      -17.536859236869113      -68.819878306472631
      -29.701315409301447       60.884252309249561       64.121982530643749      -20.108505815192316       23.396683666222664
      147.537452637103939      -68.205285186483636     -193.862936535068172       34.160324340906520       -5.553997960887750
     -137.757179203193317       48.223662327763293      138.302597139490985      -54.087973352716872      -51.153960862635685
      109.601699770284540      -82.578083307502212      135.253576284603781      -23.766135092210117      131.774441760672431
     -173.187468072911116        0.967243717297741       38.215083789074242        5.866949515142584      -98.281111322919401
      126.500715085559690        4.672356191892679     -106.224641424846055       83.121479090080754      -20.584616136901499
     -212.218867449764986        0.022385027455836     -101.795708990427471       58.388133543770316       64.456609654562072
      -56.709350156389618       47.577290227583056        1.661993300754710      -39.709797408585139       11.736628438534110
      133.535387386256616      -10.640987348656354      124.829046578858396       23.697586463263317        3.274748554188036
      -57.164349514980067       28.263670727568620      -36.429499448233862      -32.666823831998130      -79.099144867878366
      156.116935439783674      -34.866469782662428       30.480271407038238       31.218605790227155       11.242439879115905
      -20.745191297343652      -26.983355023001199      -20.713349180283021       11.734395794124548      -42.531786485926041
      -23.656536279254631      -22.323908336999953      -31.451787563564640        3.410546795270477       45.321133819929848
      -14.573408147835545       -5.650262727695750      -48.289080973061274       -8.838875440361400      -72.141516538287249
      152.342127418917556      -69.361939982780896      -30.986004441528966       70.571548838740767      -90.413286065678591
       69.832096200173112       52.116640443051331      154.819349280497477      -13.671137216985992        5.465194251887522
      -30.701205577385732      -13.531198119186381     -116.905482121137254      -15.947531259902227      181.880072279898712
      145.056968313970060      -46.589792027139829     -143.023326916148392       80.867585510057935     -111.939938521274087
     -174.266156446885731      -19.909432062097405     -119.076274204517460      -34.993910073377165        2.157240544284735
       24.284502797832495       14.098636553123155       65.575957249646834       30.879613530487212     -112.352721306882472
       -6.492769600690765       32.468714135488838      -13.493139833215382      101.814097470900478      -84.857240658972614
      -79.578339333620491       47.740385972103354      -74.238331125321508       14.973653689352462       89.119994226458104
      167.444125421039757       -6.013301191792188        1.652221922324399     -114.121868086603030      -45.892659764303239
     -198.810004129469291       26.750243480107375       38.931359566243039      -12.848944795927935      -91.328592371215535
      -12.679158458778931       -5.220107178276592       30.371020677854077       27.052262137632443      118.267710626589235
      -50.943458177833207       47.581953383108122     -122.146039790615362       46.475209154136529      -16.565039661909925
       17.741574605716242      -38.593390979205552       56.029008912967313       -0.542935629292838       22.323360820844048
       99.208408035317191      -34.401951914400549      -73.171170717783610        1.245658992860885     -116.676068614524326
      -19.421160084531650      -17.653257617190881      -92.189445992051290       47.422371035469475      182.176758823152880
      -63.672616515183705       18.455578816755562       12.516981923222785      -71.155414503436120       -1.935884293205288
       62.510004927196874      -31.002116851158068      -71.123458757753397       29.674566018832625       48.302881040841015
        9.507914540415829       44.093297089909626     -105.416516785484845       81.604814572161189      -45.543733272615547
       -1.072327832101919       -7.923482313802412      152.688552355629042      -28.628662243855157       -0.437376423440572
      100.142452564244152      -25.238805507068957     -149.200809652402768       -7.508331455094607      -42.306711866146287
      -68.255611892837138      -49.069752522882567       92.038219375571757      -32.919270816204431      167.322208216614513
     -149.031311161351454       13.490778958475486       22.444323635367546       -3.846865584447259      -10.061538497483584
       99.364208602349180       10.575330040250089      -26.335845346429796        8.371134253668185      -77.858581838964625
     -105.289825319162958      -46.292312129888813      -57.145526583555572       45.844647270644160       67.430262759319717
      -54.917450111113716       -1.828707082417167      165.985899791878580      -88.615842871657080       82.081238343640763
      103.273399615307866      -42.913351189990131      -32.278728514645110       35.696167338578825       44.825165628359692
      -89.266974319886401       68.359817355599702       17.319369446256726       -0.973016095342914      -18.035250593622163
     -109.866733339077953       80.703142770099930     -172.311020084686987       12.619535297402960       19.441859235153991
       10.849513749745443       49.222421821471357      -45.037260721766010       79.759038125990472      -93.133420243489155
       16.156977320735052      -13.409282104653142      -46.582970706505783       26.362548194613488       82.632034952944608
      -34.417287792431367      -27.949687757872706      -54.743745855377654      -20.307327429056720      -98.845014499258014
       19.050520681768958       10.151858184003068       -9.245445686211799      -17.330091256275100      156.160065277452503
      -56.551009468476103        5.351937876349616       48.875125640516352      -39.980677140284932       -6.290402117454728
      177.237219683958074      -81.520685726975714      -54.509269311466866      -22.845689242104225       37.268535987764942
       70.796671679684380      -34.527404295351204       94.104096230177745        6.921190250008141      -64.050475331179626
     -105.642185257320875       50.954142581975695     -111.749778233972819       41.198769602130177      -29.626532423514842
      -19.435611709093976        7.622808331816326     -107.771270666853681      -60.255735032120526     -102.217930385297933
      115.532742580969767      -35.308247033485280       99.721894236604385       27.312574363615546      -10.727910229810925
        0.116728794071629       49.024049061235488     -175.368995404598422       90.429978508572319      131.016213718945295
      -93.343719811584890      -40.994534422229052      -10.114248868219498      -55.311645610648931      -43.502688674017406
      -49.119122357093168       40.437034520388430      -16.755722975562882      -10.671714744206616      -78.611839298370114
      -26.551102384546130      -11.037331781316256       97.798296064652035       10.806175984505449       11.976259677180114
      -52.366336569048777       85.872347274637136      123.052811231496065      -20.316829850397319       35.512612964291009
      -78.666987394410640       23.469224684343324     -143.205942469914021       14.814527022579353      -29.609032871892069
       14.518609862166455      -35.744678588925964      -20.375761667767723       53.480368787247549       60.433293637036321
       64.037754643441431       -4.559802363719864       -2.965034042635489      -66.509029684295200       91.797307304906980
      -80.511731516503801      -52.639929083251509      -10.006066084438817       16.755622033803082       -2.739461767378971
      -87.561760458965679       -3.616288759864285       94.087669683189219       42.089204570538492       -6.710261588254206
      100.903569601064532       40.638395013462933       51.662643889881593       18.412423009199880       -8.009848195269297
      -71.529671437666806       29.833754352079708     -133.994137705194078       63.011730305495277       31.881756528828138
       15.433365315238024       37.858326468621740       37.600946587644124        2.104697808733414     -110.002692540828022
      -45.080428310784768       39.836985385820697     -159.174822958678334       60.957486034345223       36.210897682269781
      -22.279713428146017      -50.098017376929782       56.714568669294771       71.661983359606026      -11.329296799140957
       30.894078849713853       16.619052111056764        5.698093459032366       31.392638355342459       52.501653656819137
      -40.252010967886200       10.300511205608935      -23.600484096584257       35.229013727885729      -28.876470666142904
       70.694082052363626       44.639271891454911       51.063111932106324      -32.518141330905763      -87.349851494261515
      -19.476327454783629       56.114178773975986      -62.983305441251026      -15.635828195560670       66.604819606253400
     -113.974917591557158      -25.058002922088036      -53.050873529264294       -8.543455853457028       49.829569236468004
       34.518047025245920       31.879181374545436     -124.560202000025214       48.788377285704598       18.672746329014824
      -42.691260005745782       40.803487461150858      -58.957622437650762        8.874372700945075      -31.403355247179057
       56.384952490541799      -51.206997282769997      128.645697748317815       57.432744634502207      -31.762083953024511
      -27.126227012894713       39.178991199390929       21.340638796486751      -45.332480730938208      -28.734867955050337
       45.892399628752528      -11.385171522249417      152.759003306095252      -66.235646909519005       -8.695214004706793
      -51.932603665669255      -14.888735379458355       45.648490361800228      -19.792076526192005      -67.345242163653964
      -89.172318519249558      -22.772340271804069       90.225427779231666      -37.898511523245929      142.818109590246735
        2.445314717838278       56.939395719840682      -62.671431245413203       75.659162666343931      -64.689175937510242
      106.097786215984087       -7.784286436565615      -61.296728872703554       23.374168316896924      -76.604126638487884
      -42.391462539349305       42.782616472854428       22.835568111609419      -21.550344531890861      -53.164099229410837
     -184.750093039850412       21.933274276010113      -27.153428545332645       42.343858976937653       15.943896453592798
      -58.775675392248509       42.014821244186848      -17.065659322759231      -10.139879915101039       -6.979778875110980
       32.152656630117157        9.394546259637940       48.430697245529856      -24.985488772109754      -46.358387326463202
      -17.954781063709902       47.368575265535625     -117.777477280864105       28.937503314264209      -27.482388822230007
       74.101552469039873      -38.740545029009176       -8.199068017175392       20.014764159068555       16.951827126022458
      222.191233496683566      -36.255652420629801       54.154750097677095      -63.694304779947338       29.726269709290321
       84.710416384228040      -33.464861542150977       37.476890590501867       41.236739158338942       11.447081139889317
     -128.892482194590315       26.072099685931764      -57.893231326689566       15.613934527568810       19.042253806596204
       54.397409180337469       55.047333557461592     -139.411243594177137       19.424999577914313     -136.629234799357135
       85.233750644956714       17.477599991947592       32.261391224819420      -14.930551372438654       54.629783788278132
     -152.349452309288779       -1.028637608856327      -31.051857089054163      -11.881514730937424       83.279013129253670
       76.387433195798607       12.571216114374382      127.663012964671012       32.112866372339802      150.783278805291047
       18.942929488127330       46.867343883738798      -30.521107528954960       24.678997993894850      -14.424921580302737
     -167.280722725980041       16.318446626137849       52.697197467786545      -25.872809349399592       89.769188281659851
       87.576808644205073      -44.026794613722146        9.983471067115637      -11.412689926298528       56.486049852954174
      -18.649402531618325       37.633549007193032      126.200468970219248       22.481529784772246       -4.336340327816782
       71.682178524919820       38.609057373739319     -154.591684567188594       23.590758054861308       97.579998633136015
     -128.132160650604362       24.083071100169089      101.301892035692262       76.370407018271834      -96.253289783284401
      102.953074647380845       35.547057548868139      -83.949209463752325       51.626586863272927     -114.687267585131565
      -49.961511882904801        6.196752895170125      167.602162942427128     -151.559507738827421      174.460796388557782
      106.406862439470629      -66.343303238013462        1.163963430523784       34.404480262708311     -136.438584318877986
      -72.994917157607588       60.214734188816912     -111.703480934937474       25.396021808360864       27.186579408276113
      119.729165704653042        3.633220242876550      -94.179663043531079        6.084939006030294       51.655920997707234
      -86.369266735639428       15.293261277217558      -56.780020982712244      -19.803370970338381      -24.726167924967577
      133.029190094559823      -68.226762827193951      -67.229747480751584       27.443063649545678      -73.372198474365405
      -91.303530592907137      -35.137133133970245     -128.970754800244350       24.676521858824884      -56.238403328176538
       59.718744211391474      -54.847561409493792       25.022696695654275       16.188816630656717       35.749163708176781
       79.040875310857459        7.507965962684283       19.213108314630631        7.977170377937371       99.787701764017868
       34.353938282411612      -14.646920670020512      -90.405495447375671      -63.975815246457472      -16.881083675186591
       80.413991877786572      -76.605903375602708      107.651258248789603       24.210894108082897       70.226523405979989
     -131.712055121715821       11.739712304594816     -145.617965975174684       44.588453082145939      -22.941828582339035
      265.750838464194260      -29.839245525927424      206.214748870810439      -31.308134375605448      -45.478138970984304
     -186.815862571411884        7.075433994330500       56.418173912614492        9.708009040174046      -97.770820945813867
       86.934141308128034      -61.125541448313911     -141.244154375434448       46.920349645167150      -26.946328718742521
      -82.693732668474581       23.192382481708886      -38.694956659640880       -9.379034449421759       44.008552809156839
      103.612189968564380      -22.669462501103947      114.968566939242777      -40.476927915176383     -177.771446995667588
       32.121185315538405       58.352302341418955       62.900732840932960      -22.989783498783456      -16.632107543010850
      108.730263927182136      -32.238554720012708      -57.490570773866644       42.020813499789952        7.552468433040679
      -21.890102928164179      -27.028794821399881      -20.865907433363866      -10.025108554591347       65.513925894991488
       63.595606120919584      -48.416219006071920       47.647430788082147       19.981793158219087       57.511202178287412
       -3.910196688225044      -18.834444265700402      -40.438151312831025       33.435956613011996      -60.751558381487030
       10.817049610014262       32.749887296146504      -64.954873312001538       13.914556062422200      -16.722943599107648
       68.069795700427079      -66.069995620667328        9.309899569317857      -22.086604926030052       41.354530326667600
     -165.175475400537465       51.165662193792045     -116.461633414730557        0.057628810194673      -43.585544709780542
       -9.337701030720744      -29.262517570021032      -30.898342064831635       75.407200058907023       48.258653292477973
       17.813816497108185       38.021765075322868        5.641853133042935      -38.728506199142174       18.932527921694543
      181.471533930467530      -54.658776542022018      -59.685519492450197      -37.353858177776104     -156.240443989646479
      132.597662021107510      -86.578391590795732      -41.891549893764314       -4.784734599993310      261.329258005888505
     -123.231129082168323       92.369677851175027        9.482667853595679       35.352714511462558       88.707836051908771
      -39.522635713852360       10.987406349924560      130.166955787853880       10.849326710378183      -82.620114660130824
       12.256780672715992        7.859729270848891      -48.430312803020804      -30.768418229523306      -24.637678008628370
       13.893879125823643       36.205480119336691      -59.282872668644835       56.179812013918671      -29.756591023642077
     -107.927813004861250       16.926631020319093      222.429739166515674       -6.168558216305984       87.262581810002644
      -33.348808444632077       88.179837124577347     -124.486491860261822       11.424268655630149       58.713558135437601
     -109.580445112388745      -23.991906794165708      117.603736433860774      -25.773416460020222     -107.583120602648307
       46.918831829389383       -9.266400106823376      -50.285533171569206       34.417985001374284      -11.178353710163520
      -22.259007253697217      -27.622363328681640      -51.653128570839179      -69.180374474055313       35.495009167014580
      -78.766536366324289       59.752060322582608      136.201825796601099        9.151622999346690      160.955558290399381
      -41.728669143485284       25.155937112315311       25.317555097199619       -0.709163931907249      -49.324823530979444
      -85.214778668963490       21.399584213228813     -163.876239835225988       51.888521274894970       82.419594472970260
      -95.960608953531974       68.941776007217783      -99.379342851422976      -21.162043685820120       45.897020440303471
      145.080689367914601      -83.102969901198819       55.072172500419754       26.544230607813493     -118.268441674808955
     -149.810240952555972       -3.963933795155796     -107.171434302247761       72.690843328454761       87.333841427827579
        6.158640665368246       19.338347382618409      -72.541286053131117       -7.416611287352940      -27.521863042067409
      135.906740871561396       -5.085484570314190       40.816590266352357      -24.804527836457364       -0.021273132675724
     -139.270277528368382       39.073505467002938       10.085786249630010      109.197534836065302       72.457228494161242
      101.617727068789392      -52.545455205942197      208.496033394988757     -126.070824931201571       39.058518118857052
        7.133299915721836      -15.358516044429447     -177.585956751565760       13.807613467057262      -19.388259391939307
       39.328091773056528      -98.525345906922993       18.974890227347633       24.945986262269162      140.663758314546470
      -76.856346081156374        4.813144820194451        6.775019626400392        5.799487054765531     -320.348430067744061
       50.882705547211081       34.441939661886479       52.798870059165942      -10.321549980810261      228.076896920212732
       31.481907775964952        3.655962196427026       56.747090375628964       33.517747014977189       14.783667648999623
       71.819853335270437       96.243093939912569       -2.656993984761093       15.627519568577924      -90.346242990897153
       18.285448091803623      -25.972662363659470      -39.423369630474625        5.182318096746795      140.964104940328781
      -86.191808043220689       72.667512719587066      -65.288320032798111       -3.397681869515425     -104.849252392492033
      -43.715584845362969        9.442494161075299      -43.535139032110443       20.298407542305007      218.443539699902885
       26.716584620079633      -16.875920048983470      -18.300409322057430        9.003815527195604      -55.419446146631302
       45.600651917351151      -28.157672350042109       80.801985450383157      -35.529880910161964      -60.089890692523397
       76.312922912986423      -36.128896336179132        9.304053974197817      -28.947259833582361      119.004361046767698
     -147.988144920826556      -21.781200583539412      129.448414975401505      -26.771664621996369       50.039126162574149
        4.917107805521653      -13.151068350936715      -47.506370211473303      -74.070593961329678       68.387233120987133
      -48.321443466598133       47.871906246148590      106.458760464559532       49.887306742905416       73.387227345024385
       -3.059589957712634      -20.888055921995754       26.104147855886907     -100.467496883306467     -138.997776509470214
      -27.785907552521021      -16.896003757387028       17.744837518344244      -35.765849831244871      -32.493284426612746
       98.232364592237019      -41.651979914057371     -103.995534102682043       19.403924921966674       30.382141387931885
     -168.261603520575648       19.092646776601178      229.811142577623087      -45.599092991734331       81.314210944554887
       49.748500488312281        8.720705718174326       -4.997852631658525        3.133159633787463       18.529796415527247
        9.888992025665017        6.152608298471448      -29.592550031414870      -28.888241319939407     -146.101450734269150
      -40.757281511490106       12.519375651819356      206.114051031009296      -33.916091753776094       80.957212648813311
     -152.110395739920449       81.760673891105512       55.058899916421502      -22.158788274778413       60.588672600824417
      -20.808989606346110       -1.783041453405325       48.887239763596753      -16.138997976810881      -65.836856862799621
        1.342761294758847       19.086270731338008     -124.570644029584940       10.211326615999361      -14.231342382218864
       29.130139395509996      -15.224838357425774      -22.169067057633416       42.753073150032385      143.564307361131597
       83.938310439194510      -69.509990494728612      106.480334171883968      -26.173718583291983      -78.401193710037603
       79.344633487494505      -11.340112720679278      -17.323533796523044      103.751993051856701       50.936542244639845
      -63.862695417922332       46.669287235040613        9.140487903417572      -58.128899510518387      -75.102271434462466
        6.612205824670453        4.173616619375703       25.653582696526513       46.586647530254588      167.269880804363140
      -28.957184324992660       -0.667684797354362      -96.521983740189114      -17.545551691935639      -97.782906430086967
      -50.726403713382474       31.161033812790404       22.656128143366146       26.421731111806718      -11.974439859688415
       58.148178942368205       -5.926601031160729       23.385426819752048      -31.357814982035897      115.049513239095234
     -161.655522721260894       24.739239616330082        9.179151047567867       -8.829708571655987       51.654383134097600
       98.874380929667922      -62.661144276506626       59.384867431012033      -16.098036644176595     -129.886403688075660
       59.035948803573127       22.020284791623006       29.600886186669278       23.735455169382348       57.761897154842920
      -85.748837934815000       18.618922146038685       58.686274641303115      -26.390486816688306       95.446313079783579
     -152.302434240848697       54.348045617872849      -77.887727552487945       67.291917085668473      111.755284664335662
      169.916754451181163      -34.157106155507606       55.165382578248376      -32.851191703808105     -166.628546322241334
     -104.286048363022360       39.985144066956785      -73.047668833461188      -12.111664244537488      -44.397933098349569
      172.068206249656498      -64.785666683647960      -92.320940655175448       32.502509464474507       19.678379965663066
       95.772034299804176       -0.244625696615001      -98.478445198742534      -17.313906177896229       72.112084804026253
       43.849840387510540      -28.713617479483499      142.092511983920815      -50.525439067369177      156.832076602389662
      -55.804290661799634       27.548867381197581       60.789418440290241      -91.047834415673407      142.316235644720422
       12.753947709621801      -11.777013996372288      176.870371314148400      -36.597471718742675       38.032522696600452
       91.590242473851106        7.344447731958449      -64.087392448125385      -15.401421923723431     -164.630596001100315
      -70.806716730308594       -5.379764572205936      -19.578337354496217       26.364830955756069      123.771702803084963
      -88.696195702770623       18.047139705367382      103.624251539941199       -2.300861977329414       21.218485578167570
      112.145997649002595      -29.307864309476710      -64.275808180449943       -6.556502191868343     -103.258286554967427
       28.491334826508727      -17.296125171317989      150.979511639874886      -15.146540798551948     -173.807976221179729
      -28.510541062754836       13.846426433996095     -125.791717065346191       69.825543875646119       55.166286110048368
       27.803952128211279      -42.341798637283077      -27.335642185083131       -6.313020764514801      -99.894102837740263
       72.361567919403001       65.890876910872478     -114.661737254658505       19.931176136413772       15.875328720043392
      191.980425416099052       -1.734624318581348     -127.082178860278063       41.638119123734803       71.971872927451685
     -211.377232119137886        2.051951247151770      -62.103135042504547       -1.311084874616362       37.133035748064792
       99.787157956607757      -64.166951552885095       73.181878201105960       36.270326222028046       48.650345728125679
       29.689970480328768       43.784226673183923     -107.705004249869035      -16.135316670001036      -15.428467301488617
     -130.559061661202833      -23.281988733233234        0.407657534181714      -23.570323735372281      101.341611261228351
      -21.689750794594506      -28.044916229773069       24.760360929432160        0.803807467094798      -32.868162953472861
      185.411867255772592      -23.853423313003344      -43.086701937706977       43.743321870151235       10.567882020253185
      -47.851345844854094       33.379191085508175      119.481856056960879       23.800091336005302      -11.916298181282299
       21.252205017303506       -3.568792224928298      -32.583783378337202      -31.596082575404782      -31.265786878545821
     -119.911883950482121       20.848959206442490      137.725701312411104       -7.707669058505817       -9.985325048946063
      -80.239404013829983       15.050636399174254     -196.584025345280793       43.758823075139027       34.752321351901948
      -81.986372124331425       13.486713135585061      -50.950616890067195       11.388092600790388        3.382384001885585
      -67.441954538649853       25.386827566997741      106.835477573059762      -75.343067954919675     -185.353341460698374
       33.921471468571298       60.691757192535228       26.890601299121226       98.626134489893673       74.081533676074727
      -54.824348556237929       33.053141496850486      -36.291818006290271      -59.582111041157205      -16.750418079123886
      162.845339007156070       11.751118811096310       51.234178631257933      -16.860613584189718     -109.274606104192159
       20.735205442723764      -53.336140813097650     -142.443678134667863       73.486275677552342       73.429718160416300
       23.936007946559908       10.255936249400520       34.330935390011611       12.660045359038994       27.292861747274433
     -154.903787364065209       54.871943320250274       83.661356471072963       -7.051854195584302       31.296601644845452
      224.965565720819228       -0.595938181117689      -40.870808299890911       12.523867883120186      115.879954579265018
      -76.723383453254641       13.348609367777676        0.764137021701014      -21.047730250231261      -55.183498965422174
      -18.140828976350090      -15.633544747427070       52.387163514595073       11.080749278489296      -14.902134470174513
       92.119903986371156      -42.140896995364010       12.411698095125965      -34.226378608176574     -111.717803013862792
       20.596009503144643       -7.827727904345230     -122.561609226050805      -73.018312383621534      144.667649790435831
        5.453119119827583       24.597413468677672      163.802979712479782       16.662028752011800       64.002628410402593
      -13.173083356459818       48.278090260687868       10.227679801891602       49.653389776796701       80.507622716497480
     -199.117879209775481       13.918068677028087      -78.998677900040761      -21.146976968343740      -27.361734797452577
      -16.740888617358483        2.219647726442045       70.251742623550825      -37.337074738093591        8.956988241069636
      -62.146305619159811        1.553793060443741       93.421200122051431       -9.922475024959468      -77.601458176471951
      -10.817022591719182       13.063457784524706      112.023185118284729      -10.248932686572571       26.726461768773106
       56.786434096822795       46.205541251482344     -127.460136568030606      -11.204515460631379      -70.598318336219563
      104.270904344900330        9.585327749106764      103.708949806646871       24.415554805399839      161.541515200891439
     -177.176132558908250       18.217974391278091     -211.596347562406351       16.265161090241644     -130.832803475912527
      171.675490522948877       32.694983255492758       -6.641450846881903        7.607408908535131       97.162070652508376
      -36.774891492643171      -58.472721409518989     -137.388889838180773       54.222380548480508      -54.533294977722342
       65.107862098843498       33.220024622746124      128.845590207785961      -33.719281285715056       20.837088043080481
     -217.444637881313298       12.623418336604136       44.273445349742893        8.281260469334610       55.774905164564643
       41.961916124220018       24.032801239665027       85.983331137529504      -82.785528283149276       46.464962906485773
      196.059744775893193     -107.985818817042770        9.252197484009105       54.491430890274110     -107.563815515893026
       82.171146613971345        3.084226278458711      -70.189984499773004      -29.483899270528198      -55.933520022820176
      -82.967197602636574       30.263954436743909       92.510237398241372       14.388013783274150      118.961151257621296
      -13.551134969211139       -2.924420908567556       54.538253225397256      -80.428829964488969      -63.527920868000372
      -32.033507624676574       17.600459823162677      -42.340486299817769      -12.008449656784750       -7.342536705747846
      -28.126984416468375      -12.089452670486470       -9.541067913749696       36.121856412686448     -117.811015309586807
       -8.517353190955134      -12.536847120419443       69.678199965735914       22.934702971412211      109.390254856651850
      -76.733889957133556       16.791441645842657      -15.962380350951001      -17.005507797008331      -75.534134759479841
      104.056321470986475       -5.107756487181348      -14.999634219866270       43.640155407268075     -131.124867738030787
       20.703236967838027       -6.234997648332234      -88.201947044360310       12.665876236967627       28.099937833778256
       72.748737488164238       -1.705835446696915      149.351582579598471      -96.888708392571672      -16.390800526058687
      -64.472362828142991       -0.815901862624851      -96.602841375645582       -9.924016058341094      -70.006197103598140
       -9.663113066993324       20.176385124475889       66.090551077970204      -10.039433451787087      102.491797958558863
       16.772259056453596       -9.190640850109224       92.022459328428653      -14.639088996996465      -74.536757032186387
       91.463612378343399      -34.170233596913917       89.425927380518942      -26.703024938952300       10.981003535949565
      146.106032365184802      -38.764198554339515     -163.027477383466561       26.677227181290984      -17.384228833127896
     -107.852166182594317       71.366252310530470      119.015365337187887      -88.477381201257913       62.766561751604804
       33.424207664256286       -6.628323869814581      -66.937655731523151       -3.131542086505855       98.845768638866815
       33.362595665223537       27.496397459401990      -47.160692768142020       49.411399247700878      -60.490944900063035
     -132.838591690447231       11.470351675010564      -50.505271280019244      -62.242123601834713       -3.482714964316355
       23.623460957970256      -32.326985986755425       24.880064062478148      -42.407089217625249       -9.524520503104574
      -13.225378869345843       13.312082156950456       28.920112460407992       70.188090080608234      -57.783741024938145
       12.648313856085698       24.324814738059828       74.040729144214779      -10.708759930417870      101.564693900540718
       75.465992404540060       14.951527343131163       -2.730110569883323      -11.005100053750766     -166.129797166203275
      -35.612949227760105       -9.823754717521179     -123.274933641907126      -48.268065637427270      -83.979400113879407
       80.183358232978421       18.668877451732300      -57.391967900315237      -11.966307860413306      -42.692543490625752
       80.252557392104379       26.636468759750780      152.107020013210644      -49.538912471737696       -7.266012993325418
      110.260893281377079      -19.153876411690725      106.924366281562087      -17.410603585170715       25.346760207388318
      -63.348589712747433       19.469839611743101       44.104268686957639       53.306627464030569      -18.293967736565094
      -29.984496342503721       -6.121083648604613      -65.880740515713626      -27.967500267114872       36.242020762754230
      -46.825616824594924        6.436082816385825      104.669113749170862      -28.908738422527399      -67.665765025217510
       16.899366616828253      -48.347126360485824      -86.994904947436439      -36.665888086139887       38.745742434981722
     -151.752226594232724       35.918570398139956      -31.956946368414656       60.265094126101808      -30.843895631042155
        2.622554247660674       -2.139197366904478       12.898949182732585      -12.362789620349879      -81.139702322375229
        5.481337245975557       30.127361771350863       63.689417944203868        3.597382163391307      -46.676570183003570
       23.880273631358744      -82.129588089449570      -98.299400108526484      -12.893636023653979       56.648413268076126
      109.795987884521409        3.575298068674281      191.542251546363133      -84.147298582020156      -50.176162279646540
      -26.625580029504629       63.618136263676512       -6.768852783800285       19.019569358634250      101.167289874717468
      197.984033807529840       65.520506205830628      -75.032159807006693        1.716580485908479       24.643620242696603
     -219.439023874603720       27.420230699030903      -80.112096387749375       72.120739180709364      -20.690712751393093
      106.157633674167357      -43.918596819467844       15.495217821509533       24.563470462938046      -10.341816157909662
       -8.696281059551996      -28.526199659894271       51.333369088212500      -42.293383055328682       74.454477854838288
     -128.796519451140455       66.066234120066284       72.497702878701887      -47.842455806226155      -33.615407126602264
     -101.243975690656697       13.019438129797926       50.705188765729893       15.560939717374675       30.313952077514475
      -29.686114477495170        4.304677983432575     -101.070987689192123      -17.754062752652100      -54.187311283617653
      117.200536701386795      -41.208033900862404       -2.941723773080102       -6.274615427498873      -70.996453966300436
       56.297618369674709        8.669313570032251      -56.987933297679511      -46.798342039523646     -128.933188514543758
      -34.325006782416260       79.809045467251309       87.147077122468204      -12.137711124383639      106.533975492384741
      -92.718069627689943        4.687632604609246      -29.280041518409636       78.425279821814541     -112.604999627006919
       94.438106749506161        5.868026079058608       91.023647876149795      -14.590927212396197       37.911391767865972
      -38.034125748700632      -29.493338995435465        1.861777237267952      -58.202474824769197       25.236381346570528
      -14.403629843988139        0.871506233783644       45.284931503288938       10.346854729661061      -71.050498783293378
      104.057236877455111        2.432195878962107      -53.306119984659574        1.059881383618641       -0.992181060259516
       41.339821795592449       -5.062737174363837     -142.423040159068989       56.337352420976714       77.730455069571704
      -44.911547254600038       37.728021110490985      -52.396884998835191      -10.457239454814792      115.053191176361182
     -116.214636413980216      -50.016983959774834      160.386480800861221       13.899635264314314      168.648212250210207
       39.946372686328992       46.808520857791315       31.126861693292319      -79.143184481647751     -113.599000703583442
      -84.172295763085430       39.369971635586509     -161.795003068032003       41.105758444866481      -43.092429867016556
      -32.271291613147383       29.571027684410669      241.327243800312772      -44.277955925971774       27.658790654105861
      118.216906346790523       24.194504233913264      113.679564856372849      -58.693927099693610       19.537500423835432
      -52.128320237654464       -1.082291402491126       66.825622042730842        2.016161996473732     -120.192675709796987
       78.312692933094965      -40.726863636528286      -62.603151541295141       -3.104936375433522       29.697034693709060
      -60.151267341681077      -33.807628407065607       -2.625541500821892      -28.315572429240056      -59.606094626807092
      -46.595852048811878       60.720966236198052       48.159248512346593      -43.876798830097584      -68.986376840031923
      -94.224448465559476       36.976518161789173      -85.266507736261786        6.317377075409580        5.094580426581868
       59.519155554116701       38.177332023876133      158.478037973726316      -75.806917382343144       40.389357930560173
      -78.099529191715874      -40.850936118088633      -50.864388985045039       16.890257187047812       16.810833124743816
       11.527780313289846       65.521975335334588      119.678872496864386       64.140585308758929       93.853567311055670
     -136.142141735399235       51.070752396911907       -9.399986415735478        3.384315072966638     -111.323239315539212
       84.003651227311266      -67.559152413885343     -122.199449042179438       12.847421833957346      -75.205525725556001
      -20.091945269407706       85.873214344658280       39.353067892583958      -85.768900779611016      -97.845218359021203
       46.223846888226106        5.268486943845253      165.079124558508283       48.032035342718949       10.115858370243394
      -74.162372015872322       20.854566481827312      -41.248846414709902      -15.628792073981876        6.604148433828118
      -76.576744018024471      -32.523407404419189       30.894146398038941      -21.594916261344036      -95.273735795256385
      -19.305583968445525      -14.735693222857721     -217.188165604563267      -52.406221853766219      -19.424302357521043
      188.512056342198633      -48.230861069302925      -42.752922274875147      -15.496524854341130      -46.624823774963005
     -308.043337721045816       88.824549659375421      155.103526889001245       45.662008776489536       17.429362322876443
       24.278747553027756       -6.038545242606364        1.555036126073870      -20.754088790120623      -12.349442779778457
      140.958420027818391      -57.814319472654844       69.008107361296112      -14.012316979164522      -19.701560760021991
      -49.308251782273921       16.792939202023263        0.120994938713361       21.703163310606193        0.037858495311876
       27.170306071376356       22.092458811649450       26.749950983359611      -33.222063155170162      -79.791478717016275
      -30.329464643968034      -11.992172852907643      -65.345454880832634        1.504389085783853       52.262365888691349
      -64.421961471693592        6.177776977195874      -95.982586361600539       24.170942964199863       32.618670695536458
      146.565168397874061      -54.271510709804076       52.426511738526436       40.298888233693418       -3.059646605880457
      -73.002826194450932      -13.035831484044557      151.986025382836743       22.463150787867399      -93.947107364137025
        6.619917041705146       12.496781728997050        4.512258902529007      -24.803136371994114       11.672540893357208
      112.153714366604603      -30.241249088938766       34.838936808597069      -41.551190748889013      -14.491928824662915
     -138.488337615023568       26.768988002734059       63.518856008666170      -24.374853496041069      -17.881142096540810
      128.350593647210815      -98.813047848439027      -49.459392513367327        1.863066932093184      -47.230304638126704
      -55.183795563649475        0.759764647572034      -10.000893419989373        9.986171208466594       -2.702013449174889
      -57.314035072366288       71.221057140257514     -141.655122413768510       32.094730256477469     -183.104131184194273
       58.341978198248562      -16.432193608120961     -128.849638097934388       26.016726962523222      138.354483948386672
       49.371520379656367      -39.992525556796700      -58.952704519020855      -84.299087555632880       38.448129576335567
      214.975915713262992      -50.715651861316303      183.802716468576676      -42.636482129582348        6.309452561511512
       58.288507929427034      -23.225096103951508       21.406630497686848      -13.750469145085548      104.109246816717715
      -10.221068740593651      -69.339812154260898       33.272919605837089       28.811999614493836        2.823850254558508
      -51.190860373583405       24.874513846946577      109.932720632190694      -69.332249662960507      112.852753154020363
        2.365215185864317       45.009117237471564       57.709465265387166       27.140234637059269        4.026106610178413
      108.567313123539435      -43.062230188508025     -131.964546457262202       -4.794792919506135      -54.430037144477922
      -47.192167114466223      -11.092146744643836       63.973065021184816      -31.449757620880249      -90.456190456019655
      -86.131856612530200       63.588172558743693       -1.036342015060721      -18.487541311058365      -39.012004419762981
       39.950570107094912        8.104032579208003     -150.375132393290926       22.988682845417095      -44.750842030833496
      -38.963885365722696       -6.380644744051066     -113.324399384421554       28.013620810208277       70.130840382979088
       16.031314409264748        7.930347118229391      -10.464280079688761       -7.507806457310149       70.411286001387879
      101.984994047039763      -42.624271686253877      -95.700491317675343       19.130745328668738      -59.279493263366952
      -52.819641370166359       12.475981123793909       50.435116159131475        2.916138347112244       24.303908900422712
      -12.302241652656337       11.676825513768145     -182.111601522955425      -12.822513299102729      -42.596340950583105
      116.237406406940949       30.154292278085052      -14.117136627412188      101.126690609431563       32.268200954921397
     -185.870987291469731       44.348307175736963       31.147527004504006       34.849417753768982      107.253382750532253
      -62.549865236130152      -20.584477147268007     -195.933140594767195       32.112116074129105      -23.135052448299152
       12.257125921765553      -25.431825526764040      138.911119319015171       48.449394525709302       38.712872573845381
      -17.178490815935469      -10.806612992324039        0.037383129086453      -41.543586820792832       67.754587625684266
       93.305976417274366      -41.468591059136656      -24.206395551633751       45.547832190398857      -46.749142922814585
      -40.159481795080559      -24.790330585144048       33.010956849709466      -53.178439550867878       51.931422195888217
       -1.617359216186264       35.127027423516054        8.270155707859951       41.692424981863233       16.153341740755874
      -36.346984849786921       36.516426373040190      -69.604128150452297      -25.232565332316245       29.520308381766167
     -102.519968392440845       39.439495517324069        3.107367367594115      -20.014895517743017      -14.835666295368942
       -4.517829542351663       31.303624063621399       31.512421530262863      -11.470712656927571      -82.148354028152269
     -103.029311197448337      -22.494450604672561       73.029525891289239      -25.105634564609129       53.288697403948326
     -110.937930490375052        1.074287304396884      -29.511656455175309       14.251691307869052      -21.335165802237601
     -136.553418028327343       19.009938172354396     -138.112331402866261       50.966779734246003      -33.674535286295608
       47.680905294195725      -36.519115314992746     -239.124541072223138      111.581514113429378       30.599039610912275
      -63.505036417753303       17.444785453753436      199.851413030819600      -51.487543980994147       36.860832131185589
       59.422441471697674      -65.458471922720690       68.905028502640988       28.213796445068301     -144.840593740558717
       18.307368671460100       40.740074644774921     -117.817277961722439       35.195648307370440       47.620571143765986
      -27.529912540627517       27.364508440993525     -162.797851934626635       22.176474998819753      -12.277801182924566
      210.772582726299675      -73.304319845162240      133.491898388889467      -33.904280557825238      -74.860570682016856
     -106.148962098829116      -47.236350863903084     -108.403710232527942       39.029240425248261       94.996562746789664
      -30.485836602007293       36.654404171892743       38.771901127505473       29.298801319400013      -10.364162146039337
        8.327944574029358      -16.476219303703886      237.557485279911219      -29.023586700410217       50.542541206142545
      -26.941655748677089       25.483121773350309     -186.350536761828209       56.774461901279295      -20.802566468566823
     -139.583358748190278       27.076646416545369      -25.232417628128530       -5.060402306633497      125.395474247452967
       86.037350632087637      -55.038106551894373       49.564208272633024       25.662441794613898      156.321427773001176
       80.154666998551178       37.757724633686429     -157.354871692120867       30.284436448736464      -99.651378082269829
      -80.048851504221261      -55.052399821852823       95.771231125567780       20.539298304845424      -64.260078281652113
      -63.758910205194553       -1.266458474023903       -1.231892695854840        3.226449567540649      -18.725218695984694
      172.486176951771313       30.029602175072139      -37.271386477296197       41.356510920305467      -33.289018490063178
      129.475900351913765      -48.094726574281708       60.971827313473518      -38.777029933614251      122.520157434340888
       11.377795373165744      -34.681419987943876      159.515665275483627      -32.511682622102768      -32.552506554737263
       41.771513097499962        1.042884145001855      -52.427141646329225       -8.865050982118849       36.540303991471468
       76.632386764227292      -34.521001330105761     -170.823539323110850       60.051598784420221       48.206423881545120
       30.921777034114367       64.897658755036375       66.739565261016708       -6.762074738953762      -39.750198729918623
      -52.343820264994754       26.322430207472813      145.245945919280700      -20.666653794433124       44.050038764455522
      -31.251302063884953      -17.842518614609915      -72.015287279515945       89.312760583984868       56.768461774339315
        6.895803731007191        7.104990362451191       -0.044537303680537       32.977231251626165     -111.902086485484304
       66.043149072030602      -49.747107017584753      -11.154321813575566       12.856376329103117      -87.035080271323778
      -26.438486723034366        2.106644230304271      -55.767410197855909      -62.086154412155537       48.368956410264069
      175.561573447317215      -72.469208761353315       94.937266950657317      -15.115614879229170       53.513746794517246
       85.591483093420607       20.086338428640360       11.010970233635019      -22.020613382267140       26.362837204761195
     -113.411034080735163       27.352992248446878      -50.974370693171416      -51.098104635514872      -55.025577238292946
      -79.857577644171798        5.063953580398958     -152.258822789361545      -15.100452468196917      -22.194657245529289
       -2.831313058930607       25.699521521583751      -93.372604689899745       26.433361567385308      -22.282839090305860
      -85.838581116714508       77.936045353206737      101.449106015664938      -35.433029588880487        3.842982798020524
      -19.064253048770812      -72.550095066633347      -62.665256134158263       32.533113538349745     -100.351462087551155
      262.319101225114764      -12.496586465238874      -48.479613035639609       58.454147853477124       14.328058009719001
      -73.534969084714774      -15.865594450826510       10.092465546040549      -32.114515188087054       91.863765189455506
      117.503728469180118      -33.297916451592663       -1.061929391722317        9.397834784169643      120.293426825577114
     -134.943144751350843      -46.392317922801809       18.345785317561869       30.912734551157193       57.775203212238416
      -60.358694421040582        9.174240272227125      -78.678864061725648       42.570027900099305        2.303246362583126
      -57.818821034532526       82.440131820270892       88.470599789010649      -21.858117410237035       53.657145081514138
       47.869561175829780       -1.430984307759698      -43.322497117003095       43.493903617128836      138.866414743828926
      -90.555786111950439        7.951998834133348      -85.060375446304079       42.546656965372115      -62.209014630853822
      103.765152351145929      -35.746171493634769       15.185109156372267       26.088570559436040      -44.261765807183494
      -27.994678223487025      -11.413000306862596      101.790545979604943      -46.981731765149888       10.588069535558045
     -146.769357552096523       30.663564039979896      -81.779110019859601       77.649215511288588     -114.521202157967451
     -178.536756791636634       53.690938902840820      140.739320168406294      -94.362022504190620       57.749522307570508
      153.174022790505376      -21.606724691341871       64.215978968813729       25.097798189140782       24.511173272656283
      -54.760208341568756       13.937979747687475      -61.862528350363547       66.926394782055212       99.624484923225424
     -100.702069989026398       84.016983947985310       18.959198889483254       11.552516305319889      -46.359712270987913
       16.784834921782387        0.737124253808767       61.445054405817260       -9.587776258581945      -53.131614429559342
      -97.302696785579911      -21.629889544962875     -123.755926383551113       18.963197021160131       35.790437553681805
       58.166900798462720       34.466610496830917      236.293434332683717       10.079852077594024        0.341398131587685
      -41.052908183704190       19.176421395588886       78.784332160036215       -0.240375020921895      -33.014157876867372
       84.945789757371571        0.166174495750896      -65.656300124526425        1.510318566385307       -0.763913763899155
     -111.307596595123670      -38.170855552900200      -96.031302847687357       47.395972867512569       65.495173012705038
       86.634125996629876       36.246442862944107      113.222530023247046      -25.444478243931435      -29.693447513867884
      -74.791932765092724      -25.818208406264787      -81.800464304304555       -7.995116665340197      106.121219277934088
       57.018204809342969      -54.202097216111262      -43.755122730820936      -34.823152013321796       69.176191272975217
       80.802319239559765      -69.258254263487629      139.866114170211148      -42.332247820953661      -59.237995161624916
       49.020550145566560       15.570461717894847       -7.381658514401936       60.231065490599136       81.358658649566522
      -83.222273037630899       30.194914698971314       75.892091484200279      -29.096630751102801      -78.796844739664564
       98.039550256959899      -61.975875367800811       75.965417763840236      -22.675408711425728      -49.389523860024646
      -53.898771043050111        4.198629031585472       77.054743323235741       35.584129927960355      165.397704929596983
       44.116800598720388      -19.450401944913580       59.364696694389202      -37.911734115488791      -88.956329622867756
      -84.999905601851495       -1.373692632509758     -198.706123337234430       32.167033225576851      -55.765210415026139
      -93.336485014070817       44.908849527891348     -134.944891923735725      -34.103478671523447      224.494840814987640
      140.961713638002834      -79.232770151459860       12.910917504452890      -21.086906060142262      -20.424750915715169
       10.393867390921720       15.610433392967325       76.894364698821562      -49.126846523918537     -100.656732267678791
       91.970044480943869      -81.301397883073051      143.524565095272095      -54.127978712831634      -88.611211708134732
       -8.136435090696100       33.287794177677704     -121.198813497370551      100.821182475861988       48.151228319006130
      -31.934963959522591      -51.167227904483624      -49.637360131795639       10.875407261519895       49.838279032360980
       24.711223572370447       69.705471760692433      210.190836281208647      -50.825522911706173       35.945541981614497
       36.653009688270146      -24.979116060183959       53.354265812504011      -50.462714001808685       84.179999764521355
      -26.787421525910503       21.439971728369898        9.555286654551352       17.171749054219195      -22.724789810269684
      -56.528755077910503       -4.571914145862327      -77.862230440419481      -71.547681108758610       50.216580462008842
      106.563094949200675      -51.546971799713859      107.733951301364499      -68.788978519846765       69.195717139155718
       38.422614507782590      -13.693906179884513      114.965376143416748      -71.359487657116276     -117.400649621164703
       54.116701795610155      -17.993899141538130       36.904263963691271       10.456308539575206       77.743604366159730
      -28.159951131759168       -3.346552651001250     -146.908088535859235      -56.916161253326734      -51.536579128720334
      108.507019716862402      -30.125469797424376       -2.203658121193451      -24.131885152623401      -64.474916858528417
      120.015837349563100      -86.433833704838008      -40.513620678571101       24.416748925329752       65.756054128215396
     -107.182744939025909      -27.726247820818632       -0.095052023765986       69.066348398698835      -47.005050921540480
       86.286075802886117      -23.292546713705097      199.190688828629646      -12.205168913769095      109.814640852206139
      156.005449911654068      -36.493961310255251     -174.065016923515003       14.606888947081517     -135.099353094282833
      -37.785616945050293      113.569651145249722       -3.146363864377563        3.797926578084218      140.997882174501939
      -40.061951118059170      -18.281650152356264     -162.134631029667446       -9.875721396442335      -22.574125251292674
       24.675351775046479       59.578109262153362      124.037312765750471       12.632652844403852      -84.966725794793675
      -70.725780301457661       12.572898702622565      -11.882614104675289      -36.848562900957688      129.839454021733076
      -86.567095343626576       69.657427487660541      -95.843310780085659      -39.228855361060596      -93.227217986740200
      122.622794166047314      -49.244567209784094     -126.901254139208476       89.799331768793508      135.304689434904816
       22.855446251369983       77.266004810769616      -30.739808968589831       85.244151330815356     -229.292996873997538
      109.600736283615859      -36.069908489385810      -46.465954926052660      -22.876331135375860       73.168950277576670
        8.360626229835042        8.746000776945063       52.552987663122181       -4.712941905725703       17.016902296660852
        8.931221402219101      -11.944416853665187      -92.220491146021814       -1.138504293389059       20.603118186276944
       41.182981960841111      -16.205654295385912       15.607948354665849      -57.935344857793503       65.234824888709994
       -5.504004892707490       64.231646177501133      133.044563517954401      -12.474014162522096       13.608545864122069
      -22.422611440763841      -25.882289017339016      -55.834333274413602       75.654595144883530       28.379825904067150
      173.132674840467075      -58.552470471945711       67.160261084125437      -11.211675047499616      -63.421239847681228
      -91.904758685278779       13.713767916176351      -96.838846897369024       80.348870820241359      -84.442972323215869
       15.883256603415250       15.237136471179999      -79.943851504099328      -19.068789431079885       99.896308172424170
     -154.123101823520471       29.481854731704633      -61.701768067623796      -25.047693585963536      -44.679420181611199
       68.832583291342132      -25.175238143683735      -60.948047416095690       39.931492905328028      178.273561424407063
     -228.403046814674894       64.532971010672796     -225.754750904797646       24.178059602203216       10.127365273318370
      137.722479685728501       21.016506894459418      103.104118480356988       19.669735774623646       -3.960642336973884
      152.063690737411321       37.516559657171385       75.183497622797958      -38.141138553735338       49.242268085003623
      -62.289850856195031       48.358729339969443       -3.064174450848749        4.138416287249990     -120.456000619170268
      -78.043524484596361        7.703635232722136      -58.938367630535907       14.621319542711481      -71.899140501780025
       91.467255768670356     -104.385404077176887       34.970021913609145      -60.006343697117998      172.377107885040317
      -87.187801659198414       10.089981651247500        7.177373858256667       37.088593312739000      -86.297910754889443
       43.465596111565020      -16.460875403498569      -99.840506812221605       45.841339604464196       13.646668928650385
      140.335592395477732       32.642306736791859       21.513436749771749       -8.196168075276933       31.709499502931454
       35.291650890621327       55.677361392280233      -60.008393424832576        5.279640061970228        9.309441108058984
       28.852019512662469      -50.051269734669219      -54.108390105387471       96.957723294774283      -44.282697176386904
      -77.226297490655583       -9.689888264515538      -56.189287799242720      -12.871879369875584       40.245145853989108
       11.410436583289059      -10.002812973567485      185.969311170757550      -57.329584515983022       23.684675927434615
      -87.196061089613067       65.620987015267687      -67.001041499873892       34.962882261589904      -48.278877403792627
       54.467042953708763       -8.741729109325691     -126.738130134103955       88.042594302402478     -125.472797992682374
      -40.885519821094860       55.006760813785952      -62.520721144593253       -6.041711020453513       43.778032342846842
       86.864725887825941        4.483192940043511       35.464689740528392       13.574926712704626     -131.220004029713664
       -7.629050638437699        2.264993087047450      -94.208561302936914       31.124082325815497        6.622138631090078
      134.306247534480889      -56.803481763917844      -94.523867494035741        0.782808895781814      -76.781628151434859
      -96.161115485952436       73.634243048685192      184.709819309435858      -39.117015678438541      139.424275206585406
      -53.662098956314267       11.009404938310055       35.800347474976810      -29.176297458621086      128.077558126293241
      111.000931040111013      -65.555734921036318      -31.139042077364344      -11.904825508789733     -120.072386138041892
      -90.636052394445358       24.736134704986185       49.030911180167095      -43.763187741771645     -155.980908599358912
       59.825475917792005      -50.637878906272306      -54.116110629977420      -10.635955934683819       45.701027373135226
     -128.126899520456192       -0.405987262460597      -54.339608638749020      -18.764590769257392     -122.254032428100771
       20.130412449935928      -18.818171080144545       90.602881561218311       77.043627272219567       24.116144223875196
      -35.753278098593562      -22.300725429520003      -24.850910399124270      -36.782991497079763      -52.889415393031946
       32.386844018115951      -86.274049028760601     -101.373132505395304       14.182936671771539       36.508924029989196
      247.570791012062813      -57.103653298407274       45.240094193044186       13.907915346599705      -58.588957502233519
     -213.131830514259093       60.341798281435928       32.816036513387807       10.322867243740955       12.071093974305217
      -82.839625289384344       28.995477014433206      -53.858051721856619       28.476622777120390      -28.629062943276068
       26.181768216828839      -17.707766216933361      -98.247787708672092       38.566546749744859      -29.343688281753835
       84.207470991754988      -70.343044763136447      107.041955793090253       -0.987472676739515       79.361089333372234
      125.262366133861633       11.399681040255160      -21.052827728729572      -14.152368554515713      -78.227711548747422
     -146.341332653234645      -57.208833446928416      -11.773502715256580       -2.708710360794572       64.560598781670095
      -63.459491607908120       37.305132648216222       -7.291052462367681      -91.719581179712577     -123.920459268052198
     -118.777499000448316       64.364023304397463       73.886877111641354      -32.631486648426936      -23.737406408166851
       10.049445470606340      -15.748422877547522      -20.243228839844651       30.079189877328425       29.285653792439629
     -170.016451707597469       31.020493760114686      -93.262381728372816      -31.829771624457667       77.731490796094619
      145.643720160060241      -73.083920578686133       58.519544511438504       40.088893118151404       27.953239261669545
      -82.099254914102659       -7.440104181083094      -10.957382653102231      -12.488477126442184       88.128496068610872
        8.792367348592636       47.353753468750291      -66.057666625619589       56.895982797098014     -137.621846953044354
       78.023529501136736       -4.816111721660518       68.089413426650239       23.408486755454266      133.338000532597704
      -52.306419687507713       -2.816177558676408      -44.891332396825327       33.649079427387228       25.995870419070300
       60.543964723290671       -4.261066735367528       34.141967262254092      -45.694976749526418       13.874947759080317
      -43.809430906495088       19.290358792117324       58.877112747147066       67.393114343901331      -77.348931651996750
      -50.017114007130509       35.100912162270106       37.169301599678050       14.851978492401720       57.713419030925955
       19.074343958628702       11.400993094665683       59.571796498970194       14.887914934864330       64.269443695590141
       34.181035593132101      -76.413840119528544     -160.676107430372070      -29.205709670955923       38.092519804898146
      -27.625535116159860        0.320152479804475      -17.119268617100378       19.924380376273888     -140.214546448133461
       63.347375344827661      -99.610644736843440      204.674373381186200      -68.500378948515774       71.089525377262973
       34.431719754602653        8.311061447213220      -99.959727941296009      -18.122700135306474      -20.392283082307777
      -91.022086400665231       13.950751809007880       48.708408477905010      -43.058318209473320       18.698582882776350
      108.813531773060177      -39.550842653597563       -4.196700591588031      -43.268548337747632       66.837287232692603
        0.671737123360004      -44.439977312093248      121.522702240993141       24.627196162986444       43.241342355263875
      -68.104186550547539        3.773505543474590      108.195159780816695      -74.545292931897635       -7.240201253264439
      177.144472328468851       -6.853911479623430      -45.406113714484775       29.422636744264494     -115.264443603519382
      -44.637533713770388      -78.567853404393418     -116.134456352236896       17.347874924513267      112.181921917194302
      106.159771508683207        6.431663065228612       -7.516323597919530       42.268154696221551        7.955492164140025
     -133.655275665623265       40.969259675985732     -137.698102614150542       35.720902371970752       26.474596500690236
     -124.259121005115944       31.702415972820226       21.402830795113367       41.345226663841473       25.858600658637485
       99.950352870696562      -35.859217487014078      217.861482706971003     -100.786822865395308     -219.886331469681352
      119.741090664789681      -60.805129093304615       -7.313223442974186       81.070949268853170       67.531037735363824
       58.593555020993520      -20.762585583129127       -4.088999073500662      -55.969255318491321      111.523000141928577
       86.938059269190916       -2.008906337018728      -63.029758950182050       38.344358212208142      -95.794029016486945
      -60.782654061094995       25.558811167649971      124.260387302226036       22.074990087312194      126.354286516098782
     -227.596461483956773       -5.183299456899027      -50.646825112466921       10.655186851374097      -27.188228169563217
      146.238157687189471      -39.042832349782529      -89.762342351702586      -20.536512998251705     -156.363972679645940
      -55.653525368021427      -20.521164188967468       -8.299638097003061      -14.909925346258170       32.394684411215657
      149.224852839697519      -31.217553425309738      -49.332667408719246        1.998780349569977      -99.586573743186349
       41.995648192253974       32.997131414875057      123.268651254386924      -30.928985615799505      -15.038769089794535
       58.024845340930426      -36.623291982589819      -31.487617670536299        6.223629501849620      -36.522146840765096
       -6.140651541918817      -11.150219606169486       39.020833149943151      -67.058215164731919       96.868467373719341
      -80.093219238003073      -57.888719865538761      -79.712438475350865       49.071976712858152      -98.491043613336558
       85.414280272835043      -14.749270749545865       69.563051392984633       12.255328774786609       -3.628875757744378
      -59.694579820958658       -6.982932456161723      -39.720143624063830      -51.782445964233283      -35.676731326820821
       90.632448775022240      -61.678352413368430       34.944011537712385        6.572550123959136       -0.016651014334658
       51.856192132871783      -51.699739443586310       23.039024895787829      -94.030738280927892     -115.531405128640586
       31.837158977221463       -6.883403645953543       85.733449122633232      -14.931985553144322      162.381892969392737
      -68.250562454641454       36.472972091785337     -204.409507499223480       15.442916183312171     -167.911337197122435
      -93.319833463445647       61.979556069168375       33.176278974621013      -45.023408583110516      141.201871512075797
       83.689612472704624      -85.328190383615151       64.488280991107615      -59.628406201652837      -36.503546815689141
      -84.978632840443879       39.980055115725698      -28.307956254831002       31.006848135327996      -12.631060671538400
      -43.737554932301094       55.665379127618095       73.676040529089533      -21.729587568587437       10.978367924363477
      -51.729997336555599       64.434570329991672      -65.109132204311763      -21.666349672948051     -121.303500700889913
       20.984854941081817        7.432666699982228      235.237252615668211       22.607235391617508      -58.480026012879954
     -146.067541780453439       46.446917166206596      -76.517763315163350      -42.902291853452915       96.775502904200337
       47.341264329276818      -11.270462507710127     -114.454851411375586       15.095542542172423       56.496958112301328
      -55.604729965212449       29.668462751851212       42.988676071081258      -60.293558775874494       58.627216460063607
       21.059548018970101       -2.764230125451401      -18.649168048378403      -14.528733902156006      -52.807549211327760
      -43.621214695480283      -53.139113652903369       34.707505018584811      -65.031207247073098      -22.607617676587012
       40.704469764065074      -13.386419036478131       -8.353014901748606      -19.904437885535227      -11.766820515603838
      -25.808457282292359       58.832852103149634        6.330666844464564       16.927032151148762        7.356413846898724
      -79.923201927396008      -13.377173579727865      100.083707883161509      -31.909487297174483       74.368598800599699
       93.630013292634871       33.366261326525759     -152.310832829138832       61.806656190252504      -29.889778525674139
      -80.711852240016810       -5.102672901206502      101.218123021353350       28.486584008633475      -44.287774756929828
      125.193983362013043      -59.500222438115863      -28.156342892879334        8.432577696285271      -76.865343434030038
      -87.665687851735981       24.078734652179570      -23.038642754394196       29.810011479409440      117.206051316025764
       73.037173628612479       57.232086634854696       66.291043616469651        0.535369889847517       -6.137315169201245
      -29.394530488936379       10.113286922474018     -138.873326586252603       49.863132974908538     -154.517777992223671
       34.803965943957358        6.559546090172788       96.517570789369884       21.787242982310136     -114.881974414371584
     -177.940124599951872       24.798664809991276      -25.707827860009488      -25.527516536276675      -57.830778217340431
     -100.731620073814298        9.099889287628624      -53.517213948506601      -13.919090934469226      -75.708397776772685
       87.622276143753766       48.005702678105749      104.851037642891882        7.167453443692478      171.147406297027572
      -13.646670467956964       90.307677238867143     -102.049224140684643       47.741768541962358      -47.861469775923247
      -83.728325831980968       40.131957579700966      -51.313534992219829       18.720097334483523       61.410721419433749
      -15.156532182621874      -17.505187105886030      142.962009045732827      -25.913884017745822       45.404915749489014
     -189.290575311504455       61.811294332449947      -45.569444181814518       54.268334758247683        2.778474246078547
      164.468092719846197        7.145327466815808       78.997922964453011       72.761918771835084      119.203718730313028
      100.417626121191091      -43.518381374059516      -42.422590422006508      -30.412856201039041     -153.779289364163816
       68.623243776349128      -24.579112885300084      -73.724695176152579       87.217177472388485      116.091470435662316
      -87.178222247996473       50.021208640467954       29.122488348751176       16.621822796260421      -52.229788560014704
       56.414120910745083        3.144569861328550        0.234571473744614      -13.046504932574624      -54.162825734731207
       10.558457574277435       -0.872417228159958      -40.857490095901319      -85.582342735049338      -41.721616689983890
       15.865856388117237      -17.138996239866238      273.744837283200241      -54.949457226359968     -119.148212074974779
      -48.118193428287121       42.075381725398771      -95.439376504262498      -22.966474580709544       77.968938264375495
       39.538811924467723      -34.803821013802420       81.979241031803426      -20.965010063510913      -33.577756230750737
       91.424259231443585       21.640197296081180     -112.463926674737266     -101.744357584995626       50.947543553109917
     -204.281724091969835       36.572316040436995       99.245703211677622       -5.598945326796737      -24.885478771359431
       27.577954064206892      -46.029815452434896     -182.327134228063017      -14.471988067182622      -76.245790767571293
      150.750340515455122      -30.049798412666735      133.925248644855088     -112.330530127163144       52.770447319303727
      -61.390764837123740      -11.777144442813460       12.602946257153137      -51.229324352553952      -40.656150653130574
       58.569624352641519       -7.022705832211743       83.452106723310280       62.966193212336826      -67.117364117875013
       67.426845389821381       -2.675401908216138      -81.128952544409614       58.025586704947564       -8.222662557671589
       -3.746324929570607       52.679359738917981     -129.939728985399313      -30.549558202588592      135.590859734794378
      -28.643922378443083      -19.359790052475880       88.737083500349442      -24.384243385080950     -100.492217690269598
      -83.133472684227783      -38.370813974841582     -200.938364640966569       90.247795319124037      -28.206177338965674
      103.686853806056433      -42.341186446950459      124.014960544973050      -27.038239564339410       30.142381507260808
       36.158809327903079      -63.021156382675493       18.679972342844408      -19.565904923383176       29.499913245738632
     -135.242269329226417       -0.844634036303933     -200.991309501335706       66.495175171146258        7.238020575769553
      -34.617396253625081        0.690501388388433       46.393376609154501       51.841334006724729     -111.363155003815933
      -54.381879550269076       44.932575406417435     -111.871810190038659       40.924275864934117      -87.366904347699858
       74.531039818948557       23.271766958271677      -51.025387794687539       70.182253163026246       85.160579938474342
      -86.684659613711531      -13.566526880271489        4.695421294162596      -25.021908823897078      -79.178459314697179
       81.411374073279120      -52.097291586463506      143.565439601665162       27.413765781239263      -44.556134486216628
     -106.895089225352734      -32.624053430823061       23.486461253592719        2.762460027578432      -27.833706415478908
      126.559109114329345       -3.174125479627156     -114.270841815580198       69.738483907376050       89.014891849000563
        4.337736094745432       30.203942038329849       17.276601338214125       -4.713847854661538     -128.149590949795396
       78.875796192713466       -5.503970393272559      102.482922248448688       52.518299894018170      -14.298923698804149
       75.364294096876563       33.510852590318976       19.649036396892384       -2.480059872755106      -45.232142951608097
      -54.997426500645993      -30.700290843993045       37.600010737957433       48.763174599737496      -23.048651832649270
       10.327323321174720       42.571591289924292      -13.388247001853866       26.291075234223154      -48.738814067269892
       65.506410542443689       -0.876433884296590      -48.534208943821476      -32.050515838327733        3.496592402673021
      -34.847670848650012       -3.869415759416909      -60.240766692545073       22.818266843840359       70.569732037947460
       87.660456735826060       36.174051579325656       21.066723723781994       -3.027804051806685      -73.109832085534805
      -57.106565287992815      -29.681614568175235       81.488862509383040        3.247488238975830      -74.682362783346093
      -65.672053077779083       16.878428316858425     -194.949209948280640       20.647620748614145       74.010710784863278
      -66.543880307511600       14.810915588529289      166.126446855877163        2.625214597801420      -50.606699051359691
        0.864159929970325        5.921288138516806     -122.361441353352731       25.195797081830527       17.214386092010844
      129.093167139543340        9.421440872729693       10.341383883405019       23.742382790859963      215.271399572539110
      -15.804999252156957       69.139681475266613       55.579700098139078      -19.519349494703654      -55.573647383655157
      -88.107078145695482      -12.295613008009227      155.026911553981591      -92.751205267122074     -215.918101613985556
       64.194159546451175        3.794083191150765     -181.871625743619404       25.798888435429426       16.057113336653138
       63.884365996469697      -38.333401376584547      -64.128510586327081       96.137900635982902        2.680790331326490
       22.048651755712424      -42.580502894670140      -61.533052267024942      -28.264847536874122      129.133332329865340
      -30.348677052067416       67.931380770805575       48.680222028686217       13.076754344807556       -4.257989456267071
      -89.683451359641012      -62.256320281011973      -14.910045465483419       12.294709713844247     -118.465324377490347
      103.973884194764551      -17.786970305731256      139.211185610530549       17.396208093666292      -42.707707230359404
        6.493210417592786       91.883446785247060       48.403870357853577      -69.490456978584703       32.679908310421062
       13.655722415520648       55.418906986075939       47.839683739043913        3.195081434779840      -57.603820202824146
        8.331250414570340       46.439904640645302      137.886940618769302       -9.766363794429799       42.761168497996856
      -55.720325251441110       39.868532279219615       14.278049174376584       -4.182429507542547       85.822234362060144
      268.063646967321972      -22.920484296615868      105.231022695225789      -48.990125993625931      -70.980868719456751
     -129.734361419999374       11.738515507720310      -68.960137104317297      -61.446739511373963        8.768550488524534
       51.715007499744061       94.544780228326047      -36.190470282946414       42.090717437348864      -73.294978989241031
      -92.332159863581083       13.686499705403593      -55.372132809097032       11.959020193787751       48.402253826544190
      -98.969557415470589      -51.819301060473386      -18.329472660904550       31.865075071811180       23.045610466829036
      -57.050337993126234       34.959052061718296      -32.352904839241226        9.831322456148447      -59.343786067661149
       23.105881738542038       18.688536507662491     -101.951672852930315       93.922741450959847      104.951514229936592
      169.322874496674928      -83.607610914960759       99.877867108512987      -24.904268832447475       -3.564536614286852
       -4.842250974905199        5.185582676563137      -87.639470719165061       11.740723517880074       15.454160666866725
     -151.401899300313943       12.119205606632230      -18.939953287692376       79.031143438987840      123.344691484113596
      124.486447888941484      -14.145004643627386       -0.090076237954348      -48.063385758661212      -70.060147849291539
      -55.850152936515357       -6.060367311858723       14.605117180476674       18.911580743400840      -45.529090467075093
      -66.642168945081764       88.902036837831901       58.736032801135103      -29.135396020033458      -29.411743520584910
     -107.197075128021922      -21.783087619316934       -3.181088318803881       19.341920133676421       46.197336851097091
      -84.525709487930953       36.865276198776577        2.836878953594456      -69.633626178757396      -44.865508015111104
      -47.048576883343166       26.039896688085225       44.599854049444119      -18.759250405317754      -77.465271894065140
       42.163528825842626       23.430007514997783       -1.449230660836114       -6.389248166437286        4.677253297331648
     -106.331581494245341      -50.741614132507642      -27.275636448475090       41.314229498667046       -4.413909748238527
       60.533018352181578        6.136123948200561      103.156024967019917       36.976701834768370      112.639383844293064
       12.409459604487820       36.891420375856470       89.462841175066046     -121.538832445243955      -82.699963441996914
      102.551680480498035      -77.644964741142232       69.550744581977142        8.299042751383727       93.131751692400442
       90.849790263684142      -54.022802304839495       19.337117137726235      -20.096254403050178      -53.702754810866381
      -84.603028038022728      -19.239340306264463     -151.693073606936537       30.243007892047849       92.890668367971756
      -59.092961287659591       10.916188946664612     -102.091978054846379      -20.887726340668319     -133.768971808193555
      147.626855316142553      -45.329865535695234      100.115521029750340      -45.612044367244110       95.689041343411361
       14.398885600668883      -25.155508583823295      -38.473823003189366       11.511004635898006       25.124454729980823
      -38.148001497942587      -34.078155491834025      -16.587824404976121       63.981117751774121     -116.050810353806853
      -39.416714016799325       22.444998526930220      -76.368952109622469      -48.500097446826082       78.479063103004066
      -55.772189553456812        4.014347138003371       88.366723853679773       72.034130723187161       15.394011873032673
      118.923634895542321      -31.105690425472137     -115.528490080957909       36.920726514337865       41.313353891357472
      -27.699629671674497      -39.392458825854817        8.460509169778792        4.156326943699875       21.991931851723997
      -75.422078579701548      115.341054805468289        5.902937437328440      -46.671306169626916       53.659996706763913
      140.339508304087502      -49.478369607913514       54.640347508130233      -78.353290370849663       66.472222829088707
      -55.827588825383607       98.485566426405754       27.552346498029181       16.627861080861113     -131.616845707401779
     -183.506371125202435       26.351554775226663       61.536661966365152      -27.449865643613315      -33.256793749646924
        5.720604331507904       10.080515646662136      -15.597933272764671       34.157437006353391        0.531079660321107
     -174.257599698558153       27.217081942413365        7.231209020908618      -19.498134894355072      105.768347688979205
      113.808319557806144      -36.994139651041898      -29.741756106722686        1.494893354734512     -128.704397016219417
     -114.293651599561215        6.116476858629031      104.661494349406937       -1.009410063342586       97.550213058563855
       24.667663947053132       19.602893425897459     -156.500472247116164        9.013702219812499      -44.788972775253363
      137.388281076759370      -74.362965425342054      -54.927744680824695       64.298750892279486      -51.967909883216677
     -106.324789151559600       31.098269699592247       21.932196890829516       42.704123513612053      109.600446429043572
     -119.907351626120459       38.050491418302862      -44.817856635868374        2.022033152924451        7.971381569628785
      175.748701284693169      -42.472673525085000     -106.412143517611071       15.047096160456920      -27.734939500202547
      -83.108552291462985       -4.764357152859998      -88.508457787931448        4.715666134700745      -66.589708333346053
     -121.836133749602013      -12.232267097683486      -94.067253668550023      -14.366211519953580        4.912129584425947
      -71.609940402983668       -8.938894350017758       23.492716165137232       65.551458449672239      131.368841207301898
       75.210941814795589      -34.844889095795033       60.105636412976644       45.561098653353355       29.796719357278171
       28.941741929647311       34.791677854997126      119.308861120212725      -44.870459123164416        2.259494654444619
      -59.800844253497488       23.501834304341749       46.169750017640048      -18.721991646375063      -94.480620775483445
       17.628730796238521      -19.662852551129472     -112.782063939652858      -27.941988537726210       32.728505778649506
       21.062354487067218      -31.329328501511007       37.328801375367519       19.884971990558746       63.245151343438110
      108.767507830884909      -50.781479068077282        9.276009136948382       -4.472644739870994       -1.142690481521497
      -82.458914083919822      -30.724345930648582      -79.337160639882853       -5.038285778468169       51.410348371090670
      -38.334836359868497      -46.015164678584398      -12.062186201475605        8.595944539613628       15.726693952662851
      110.798051307148199      -52.910579693424502        8.956977553850097       21.801130322170760      149.097185942001744
       -5.486700719119662       27.323996504306397       32.772608864366205      -15.237584071953817     -112.247125949374777
      -40.139449241547283      -31.838028667077349       98.228886735198486        8.272180266058054      147.840234687291712
       30.041994101395325       -7.246553613204425       54.597794303810609       13.907455538296420       46.588393682261731
        0.757817385864235       -8.523125459725680       -3.717512552171314      -72.236462038190382      -96.206276773867117
      -16.821322886068049      -47.037355214453569      130.280312612732189      -44.817567568026959      -82.388327538756442
       16.373830353512663      -65.155406878710025      -21.538293772647652       36.311380996961951       52.968573192883177
       80.972841361869754        5.929353722942057      -93.482428883184696       46.477537096980271      -36.540758606982600
       -5.251399752780656      -37.261233053641064      -37.057718336693590      -36.372027828326239      -71.688576454542499
        5.425523334214750      -27.982927466240291       34.910093441777164       58.137754538593711       35.767998538966140
       66.183004368168895      -69.673577775387997     -133.217365333041698        0.292151476981761       16.069479930767429
       77.307074334720852       23.706790662749817       26.006284302369178       21.193017796102517     -146.484936708965421
       95.851317778987820       18.391583497942580     -128.168690297658515       43.943453226904353       27.005207803226853
     -198.511397509434403       -4.414998680813312       22.197083365549325      -25.617887561087006      -61.720760678747425
      -38.528542006193682        4.715898936437336      -21.608274311870321       37.991868313441451      -91.680012490610238
       60.760128190877168      -13.397218858460111     -117.392465196629303        0.314435311167027      103.002196425860262
       -4.670857404336350       -5.249820768173916      -47.689253770128268      -18.159867670292932      -19.561353504756955
       71.444458760883663       40.455132568835865      200.884997252795984      -53.213193637451788      -69.173566567283629
      108.195237825058953      -46.064202910425202      115.650517401288724       -9.946904069364450       20.501108885628465
      -77.736985271873536       59.144842430101498      -24.143243536863643       18.125069336779415       21.149597224528414
      -44.915814436399906       61.959487418978696      -89.244976386400353       33.594373979379164     -122.389917661496213
      -30.668035815322057      -90.613441106396351       34.937774693380639      -32.001309478106791       37.824988972143260
      144.355819507354568       -2.448897715563697      -76.704492704168885       17.134486001691634       82.523873786064257
      109.237145733701865        2.475670429029007     -219.784144495830702       65.722438427687365      -79.640176776607845
       36.618568925945873      -41.686407252754123      143.820538080450831      -51.858360877951014       25.078329427395460
     -121.305312375036820       17.427449840418873      -71.383744961612578       93.456573506923277      177.794206356635556
      166.623891740990700      -66.722639080435286       83.425613221549781        3.953792948385430     -107.123556582355093
     -196.655568791221214       57.218788672396798     -273.557506266161795       82.874542240673989       58.675875007529008
      -35.867970778571802       33.961338830692632      -12.226674148537672       -8.955821147950033     -118.234634113896917
      221.975792346117942      -97.364162446844063      -12.777603033508397       -7.786047220122788      104.764062081171275
      -69.129352937225406       21.226090660309179       60.601163581175143      -84.984845695583104       11.415066880948311
      126.387168569921585      -50.059242265986732       32.142571765627999       35.518508237718848     -128.155049757107292
     -211.813461703326254        4.483561888296288       42.031324023118273      -19.879758235831012      237.612393154025057
      -34.557526458820170       26.386497513128148      -77.462693201900834       43.645900665910133      -66.352053656244479
       31.094810970323074       13.746133520783198       82.204916156072116      -48.548472808449340      -64.923865173588268
        5.929673351769299      -18.981299247901241       20.547713723713294      -49.448017778142955      -13.413655849756479
       76.864066701782633       31.541151843042051       33.311693620114717        8.213293128619378       97.308713268460565
       45.076725781647184      -57.507122476241960      130.887095694612839        8.374727548260884      -10.164130624126226
     -140.692201652492230       82.269977741839895      -62.513217885853003      -16.863523743981620       55.823840310942217
      156.416249639102318      -58.655153586793645       59.249654125737138      -53.080026507488320      -46.814636484520499
      -45.448611151159405       18.787395234767850        7.918865433410208       60.421397404470177       46.269167943501415
       49.551146456881632      -57.329519559882087      -68.922489861504076      -39.802071208494660      -32.181568450418823
      -51.199843995896146       -2.436995905551884      -38.003853283561732      -28.158820719797387       -9.640584782820351
       23.249675970417258       67.656429482067509       38.558185400030375      -52.744125113636734       48.448049694572035
        5.268522399485463      -67.933546687302893       27.173670752102886        6.442125309376358      -33.892442041425426
      131.666582816203771      100.512577651829062      -11.166845829090523       19.978372560572399      -41.755704601006137
     -147.269868065971423      -99.791580830843273     -173.792243265667622       12.253389041387377       66.298148900189688
       32.656874480378136      -54.961344060690728       90.025528813602364       44.194450970195355      204.392071180297563
       25.190692707841706        7.282625376633513      112.197095384510874      -61.537238456900383      -93.095242864388183
      -59.179702499947624       71.388949565234796      175.673504332357055      -46.521172321222465       24.468695767631843
      105.796653141663811      -34.489873250204532      -56.126289271344774      -25.872054752329316      -23.892295333689486
      137.561173728761503      -37.618077104431471       -9.130105564775604        9.542172743523116       -0.144096375383030
       -5.550509839671179      -93.913297823508302      141.461056365909656      -19.345581551125541      -61.000951232933154
       87.897742810049849      -52.299987517777723      -13.284506371455578        0.268318727588565       14.551022781072893
        0.217503409772453       28.932732201406090      -28.527113845079828       -5.391406662331538       91.633211962456926
       79.243486068059568       11.294476753778074      -82.684003065614490       27.824504338708056      -17.778452638109187
      -73.659874613685616       44.257775437633711      162.175079045338720      -74.293546897940885      -86.069160310659541
      -82.444943529855109       21.931353105202930     -129.129388278262212       23.889414114289753      -23.763273574718941
     -108.893402191933390      -41.684121337246147       22.853945764716929      -16.042148265176856      207.143618710221716
       63.007370762188074       28.953379758033030      -35.180500027802765      -19.027664830753533      -24.266950432034431
       26.968750608154480       15.751471582815007       33.716757975154941       -1.013214751542185     -136.352561686547631
     -100.436621875617320       -7.366057783331948      138.020019984750348      -27.225277111277261      -81.486142801444103
     -104.118781222517882        3.531034137208645       66.194851017465993       32.699628770481418       26.363348569650523
       97.824305470918077       26.412480486719023        0.858389102700171       26.152962124892884       71.568207259028142
     -189.349903952946022      -30.902722600518700      -22.363365411106400      -21.046159981224989       78.440657414296624
      -19.593779947869916       19.654345036979251       57.518374088746903      -10.955572991508184      -13.434595587717535
       62.154423953836435      -34.391143090116664      -62.130347447387841       -2.309278732506919       18.841393600246366
      -54.512513272428322      -38.647164936396663       24.217530705653939      -12.440813389828449      -13.720754599539191
     -108.941983859641326      114.769838501863347       -9.161738269191099        9.770802350015211     -134.121988403383114
       -1.385657872590958       -2.648207084404064      -14.348469640944503      -20.874019434930577       82.669708599143519
      -87.580206206182211        4.048983162008994       56.478570795213322       39.243100595103350      -22.367048172396434
       35.649394018705728      -43.452633647953412        7.238955461523326      -37.433589715542233       21.137843026852050
       20.651730541995878      -46.783992480593369      133.328754232262753      -55.287336759493968      -19.895938514884193
      161.834812860224076       10.527694418922817       25.739254718021101       27.902327011092879       93.991729916576901
      -44.947694616569500       -3.222343178014717      -97.642205779312405       13.460974295214209       -7.818820946316712
     -132.534393520296248       45.185194379810390      104.661043576798079       26.675214916213648      -44.775777955189760
      180.864345836002656      -27.177657801756105       72.272823992292217       -1.287298851427261       64.383865381443826
      -67.917045578836934       93.487185014938348      -30.143947851513854      -14.900556842762660      -27.808162861826048
      120.622672435142235      -27.059434092045489     -150.755715782784478        7.358944696636858      -71.327820693181181
       -6.222958540100758       -3.501827475528490      102.043100328572109        0.782270410841941       35.972282207482337
       19.744761316703254      -22.300566376675871      201.205615702407840      -93.870086624205584       -2.472715197859794
      -18.837226789326298      -11.398124133706446      -73.446087031186195      -46.229010432982747       74.956228272681798
      -49.115077569773725       45.188404536450541       53.918125109925114       38.739750201058378      -59.409476439568373
      -51.492466037668294      -24.261134585807341      -62.566900883880756       16.075318930181574      -84.018158395258155
       93.059630562507337      -76.688029885379720      101.251392400913957       -5.168749791069798       93.448256095027006
     -151.132831408413296      -15.719108711945024      -80.465906511663817      -62.682240822479038       -5.905544711043654
      -43.346637516795852        4.929843742993341       78.298114128664622        2.635836146235015      -59.649263502419394
       49.410619827584547       16.073886416220912      -34.554360595590573        1.330209387909401       -9.049487611360790
       71.959308981869384      -55.212417682017296      -76.694624913117138       14.872311466764431      129.446741821834735
      -46.967972879794118       84.311908397574527       56.178027841319903       30.252205471461437      -87.875501408739467
      162.027172538638894      -62.222327881389504      -73.207515137385997      -20.216781690929402       87.272784677909883
       22.089164987262595       -9.140708486051851      -20.386760480635022        5.312345860424309      -99.327969178841997
      -72.270928889094080       68.341313381422111      -46.857849305626345       17.087221098342180       72.322987813291704
      -30.133167783199205       20.296485521950057      195.158343504779310      -20.647867625090981      -63.183409186206696
      106.425215766510732      -99.502309087525120     -222.270701347297518       37.260203944846047       80.155942673641817
       56.902328767780681       61.623688699152694      -33.664101998733848      -11.066132748479697      -92.725661955744002
      -24.504834194379967      -47.215915518959449      -29.176847941664231      -30.576340975574919      236.646036020858418
     -174.044189198806606       25.755303766130790       50.261577035801075      -42.604418352076046      -89.395210786404078
      171.820305258556544      -39.314553451753603       45.317234851870865       32.346926858052612       -0.076979165888976
       -6.664820668084041     -111.729240647297672       -1.002595038513463       61.296974700375763     -154.641914684856488
       57.127092198843748       59.462970630547211      155.799344036947900      -13.863148815069497      -44.174931589111395
       47.314232654220213      -30.135629671443510     -138.694838751832606       29.433024880661918      -64.871857881097796
       50.612118170362216       41.760417174010307     -112.427850596671533       91.516870288122050      -41.533268025937879
       39.737862871400338      -43.174716931899844      116.349273254633843      -10.184806000157311       98.306038239224023
      -28.356042541861697       54.898586822453858       97.396139465901356      -11.964895980677863     -111.701534112755979
       -1.823011475754137      -27.740995780168152     -145.329561211784039      -38.618894545954198       90.456941680113431
       -4.101183532463857       20.106489721034375       13.447133404555784       29.503505818282740       10.913540357685287
     -103.822287297333645      -53.367829135941250       27.047694783568723      -15.685378148830573       62.898717462305925
       31.525663058783660      -57.739081732705600      -34.930133830301656       29.481651811587700       82.615814188435181
       73.396959943684067       19.681110208911786      159.316827567814045       10.408159178261364      -29.586693809882917
       -9.992646545711068      -16.142967756450020       80.680774989341884       21.410986314365140       99.787681585378323
        4.865434213319960      -25.112344245998909     -183.158587524906892       -5.417734524724261      -40.034706764859976
      -81.838937683588199       83.230732640544048      101.476220864314030      -66.205271071651254      130.172858038465165
       29.585414334175105      -17.093736112221968       31.745870336292512       -0.476063733111374      -82.173716104188301
       25.291364743686405      -17.755756414686438      -38.445960940823880      -43.897586841024356      -45.452883346506333
      -98.811912133449226      -36.400973801746012      174.568238284668865      -13.159131780743643      106.339610301640775
       29.949564457711524      116.807164666747497     -156.369683254210372      -24.619259259537809      -39.218676305508538
     -110.332596232075019       59.365566937030003       96.323282904495812      -52.421545143546560       78.971253487250507
       41.417968031002118      -70.292786565502823      -16.405143758765586       22.307400348186352       20.374225068937935
      -67.149651475185152       24.880821779252898      -87.135904393998572       -6.231121236971745       64.088822423574982
       59.666652508043185       -8.532044330572345      -30.059451976743823       17.307714332342179       57.477139840288054
        4.995281161479429      -61.496212469107107      150.724103969223336       -6.193643353068568       -1.373908886796638
      -18.819226737755525       45.032805409190388        8.815604635611887      -34.003325898421295     -122.317135527378753
      -22.197262044447850       22.591987301601641       90.759914461995095       -0.197665630485074       19.328560624439792
       10.974053561805084      -39.922168848100867      -29.113246635976971       19.303524662015885       55.920377114645852
      -56.206496203106930       24.398246504080728       83.538282032358879      -41.898804782170913      105.297317836953354
      -63.216038855099534      -11.459340192629826       12.033664702540975      -25.810681762787283     -174.319150603280690
       62.831800120051632      -41.375660808013031     -166.854342704825342       26.607678304170587       34.522442934925351
     -115.823773675770227       44.180396630479727       64.711128171675412      -16.865609775805648       -3.008964513741190
      283.563508234570122       12.125824825002111       31.386900077390813       -3.933054670070456      -40.812470481988342
     -158.026312213615398       84.360007555875583       70.796391420413400      -12.524890344865382      -82.931745435271623
       99.334501708680904      -36.639075380738682       51.631110999526300       -3.196033245591228       77.462734468304888
       82.787242194104763       51.292434592873832     -112.092267820439190      -32.236424659250979       50.008017325298887
       -6.264264938125469       -5.422606910040398        3.473382263831574      -32.850027972651176       14.892502174857817
     -216.224581428526506      139.513162369714451      -16.616328993275765       31.383991561273813     -179.071751853401196
       83.252379977172509      -50.962199223838233       42.130114816901489      -35.034033508363912       77.708775494457498
       16.442129427480427       19.039365522444658       52.334451409003492       38.139693481520936      -59.820845391087651
      108.906246581721987      -42.208306423754713      -21.729675274781332      -68.541852675509091      -41.047745321389584
      -54.067731925288591       -3.547972660523189      193.953375435108910      -68.277003294217110      120.866826815892011
       48.725314702273288       33.002453974572262       28.052881056381331      -63.115527326794869      -28.990879844757515
       79.151381051644933      -35.493278089250936     -152.528755981884672       11.658273596827495      -19.560771971975861
     -100.702500250396568       17.951752957186486       12.122797362847555      -30.505974948523399      104.352449495386850
      170.030629911458163      -51.717557902968551     -110.214890618796744       41.134209411776560        2.497698078117393
      -44.121840908145707        1.463994022638009     -165.869779946993361       39.563936999839754      -16.503874066724777
       33.917482400602260        2.411646550701264       63.366417804885970       16.785507764561956       49.948044750581673
     -137.562821208162887       -3.599658637805015     -118.333466039916374      -16.134677076192496       -7.769178092785219
       47.984201471953227        7.500605663583404      -15.185794501218789      -13.233128936152905       28.823934693563430
        0.256556823926998       68.294387957149254       93.975199938716699      -27.435496010620472      -93.029740942203247
       31.286821888579581        0.666283431223096     -106.207924107790788       19.963188162625109       54.734808454621010
     -155.273409856940418      -23.209963908166809      332.555811192271563      -61.929615640039323     -117.237013191784953
       34.951537866867042       11.185092762505388     -219.860742915933145      -23.407335305732524      -10.218971113722594
       72.656564989370182      -91.042205349463970      146.948560139914349      -31.081101032458509      148.755008507841410
      -74.741474266448293       37.035520499243297       41.689878008066778       27.856774456935842       34.222424221033926
      104.429711091692198        4.419753061096480      -66.264107499509393      -25.134431751839600      -88.677815953230521
      -46.864554500822919       44.150091086907231      -45.477371308418846      -29.331173251074130      -75.411956512586514
       71.314433985609895      -56.641993937839409        7.016481692330881       14.975555842402841       70.251249949295143
      -36.121631791352257       -6.014962567773696      -27.287113118442754       30.250720176806869        1.880338287969618
       46.028919680667592       12.438338165963023     -106.353493998170435       53.047770135590717      -17.722386328835753
      -86.734057785329313       -8.063792059554531      -15.035469732448169       -6.427394222851728      -53.368056656965379
       28.691580160023616       -3.338676081813774      -41.064609770683610      -37.455124332314803      -96.197384281318890
        2.975123695718850        5.071208681667104     -109.672965628993154       -9.174259255874174      -84.915083163442219
      208.752429034613300      -78.062207027225782      -18.632513811533631       32.188265350024025       86.519008310183068
       -1.984311817656811      -13.572262890214223      111.571725465023547       -0.533715082095524      -27.636918624830095
     -166.164013974549306       81.396156309692870       44.108283269102657      -31.230825138174072       36.371781002944303
      -59.400189567921345       76.293230739733872     -142.811495241728522        6.732495983358129       49.256167455084302
      -40.289917172412203       44.169910423366346      -23.996455207297505       26.358003019664309       43.095768670817328
      110.852723473842147       56.947557431345658       66.147662867462870      -24.098801114682672      -17.937424630034602
      172.253907846193499      -42.233051742821807      -34.874384107726705       14.234967537080831      -39.042819905784192
      -76.774111775754022      -16.661294729259389     -112.091560662001584       37.314872716306603      -22.190133821344471
      -24.469293636849226      -35.676849297410101       12.271687942455582        7.121188461233033      -88.274224447191287
      195.550588943417353      -15.287164741400574       94.095975020013626       -7.566023487111934      -69.877781113687334
       18.796611097787920      -26.151050522507084       36.521835510849932      -20.342012146431031       41.044232905279124
       44.776757127587658      -11.517178478278824      -65.842541899375178       12.490478383789894       56.735007677634300
      -84.361740167304390       89.095516095768517       55.643799965334765      -21.691031834009454      123.244449665194921
      -59.813866015834463       68.463785792736488       -6.736666672362324      -38.530723725092614      -16.844921330827237
      -92.223515464490788       -0.094545651941882      173.097183468069943      -83.412797448171929      -18.290290874272067
      -17.303390996712103       36.969309198527519       -2.220123590987037        6.724247825965788      -68.396225576739141
       -3.321060571931093       27.815952821774069     -158.626634616695299       23.320119072073606       -5.510100906266574
      141.304175869859677      -36.389268474005696      125.271101567834279      -12.476141054260575      -95.010305304184854
       45.930733286023020      -15.336059984714247       45.805384935273700       61.613667076379748      -55.014897288068454
      -34.387121580004127      -74.487514659346587      -82.828362531500659       17.210714424571879       22.340580487191620
      -87.209964427550617       49.055303129224001       11.055399136061594       52.613550568482495       -4.447518061839509
       -7.259421154633857       -6.929788543870071       -7.082852460044784      -35.691982854114713     -154.493197083546988
     -188.345254207184155       37.186325364279782      -38.256353655018806       57.790426593222023      137.261303290170986
      158.872502284459642      -10.415409534668038       93.928346153108620        2.054436467678510     -117.337851884456640
      190.518785059776860      -68.991981425924649       -0.173119309743565      -37.362361030474837       21.918410566809705
       18.328361006758392        7.087483558453195       54.037735538415355      -45.503573294103461      -41.280221702257045
       21.618123477930943       -9.837067308943128       -8.598595928651768      -11.589116927389947       50.427936950510066
      -68.690290969174896        8.005937927890265       93.133790613051517      -55.793392937879538        2.354352684873581
       85.704271444132132      -14.577307195320229      -89.682885807474989       30.231274285747123       21.687730897395422
     -108.547352090625552      -28.049771021715067      -41.275705110831161        1.802413291535995      -53.395079370689182
       -9.371337918429962       44.592439464958218       -3.472844901683909      -11.058390625270977       16.912960778626566
      -44.107504286007632      -26.039269942587840       35.550807092127052       -3.585243270301981       87.269023958121807
      -74.464454528523191       20.648034952884089      -16.874187451152419       15.702364123342745     -109.745710593380650
     -144.382236598255162       70.406059050376015        7.028215004917654        2.184855754015472      -44.425127339215599
       85.843239044289831       -9.552071228059280       40.284131875299103      -37.505564514554663       39.542049521691460
       78.894600876859016       -3.953840740869864       73.873072394555663        7.091813119553843     -107.983912314848894
      -80.791246325351523       22.052570753110309      -17.324262100909671        1.039404865475207       50.878686761606971
       89.174006573243631      -21.232095412202423      -88.096162522074366       20.599007175705381      -15.124501905800971
       79.762206038585049      -27.554244237469970      -83.024753877682812      -12.119067498141353      -50.887041307928911
       -2.589366666016327        0.213137752339708      -40.130402191783041       -6.361545885833034      -53.419254674641884
      115.433125951922079      -43.892987030436004       52.514476249975438       54.496790905983225      121.112193952904988
      -68.272038282587204       20.449307535507540       -7.766626661013321      -17.244410134170717     -138.398583668496514
      -35.068839881163129       32.681078189170698       34.215501271680864       -0.976753766688434       -8.343257482045672
       67.866881656723805       -2.681008556429811        6.472297220222683      -10.308282093998498        0.204651176936212
      130.844211709627871      -47.211087837566332      122.410850800397824        2.671044168563947      -36.679016114289858
      -94.014647134957798        6.836795039765774     -173.870506857200724        6.598825443587692       73.488110588445593
      -23.882745601683062      -21.687925736639205       -9.298506925422840        1.593367690446024     -111.291958583727705
       85.536604762831459     -127.129126464668431       42.981258750877245      -23.038592978070263       39.211465441345005
      -34.671356043038209       76.704553960829742      -69.525106044475223       17.758901363506595       14.317077175081101
       40.333786140677127      -59.712924138461837      -52.503355991172725       48.219286564673304       -0.973353613838924
       68.448869343072630      -78.438301153746764       88.138168713835071        4.895262512886871      -94.626326719210098
      -84.842360352676693       41.766539217865066      -27.238249119959168        6.481111346295186     -125.861408330025682
       17.821686994426802       76.398604883493988       -7.949019383581231      -36.584753853149707       82.600175838571317
     -146.596387810259813      -16.795603405633209      -34.243071978005588       40.351001740689973       63.701930529165914
      -93.527684074585480       12.079263627951166     -137.077891192757818        9.384915426154262     -147.226681381129339
       11.404149360945631       52.471505438238459       21.963357732738864       17.434298338268533       96.206605641311455
      225.300360247102248      -22.774736125837112      -80.682519393369859       67.645324619415561      -47.607104168433622
     -174.356550888169664      -28.077927116266697      -35.447541254123472      -10.589473112741269      -55.711618879463330
      -36.829542348018691       48.696523839805081       70.580274561058602      -68.961061821463375       47.240650650515441
       32.992883414515482        9.509418342228066     -208.273172377203963       48.131727766436597       54.805231770974615
       39.657067492377038      -63.360655793937553      -14.362409203502846       34.817761100210895      -83.124779814046406
       35.451938884261473        0.522785840002208      -26.310257023398400      -71.572886990700027      -20.435048627935597
     -188.874451790100323       36.619921617455077       50.210792402789657       40.828929933592363        0.531729805506692
      247.635256119671169      -86.242990437196084     -159.780244448489412       20.567987743542101       72.657107815200916
       36.379191377690375      -74.227052418464922       35.149852332266185       50.239333546809242       71.517966038000765
      147.297283397873031      -28.005419079087609       35.504199745095043      -20.415673197296393       76.380084919868466
     -141.591192813023952      -43.029908551143272      -80.825213532481612        3.661217230820501       64.221026732763406
      -55.459650356568552       72.810949885234464       54.604623960218809      -41.800119142051678       26.696813664237318
      -98.258694175082042       -1.740240899895457       -6.371923240987041      -19.492051604916508        9.004774114208836
      -55.539213366496519       17.233137620398534      -23.161224620536395       10.298376949398184      -18.279680116128382
      177.911102698068078       48.123350837542255      -36.700520285192930       -6.011091266728855       68.575644863190476
       76.987884734566208       -8.650554277463234      -31.318784449851094       66.552287590375755       44.198822351100993
      -74.288137198517759       16.497228878768759      -89.932895165677408      -30.297703328554473      -78.827457682749099
       62.312436615998273      -40.040873995694000      177.977668329430770      -66.697972737150025      -75.041263915922187
       43.721473024355504       40.984667624850609      -71.112156143804285        8.355873286425386      -18.752834128282544
       51.157396039723125      -56.391263632703435     -108.231070749776748       -7.783909570278868       16.350378099206548
       70.635747740593658       11.161087539075607       73.600609678614944        7.478423789255462      -18.304550898395600
       29.719667331420052       16.168285908838733     -138.348543709357614       32.167679896402355      -44.825928847307651
      -58.697219660381087      -94.060220414596785      -29.092259775137041       27.597656292454587       96.598049881069002
     -129.889889516661412       39.317211839983067      -86.850254529233268       35.736242539224854      -13.805156560758139
       52.190861270647936       -5.300278613630631      -37.022471521478579       20.621923639303127       56.540704807503879
       66.292198876769689      -37.927311609496130      -23.441919315441211      -17.366604635867954      -12.618400376476954
        7.025881078536846       22.610236091993833       10.191430821894727       19.377403611642688      -71.506671656869429
      -43.542959994663057      -32.359371505198979     -188.774425774220191       87.698020565397954      -34.661048254620788
       63.706552723870828      -15.252951743537681       77.798169134309717       85.451285977970301       83.899232971488729
      -46.646546849957367       50.595755359242176       80.041276538697076      -98.193009170604071       16.120787486043007
      -92.998828794986608       51.867397513641954       23.783450772766837       15.537144056878358       24.341416371829879
      -40.856199584884244       18.164934744775522      -73.765825332858640       39.991590202437010       44.783650243524512
      -27.427881815313878       60.757293837144928      -82.745564620471811      -61.268725760270556       13.012925759311678
      -64.311576761224799       -1.418554101288632       27.055692997481366        7.842411300696063       21.185549519205985
        8.020544496626945       30.776492487699947       40.987704147346832       67.081087213184787      -84.545409271976780
      219.190182896633416      -33.431438278357653     -108.137566729647205      -48.756166092407035      -61.805137087628005
      -60.329800791207610       22.347312005079431       97.612801353664423       -1.786456801198500       77.162380153431130
      225.454563730418187        2.939868088292813       19.700396494702005       29.039837331471983      -97.739376722769990
     -198.630089821215790       60.785315400626480       89.230379966956448      -40.575723511470393       54.868051623706826
     -166.524047867762420       93.744894736913352     -118.961514584254374       46.036350207296138       88.559530223270272
       97.189419867067258      -56.079830288346820     -158.154698939914113        3.034919584004211      -59.151024546180835
     -146.995888960612916       74.363710042245017      -60.225074862706393      -15.325720890679159     -102.434152074676504
       79.053869188907726      -17.703074386527355       75.910169188973484       50.952058774824245      115.922911061235567
      -95.900798301024722        5.334737301803108        9.902428822509810       38.726108321934838       77.236511786351969
      -89.571286499098818        6.082915873290586        7.496520281600366      -57.458056603334910     -137.775419589674527
       85.913534592519724       47.017865459485670       80.886108508875381       20.563334151342694       10.536364133519584
      -42.687070994046977        4.304806126757161     -180.356027080821889      -51.521740795927414      -16.790673309379883
       34.397052090364312      -23.040349807742949      110.425167870599310        3.173599931947400      -39.424429935300175
       57.399542186300309       75.055733194317014      -84.536351815426059      -20.409132698782980      111.929924204731435
      -53.689221619306522      -49.591881113952397       -7.626469835905345       54.567933852876514     -120.738337637573025
      156.914897085010125      -47.984756688760434       -0.625408908134909      -31.816357228139061       13.217003140876413
       57.341919513481400       14.181585286765110     -104.043697868447353       35.154481464102609     -165.565797999285422
       34.994678647604822      -26.764778971956076      162.763445203789729       -7.889445935444988      -21.665065162500717
      -47.224648816953909       21.053548364928471     -127.125685691000839       -1.119365941964823      -76.753575815787784
       -5.957499184774820        4.829490784322905      -53.318531171837520       50.630917632693873       29.087777484909857
       73.577885582147857      -43.614959604857894        4.385088850494298      -57.282643880238943      -71.558625405196452
     -107.140094872955984       36.494332529926893      -62.368200703702911       43.474534551402989       12.241742451334574
      -13.110581206393734      -16.763582440637428      -73.508086488446793      -11.433545223709347      -28.208928621473017
        7.909603889555366       38.595057724314010       83.745035525772863      -56.892384573435073      -53.342319383179571
      -62.354845894968477      -11.099049755747121      138.269805232146552      -31.724318743111976       17.158124191219219
      -67.002574625253743       28.671642153957205      -76.390010214948717       59.830524437962140      -37.867689937274989
      201.321382287806642     -106.026038535129530     -203.118114309857106      101.623613115188434      -65.485000832645454
      -85.664270959209020       13.381902852922126     -201.715826282488536       -3.663146610583287      -16.938151418369479
      116.658215335744572      -16.817106112597315       97.219830449950251      -32.869249156016394       70.215938935653725
      116.305695482221566      -29.147274078508282      -17.106541671415716        1.709108998092564      -56.092249642860160
     -159.851634443435472      -19.398519779341896       31.355784216362590       20.807316357002858      -39.946583665299556
     -106.910948702931137       59.796206146877942       76.902327296352126      -23.296252872475240       40.910004614296213
      -62.478394944533619       -2.909262793698665     -120.814998731920213        6.940135876242556      -81.768544737936494
     -110.588329685929011       23.173788622126072      -40.447191040522291       20.827284570092349      125.700129595584670
        5.623530286155095       11.434378775552876       94.817719154083179       45.624460163806965     -116.033650272288313
       21.536755504761324        4.477999714048407      -36.674973862206684      -10.819175266399876     -104.270655211218440
      -17.560786011908366       35.888062858822551       82.245871439366056      -65.628544747873988       41.553651997960593
     -233.982007745694489       -2.534546586839297       54.237450721471312      -25.015966142283368      -39.054011422486994
       77.292179680564402      -20.608488982450638      -60.956294974743734       38.782192624419693       41.448187317010380
       50.770040617591313       -7.017354014521263      -24.092193209614848      -66.100195821665039       74.238089905322056
       27.877062575393385      -60.173955142210460       20.636826878365660       84.156457815126799      -93.727293002964416
       79.745975337332226      -23.785914619500222     -255.288632830107076       26.231391305280820      -67.932572959028505
