        1.602469157535498        0.113145385287131       -0.793682156685634        0.584753622204148        0.890956880475833
       -0.297381827141927       -0.135927074606023        1.218166982012328        0.202371416076820        1.007067051981812
       -1.187127986210958        0.345803096997801        0.315493418530413       -0.039484002415869       -0.322793285975502
        1.272591191341666       -0.339390424367543        0.267893194205147       -0.661665568426121        0.093838053139364
       -0.814023004427416       -0.312507656027934       -0.205972571583191        0.418779749880024       -0.587894632343426
        0.034746783831170        0.125843780416540       -0.251464275414938       -0.443024428141867       -0.241616436983616
        0.067154058609455        0.048765349828018        1.641725211543606       -0.723774471534385        1.540755507086782
        1.052992307802167       -0.642049559591496       -0.412473039410860       -0.314637684236794       -0.555445076513026
        0.887145983720693        0.173922903936308        0.860462749012279       -0.365719596980069        0.622331007838215
       -0.664108919305664        0.658825743350602        0.033549363614366        0.090903008128512       -0.108842332264436
        0.696797389077851       -0.227882285493426        0.792238085070559       -0.345974135578816       -0.740951517178565
       -0.169953812863743       -0.318826073162837        0.373243809480782        0.423526303727701       -0.329576965208290
        0.428765487651760        0.250738393895007        1.280990832873179       -0.475127956737431        0.343379594158867
       -1.051330837605053        0.236247119996860        0.713707746965157       -0.539492102154156       -0.234283363207661
        0.607729469061919        0.375616897815611       -0.210655173137667        0.275596871267582       -0.895980865616370
       -1.381885493727063        0.384644789997418       -0.888250682208404       -0.306872985137452        1.359891355522682
        0.414712151180521       -0.377813847119744        0.236236973577021       -0.215352352541690        0.713611294792132
        0.305624849481502       -0.148154792658483       -1.081405022345234       -0.300405056018111        0.829267573087459
        1.605714261931528        0.214876707989018        1.243505766807668        0.134850981295061       -1.183903209647219
       -0.227067784699313       -0.581443286411731       -1.293226058455337       -0.160621484056263        0.857117363895646
       -0.080169964966148       -0.392579280475647        0.924310037636131       -0.359483656177979       -0.466471926233797
       -0.126481879401578       -0.111020058861077        0.403176833647774       -0.056707080108611        0.590625247313340
        0.663759210253352        0.597072129076890       -0.290865437255900       -0.414999232218780        0.789281213921965
        1.566538946545059        0.064094168497178       -0.893322052892695        0.475474137612309        0.089220957942304
       -0.108205386097303        0.040658762965840        0.379215127571936       -0.077689936975826       -0.561928052582639
        0.653278568255423        0.490144784871811       -0.433226617479926        0.078510994788413       -1.422739269162475
       -0.531331651717602       -0.137412232273536       -0.459414927199883       -0.246309300168150       -0.217997252868627
        0.120139449296833        0.134348936630403       -0.093700184003050       -0.297107015534381        1.136996379369040
       -0.333678572278880       -0.134946144779384        1.084528827053538       -0.181851784901636       -0.150192118334265
        0.383811445891619        0.339498580325970       -1.242211691317755        0.928665403885376        0.946143412788597
        0.827185451775844        0.252196132445983        0.635622586766926       -0.431478735800101       -0.303511529364640
        0.679536208512267       -1.175268210968041       -1.158554751482243       -0.121512462845779       -0.131760794877569
        0.863931945788233       -0.440147735951042        1.044056100307709       -0.024325654500064        0.759097810084257
       -0.247305376199856        0.125461948311973       -1.048753105586300        0.385319215164783       -0.618201724888630
        1.004923320514836       -0.680272504672342        0.109976462925026       -0.265892708289773       -0.099527548352139
       -0.012158990521390       -0.123284324061116       -1.503937864490302       -0.045782546724614        1.415325298971065
        0.409223206093181        0.155592105017823       -0.621555403893661       -0.087505099208861       -0.522863489602239
       -1.206693680174245        0.095759662502837        0.819814592631856       -0.069779158566166       -1.052145704216943
        1.476031133577814       -0.411006422264318        0.092989403048190       -0.031333006216957       -0.787340943093167
        0.740181786252885       -0.440462117121560        0.680886884376211       -0.417735456754749        1.631956850915635
       -1.001054261898771        0.423965723686557        0.108180413415417        0.302052714528575       -0.556971561078105
        0.654027558701646       -0.372205997706911       -0.079193868112371        0.498436264111990       -0.803508522323710
        1.003122686253888        0.599936526113439        0.287743002181257        0.538068235616316        0.353132188869978
        1.149256108124460       -0.792880275578020        0.847614962071901       -0.493085232051982        0.155223163807836
       -0.535023920348371        0.149550047075397       -1.375497742097961        0.298074179148043        0.450585866837196
       -0.357741705124327        0.122822310089390        1.089011262958938       -0.024066415285146       -0.596720507667868
        0.932548839733628       -0.117472561183103        0.055139772232669        0.754387812115287       -0.420485959558895
        0.893254030560523       -0.250236436255684        0.129232907437927        0.114073678419203        1.104768354872014
       -0.796766779484886       -0.180525640505813       -2.385456825074740       -0.057299015260492       -0.001497260285183
        0.212716808393187        0.484050440424646        0.021892874995622        0.013840985659743       -1.432697235457387
        1.720256381332395       -1.149113598329617        0.726351691958356        0.126214992021502        0.895614264136121
        1.676834241500327       -0.319518620059406       -0.626361896538759       -0.885178638097436        1.247762672948932
       -0.932614097985131        0.067416702781389        1.133000667150573       -0.317378716995578        0.844048408277656
        0.052291968685551        0.322457921289597       -0.069751675784756       -0.374166136217371       -0.173225978770566
        0.519318016776893       -0.281234117103057       -1.635543100579545        0.827634129023305       -0.392680937457786
       -0.352670846271732        0.734866074491697        0.851649199738182        0.635481508611704        1.441479756545086
        0.352644534160264       -0.105678901933752       -0.527906137906850       -0.162088106494725        0.819288416422406
        1.487027987243523       -0.853197126731810        0.561302805663989        0.016424128418454        0.719038329796778
        0.064561792741455        0.361063093309025        0.488684245748736       -0.758771687616665       -0.402055137660576
       -0.023471831414334       -0.242505267489930       -0.711228457998676       -0.297064554490643        0.224972353855477
        0.765291686656855       -0.689629064999857       -0.046902656541566        0.178078922420672        0.854243388955085
        0.161072350746095        0.198820908327489        0.639789932243463        0.089418660519097        0.012041551112264
       -0.748673673319345        0.253465348141962       -0.475117509451160        0.466109045845878        0.488476262432665
       -0.631485809184751        0.939811032232178       -0.683456299326137       -0.453774765675055       -0.511443207614437
       -1.364235877769843       -0.002918961501729        1.461277492461885        0.305622876639182       -0.531774923402888
        0.668507585315299       -0.723306736779398       -0.074415826026461       -0.488816365352826        0.874666441392473
       -1.212854978528607        0.999391449727107        0.073708603055447       -0.475165494882960        0.894637462365576
        1.749888297764722       -0.772223984042067       -0.942881784967119        0.520178786393250       -0.398221985103380
       -0.229078020111579        0.206540807215141        0.198546606450863        0.474820182179922        0.328971259867552
        0.072083446618090       -0.181535613209719       -0.984474985319872        0.714860993312986        0.543861418566385
        0.812758611684139       -0.258279208478813       -0.007640332940782        0.038535816248744        1.235844484542901
        0.407945518569783       -0.119286193799660       -0.145717167094465        0.696372078369922        0.034350186605509
       -0.559101449113506        0.230017193629068       -0.064292687405785       -0.504589702660626       -1.289074557298666
       -0.534365844127834        0.211749062271261       -0.705725301756306        0.875359627993928       -0.126641896342034
        1.165337938065257       -0.690111644756067        0.315261862013800       -0.421605102811912       -1.387183976701468
        0.523809219426760       -0.024630390224364        0.767930074010677        0.291180702321786        1.801491381916337
        0.119307965734398        0.449378957648026       -0.808912123720533        0.213673906191113       -1.459685961262752
        0.486894714808033       -0.238712344786375       -0.444430831133658        0.802428991600980       -1.138056440310179
       -0.564118750546414        0.700894169019857        0.586696192967434       -0.228937923839838       -0.050450010068577
        0.220217459937763       -0.408600907183945        0.894120061279228       -0.661931335362978       -0.542597865966248
        0.155592727193550        0.690784947534631       -0.404749471911465        0.106107643632769        0.869658522302865
       -0.457938359148674        0.681674534347154        0.121036246174883       -0.664234082683086       -1.625007923565007
       -0.640390936964125       -0.530858939043931       -0.431142574795698        0.880831079854564        0.131945539014876
       -0.573844500533131       -0.233553814624805        0.096542827060771        0.408879760683023       -0.945595110517911
        1.205236341054886       -0.082549198966937       -1.029287414411399       -0.301038123246356       -0.960086864198056
        0.475656145866573       -0.421493094506212       -1.055408474753250        0.116670003136935        0.719896138971597
        2.649800802853203        0.474464821438538        0.851153071611204       -0.531053441054856       -1.936970142671453
       -1.314088933479461        0.035918923053593       -0.215756380707537       -0.471092869701578       -0.381030500417252
        0.306305621066050        0.207943551888503        0.226249404277499        0.488165776183183       -0.871571221439661
        0.622499334431925       -0.240120629358932       -0.225741152621003        0.675104888779701        1.569381835201373
        0.091524972675284        0.121940166335089        0.249324608763197       -0.757285509756958       -0.191124360089955
       -0.571835695454242        0.210125696453969       -0.211599955058983        0.623109955946399       -0.341792688066404
       -0.602031293282738        0.219391546932911       -1.087608513529749       -0.606635790584770       -0.316771061497971
        2.181794778735965       -0.664722127531092        0.883456642724589       -0.338281200368987        1.027793981076878
        0.049042537113384       -0.283581614933840        0.361529530112392       -0.239614589963390       -0.286141652788171
        0.405663375868010        0.254411597560838       -1.415551407899466        0.361429411688789       -0.058214302798623
       -0.308437635252635        0.011297547184547        0.583944584288133       -0.286403050273537        0.230576105560525
        1.482328306421424       -0.324833950810356        2.079882954889302       -0.152614498141299       -0.814149329253205
        0.332860926762779        0.430463193110787       -1.455577869545947       -0.588196738151592       -0.602148730742562
        0.699994060907405        0.063291679621343        0.787720132093218        0.178392344819013       -0.946338148850399
        0.240689360744436       -0.384711731350435       -0.680051961035403       -0.548739540341867        0.914220517780331
        0.623491724992850        0.034700393987927        1.322424684542574       -0.269970979010890        0.546583536047651
       -0.158846558420091       -0.452907354487217       -0.357722000529931        0.388871278907092       -0.899678164358482
       -0.014532758233355       -0.148306059190253        1.019474735522711       -0.451352704886132       -2.247766703152810
        1.304225715746763       -0.180694612774624       -0.167065794054263        0.114011704354990        2.416720565514503
       -0.774524601760801        0.701305092070947       -0.418492116881750        0.230760343983281       -1.537515448258294
        0.397311901628764        0.435662803105323        1.296179101902552       -0.034138091937082       -0.591661023552325
       -0.701048185477659       -0.387559466283935       -3.087701679476675        0.204614474124949        0.645098535652028
       -0.062831165228161        0.800906745805269        0.635711636070911       -0.306978927748128       -1.743169579052478
       -0.633049526595234        0.380612035900055        0.465980793255649       -0.337355145894293        0.220839242152880
        0.835601874982247       -0.593063060267916        0.655629175300368        0.066979179391434        0.388584141213251
       -0.071175552099438       -0.499372758874249       -0.702822942426646        0.120097686329514        0.661036364355588
       -0.535409605036741        0.177059615132225       -0.601550621283992        0.080912476052694        0.558792387032162
        0.827683156521186       -0.476689197150846        1.267582057899748        0.129376126511382       -0.924990912539353
       -0.346032004869628       -0.285454150938915        1.200360393549700       -0.393365667433597        0.140497219131596
        0.465682117199252       -0.680713114250876       -0.433797591652673       -0.284119368067232       -0.269329665136483
       -1.887805498933661        0.499906017662062        0.058991018017617       -0.216007265873882        0.169774897316314
        0.619658062421965        0.282761974732898        0.239803976648823        0.445099910311307        0.119236255781339
        0.373352948009881       -0.411913264884680        0.137528790334736        0.390235193687765        0.122289594958670
        0.374406188771635       -0.303813600663940       -0.498433691840671        0.157965058762865        0.373376873194175
        0.459970802186928        0.781499573358009       -0.331265254722810        0.123258163186943        1.216633826015650
        1.226781349851359       -0.112343664547351       -0.052821587852741        0.153437843116064       -0.532633108257986
       -1.153592749126738        0.550523800032727        0.103854521300606       -0.418002974245746        0.010334565912363
        0.601783032353718       -0.714380751983027       -0.726307373962209       -0.466514917267135       -1.032842712226502
        0.020142614251044        0.419235345347149        0.155613084009490        0.290233741324594       -0.064907930592147
        1.218902706435402       -0.082719704090506        1.377339138514025       -0.650809091838578       -0.871832877333163
        1.030180777210542       -0.296210190361217        0.393140878478368        0.167333216753373        1.453706765249771
       -0.732836207083615        0.187946754099968        0.043414315070367        0.080972663074747       -0.046859212609959
        0.400161381766149        0.290756507986487        0.995982234496037       -1.258164717351864       -0.255209620155092
        1.588324718860613       -0.183191154609992       -0.219266660684492        0.299343335331708       -1.743325718869666
        0.729354446084595       -0.027334427457761        0.762645963490155       -0.302071553094124        0.204967883133513
        0.272415195024208       -0.234319390215073       -0.157017484370303       -0.136788696319682       -0.191032114309598
        0.702133319220861       -0.358920944996749       -0.627464939553244        0.158949276977970        0.479482288253925
       -0.601621626658644       -0.129594557320752       -0.094986796352148       -0.038207355983466       -1.301118036423147
       -0.029047169581618        0.133007041427430        0.229697685827665        0.685744826629722       -0.349768917524551
        0.978195169425734        0.001505815290249       -0.453886989340870        0.405653592265394        0.422874597148579
       -0.058106893936325        0.173803603615962       -0.831146337607588       -0.158634047415961        0.003292242294230
       -0.529253880871660        0.205029153317187        1.319606556191385       -0.927889985126032       -0.580128916297387
       -0.240966996064476        0.238178069479423       -0.481225847821045       -0.118804855956814        1.021577127736978
        0.121942350261139       -0.113191422962111       -1.279280678970707       -0.224882125042069       -0.459499529503415
        0.192557578565012       -0.292127669839530        0.051357763764785       -0.336928648850766        0.226397243179528
        1.541627104316094       -0.123234460666703       -0.377022225288185       -0.060959706161917        0.129041541570022
       -0.650399773709510        0.494282917795884        0.321647078991784       -0.942827791568111        1.114565442045589
        0.723907312781896        0.132660957114960       -1.029507190697575        0.300651371330932       -0.076537114371875
        0.152387371689823        0.103996456397488       -1.550719062172453        0.634790618272146       -0.390257812405815
        2.280144511784020       -1.086452948482677        1.550012259523894       -0.832141218481849        1.169798059566165
       -0.023402766220669        0.464440182754935        0.678949072674289       -0.940195702695241       -0.560979778427360
       -1.448468019350659       -0.388714132057037        1.250750105928614       -0.242559024384493        0.331547118037626
       -0.555670588505921        0.442030128229435       -0.871273818290782        0.147227985181535        0.558069997604822
        1.704609487631244       -0.430427539959757        1.210290367571089        0.036462376400650       -0.188857840154672
        1.218306808007473       -0.244785679466517       -0.826731050062471       -0.036632422503243        0.810032843417496
        0.423474888698104       -0.588632989786131        0.896860752656483        0.197440147897936        0.606920061657051
       -0.110493094489273        0.229236235778735       -2.094008785771617        1.260817884638178        0.198885017384423
       -0.384193119647727       -0.217086618701055        0.459041471939486        0.248666333449858       -0.634712369502228
       -0.789065812113073        0.339771796105927       -0.795142978415297        0.455397409575745        1.813189553291070
        0.911639167544546        0.477559553397932        0.354369743077139        0.142455064842941        0.571484543584965
        0.901117340405658        0.737565231973656        0.506611709300595       -0.469084458528360        0.204888283840154
        0.219709225932260       -0.414572947243921       -0.118478073305157       -0.306542796796242        0.518970304632031
        0.384047921789478       -0.255430121952232        0.047602046409854       -0.447818362327973       -0.292094195085728
        0.703443750361306        1.220603205057837        1.079083900258980        0.456728504817721       -0.876871040536819
        0.571675267785529       -0.039987800053560       -1.381158870132653        0.202101338726867        1.150047633758884
        1.427243727518994        0.234899971907023        0.204737216175813       -0.314682532708022       -0.825629973577279
        0.499533335152284       -0.291676215848826        1.269064458657908       -0.317133240832951        0.086734047682665
       -1.430983678402704        0.490072876633332       -0.285283878133136        0.441252131003341       -0.233838535284609
        0.404839921670192       -0.388662915094338        0.408274246316498       -0.310107251188106       -1.046409249956523
        0.631157720342764       -0.632319775929176        1.364348107777364       -0.807461061701127       -0.057224924081826
        1.462854576276994       -0.165781125930590       -0.131541170096594        0.306221421185683        0.823184554287876
        0.356613689662306        0.322866137387598       -0.758200742993027        0.839788747859914        0.706615959733302
       -0.066473157146067        0.011537715003441       -0.213501424187411       -0.242041765078531       -1.138720748851667
        0.082037856792314        0.164538909301470       -0.402697179229077        0.169441294169334        1.625885127770333
       -0.418101246646466       -0.457383119505046       -0.152747920863046       -0.174165143991415       -2.502727970022564
        0.787760089375730        0.384795537929301       -0.153993046073107       -0.224817627643706        1.386370385876736
        0.664260556878480        0.358960002262279       -0.239117890438138       -0.076401391839129        0.157966929289181
       -0.639672280513785        0.135286812838382        1.959949228234754       -0.351611741578746       -0.131708605699998
       -0.338439941563334       -0.083899786623977        0.007925992776056       -0.267955113335319       -0.317318005953310
        0.212524458322648       -0.668103277325086       -0.729920400469161        0.264242153453168       -0.902710786677314
        1.488820006751272        0.208016831433207        0.228472214323534       -0.094942917933681        0.099957580630470
        0.528659879911578       -0.716034948792444       -0.029825655075874        0.514663347271770       -0.766269286004258
        1.567687224154941       -1.048452453685642       -0.285195990566071       -0.071903427075753       -0.745272990205424
        1.199572806285215        0.133051061819941        0.425374749829330       -0.031105303734708        0.626399017404057
        0.008947878116438       -0.102381000359174       -0.621695949837564       -0.058391971482221       -1.331313165411765
       -0.279822264988107       -0.314479392399608        0.076009583249379       -0.454263125175353        0.133985313826239
        2.153612909157083        0.521523907879403        0.830698908334246       -1.067275244890877       -0.773752381141855
        0.101638402881885        0.628035110752489        0.989961659640934        0.129441812979943        0.589640272536344
       -0.465506423596015        0.578531596769542        0.063858817648002       -0.191116920074449       -0.805990955187365
        0.797523978928651        0.004840460547537        0.596599365743920        0.657443926979463        0.431313435864362
       -1.002036374032994        0.261618538421031        1.206534742436111       -0.231534854266344       -0.896996696112426
        0.254397596985157        0.452900779477789        0.123041144561878       -0.064289244566285       -0.817184834982603
       -0.078801615559170        0.140273632136400       -0.859289646322510       -0.080197534365483        1.161016188389162
       -0.224962309706775        0.529712082733844       -1.062266095327973       -0.134013207648830        0.758803066370969
       -0.370715136331446       -0.036490089918873        0.204688668726483        0.885466032466914       -1.096768565100274
        0.068595018669259       -0.247926221021736       -0.338755029474386       -0.048299237559220        1.783873377021677
        0.122724237386614        0.359602418469848       -1.816403346072442        0.461937893009546       -0.397123366517900
       -0.011528324224120       -0.180242297752265        2.146362473693254       -0.664809322133543       -0.697333873237450
        1.974193775369967       -0.519994751159562        0.405937260843090       -0.308743263197594        0.262465468680613
       -0.364605672687187       -0.382079773216495       -0.780880572341617        0.556641012979618        1.008130643796306
       -1.126095548466094        1.267550270697363       -0.875805334863249        0.266869667282425        0.333853776617303
       -0.193169091916486        0.043312493081816       -0.496040289432574        0.087195061229466       -0.269258356861512
        2.436507313167740       -0.257802498699016        1.029015920044343        0.172457300566303       -0.606122850663780
        0.541001129252195       -0.413237060605806       -0.855138514458621        0.431753710814087       -0.384997771334936
       -0.704230418763365        0.787465308931281        0.039916288529890       -0.719723215857837        0.252143687506387
       -1.064770045019763        0.489399958940799        0.195737448287981        0.226041618608365        0.957191106823416
        1.734989170603324       -0.201421571227267        0.852074065055540        0.422378718290067        0.060431875634487
       -1.338662500367030        0.124923845411761        1.307522761778962       -0.489399805686328        0.046900769969883
        1.402242549880224       -0.229578776758806       -0.147338711609222        0.299735345335946       -0.199636000537765
       -0.202134537672735       -0.562162697020786       -0.338638746416370       -0.282995425138994        0.120822568781565
       -0.487376585426691       -0.069271226930157       -0.687619295152917        0.120201308634595        1.335618078979935
        2.299586470649303       -0.245310582933447       -0.205656162630988        0.311729353873957       -1.091946801865692
       -0.588626420019359        0.725494285585403        1.414659081504906       -0.504639616823249       -1.006837644937033
       -0.677482753264070       -0.456747693665129       -0.766392080605985       -0.006953981557423       -0.798678379562398
        0.906464255100634       -0.143385033153868       -0.278186126262258        1.013259627634015        0.153247479916752
        0.675102724911255       -0.590095320315165       -0.046623937391413        0.004404435591983        0.629763357512945
       -1.168412191587646        0.522012341532019       -0.034432535812789        0.210576184354752       -0.412040892218657
        0.404489261610694       -0.104720750071892       -1.531194534015664        0.014825950690858        1.142722611821083
        1.376414648020597        0.018936909290559        0.922183946401938        0.063191312610294       -1.696121896570543
       -1.165449821991357        0.111614540539576       -0.345418429187462       -0.966207876665913        0.195210828837612
        0.895984603311117       -0.520921861462977       -0.481045924488781        0.126506212609907       -0.476228894630795
       -0.601109989134811        0.234187164757760        0.758668371788811        0.223267642859199       -0.637340084979990
        0.500625087162523        0.374996502302550       -1.909921309929852        0.618991900106862       -0.100957559724560
        0.653462009787417        0.046994795765017        0.628660281964191       -0.319856936034367       -0.265660116499625
        0.134042394066204       -0.210862155467212        0.486497600673414       -0.262984461301494        0.484822563017058
       -0.116298318381127       -0.225561957688539        0.804689761984546       -0.337336373496810        0.001942336143183
        0.457385001611439        0.092472230910724        0.173142613492727        0.071836258816292       -0.879847615594717
        1.133783097042027        0.302026019416973        1.132818352598655       -0.385533749514499       -0.641689662036596
       -0.512771005311626        0.174085493804607       -1.698027954182533        0.338799068501185        0.976869808118200
       -0.215540011552318        0.028712358864029       -0.766605602456732        0.488505735907263       -0.343127675724268
        0.199286030248834        0.338160602553450        0.489942187752826        0.413128001096597       -0.912849266809681
        1.806632979479815       -0.252397883987771        1.257853509155130       -0.358353816072362        0.231762462645343
       -0.018993977758090       -0.186532267080357       -0.540709787007637        0.625535905779921       -0.785976271561982
        1.175644552894227        0.108916026709535        0.195921115258210        0.026863325063561       -0.040075201358659
       -0.224593941248337        0.186936153743179       -0.372110302034819       -0.185366058191057        2.711084644978940
        0.272158663116927        0.566814850630494        0.012675874965406        0.181659814177173       -0.980592448265408
        0.817509112145492        0.519811371593798       -0.485586619410314        0.050415863218621       -0.053537771063749
        0.019168127403534       -0.288193575759853       -0.709824753695207        0.658802529178504       -0.627735235960285
        0.603634337649512       -0.295133982804262        0.432951042006815       -0.310796305627316        0.273756672075143
        1.425807906116053        0.114334308318381       -0.959497903614427        0.573581533003437       -0.122473114012016
       -1.162684054844052       -0.172422493226211        0.750316392858325       -0.533250446774556        0.705159694886890
        0.714381667732916        0.276126994597912       -0.704730619068097        0.461476001723538        0.790653567098468
        1.900465944461755       -0.181699523324869       -0.061350543134125        0.379884335123195        0.269280326422229
       -0.901530226733124       -0.157050435989692        0.078570801259911        0.049755208838990       -0.652220936913052
        1.151795628274711        0.505489422358782       -0.183823649977014        0.376586528289087       -0.340769852593703
       -1.682731350789489        0.172125540517347        0.543203708153054        0.048415046171196        0.128033244282668
        0.000484899345292        0.030129072533584       -1.369072377133303       -0.148692382827605        0.034394813045007
       -0.363948637338015       -0.228264095029412       -0.732597029960423        0.313615665775314        0.126026782700957
        0.259106476440638       -0.138574155245811        1.257349898285496       -0.200138729463302       -0.788971050414303
        1.546278871226650        0.150426537258869        0.442876814391268        0.146859121174517        1.336614639591287
       -0.692080628978733        0.344003192382813       -0.723676223913535        0.135884210644758       -0.166653803143523
        1.063747625021110        0.308627995356880        0.424236566241089       -0.076392344324751        2.578936230375899
        0.017605536080816       -0.245179795436628        1.507254913868177       -0.815072421199581       -0.028257267279186
        0.331025752777851       -0.139738644093105       -0.310470770448575       -0.099639396038383       -0.716953819072012
        1.331924844478612       -0.043070106827239        0.236780946561252        0.529105704905313        0.522856181029245
       -0.068230473689522        0.352570967693826       -0.895470020123477        0.398686605030833        0.184949444426298
       -1.088121508522685        0.070265546773274       -0.041199002644860        0.341323357651023       -0.732037037719246
        1.766721880675454       -0.193891307287602        0.077662007350466        0.266364919565848        0.193740467733969
       -0.540844819694928       -0.243690333213908       -0.669894929807607        0.238804607673094        0.360661425783083
       -1.019848197442669       -0.050899961571995       -0.564008986769556        0.118123892518262        0.523550536508763
       -0.148128103217303        0.102388649490609       -0.479984417808746       -0.029267457823593        0.781581976988718
       -0.526388258560639        0.356769460428851       -0.052890096902851        1.049041043844272        0.892076582794809
        1.171845933723335       -0.339968746448546        0.727329380105764       -0.719892286396140       -1.874790646578369
       -1.382294801143277        0.234533738269517       -1.149739070630704       -0.527329548886363       -0.787805653456155
        1.780817671328837       -0.237079532836269       -0.981963342053691        0.088874290292018        0.749854303442719
        0.446630493667264       -0.094093313772030       -0.218469640718618       -0.145190374590483       -0.403511573939825
        0.190206284385531        0.160323245335211        0.569758041416385       -0.364635876260379       -0.155330218319591
       -0.072909784430799       -0.369795691603540       -0.572006134835392        0.858948693860374       -1.014877130813003
       -1.139435430855552        0.548168714801591        0.667506365227710       -0.439917196932988        0.598515291575269
        1.292999170089991       -0.467160451971104       -0.123788753059392        0.298667616958029        0.929806464841990
        0.985958271340310       -0.289891075668123        0.506477485368133       -0.238822547124560       -0.209923007567201
       -0.123445694386793       -0.441867942054830       -0.481590514885226       -0.443612637921982        1.497111109090196
       -0.168065496848840        0.434613171815465        0.499421883676445        0.577016404051521       -0.971005484490200
        1.525396657191096       -0.248269516802286        0.538381911872818        0.090165450460287        0.367668631658211
       -0.092802049215761        0.396231582646317        1.482438481491105        0.562273417565251       -1.317616800006474
        0.337945224290519        0.496096820141953       -0.403944968552419       -0.291672269888801        0.320182677365002
        0.468254622857586       -0.483386103540500       -0.502395631118675       -0.849309586200031        0.069141059543754
       -0.166955259058599       -0.076699966517859       -0.111084688962005        0.049237944049028        0.535882950629914
        0.114665159073202        0.190880620706228       -0.028936623306554        0.291651707710458       -0.181726884497238
        0.751536458377569        0.041863925991482       -0.449637505322358       -0.077362566544565       -0.329548566875009
        0.734718311501415        0.124137946789555        0.005338492596953        0.414658835525932        1.318373238963793
       -0.914727324299640        0.317782151660201        0.985495380328704       -0.717497115527543       -0.100312922704565
        1.124001476687266        0.297507103800233        0.198953891997343       -0.157442370286969        1.049704847276933
       -0.781833799194689       -0.505494474911444       -0.535738748445899       -0.453199658858202       -1.231803022285942
        0.642717759976140        0.410216899455757        0.244784947391931       -0.485829495306327       -0.326021599463231
        0.808916847452052       -0.294464080320964        0.429405842753235        0.293942153616328       -0.021962809554480
       -0.827914316690817        0.325570419214024       -0.223496898530343       -0.347109556286054       -0.486178405153915
       -0.295960635429732        0.413640247738716       -0.530218589431611        0.185839028065832       -0.342435581740347
        0.377888883970599       -0.445788005094548       -0.281989216768234        0.133903902090200        0.113052945538269
        2.338617620045230       -0.329174107307018       -1.225219450959787        0.449600952324789       -1.344486202663237
       -0.337725142868119        0.076064249805186       -0.199472501094990        0.033593176393905        1.649472240853613
       -1.268010251285388        0.188307058552998       -0.133808301427724        0.010744139959348       -0.683246056981003
        0.214454280607008        0.150384854979806       -1.395175762535777        0.671788481209744       -0.116149479340671
       -1.220987440116565        0.131474895098793        0.441256176517794       -0.237222892027307        0.165230489660388
        0.190988165874390       -0.160685396494702        1.628216339271621       -0.680952264276015        0.140300676653508
        0.081477979477730       -0.553417115122084       -0.026380483140878       -0.012950710601339        1.012622218488872
        0.264167527302999        0.032293045590523        0.417376624764144       -0.562481786307142       -0.931802231168387
        0.939445413371697        0.513889549359415       -0.301242507986033        0.058208561517201       -0.792702229851956
        1.244829248929722        0.110318700285851        0.889746731311176       -0.689510982926052        1.110170113565632
       -2.059909285318591        0.500813585676514       -0.351519751069577       -0.206784934375229       -0.086642620150405
        0.229926101361869        0.418234649954434        1.078863909080885       -0.516668401873697        0.992446625499193
        0.366514124564254       -0.051830113984532       -0.146799314529638       -0.154202985020116       -0.159905336209396
        0.694409362087280       -0.193635393237972        0.623334367606588       -0.277922473713933        0.914628720885807
        0.337545462540403        0.374707102211427       -0.228646530875017       -0.336205772887885       -0.216860105503503
       -1.504434827098480        0.366075700726789        1.747341543914870       -0.524562471619819       -0.200768714789172
        0.632994402287163       -0.437824313834848       -0.692991659263801       -0.013568952375343       -1.347430977562895
        1.072814988783067        0.042792791239670        0.976387172346765        0.374439061594230       -0.257006399254601
       -0.818344123654262        0.001949210612629       -0.350428699595020       -0.292268646586762       -0.300199481739770
        2.017590667173373       -0.119098071889482        0.074226933105438        0.331043859226582        0.983784970525822
        0.456821518815479       -0.186251494837184       -0.545220959741653        0.111501171974693        1.090968095589614
       -0.689760172329399        0.982865160111742       -0.571992597816519        0.217473096956836        0.522070194401473
        0.450792740594337       -0.443116704252913        1.001629191492187       -0.428777698615283       -0.676266511832208
        0.258723510096035       -0.262038169200597        0.655310813707786       -0.044337345811888        1.037923711146843
        0.859437773788804       -0.063885788072699       -0.013496739833890       -0.401523486550410        0.084441557654533
        0.751747044595098       -0.544733754738106        0.035640817214208       -0.089082076520368       -1.266219996514303
        0.820664685740808       -0.107802290507747        0.379164578060010        0.616409896545145        0.000506776362959
       -1.002921935205067        0.320962770198300        0.883091279821339        0.142347040343049        0.620136803860066
        0.810398665130137       -0.123233654897366       -0.063313249443572        0.012103054722006        0.613597138974875
        0.388962048039150        0.533148963068595        0.631254387310003        0.217251500420714       -1.424147832088549
       -0.082424088426735       -0.154588156590110       -1.093274530519623       -0.115730940863238        0.341090834157337
        1.581759605983419        0.097213180449603       -0.022453564721717       -0.346533078342572       -1.373842757896024
       -0.115811194733935       -0.256337393373908        0.685234298320914        0.033603888337804       -0.001204957741730
       -0.031495673773687       -0.117094935011621        0.250310112169223        0.108286421685378       -0.118692154273378
        0.344248124416362        0.248773574574359       -0.799718921396459        0.511820712242628        0.656538612142950
       -0.300644918793177       -0.308384112845901       -0.083989967236232        0.135865572954275        1.381764042042263
       -0.844347819747419        0.012972525929395        0.078034528111403       -0.017464378458662       -1.259850894250732
        1.901995854754398       -0.488666134756992        0.173640296026961       -0.357243013752351        0.114185125052968
       -1.107968017746869        0.163732336272442       -1.043322704773155       -0.295101829270277        0.705622150960576
        1.226192347742367       -0.218928524609202        0.597565499584855        0.207031653542686       -0.730246245102264
       -0.444428165907569        0.131824427284651        0.701950444937855       -0.558886833492298        0.674661533142191
       -0.101208971057587       -0.339801424636460        1.151276006250693       -0.039653777083924       -1.170280943323076
        0.172265033996686        0.087532570162049        0.860853711424630       -0.170996216979172        0.215815432281443
        1.303805913476240        0.502924783383577       -0.196215171606296        0.203916057170952        0.930454203049382
       -0.646400760200765        0.142340939397147       -1.690873131167348        0.487393640245580        0.816059954258666
       -0.318763656826027        0.012215623908116        0.035764592137069        0.099884002553376       -0.667518964186992
        0.800377373012565        0.310436903377157        0.887155692955457       -0.109117461380055       -0.049694845625313
        0.796142004785040        0.081205823954846       -1.093591558331901       -0.199472676768343       -0.735418165502497
        0.853267521811730       -0.030536130427107        0.151127552981429       -0.155226341057452        0.254257367750721
       -1.126119050196709        0.178694255576071       -1.421377664303211        0.705306325052586        0.687350657924217
        0.869077337953094       -0.528952701145939       -0.208252450457122        0.062401836175555        0.401427908066061
        0.029422962829450       -0.341426796901477        0.218886511038317       -0.881184275625122       -1.821935627901200
        1.032989575430533       -0.280711914592746        1.682986822616226       -0.334732660974014        0.117389071355196
       -0.847547743769953        0.615450856514331       -1.257372246413013        0.744361283279491       -1.438234021596112
       -0.371347393951542        0.707306334640846       -0.806654668385613       -0.000819657255647        0.814835503432298
        0.176122579751405        0.790714830140947       -0.269682010604561        0.448416479413904       -0.048348987948275
       -0.659966855649227        0.138367622989987        0.041419660275525       -0.610226606447706        0.089830881891910
       -0.563283266624208        0.026280434235438        1.366327420034487        0.069771339848409       -0.827961924075527
        1.375197083582659       -0.092537226107398       -0.601900497209287       -0.037866106397228       -0.312793442833335
        1.071482458708405        0.365087322072100       -0.996262704855181        0.176616323578685        0.217131234582935
        0.717618395916535       -0.220609125549025        0.272669793875012       -0.007678770663125        0.947478984665815
        0.477729105670995       -0.153326440433236        0.346941931620815       -0.681657896010940       -1.333952289530273
        0.689919408055427       -0.844554725201587        0.951857588179681       -0.354820193659765        2.323241000414790
        2.408085570883303       -0.858466518258858       -0.500721669441824        0.080713963276901       -2.909907043995446
       -0.643238226652719       -0.054282576345804        0.363090502138779       -0.140958575847323        1.057716663852270
       -1.421178237371870        0.359600166434089       -1.132698185960101        0.498486498320993        1.373587116830346
       -0.220914666790926        0.133720950787575        0.553476210165015       -0.789972948694462       -0.574755018147591
       -0.228679467266303        0.229823661854677       -0.586732556592030       -0.226604246318040       -1.444658434632356
        0.784759814586362        0.081812041611523       -1.146655258089188       -0.814270064907498        0.008908163333169
        0.436408238343368       -0.096032131195560       -0.966306117461013        0.680326085327374        0.660193823973493
        0.412481596075891       -0.059521493101663        1.130519416677572       -0.591490183254192       -1.364704076774421
        0.282972305649206        0.045096697913038        1.126140663196758       -0.266895100196101        0.771454627274686
       -0.415106304350815       -0.281308527471382        0.686505078743802       -0.537089239631050        0.731043641919970
        0.462686915176780        0.694635558895323        0.232235309646589       -0.382225415262587       -0.938571261139444
       -0.432037218266893        0.022488786853930        0.561487616199988       -0.157639190246274       -0.487025417527829
        1.470284840974610       -0.000527043615183       -0.211390185048420        0.067140408853911       -1.411128047373959
       -0.341823041576559       -0.425121091816644        1.081422432940124        0.343276520714013        0.741068245154210
       -0.963971201454321        0.588006443799725       -0.894615120050857        0.168761914229889       -0.088323179131983
       -0.766056019412767        0.556258050058230       -0.866260520308433       -0.512985905624464       -0.148930485650870
        1.202708889905246        0.150617518025975        0.146048409827032        0.605108765159499        0.055928376224877
        0.736481201606307       -0.167847753457506        0.425629989459746        0.019762596411852       -0.711850687459451
        0.512189410954941       -0.291899042763065       -0.781830562842062        0.370556088984801       -0.203354336711723
        0.740435601076815        0.494832379976863       -0.932706088362615        0.326588844582381        0.474986625641985
        1.328804292034903       -0.340516619372209       -0.704902190128073        0.203293283121363        0.345345413027896
       -1.120479014054186       -0.334592236585941        0.142113681430477        0.528102573211995       -0.229431638865646
        1.208492055523364       -0.966441462643856       -0.200599553448621        0.203250483736073        0.594492165294440
       -0.038981560364980        0.429514031113108        0.090873945196956       -0.597899525042463        0.477911130799712
       -0.069334848495493        0.116419570741859        0.123062905686584        0.253317330243947       -1.225717121256731
        1.340442896638439       -0.518449832183963        0.843873877636469       -0.616522216302357       -0.206911694124927
       -0.794489138215816       -0.145825353962328        0.055090004905711        0.033281090799716        0.976556649546788
        0.169337418902129        0.384654791352545        0.587185783700610       -0.306174783043690       -1.093565916675007
       -0.018496645422596        0.620612332432731       -0.295590307115506       -0.024795037768761        0.669023849934026
        0.368870820963591       -0.363444000135754       -0.020446670143692        0.521578822068821       -0.254003440053158
        1.353468757157564       -0.157034280742412       -1.564650363848088        0.366153537858817        1.273755350350842
       -0.413221905484098       -0.071795190654108        0.801265894166179       -0.623498359821040       -1.263925678451968
        0.339572540211159       -0.248461798996237       -0.989713269972999        0.644473044702622       -0.074843466212061
       -0.749576599838097        0.814398576108791       -0.862866290635256        0.196049966014886        0.029278893272622
        1.403790120998269       -0.278484557308363       -1.073034662604565        0.778565075554350       -0.220312291096481
       -0.853422276390451        0.826044801885471        0.159150240112387        0.363879700214216        1.231434067680006
        0.634933723485133       -0.768268341516902       -0.356186931306929        0.272275775391737       -0.233313798698949
        0.219355202011027       -0.194551551238793       -0.847390607008061        0.159659795671890        0.835981154649922
        0.138288642516851        0.275340208040181       -0.041035604016520        0.029069341898888       -0.794708501209334
       -1.029477562662891        0.329002937362539        1.208039484781666        0.197946048497538       -0.474619953717767
        1.109088137687121       -0.097844818774241        0.436002010583944        0.570703455510288        0.433369608056898
        2.248516927320586        0.228161304483286        0.363174032625447       -0.305171759812911       -0.312116253083094
       -0.721326858566040       -0.171563133041126       -0.202464783914064        0.058365529983016        1.270131239847622
        0.716320911995274       -0.151087678117292       -0.277401492489848        0.155887231199036       -0.978078428786583
        0.332176181666739        0.116357312117853       -0.516976075871426        0.431774787912542        0.866144398470926
       -0.631898654736104        0.425614523851787       -0.947256148758131        0.382633749795260       -0.165367182080214
       -0.595605042788067        0.262416633904177        1.692745321450430       -0.061934796437300       -0.208572504349476
        1.174963867758664       -0.531686836358985        0.301163782821814        0.386377310863112        0.806738830479116
        0.727516899407588       -0.209010146514880       -0.321900542439995       -0.040322895809198       -0.024321940451894
       -0.728170282589888        0.020457005582066       -1.324096793254244        0.237508476198829       -0.250794080460463
        0.535631177257170        0.162979399200781        0.903493602369643       -0.193664486100529        0.220399093162990
        0.773868190332739        0.381696935995049        1.637621659842810       -0.262464576990617       -0.970382000560976
       -0.593891887259032        0.009206264862925       -0.753569479919079        0.288317037983605       -0.143975717788708
        0.219046350124342        1.315013856430144       -0.618136289431702        0.644641898774357       -0.495383566919114
       -0.371764443973912       -0.265727997986955        0.247834732638360        0.054780761192135        0.171020919488235
       -0.912807367156046        1.094760890470915        0.639064084871450       -0.123962135088850        0.233154796261528
        1.055077539874762       -0.169505535295528       -0.194359888046554        0.029166842382833        0.479229244854202
        0.236006791162555       -0.297673055933975       -0.836536767834866       -0.205662834354058        0.028936971656493
       -0.374140627450183        0.531983069455609        0.223495883784780       -0.361265637895406       -1.324384841322185
        0.134090078904357       -0.073090398629873       -0.781409328664132       -0.323168154640700        0.490621260058655
       -0.139697811750426        0.403933544012395        0.659148913891271        0.273880017242659        0.381414124519559
       -1.101463220251470        0.246677257650255       -1.216386204032799        0.842459934526199        0.168690910788373
       -0.469187885595867       -0.449831021238992        1.085703593427092       -0.331207265509036       -0.622540582735657
       -0.561608311201064        0.947731586449196        0.768416651870355       -0.733039785583826       -0.787436271106129
        0.658371532069255       -0.779556238067919       -1.551567463887991        0.640520691602370        0.313312345435231
        0.847711298595971        0.745405852907947        0.315149985793251        0.221712845748418        0.968438121294718
       -0.018700493622532        0.681656375852154        0.555658788748238        0.184792972244076       -0.406668302924805
        1.515422581721593        0.103587292987063       -0.996482080505362       -0.130793679072047        0.587218738312997
       -0.347311361497709       -0.025624583385823       -1.055694399413874        0.033838940103909       -0.820692349052879
        0.313915887997082        0.215459438798992       -0.827531799353008       -0.041157670741622        0.978046423245016
        0.384022218793444       -0.014660034107090       -0.552679316759505       -0.018637305261427        0.605597326437588
        0.442468586210084       -0.093888397177642        0.253465643288510        0.024278925898348       -0.704280735390058
        1.523933452572789        0.294708724445269        0.382160777624084       -0.136082324443345       -1.257718261953730
        0.320610366742196       -0.135559093247783       -0.418714649039921       -0.300652364128195        1.570783157819660
        0.725926184820176       -0.438435168740641        0.183021784937169        0.178783307435662        0.024951695316255
        0.421076004560436       -0.092184896584217        1.086408007430094        0.259117390000403        1.213733449640000
       -0.830624390519844        0.042820618487775        1.119885741367544       -0.263827288869776       -0.085400775920083
       -0.324965674356277        0.870341340241309       -1.009353577630816       -0.555038807229634        0.191886299702965
        0.724029329370548        0.181364197552818        0.294665138445942        0.121617600477258       -0.459473345386805
        0.695313293410466       -0.780988638907516        0.779928202705337       -0.404782914572018       -0.041104063384689
       -0.397743466423635        0.197256753062206        1.943383288636171       -1.007235290147827        0.661481389202258
        0.486734248501398        0.147390737962046       -0.099574352407676        0.050961577856702       -0.969878738519863
       -0.867833178378426       -0.165880303984011        2.133933302599202       -0.857373685878801       -0.981449327573740
        1.145976992173533       -0.710700539130763       -0.300673696336434       -0.208378059769047       -0.245814908977013
       -0.039501486361602        0.622120232891134       -1.156723067952210        0.324923579965056        1.020295839957447
       -0.014187208292161        0.212421910290705       -0.529286794507697        0.444179409608625       -0.613335473157824
       -0.408564967429445        0.592071426336725        0.581215178512447        0.427092707462073       -0.270898958692691
       -0.293896237463757       -0.339906847338181       -0.995276349764728        0.242132553965213       -0.680696814728746
        1.001331528977005       -0.240788582896437        1.277905590350370       -0.201621372011955        0.676050547104445
       -0.211957847799183        0.335022466500436        0.118000581301063       -0.501310966932989       -0.096585207609607
        0.040613610024480        0.318848850624597        0.461082461386908        0.382883698431529       -0.581479466091192
        0.379216041110076       -0.320976132787263       -0.745142008817791       -0.171386910108182       -0.524649596872360
        0.076915003489940        0.251002504883679       -0.114729678619869        0.231891824659894        1.005959385472646
       -0.361870735537364       -0.045148172030601       -0.235797624393896        0.228243037464175       -0.166032890016953
        1.079266491178213       -0.613277602332268        1.297138971667782       -0.246854525094262       -0.351392450814798
        0.240920052087067        0.397283363535263       -0.379104512075597       -0.453968650231290        0.526186654891423
        1.748756503293327       -0.258840342905411        0.047519258254670        0.278714247954256        0.486655575244920
        0.287251958423332        0.440232657293051        1.498330590431020       -0.463284699553077        1.007870675432585
        0.296871533577559       -0.323109941224599       -0.319977143507855        0.099160838067241       -2.001854195229914
        1.687206270113768       -0.038836534368111       -0.187699603934736       -0.487606460020637       -0.765579061502929
       -1.465404346554033        0.756376948916012       -0.027841677400189        0.528627092768881        0.937296772357892
        0.903416081487987       -0.677576954085581       -0.541691120921554        0.589266842305546        0.656882825276138
        0.490089634421202        0.177784092733648        0.031337889855474       -0.269387514369266        0.243664048510927
        0.033086137556795       -0.909320596175905        0.221912502791549       -0.225847885497187        1.520265795864585
        0.357584150066981        0.034482242499476        0.180047267497085       -0.232701616217423        0.244631113191565
        1.193242149060172       -0.156944272251988       -0.457367905999016        0.449412423107371       -0.325688054510105
       -1.093534472014561        0.241407594108816        1.395225339397026        0.031836685768973       -0.486018853968892
        0.800458594132607        0.146241963937336       -0.513029104760217       -0.054039632242281       -0.747946911196817
        2.539714126170741       -0.778390125513020        0.436401298415729        0.245145665800005        0.773138225668364
        0.625774919033987       -0.344654244490467        0.416781191868054        0.542148573727061       -0.236459436797117
        0.861219166953972       -0.185673697719154       -2.357504220230289        0.424818930565158        0.543210546034622
        1.110351977178964       -0.335440266456727        0.570623529300098        0.690907448952258        0.337065576698767
       -1.412391920445019        0.371330289158753       -0.736883178303929       -0.255709508332475       -0.968704156848151
        0.065632884685994        0.295779697561524        0.151407821041263        0.134278164691317       -1.657161755501289
        0.159011411912855        0.418505086552310       -1.255469618080538        0.330656425813834        1.247048908426208
        2.270217629229168       -0.614398590682480        0.837422246565535       -0.651722380714384       -0.543551729816371
        0.861589835073349        0.235487818167984        0.468088831094780        0.132997483965546        2.369119418097887
       -0.056927726900254        0.164720295947780        1.101948896826475       -0.028957638160446       -1.526376905213007
       -0.148863685908324        0.041917576106874        0.532685400328292       -0.359977776991051        1.304629765528869
       -0.042073181564954       -0.451882439759744        0.045586180590652        0.608507248478832       -0.694994907348949
        1.102922973097441        0.086676333553698        0.146274359182000       -0.096176514102677       -0.126828160449290
       -0.272174351310855       -0.226247641187350       -1.645831716384266       -0.265760475635531       -2.216645886621995
        1.046535326653723       -0.327739530032021        0.143384144532581        0.741065213017254        1.737079072081404
        1.454697651038300       -0.273136354113170        0.650767332011273       -0.142605345095462        0.199501732269157
       -0.594602392612169       -0.307889495578422       -0.661760676547709        1.134161996024428        0.451521004930107
       -0.560058363738945        1.513921411514523        0.224799666463055       -0.231485235935510        0.509623486658306
        1.643749018766331       -0.355527014837491       -1.157839199997560        0.307753531643209       -0.648237984450692
        0.090661149370926       -0.098587674625742       -1.255048391527473       -0.031151035234253       -0.225410787587313
       -1.236918631842632        0.188259753669720        2.096950509790299        0.004294530122921        1.142048802100062
        0.355824756204663       -0.229645601766811       -0.899292052631859        0.574191034009366       -0.710187436195267
       -0.451149811661440        0.473493640607404       -1.321704449722799        0.720647497849929       -0.674343649230093
        1.091250698810925        0.020645081102058       -0.583647410330207        0.348619542337919        0.196591200776641
       -0.225458784773539       -0.302651834980045       -0.289545013799152        0.022965445255028        1.099612473543285
        0.734559695868640        0.452950865644114       -0.393562942976668        0.367028382209153        0.377389838423205
        0.379988857389830       -0.128461305818500       -1.161931841454004        0.161436541257942       -0.711893589852657
        0.032292415873501        0.590663139614842        1.003193354903660        0.397982367197399        1.321790317301837
       -0.450360690356757       -0.061887399515943        0.192639592317836       -0.412042580090374        0.745947963854542
        1.035944077030734       -0.345486101279500        1.248940947433539       -0.199826827134503        0.544851485643856
       -0.783413993248086        0.034254894548410        2.288804675362905       -0.356302002186807       -0.305826836197660
       -0.052169872321800        0.067058074851464       -1.084018545882357       -0.336742054072875       -1.234556585941366
        0.639279333551001        0.420760531577795        1.540052757529368       -0.495734327107494        0.488457608488905
        0.711703882493148       -0.429962408776257       -0.025467562106748       -0.421686316217959       -0.025789592794515
       -0.029144075701038        0.189148709012591        0.514608580986775        0.291423477438317        0.768214703186252
        0.459655815717919       -0.418183026968627        0.579627055700971       -0.317098596862939        0.567409706030202
        0.174987383688918       -0.201267410093706       -0.058185085279686        0.122116159788590       -2.024797389288123
       -0.279016096230020        0.023807331388329       -0.020561820648003        0.480305036971332        0.221085985383773
        0.955399805265967        0.229975248192282       -1.127551330049248        0.669682890848144        0.811884966606146
        1.234747362227787       -0.804288030401823        0.294401521395388       -0.021262195552764       -1.520887185907859
        0.127325646054614       -0.014960605067243        0.319400622101594        0.320182819262686        0.462592735914032
       -1.363991075172478        0.320523166140382       -0.172616557802444       -0.223306155352546       -0.242996721654338
       -0.179908151316250        0.082831952555161       -0.440442711088227        0.078082613030180       -0.422078043293431
       -0.388022238610375        0.373056990379285        1.163674695896559       -0.436379789170595       -0.084768643161908
       -0.089279749036300        0.066454358778664       -0.649887292516399        0.078709883333959        0.585566771700527
        1.642969464116250       -0.008314753822202       -0.456895658259519       -0.651349260934161       -0.288342119478606
        0.243985671730847       -0.317635363729964       -0.791156868968800       -0.164221447435145       -0.196885641028859
        0.597790641559073        0.882783443015769        0.013935562360656        0.804029677841824        0.108076483086850
        0.023274548216282        0.249257608402900        1.188235675778821       -0.666270571646754        1.597463189891788
       -0.301178039417101        0.682512387975506        0.042744135498048       -0.168348321260749       -0.860673180576883
       -1.342364361402573        0.309294061269350       -2.426037863910977        0.885561394151987        0.381991956415501
        0.779430665314415        0.516495465413493        1.193524347211692       -0.611032381723105       -0.167093624940482
       -0.916601058213217       -0.118423398801252        1.863288633332152        0.155499387294777        0.598866768555234
        3.243874145536438       -0.303741928931889        0.316562625735033        0.252315423016716        0.496612420436694
       -0.290387884907998       -0.079064491632491        0.243202657768569        0.025471513801603        0.511200612824168
       -0.512138361267600       -0.120667668299796        0.067642741316113       -0.165633066014692       -0.076713662414958
        0.297013405444463       -0.131084311479489       -1.158667508033981        0.309724157322252       -0.396014710095277
        0.639950067161119        0.049073779754192       -0.616285154085943       -0.901252899783002        0.201388340110401
       -0.295170770967414        0.272793513055661        0.868408685725444       -0.076920826074573       -0.621031593986405
       -0.334910538416502        0.070731779901357       -0.972685737343867       -0.010479113643907        0.497585037137173
       -0.628974055066856        0.414172303206267        1.554891612729207       -0.120679160585694        1.072569494252357
        1.379962975683541       -0.822304921880526        0.058557444731535        0.077183645403707       -0.031389248115256
        0.386478735542900        0.126473000339933        0.050346841419675       -0.153335178487183        0.336364609614626
        0.096975085545914        0.256113534902919        0.088998468939895       -0.006772615820407       -0.034434921725939
       -0.764293726028376        0.230529943267804        0.197906217294898       -0.278649935003267        0.790095658827151
        0.701579691312805        0.151941665993783        0.168275362285222        0.138227681788313        0.960324365140137
       -1.789887724424719        0.099618991150665        0.320565523918616        0.143671427420874        0.138363995262574
       -0.072796171342180       -0.112509605807160        0.811613089478563       -0.590267508821277       -0.328960018677372
        1.844313571069979        0.166490204581898       -0.065679815839363        0.134463804774234       -0.052237864374280
        3.225154195488412       -0.036958121094607       -1.062313437792743        1.059058970209736        0.531446465545227
       -1.365744874358042        0.171868466552982        0.764972265518070        0.019470883500873        0.555183384302342
        0.571081297651516       -0.648433768123310        0.480426856740129        0.522098827627271       -0.001202658888096
        0.698029827263551        0.527082702306511       -2.035698673583373        0.567622850008280        0.699109015919282
       -0.633245403129268        0.469286043067096        0.346529378338363       -0.660756958611421       -0.521286471262338
        0.091670701371514       -0.871795066448837        0.777097883162605        0.107520984491185       -0.903225476766520
        2.129107652508005        0.224381510075597        0.965624142047056       -0.705020755732007        0.089572055426543
       -1.744643639490675        0.705335211067788        0.431805688369304       -0.085317559450372       -1.035892449345864
        0.056105624129969        1.028705829835685        0.862739227475586       -0.518477683943281        0.649016842835142
        0.442508724601504       -0.425120035587605       -0.351373741185719        0.575828655666069       -0.980858634882751
        0.646206829309419       -0.071171453856625        0.258424703263457        0.182801128626633        0.367783091639381
        0.268976594795915        0.348629344986057       -1.018218448094947       -0.113737281544961       -0.464102059931831
        0.468076191268907       -0.151975090842617       -0.384010694308739       -0.606049371655174        0.627401725472578
        0.427235390024225       -0.639047552895366       -0.870326543189286        0.228596843041060       -1.072863516008701
        0.307464237776481       -0.413962428610945       -0.873941750439216        1.252930789252591        0.253390186214022
        0.931989224074454       -0.100491485222157        0.481577452044793        0.216084151021375        1.610788243752078
       -0.990993747385947        0.317366766993259        0.902184139382472        0.381243440225024       -2.367114753197224
        1.091107601857069       -0.703968812508641        0.158602793310042        0.178867780231999        1.870202013584334
        0.394973002991056        0.261890178816204       -1.068738867312485       -0.243652442965812       -0.599071369396869
       -0.162842626563298       -0.004913623779152       -2.249149904958624        0.481197475646589       -0.665290141829874
        0.206968779739663        0.344564834079205        1.627326667731994       -0.359758650609504        0.274687768082680
        0.116863320856075        0.226521960356358       -0.050362836088017        0.276420584552431       -0.837558743645008
       -1.349121580453164        0.326568664658744       -0.075967115038688       -0.006836620810354       -0.559040728336338
        0.451599210458432        0.015880070282132        0.922753691147978       -0.269396390566645        0.475760121399918
        0.043809157665921       -0.537590184936617        2.041436154487128       -0.121218231507212       -0.280007128566666
        0.563032202699628        0.018790717578277       -0.741486235324530       -0.092769589716164        0.132551808418996
       -0.114239191228638       -0.243603854462089       -0.513731810758639       -0.335094979389204        0.183931714152824
        0.867627645577223        0.067324186365851       -1.782425407921180        0.449394480695706       -0.043007531039501
       -0.328955134158611       -0.124094320430231       -0.046053904858490       -0.730091594467768        0.633664957480448
        1.132678248702737        0.215249590562291       -0.267301320094049       -0.159223836686926        0.212564571079380
        1.479376725971727       -0.054078536663970        0.166710996922933        0.104078900126169       -1.412126475187001
       -1.189823325635205       -0.726697828890771        1.142612307216267        0.001267806415418       -0.081560647745249
        2.150789537187940       -0.496380532464662        0.847895608341444       -0.789835580472347       -0.106152523469624
        1.877482443781762       -0.053655618709424       -1.085401967112992        0.836271479395549       -0.262038313523489
       -0.259591490773752       -0.354135961143842       -2.313022925332793        0.251139851320536        0.006576069897508
        0.044905359804790       -0.038073027529281        0.571000268675543       -0.223704262524502       -0.520982287325994
        0.064935074836459        0.734049739046212        0.036452335898497        0.267046526357867       -0.968436329347640
        1.358099895415644       -0.590120840590780       -0.035057324600711       -0.496373548260734        0.296488492290802
        0.940874313154754       -0.191755332065046        0.908479004714679       -0.096519147040729       -0.096931216668751
        0.012855909517336        0.120736846196869        1.016287172582277        0.271078173112644        0.306732918717890
        1.149758773441518        0.143664061398362       -1.120827946008587        0.209269176405257        0.437376321021073
        1.411756351974800        0.427123587794872        1.048543134434855       -0.651735359817369        0.120374534750031
       -0.030969713820146       -0.108555340489549       -0.713001522331720        0.398417106002465        0.122443301268933
       -0.253431438934090        0.478608974542708        1.175378922242449       -0.351734150084729        0.090110725588534
       -0.776627981011282        0.150166157764578       -0.696989737606492        0.527785904722097        0.594940510339602
        0.134149911744408       -0.658272123781155       -0.858081875494602       -0.072117335326148        0.090323554284740
        1.477635426926247        0.451984946601838        0.438294044714526       -0.277710440601435       -0.426491935171476
       -1.298755392559221        0.288457355058179        0.820123817596489       -0.933230900809655       -1.164781584086104
        1.225552133370230       -0.498745939800348        0.021377258594299       -0.271892916345240       -0.659190357684813
        0.335537925051890       -0.402683648485410       -0.490666689209999       -0.341675305443636        0.307851555067282
       -0.250471635200133        0.570340234209276       -0.452228536670616        0.362419742098806        0.304818704185697
        1.167923577807278       -0.086976522570435       -0.008240417411664       -0.409117977747181        1.835854271579292
       -0.411875774251568        0.479848964859630        0.552290813956755       -0.376447764499070       -0.675606062485722
        1.478339579536800       -0.493642604922842       -0.181994107054553        0.162085068659959        0.178769302076320
       -1.521230563250912        0.144182468846064        1.139035325122907       -0.439136470353243       -0.347342234481533
       -0.732422588689381       -0.122990257655268        0.850915862406074       -0.413868722362134        1.204609425536440
        2.641673715659648       -0.442240582037219       -1.332066269360280       -0.051191780380244       -1.610021558605646
       -0.364764111706651       -0.007620291103877        0.200260636389768        0.111617690376068        0.890615877353374
       -0.316840860093287        0.045760333750957        0.222758080256770       -0.317030993886865        0.529643191463593
        1.182589158824150       -0.616505879362224        0.476428148407241       -0.192904910510051        1.158502081335625
        0.734878634282825       -0.020799106028950       -0.433961690055503       -1.000618908935029       -0.945357933723728
       -0.252867836819996        0.358149302781623       -0.429749264581803        0.375626803302592       -0.057760697768985
        0.366622011755269       -0.102632172734264       -0.187681847460716        0.521320981976106       -0.418237381984868
       -0.905734849858565        0.073857705584803       -0.304229422842177       -0.181421006540535       -0.226112661509472
        0.291452812129921       -0.244780310179813       -0.873924571439862        0.046421822171282       -0.066285449020053
        1.188078570644690        0.260761592709771        1.178821742964680        0.049511460245893       -1.497683450595940
       -1.619052153471920        0.351523099385583        0.241592342246018       -0.093507720365982        0.960743267756218
       -0.117697144361161       -0.082952100485893        1.804890670295496       -0.080195628099624        0.509989381761251
       -0.140377051929557       -0.264186246696374       -0.274322131463640       -0.067437156641617       -0.050827914613444
        0.731357432611640       -0.340836343595036       -1.472866417700092       -0.005438210744038        0.779879873306156
        1.825276284554912       -0.528796808302300        1.358696707549452       -0.151756050458281       -0.580499493744023
       -0.592967878900619        0.250256743335238       -1.596655406019141       -0.260922480826127        0.698115564769508
        1.317767023991125       -0.155590099254839       -0.288165965808645        0.130934762112670       -0.557923566508872
       -1.000871393327628        0.191749635586359       -0.447535432308350        0.614393617735702        0.351125690455850
        0.848315894824952       -0.118044095528947        0.689591705600823       -0.336015311617514        0.181512805693287
        1.253586650511637       -0.546231258197327        0.639514367151363        0.737881795668692       -0.057582750588850
       -0.240778585870208       -0.184417824261449        0.614347197614761       -0.314608261699497        0.529825539672523
       -0.101466394937712        0.261602447915704        0.688775059741920       -0.035204734605815        0.307738178354630
        1.815674736671082       -0.220521417366565       -0.427460473303433        0.546890944737414        0.148645667319948
        0.185000945317970       -0.758299190438658       -0.560619903620129        0.359837881828424        0.255816526776368
        0.098032254936388        0.463569863790635       -0.530722513527029       -0.061932769685958        0.157015105472056
       -0.723896855229673        0.384956771448349       -1.012303224196484        0.083465725914127        0.055851440940521
       -0.400921823376546        0.431076521501999       -0.918468673331915       -0.469752286336707       -0.768056549628518
        1.161538936450613        0.332473867254394        0.777529893985919        0.304055106732608        1.010955356455230
       -0.253959731886026       -0.541979281960426        1.162809193445796       -0.953886315911621       -0.359362735797346
        1.274494564902092       -0.303763612947133       -1.445830416602123        0.705446339073761       -0.248217457592504
       -0.528127797486069       -0.522769512539490        0.538974426443645        0.269847354443351        1.146780426246152
       -1.317021308267159        0.883209825926450       -0.301195404144401       -0.413932662067485        0.830572700214088
        1.761924692397316       -0.536953860310387        0.085193801507704        0.557656623279337       -1.047121359014512
       -0.863101681841166        0.503046813479412        0.526734983986688       -0.129734923746216       -0.247448790638601
       -0.958876388474458        0.804471364994031       -0.496576394066100       -0.062909378969050       -0.732560212258214
       -0.294065751430458        0.717889558945170       -0.171266117612708       -0.595239713640618       -1.045358319913719
        1.165892073934636       -0.761090340176469        0.973860050433606        0.089569024555645        0.318802334584486
       -1.886047909333961        0.033098757416377       -0.989317707537351       -0.027157088442176        0.398169546368945
       -0.600156028390219        0.615744365418791        0.498479436975843        0.155274788998448        1.011760088596918
        0.091638179995240       -0.206391816662440       -0.217670811279948        0.077444339681758        0.606421413250192
        1.409299635410640       -0.018616041653392        0.631352404979455       -0.701363310523516       -1.031852423365160
        2.086862379755315       -0.823040160738712       -0.571433920265766       -0.041982840701315       -0.074531617683343
       -0.160138591090417        0.476602225656466        1.236870291420768        0.263086922544209        0.498126678599560
       -1.324984821557352       -0.087889703117721        0.194065603205760       -0.677654564259869        1.340194651615946
        0.446782422083463       -0.253207567025757        0.585036948226450        0.298412508419296       -0.091106153201353
        1.407276263656723       -0.690610226665813       -0.327553517789617       -0.220712282005068        0.030428084284031
        0.272421892027639       -0.409842546410303        0.075056787923274        0.481451709224638       -0.011355239454517
        2.563987426263589       -1.032989380409891       -0.399493637291448        0.052716469474411       -0.861746257902071
       -0.082080692908753        0.042697341396234       -0.025307093622266       -0.318345518596286       -0.554016936763336
        0.580599927859283       -0.582321277241178       -0.936613361405025        0.888171812368084        0.297510531448479
        0.292226557730021       -0.488514849281646       -1.015317915256956       -0.097784309692130       -0.094136884804088
       -0.386474363006087        0.227099336078834        0.681757723736129       -0.049096048091527        0.621999895093633
        0.201749215457696        0.577467766748117        1.102673639229485        0.450472046253079        0.141699732226135
        1.306494141619419       -0.337099832471251       -0.121114966157149       -0.149709404399612        0.296630982930602
       -0.017482293908049       -0.628531406822874        0.098546158900119        0.152416253853112       -0.944200162763883
       -0.340774024042447       -0.165376659316729        0.077434605332007        0.322998377424848       -0.889492596779696
        0.220523764271388        0.216339203493742       -0.112737375341306       -0.019061247686139        0.872592411769402
        0.104004736270222       -0.237267875457523        1.936926170275624       -0.366229920813035        0.192164957178107
       -0.300611991529979        0.391686952308100       -1.895783532240219       -0.191334893112704        0.248465135422043
       -0.359144242630142        0.000436969113168        0.380468594592763        0.398841754131004        0.029287447750154
       -1.028628586484780        0.188618448540940        0.190702910506538        0.074176446324632        0.023860719396620
        0.755842270737419        0.219378958449057        0.087935184276834        0.020146022477675        0.126768031400846
       -1.408815679597604        0.163208814624875        0.451091310862027       -0.304854063038912        0.238919396740975
        2.005607130394234        0.871577438549647        0.032043684255031       -0.209004066250843        0.151756809601992
        0.467485802687038       -0.380433149480455       -0.603175373036808        0.333298358908378       -0.298378217960214
       -0.663156300686896        0.733629951288217       -0.036568235471437       -0.647053368341205        0.054050804312912
        1.403645336057390       -0.158144696590103        0.422434651565104       -0.510075019279672       -0.842961525006565
       -0.996901415040073       -0.102654795870547       -0.788513571399841        0.172885331782283       -0.833036682415723
       -1.127863839994464        0.586703325695666        0.887208205317864        0.074165433762329        1.626738996294149
        0.865855703359922        0.545689386354305       -0.713238375541714        0.170697267467720       -1.409857572207797
       -1.086963729107462        0.235288454830712        0.373602680428344       -0.053584930691894        1.732133375205539
        1.728508763266586        0.363895835735171        1.451796068973557       -0.003082490749894        0.250477309805138
       -0.203731770390702        0.047336724447933       -0.086208474104777        0.046441192431734        0.477815258201490
       -1.209005283963326        0.151887568787874        0.712165127741668       -0.256212395388215       -0.920055692464800
        1.152448330949639        0.302229678865593       -0.735382625519350       -0.097828634795936       -0.369230298164387
       -0.050135584255838       -0.225791653110914       -0.072795306371387        0.068276793645809       -0.633122652951117
        0.622342467450458        0.403028767422454        0.005295376592715       -0.246672950835766        1.475975283689587
       -1.121483243538894        0.488686295646369        0.737296791170345       -0.065149820759770       -0.304175663787367
        1.517383433514670       -0.236562256853076       -0.365637601752711        0.108181339574411        0.238904014397039
        0.596882450941135        0.105519454072423       -0.068238616870092       -0.188352916503869        0.174346918550414
        0.012516159013583        0.044133053778480        0.811868431250232       -0.398365665088924       -0.678108176409866
       -0.503600462492283        0.226750375899129        0.188425810573499       -0.807420171262073        0.664109564586353
        0.879025245945830       -0.757174385234756        0.654744514477458        0.274160512636732       -0.729428436115773
        0.390938653655291       -0.149763628966650        0.307215419012108        0.442673477330479        0.439077936898326
       -0.478712444639569        0.326257624021557        1.017175915456208       -0.581191606164782        0.540455422050043
        0.704824392112076       -0.021463270292483        0.642883146369637        0.437229443735626        0.843105886452859
        1.136560778713644       -0.125222265918060       -1.562459067431679        0.531712411748047       -0.734713145531196
        0.498284092497984       -0.404323200392999        0.341818873707122       -0.823201497159692        0.555233433835322
       -0.126333992742636       -0.368647923743602        0.286647450724188       -0.346157326414146        0.706072833639061
        0.456076414242060        0.477151889380553        1.144807587500385       -1.046851212657710       -1.103967641843771
        0.319092527127986       -0.196607443333572        0.985505276604475        0.553213956073076        0.717918330109341
       -0.653267946560535       -0.286927489838198        0.248668452997447       -0.210309923125426        0.965540428181021
        0.398000150978700       -0.372731349815119        0.618058836469475       -0.095888640189700       -0.925917384762465
       -0.674930325345066        0.512259798305325       -0.552855416319569        0.695002663820887       -0.072954583198125
        2.295937131742379       -0.630158331517674        0.174769911653950        0.175507551490369       -0.840325017690494
        2.011742492939871       -0.187165995348542        0.463350705073681       -0.598480504111522        1.696152895246430
       -1.132863661687294        0.414681307812032       -0.231296695252408       -0.188784045061572       -0.381528894036800
        0.321746925190771       -0.366909037661256       -0.005641979419750       -0.234081061935627        0.055329068884205
        1.108422079366116        0.502187880502752       -1.164860282585133       -0.253183228610742        0.585321135822816
        1.010676779005052       -0.028297577242308        1.157521441294342        0.167979888869888       -0.225537134449999
        0.103631544497360        0.207393094313111       -0.154492878894912        0.222032743495772        0.285297365195599
        0.019438523421951        0.468771649088569        0.436870828006831        0.091881525165015       -0.199141966793442
        0.762434832208176       -0.271125075082694       -0.406566169940835        0.899407614295175        0.229277471283079
        0.560192125236604       -0.077522629661926        0.112889744631612       -0.384341867767902        1.137887053621539
       -0.391486596927343       -0.053441000500476        0.012191965984521       -0.659638034503428        1.247307494732458
        1.228226265396992        0.096733972011157        0.151081187527448       -0.590382205818152       -1.381215325992518
        1.177045139399538       -0.823194457857730       -1.201095535319921        0.902807617294009        0.791190529374185
        0.079093145773973       -0.157619708129214        0.067654319256979       -1.147578189175613       -1.131964302878576
        0.215748673089583       -0.124498640412233       -0.449347354050445       -0.470129975569692       -0.046475148535223
       -0.118527387913252       -0.244394379444929       -0.165022198086716        0.629721375089783        0.597873837156690
       -0.259824531118334        0.326566741061151        1.425616523344516       -0.128351339819062        0.380826410383833
        0.315450014087157        0.194109850573635       -0.450040905758885        0.304014295428601       -0.517790648511903
        0.484561743318991       -0.161022693027071       -0.107876782808536        0.098049097606454       -1.117621272549827
        0.250363347710112       -0.226335296090164       -0.023676839201707       -0.112777465405798        1.745142885494105
        0.074825814862537       -0.323505651374697       -0.228280568820506       -0.362208266072219       -0.859143545420686
        0.493236250367995        0.615800006926513        0.193242429472120       -0.218609612507020        0.666951806638468
       -0.244248265138059        0.053848239509243       -1.195076757948252        0.235567386492314        1.233113001075721
       -0.091887657524966        0.583334522125262       -1.363301436216778        0.903869687148570       -0.517589510473415
        0.979213887768712       -0.310974864216884        1.385769671495923       -0.300007534427765       -0.756372478452698
        0.633192696316875       -0.025102259163499       -1.004030253322034        0.297082396323283       -1.016110953708343
        0.505457300163400       -0.010346707673580        0.399799224056002        0.114699137233330        0.368555946950804
       -0.019026409581976       -0.123704601503671       -0.399548611544565       -0.512893557461067       -0.073213888969987
        0.435381522742747        0.433222711733529        1.388450672068135       -0.847132630325704       -0.362582809400685
        0.776191225048447       -0.520620524558094        0.611658607478731       -0.238007154844144       -1.762989581601344
        0.101692239773713        0.778039184859503       -0.043937064771782        0.079118774493952       -0.129434384698891
       -1.861888731757585        0.583308616888154       -0.491042352184779        0.787524751755788        0.372105094896684
        2.305960631387329       -0.754548318662730        0.433971725800307       -0.389976086822877        0.524729157779961
        0.749384668368113        0.631895444302027        0.857861563131886       -0.130279362221975        0.395674032641664
       -1.091245629676739       -0.091810549264312        0.003313136954907       -0.237218138392433       -0.454868127900892
       -0.377180248531731        0.859490545158310        0.298008296005463       -0.430006957198777       -0.581945574951934
       -0.769882272919928       -0.473644451270564        0.149817279968770       -0.234146288152909        1.395652537432407
        0.544130986336375        0.333147237196873       -0.442792558250475        0.467546773400599       -0.553681584482646
        0.805714327916184       -0.524798391031474       -0.800705736979720        0.936336367920734       -0.536332568930211
       -0.167748793904755        0.310275954092398        1.096994609075933       -0.356941909196945        0.940499373425516
        0.501081826517006        0.110973536344150       -0.173359892579363        0.630908002715449       -0.213370472400558
       -0.037848337854832        0.955692659599406        0.668868861033599        0.492368835229381        1.787587442800884
        2.059640941039164       -0.216308730960034        1.043900713168965       -0.431375166329624       -0.860846723323772
       -1.226249329648919        0.549383819874732        1.610369125641630       -0.343703922406113        0.275345631967715
        0.471831541847846        0.723942569604356       -2.213868670453736        0.601810848736787       -0.742752380788170
       -0.904491985609567        0.019757500760630       -0.319720640196227       -0.049054386502025       -0.386727405029516
       -0.447213675230375       -0.189855928982178        1.215264308870115        0.410804949912868        0.770206415215174
        0.701949081621197        0.165602390245298       -1.103202485565144       -0.050877039471057       -1.162654562631348
        0.018505093531116       -0.385200058167897        1.256258264974605       -0.318958633047808        1.457415045491480
       -0.628538415465236       -0.586665060603118       -0.009279059733335        0.152954073352580        0.039067789244567
        1.429367576003032        0.060785965565316       -0.071154192790246       -0.217135535005832       -0.772820854669705
        0.223180856736746        0.235653211081621        1.560531069157477       -0.362739375489455       -1.728388820031164
       -0.352033362894200        0.537739080966266       -0.637984863090077       -0.071461482919297        2.210140061426206
        0.004837532137855       -0.277959638308786        0.406284240529943       -0.118394719114141        0.139137207510810
        0.708003665003561        0.293195093851159       -0.962348869977177        0.463404895611499       -0.617811727656233
        0.734077184853675        0.007451288172939        0.119542681461195       -0.284693418926668        0.197100963786273
        0.839615084721231        0.404891745573955       -0.929435958107594        0.212425854460747        0.081823509550816
        0.058966704933452        0.255579031697975       -1.663346499466639       -0.042534439946582        0.765819800436793
       -0.132200579218911        0.011438690136500        0.779333898109304       -0.440483106271874        0.487387982991738
        1.493107150912650       -0.688571662598709       -0.159459617577009        0.392806406599522       -1.027021474888747
       -0.829272635029068        0.466124675656239        1.203209373395509       -0.806046068455497        1.216791425301207
        0.815596256470333        0.653235948621347       -0.176323780155859        0.144454642309437        0.694587538435088
        0.750169170627824        0.270627355523684        1.336293630620240       -1.009683406737353        0.128546989485584
       -0.316211740443961        0.923385014997009        0.042466415394990       -0.347878580846112        0.123216674263852
        0.316267323768301        0.312806245117594       -0.806274087255828        0.717494388154703       -1.334954271571342
       -0.418241554608849       -0.326831981889840        0.456252548355294       -0.449523309792686       -0.817115022688436
        0.792516657244414        0.029592073010822       -0.397380413456302        0.248773603030990        1.543713538926040
        0.379380831128023        0.002897270017746       -0.460170873842818        0.511283552504097       -0.901154726537227
        1.428554267106946       -0.660841978726280        1.164333158653123       -0.850145078539860        0.608727293707842
       -1.662916538181009        0.028553747891083       -0.327302014935874        0.195449505446799       -0.383846299777968
        0.069633886461159        0.280324218448738       -0.355751022133138        0.069206272709045       -0.964325835456929
       -0.052976582843214        0.129288689207550        1.233172732409560        0.504186399954151        0.504668020325466
       -0.025316040066691       -0.152755076274984       -0.155675153558259       -0.235643990332283       -0.600675631241706
        0.508333841022562        0.313508405573018       -0.313658052310641        0.820799439558502        1.165823711477362
       -0.312124706973142       -0.035677432128045        0.762459351458906       -0.163974484017840       -0.688099247829469
        0.433658286368106       -0.354644038856509       -0.367949553455797        0.014418801986003       -0.316549415211286
       -0.446246010705973        0.020763783091845       -1.713789955890269        0.490955886317582        1.263135208451483
        0.168446509082624       -0.201560137270279        1.232031858418433       -0.087621261866314       -1.028509792860844
        1.362607586749749       -0.194777188535265       -0.069338432770433       -0.539488433637451        0.417236988796051
       -1.051640074136875       -0.502090087199626        1.071801649196706       -0.050018832526776       -0.505564820567833
       -0.277615708998984        0.434015285898451        0.425588578690262       -0.056318261137542        2.162220030732016
        0.308390094777053        0.055291692982891       -1.162584987326970        0.006503558177796       -1.288212495725284
        0.531915280406700       -0.055385725991542        0.534808446671403       -0.193066670471489        1.020292224604960
       -0.498393869667633        0.330360264182704       -0.987297662682170       -0.040417656114054       -0.517631264122938
        1.591679637255536       -0.457488328469960        0.615774429074805        0.940590190304650        0.502239917865093
       -0.620886251814637        0.805957198037845        0.444741454800563       -0.713249123367323        0.035954798205514
        1.448189893137205       -0.089854131691039       -0.805978522957813       -0.057870888892939       -0.823216791086296
       -0.285287047541476       -0.164949746748018       -0.754538584342755        0.260221378929979        0.334388500927849
        0.987715772629795        0.364777267509127       -0.615910599947334        0.522241275217370       -0.272412300894190
       -1.244642133304640        0.008432768099458        1.040619388583984        0.198555147041002        0.624410687584625
        1.269840464922371        0.118087473536471       -0.745780648560250        0.747793528994085       -0.061244002804737
       -0.893080308361865        0.562304509543680       -0.681130974931875        0.108865058995712       -1.019612579239677
        0.293473638859234       -0.040456658225142        0.679437750866949        0.283695949135106       -0.891958503114530
       -0.975521912894287        0.350102291862136        0.599932473791570       -0.137927386918129       -0.543238271075082
        0.043278945317804        0.408692319628487        1.445080519817701       -0.189182213344945        1.022042522647072
       -0.051243306655412       -0.049869635768118       -0.599040971988890       -0.403792469368393       -0.280276934100645
        0.697398226736923        0.104004126760461        0.182654919635743       -0.219862143725713        1.669872379378452
        0.531716096822621       -0.044522481709697        0.143016904187066        0.367190073926070       -1.763410709067332
        0.405135887448614       -0.415187903282429       -0.956238977605773       -0.607006642454215       -0.019508308093036
       -0.360381819928877        0.145802115456930        0.756815862673068        0.411597601387747        1.961418279638665
        1.416227146489879       -0.276636302372083        0.115804248382641       -0.035168237325081       -1.017135440884432
        0.214078181879891       -0.755651458436169       -0.374968835738310        0.201770483343862       -1.079832546154934
        0.785051349356671       -0.168926726257987        0.068806171702092       -0.101360578266901        0.029728824381014
        1.461019395801912       -0.462519649070146       -0.607145875911291       -0.216782919185677       -0.616105630496300
        0.413238975729734        0.752779250601868       -0.492422098718884        0.633161934518061        1.895770412919885
        1.045649546758593        0.289351973521287       -0.479211826015005        0.328632121116635       -1.013729151454403
       -0.280714125986171       -0.470032955046968        1.222572984335960       -0.443289667685181        1.290302038614414
        0.444271945613689       -0.053734048140191       -0.418094265657788        0.089144005616544       -1.038669757920759
        0.015234953414718        0.211976775474541        0.992458604107146       -0.689454681296251       -0.649365856282317
       -0.133428289538237        0.313291223370453       -1.079233857227984       -0.305389027256679        0.662679441036257
       -0.103404551201945       -0.473269964825344        0.875691960462770        0.131979610615183        0.401869236613919
        0.451324131455725        0.388143065890407        0.088421223904726        0.516607962325911        0.085801784188477
       -0.938185477028530       -0.530965288963544        0.408967175257940       -0.393486496202983        2.125418752370276
        1.070910136383871       -0.025083447800894       -0.188670283703529        0.186253644944570       -0.332429594823599
       -0.044791714857300        0.119280100965746        0.188090978393703        0.167449763724591       -0.727758739788414
       -0.169577759199273        0.142364479957979       -1.280575469497780       -0.351178788235725        0.058865893766934
       -0.025621050492913       -0.252027867143976        1.283096313001294       -0.260542938810336        0.204079809376475
        1.086727117733161       -0.433607774339539       -0.193643515680890        0.842263002576012       -0.744564129291211
       -0.944495913094694       -0.022886549821539       -0.164739530715156        0.561157521893223        1.048017398082684
        0.145667583468008        0.011446531120360        0.597562412300559        0.730285790787265       -0.075465079718753
       -1.341637769006797        0.817433753727078       -0.637239333227295        0.339742532330580        1.355195015578576
        0.952462482334949        0.110989063391170       -0.602022196234221       -0.160345606320022       -0.572490058663684
       -0.626684083815342       -0.150743434242427        0.468663276822575        0.469527085237997       -0.688471503964057
        0.895347399637827       -0.179648583400946       -1.125947530162738        0.283681988582645       -1.746465774191554
        0.246131270741430        0.788909502298952       -0.076725475801440        0.075914565385692       -1.063158493104831
       -0.839286577924556        0.271132450224433        0.352157943031155       -0.026995075789391        1.301893187925161
        1.473930211670008       -0.662372350578255       -0.546689150322412        0.277893685667929       -0.597164521309308
       -0.499993628336897       -0.167201038217701       -0.993224350103556        0.104626202133288        1.142492387877636
        0.523342737680503        0.820833546080626        1.871898791918845       -0.568389621007138       -1.458567216085676
        0.984422710203046        0.126363580158640        1.248166054772283       -0.546062982444974       -0.679759765483092
        0.100475348323958        0.215974642187033        0.899510567239541       -0.706293762508969        0.856223506336197
        0.409818432123327       -0.328133416245020       -1.958360127123411        0.773952210626542        1.996205638293956
       -0.098346220176974        0.462513019515024        0.605030568729392       -0.374536253841999       -0.873871170950800
        0.430011151616363        0.328295286896260       -0.370327055322175        0.413042568732010       -1.552285330882082
        0.626781588755233       -0.429156403960682       -0.431849541206882       -0.525273586134565       -0.922402795234346
        0.213912096192885       -0.373455083856526        0.083480223343368        0.015197885602017        0.207804305911516
        0.100833449624058       -0.029418352465838       -1.087973901409918       -0.424283971223172        1.258169919612967
        0.588079692228737        0.400745825251123       -0.327228665819294        0.517257257566482       -0.366934017296969
       -0.493895663875792        0.949219980828358        0.910402158292164       -0.422469248435252        0.013576111580213
        0.436712776584313       -0.212277971911777        1.011326165080379       -0.239138166129732       -0.377101329938694
        0.282810259581206       -0.846074591597100        0.494564945774114       -0.812503803714110        0.438284624908796
        0.078143785676004        0.216069987562542        0.866286057980124        0.095437025438313        1.556630192391123
        0.700212529661131       -0.124662876871254        0.317077721171496        0.517772600431342        0.685932715673133
        1.255965156193898       -0.194804066537627        0.515319375320285       -0.270702547934946       -0.496049609502191
        0.440308383275193       -0.332557757137313        0.034097366202519       -0.092110424451661        0.003569481504780
       -0.113416472236529       -0.064508083394004        0.437162144193784       -0.238050638784068        0.213613474977412
        0.028108128976735       -0.082488732243936        0.219687643753701        0.247489821855822       -0.815325451015181
       -0.044909657622046        0.275891829715992       -0.982224325446385       -0.129536386214079        0.391245993726173
        0.953965366413388       -0.251091534407783        0.119900515751620       -0.305244175950785       -0.361326703430882
       -0.673211507903153        0.714456599999160        1.258493806179029       -0.218642375197699       -0.496006858100659
        0.877421649365886       -0.080939719637163       -0.388759582436342        0.105838412358095       -1.419626141456195
       -0.862275659872536        0.780436796057633       -0.184844932614792        0.043845722479931       -0.167537757552912
        0.286058861737406       -0.345085612711278        1.456595378449030       -0.729818303814910       -1.312267753741377
       -0.462828667649234        0.335680228583204       -2.019379386358459        0.162924159496333       -1.225243778393934
        0.714556241849994       -0.643046807123219       -0.911839021442420        0.899928171132769        1.274287281237114
        1.306970002580324       -0.281044921384643       -0.362238169049125        0.246599869601023       -1.175276766034517
       -0.551863977892633        0.679063348454709       -0.461833741680442        0.067816472494375        0.621268964933298
        1.214090269512944       -0.387223810510414        0.228503272185672       -0.932507115546289        1.839863376185084
        2.173581377168107       -0.003073208590330       -0.154638370805124        0.218831982866005       -0.928635659431340
       -0.611652187225966        0.228091599235815       -0.254369158526403        0.339322595928950       -0.091242680479674
       -0.219800760796025        0.450316658375012        0.367034030543784       -0.319953744495266       -0.947674753760441
       -1.098799068388639        0.539219939336054       -0.127129308468642       -0.337086907239767        1.324945144697007
        0.340494095675641       -0.340586893641304       -0.342757511511821       -0.736146651823812        0.033501293911066
        0.354518485078026       -0.253623633138140       -0.921494851251132        0.495234294450108        0.048571574102296
       -0.112658060413466        0.363681720504622        1.055716351526176       -1.063055696975099        1.910734721823253
       -0.102523711563922       -0.134327224538522        0.749146341435271        0.221564588053610       -0.105358406994388
       -0.446164508016588       -0.239965605216355        0.519118328142051       -0.578023520384560       -0.880330809736448
        0.344881346846109        0.079320476418007       -1.484146104483524        0.871171503141553        0.521504939693311
       -0.398210518409518        0.178138121410774       -1.225787777425638       -0.207769672757687        0.689936720588698
        1.555185136078153       -0.130916465371794       -0.015509305799118       -0.389104130191654        1.887841535214441
       -0.439946916458814        0.544749335022965        0.458500366924190       -0.126330936256927       -1.051639046968970
        0.768550518978658        0.095605284708579       -0.697863579623517       -0.350687185487645        0.973751573920037
       -0.401161643437187       -0.097896115472999        1.229287481919148       -0.061991881563952        0.800768158729286
       -0.529009633541550        0.328078406217768        0.235853921183384       -0.090348006746815       -0.727398127797093
        0.921810974666662       -0.091921801116575       -0.250628034667410        0.070208302390133       -0.169401577939346
        1.304741799652162        0.104819160526143       -1.202949818043094        0.190580113674777        0.139438336470677
       -0.352724692211071        0.203270169413262        1.351262513783366       -0.177209101239461       -0.602615534110794
       -0.243175189830824       -0.371893507246876        0.355135928833734       -0.169877916265270        0.794155211922574
       -0.943331100141608        0.766288472027383       -0.478687585484606       -0.422401068772535       -0.808868419873356
       -0.296784971707043       -0.525604254428138        0.084203867099921       -0.026394285905699        0.495886759081768
        0.039530879087801        0.370069739255675        0.896002919175175        0.101800253499450       -1.596158231886305
        1.815999919221521        0.069832909007966       -0.605759803254407        0.248893845725092        1.561937501388119
        0.475892374559337       -0.065851385198501        0.214140317408409       -0.057261531877275        0.409994410935221
       -0.112689881007206        0.670121646804152       -0.040161903061594        0.017505380111391        0.156863217683141
        0.721985557825466        0.083172718859144       -0.295411111500151       -0.317457290918198        0.355396744581496
       -0.518722330131874        0.298563143353741       -0.498741922073673        0.038943555011353       -0.015017423915039
       -0.556860592686833        0.203092954723129        0.013921499706281       -0.256701947748515       -0.756898469228525
       -0.258919599578159       -0.035755457282141        0.514347658243007        0.621161427736538       -0.341457847478602
        2.094290828430597       -0.520573806795169       -1.278616290680221       -0.619384277226742       -0.429836287549026
       -1.890722507019747       -0.053741806256500        1.209236731749875       -0.449498122289384       -0.866804488686647
        0.011036188720588        0.146719148204570        0.457347072788417        0.142507578301553        1.679566327041192
        1.409297584685212       -0.402501150388980       -2.306280263702404        0.726606948609063        1.357098641993456
       -0.261723231604493        0.776682256820657        0.469425012473780        0.425441220971015       -0.111225078171070
        0.400932894542003       -0.409765685954872        0.263582477274725        0.093992691383636        0.406678173056558
        1.094906683851566       -0.409448325289574        0.386471982254872       -0.015514548817788       -0.334554202522417
        0.705540652514383        0.238746337033646       -0.196319348749173       -0.172688938999225        0.627032664670152
       -1.175883401856268        0.214008957995064       -0.381674205173945        1.320327937762765       -0.519946322339003
        0.102555366987351        0.151333134265285       -0.689171134591492        0.006042411414320        0.319513536171485
        0.782770283927905        0.575676834050897       -2.285582527133915        0.354261636912944       -0.383035011487097
        1.833163132356987       -0.312915162764367        1.174248947928471        0.191632680664243       -1.474818702532567
       -0.598898272028740        0.361684734127094       -1.234053369833730        0.526383241521812       -0.046519826346337
        1.376255111970855       -0.431951160015372        0.411347133800085       -0.089017544225858        1.208458704099532
       -1.530941621419219        1.452724443544456       -0.451271462527376        0.519139471317761        0.349190681780896
       -1.082899484241918        0.548394724486073       -0.177324758642285       -0.254084373520676       -0.159534287245130
        1.502566024655805       -0.224515021276738       -0.816991731884286        0.119848236942527       -0.215287316577056
       -0.928445305893617        0.788134059168985        1.336978318159607       -0.252863289691604        0.618333540410899
       -1.201586663246401       -0.040857528171098       -0.046339105733922        0.574062896869421        0.746428628323967
        0.376525780693057        0.083171104601289        0.034515261506182        0.152278786207263        0.753920976450237
       -0.125653929718379        0.170562156673924        0.736603985295148        0.285460187148249        0.161656130316734
        0.166051058210591        0.998657910805576       -2.172947769259304        0.662408403952392       -1.172128598201691
       -1.460709256227019        0.940279167854111       -0.081378166647476        0.368318356218763        0.456898264410414
        1.488686050349794        0.034765668630200        1.086541878903387       -0.576459360878710        0.069637439523831
        0.401946451448323       -0.035870116022466       -0.238921241130821       -0.573014619843063        0.168148647950437
        0.099718111236331        0.475326061953549        0.002680293380923       -0.069691914030046        0.338600378280297
        0.043053195223698       -0.270432078666986        0.756549589148179       -0.109020184901508       -0.112833904696306
       -0.899854343647929        0.440173265958412        0.225523755210215        0.312250587815255        0.299996785756754
        0.933001391606560        0.419718364712630       -0.277115870386789        0.372807311122067       -1.935238230630705
       -0.417079665614997        0.070510003133763       -0.293225192294234        0.378191389438923        0.578531891047488
        1.061640296151401       -0.446984286234257       -0.959035372633114        0.027102483617016        0.622935326847527
        0.140962370471563        0.282123114473562        0.078228262106457        0.123503714717035        0.037478774095965
       -0.560439519970219        0.682268459275548       -0.574276734375310        0.365368853963423       -0.304339429963259
        0.165476474993269        0.158611243096559       -0.045372125684855       -0.341372027529100       -0.242890841374637
       -0.487444496812893       -0.321628367818090       -0.301130831495992        0.555427029733984        0.259547036887128
        0.787065711499628        0.455582325479821        0.925830588954683       -1.229093784462072        1.006607695664078
        0.514049167194226       -0.474563108479609       -0.977946226971689        0.610076575813966       -0.713436837024529
        1.062923018025014       -0.627462278887209        1.298176837632790       -0.187763134026455       -0.739237781397772
        0.015396732364484       -0.109184970395290        1.133124960720251       -0.200970370274388       -0.776602023563740
        0.268629870876491       -0.490345400520864        0.491546624363394       -0.543988838329150       -1.004279119403671
        1.313759277939571       -0.140032551543515        1.072702503916796        0.200827621531659        0.899830849843956
       -0.226739608084444       -0.012045586138386       -0.082810330578801       -0.328769438306493       -1.556896618148266
        0.066270226635226        0.215082415801391        1.114621491862179        0.099498741935071        0.494274414931677
       -0.420590153008641       -0.097654980234717       -2.251613213512776        0.099624031586372       -0.195394739527901
        0.530584484928846        0.402782070594945        0.880540801556230       -0.261395148265194        0.553779753642238
       -0.029719643885779       -0.237083676967963        0.161092110009258       -0.402042730726747       -0.195167944134707
        1.391829159616088        0.304242857720592       -0.350383557377263       -0.225718432985733        0.185238158711546
       -1.227890812835192       -0.148600175052643        1.795480283959276       -0.090577716919188        0.110287539720420
        1.819984639639599       -0.357916588685276       -0.663199955391643        0.596064311258488        0.095943371011110
        0.410114079117545       -0.733844869916067       -1.855892487573936       -0.422272572216863        0.632836517025395
        0.181581820993171       -0.247975090796137       -0.440155550644044        0.367452987769954        0.153690152735998
        1.681043113400490       -0.151708420593605       -0.159067369656236       -0.129669287355113       -0.143029637418952
        0.373880979929527        0.567721939149003       -0.046611892692076       -0.262385130931827        0.155094538823610
        1.497942299962292       -0.023834567931349       -0.356734288651879       -0.572756481986302       -0.978714928405426
       -2.080232297338324        0.514129496836011       -0.016613974225253       -0.438810154057055        1.492666307835608
        0.144004000127234       -0.462265604134483        0.623021274122821        0.093606982496437       -1.245394972053847
        1.658773016288829        0.159299274150274       -0.224133864704264        0.365144664724535       -0.410893517961961
        1.723378788265706       -0.441468191528830       -0.811051446977241        0.308332502417126        2.182138684581402
        1.502125440118091       -0.458196690875751        0.949630483345710       -0.065749832922760        0.613889581241233
        0.676566024079369       -0.139998506543941       -0.316544682970925        0.117912823727775        0.481777532879394
       -0.640777423610516        0.055111079168059       -1.515559873213366        0.588997673582802       -1.241158888163015
       -0.553153759547944        0.561521187383685       -0.222372916463434        0.060832817003013       -0.411391578703854
        1.086705780762997        0.277391964079907        0.447271534299583       -0.117350794646387        0.359906727433661
       -0.430284519006685       -0.440720135089522        0.668597670635157       -0.582690104452601        0.699593198032041
        2.131567922145451       -0.219660116431330       -0.944837332188290       -0.278343661393762        0.149965149739795
        0.601964309556465       -0.129147154975084        0.861770196852581        0.088715406087560        0.083638069735098
       -0.079120301658163       -0.169108896667783       -0.602142182467053        0.072439680164282        0.137897562630143
        0.624404391683346       -0.860126971495198        0.391988501563559       -0.117425497555418        0.574216302510620
       -0.242559321657552        0.513473139280785        0.770386055734199        0.177668704557102       -0.898287445354611
        0.080990164102051       -0.464374143002634       -0.077785465143341        0.749106281933530       -0.911876382035936
        0.155159169589763        0.045938874510691        0.302457050682790        0.555447032504127       -0.017546810044823
       -0.340777694353932       -0.252824285369037       -0.688393847764716        0.037971200862034        0.506038880844580
       -0.240294848901810        0.205947918541241        1.352616712506727       -0.914425666997094        0.779371247793275
       -0.173615841942035        0.332493717539334       -0.553218547048607       -0.130423679145728       -1.006892510529812
        0.791138023782537        0.512964664305609        0.138275935518072       -0.136370130296658        0.153200877210286
       -0.517674084847357       -0.784731200745251       -0.152540621430742        0.178010856851882        1.767181116770822
        0.710583643001400        0.159216004701804       -1.882647982551775        1.118693260401203        0.425065296777513
        0.091708850032871       -0.683135365211115        1.570977817384937       -0.947543332458468        0.248436437486522
        0.758867123523799        0.465047541909053       -1.129701484846620        0.236321281868250        0.290574030363421
        0.182838911530245        0.331595856308473       -0.882078553866882       -0.824557207972713        0.124569729199752
       -1.798776905302124        0.280313250073545        1.380136081712274       -0.156597069860080       -0.199651965168544
       -0.160059352366882        0.278552240445542        1.383138948687374       -0.151596271351046        0.565384712584015
        1.819227167180642       -0.105984075798688        0.172410722826936       -0.027309843035977        0.355850151078616
        0.031834675918696        0.208525567769599       -0.434980403670611        0.191417138198215       -0.312194605821435
        1.004538788346905        0.085631194810876        1.424965622697083       -1.312324606410616       -0.217267651411098
        1.233097026160322       -0.314851612778243        0.710557127778253        0.821332430560599        1.632161273949550
       -0.187983154067351       -0.155265963530853       -0.983834919689178       -0.336232726448434       -0.558464577602985
       -1.486784139099405        0.201656630252441        0.345391266460813        0.049155853058368       -1.019010525737484
        0.515922584193789        0.705899095981752       -0.126994380812333        0.001426845773388        0.325347870716260
       -0.220431957536098       -0.271056217767281        0.740066578827838       -0.280756966175766        0.223663814435218
       -0.447589884962972        0.087968415391475       -1.548656751851414       -0.666707813538538       -0.224811221714317
        0.798465572922261       -0.071185799845842       -1.031389041285373        0.126753813166258        1.018228478827834
        0.051225258397371        0.292295374652815        0.602409661685124        0.226850826999389       -1.017869603647460
       -0.437287190487594        0.840542144186937        0.837008137114755       -0.360664911616973        1.440069739958900
       -0.419145351430584        0.628635314833469       -0.055249898564233        0.008784052371343       -0.875452945630146
        1.381977084170708       -0.650640153538961        0.709667558381370       -0.476102568500591       -0.592182773691261
       -0.272193196309225        0.040240800201456       -0.131672295122881       -0.313108535110861        1.008039297344960
       -0.137306519850871       -0.008342434280437       -0.313922350990587        0.244000036908242       -0.726125371135856
        0.380525057382090       -0.504933824425878       -1.587375074543732        0.167628750301855       -0.159557081955690
       -0.877708137003626        0.241629613630480        2.455725557602582       -0.947907418286191        1.410948837232528
        0.807102842842996        0.156950520699436        0.057648230571377        0.272957928192115       -0.921752928708397
       -0.219368837955848        0.302457297173169       -0.320696056574984        0.124049102297002        0.810345521683672
       -0.124337532159891        0.215654069813875       -0.465678296929609       -0.158145017692410       -0.025652149734161
        0.754346350550318       -0.436997100652695        0.305443290260078        0.267319653497637        0.809965293889249
       -0.489854360433564        0.795857789793980       -0.529543492171390       -0.473639051569648       -0.362300275693355
        0.022318746945576       -0.354052704652059        0.248256898326376        0.017617836156857        1.210041109431250
        0.131175019443360        0.346464696468857        0.635760904477947       -0.380535095057579       -0.420068929011699
        0.127476923610516        0.395268877142201       -0.040774292202408        0.852257664692221        0.547311797728396
        0.675005081492706        0.154768162269359       -0.388465117205786       -0.097606099153645       -1.524557649703851
       -0.439203474275520       -0.161139367339957        0.108398333012633        0.000413458374002       -1.545626312575900
        0.793750123832910       -0.139292480611919        0.176710340143451        0.048832585441821        0.633021157287674
        0.113088660168015        0.354158953613028       -0.001775618311952       -0.366124242918895       -0.583468487118024
        0.329935276893682       -0.394096540141467       -0.892090089189433        0.312309722560849        0.954630801083759
        0.628613662628727       -0.278323497311226        0.577150334836765       -0.204639997784154       -0.668570786122867
        1.283950900436237        0.016087033944503        0.400530962177122       -0.149092061301939       -0.838864337533095
       -0.341185900456481       -0.275856467333481       -0.699941765475478        0.112694250529818        0.714296806006820
       -1.122262511849304        0.332210874058734       -0.018903243034911        0.030029024217080       -0.527187614789827
       -0.380015470154373        0.325595540249005       -0.272593293311592       -0.354282958990383       -0.159974125590677
       -1.477730226529310        0.170663721091210        1.299714617530054       -0.811394806670725        0.889406692841126
       -0.017172302983264        0.363062839460874        0.529621278152924       -0.105009609568785       -1.259843967586018
       -1.112664756841272       -0.321825985999023       -1.381190727705764        0.274474340243553        1.098650097363433
        1.605367794704269        0.005527848532419       -1.082889240368398        0.364817920332209       -0.353007326081598
        0.049100300158140       -0.031730922458515        0.086759102478257        0.795260303622170        0.173100766198461
       -0.086903204495655        0.205719597082005       -0.039514753864521       -0.645165426825363        1.530685146905254
        1.057037794984272        0.263518719059255        0.559849149665680       -0.142051314871060        0.140822175502733
        1.007515335002043       -0.202693602775391        0.425849098831619       -0.348697980273954        0.409642951706724
       -0.252123146304312       -0.066503613210884        0.400088695558712       -0.465892386041544       -0.504440314135661
        0.966633415955442        0.447691945188344        0.064836999658565        0.426494480349740        0.189078083847859
       -1.486722869028555        0.107992450853569        0.990238004014818        0.174501798279162       -0.958750262100613
       -0.764410777491556        0.983517575365062       -0.476974521772572       -0.388682336148834        0.379324106942362
        1.794077164974995        0.246277748731076       -0.605974529529862        0.315388212801722        0.570288214548665
       -0.806319179871865       -0.012060371152882        0.319361293956609        0.036356925474238        0.757275448379124
        0.032075048636056       -0.278901189587953       -1.019203972381558        0.136751813381789        0.464901041403776
        0.287349325224366       -0.036700867632925        0.499364318189725       -0.000079077912828       -0.030358734986818
       -0.050655232806786        0.065722423076238       -0.373997029073254        0.178156178572431       -0.350307092566877
        0.566216651125592        0.306085924022099        0.492355571165266        0.117926987973966       -0.205474547957771
       -1.724942025382109        0.482002872471277       -0.138048850059980       -0.144226903346969        0.586250467020896
        0.407857744565298       -0.167634467629847       -0.969393330255248       -0.230812672813493        1.081058979035026
       -0.438094195647377        0.439602804607232        0.525058301851612        0.106449791436790       -2.006593115528875
        2.429851368132211       -0.510739136180514        0.339031164195825        0.285985078076499        1.100378447986559
       -1.080745165219508       -0.105958095683215        0.202989532974803       -0.509816388953397       -0.628549807362861
        0.186623619686575        0.153461235797467       -0.270698880706288       -0.364324410619503        0.221956561872722
       -0.237541835740452        0.440775044278376        0.355858119890194       -0.023345099961238       -0.018756856166128
        0.588649614564335       -0.219002770218340       -0.144405241624318       -0.493866661786356        0.219747937016161
       -0.118186392305491        0.445037138829824       -0.141088854963497        0.104923130284335        0.246058217554744
       -1.058544301058110        0.593464655751195        1.156199250997720        0.165710985395069       -1.465853945839285
        1.533694555959129       -0.423235988745240        0.055980149569910       -0.353589612966676        1.883969589484883
        0.277461256172279        0.083683331667656        0.573203184542199       -0.092812202598302       -0.648739657904771
        0.591813551088073       -0.254534670825061       -0.889126055712112       -0.179163026083270       -1.352989119065831
       -0.470546533935033       -0.038121291375526       -0.452849153288246        1.054990641196753        0.519885046336120
       -0.445933201877859        0.510098923178910        1.064363536857762       -0.803460990287745        1.749249033037669
        0.093019638138278        0.457764723044439        0.402068997748868        0.064673416595174       -0.365586073576340
       -1.181725630237134        0.710467048413325        0.236498501934800        0.635563621744562       -0.149322960618020
        2.124981324389665       -0.311516088263368        0.130933006965490       -0.062063373007885       -0.144832259970262
       -0.838566490099975        0.528526901451612       -0.102049442220075        0.144861813942259       -0.743229831145627
       -0.313758973804594       -0.786702896399093       -0.851478901969122       -0.136453936931304       -0.200101111810237
        0.284744219413570        0.123086820040320       -0.908015461628657        0.427783739602706        0.669634740160791
       -0.784187439223356        0.220431950092509        0.810396939788787       -0.913458625392972       -0.456300389297258
        0.665084830075474        0.066030010458989        1.034699939888307       -0.240226740732768       -0.709294568947721
        0.267634398202584       -0.131019019414276       -1.294350512953484        0.704374410049920       -0.196483122898827
        1.231277475758677        0.115632190180538        0.828114546445716       -0.316684094099410        1.072622252209229
       -1.306278851142589        0.735943506328740        0.636810584079602        0.136812807561408        0.602928937033894
        0.495347460160902        0.017386390607189        0.491130631991116        0.319237605619605       -1.765122328815141
       -0.407122230065514       -0.377534581975014        0.988487333804243       -0.627324898909252       -0.218803604163210
        0.238848236367674        0.238215100266008       -2.250183846050205        0.751506366783758        0.228514224283868
       -0.910253632586692        0.840746393624419        0.628639254750374        0.726275508681658       -0.411157921252029
       -0.100996140310719        0.026659197114206        0.002892770045331       -0.279303922080911       -0.233122239702642
        0.485605028888987        0.518075942360371       -0.224560638698005       -0.142075978256539       -0.359361358314565
        1.070054855215736       -0.016129723197546        0.732469360308418       -0.462969870035647        1.337390055647619
        0.217454144945320       -0.147260059783260        0.114264383772949       -0.549943090888646       -0.640753386032349
       -0.435905098011595       -0.155029118752526        0.260137954598935        0.114735495087971       -1.132730670537940
        1.020024311228306        0.444878753440990       -0.475749490179514       -0.061642140780548        1.907110215789936
        0.114280750407654       -0.260348093345635       -3.229758480460466        0.855366968550695        0.215156627011181
       -0.211339391434574        0.471699485660021        1.763730915349309       -0.831663973989165       -1.952729343991852
       -0.400027878176414        0.234906815430670       -1.121323771632185        0.538134858430686        0.358267630169833
       -0.053219249839506       -0.552373293242577       -0.787209792596152        0.245435624333537       -0.609588472915734
       -0.528005947992625       -0.046935477318186        0.735138292025811       -0.022076550740161       -0.067477148537781
        0.354188910598261        0.107106105379181        0.047341997863392       -0.219202870880756        0.451169285042687
        2.054507868858222       -0.804043213083218        0.834489715070201       -0.204604631947880       -0.329801863885599
        2.105214424290832       -0.682281016826698        0.527383227900412       -0.357010301882149        0.725660610141252
       -0.401638855391206        0.552389976943223        0.160140780476360        0.483966281330441        0.126687780332656
        0.378663632097879       -0.676555944424171        1.205521259061881       -0.000424423440251        0.440779477649201
        0.074895670461756        0.165540132382663       -0.545047325479012       -0.931980095510949       -0.043591938232863
        0.888984295044945       -0.037581542825795       -0.977356127950991        0.195685357230948        1.821108546876425
       -1.310379498797072        0.069427595989822        0.109741850865287        0.276704986975888       -1.618797870514690
        0.782813640150393       -0.043584995232079       -0.697622501493689        0.323023398711963       -0.567783663878106
        1.839533147579655       -0.604558996963271        0.500057750099507        0.224168493954991       -0.066288106217163
       -0.596641175517333        0.402799773021315        0.372378119053437       -0.146170836304586        2.007966809127137
       -1.598071454597930        0.678237938833629       -0.440121898730700        0.247572646655405       -1.455175723548522
       -0.833278670246939        0.428154474856424        0.623407747366298        0.170699659620351       -1.048207670824421
       -0.029274535754903        0.357746861268503       -0.393098378222006       -0.432710940761057       -1.392687329409300
        0.283757521868549        0.420558935825573       -0.209712664052725        0.711217689305595        0.037292930046830
        0.478298732658287       -0.173387618804502       -0.153809255275485        0.256519672332270        0.372632697517967
       -1.149123693729974        0.384548972497195        0.655847587383848       -0.262845246460659        1.241451242905626
       -0.241717769793991        0.517462237322578        0.462297354588385       -0.376375850238692        0.728298835994734
        0.941204017726274       -0.222096691985749       -0.592790099960865       -0.109772603173013       -0.315508946297362
        0.234018651364722        0.221315029666306       -0.493905266080253        0.502503623400819       -0.432772789378281
        0.614190361076246       -0.749265273195659       -0.430262956424377        0.530821513334942        0.482281039710584
        0.182498606541587        0.025138028550424       -0.885213534286124       -0.004717836686493       -0.363821845784081
        0.858833624625824       -0.008021730210033        2.164286095121154       -0.641968314134812       -0.275400203086650
        0.492187908603858        0.753843876723846       -0.501262981239817        0.135693035646022        1.150919119899579
        0.054999259301857        0.241046691641487        0.055983898347257        1.255910941105388       -0.428606479329752
        0.574284537611320        0.184984222665444       -1.569321128345267        0.219119366150910       -1.110435199892249
       -0.568291259341568        0.398512476391936        0.218656863073406        0.361074693824270        1.109857796707637
       -0.016391162209089        0.324065346202377       -2.629832524342211        0.292700007982070       -0.143597009039538
        0.426394777929506        0.256728206373567       -1.548030374701188        0.160721386297658       -0.640204875340170
        0.164313053362215        0.024029807136755        0.799493401784803        0.273068278528796        1.698544501361664
        1.263035316849839       -0.786200240562335        0.870271923075823        0.251749382075366        0.723536915223802
       -1.740215869642051        0.900362930110364       -0.702511030821102       -0.372776999871211        0.783288177795507
        0.924800513138538       -0.507778608503823        0.077468069079432        0.124405979557639       -0.089142245497552
       -0.233489760922600        0.386589312553877       -0.407485945710722       -0.059999550083820       -0.124552294351196
        0.586485324592005       -0.508508525527676       -2.173062581188991        0.155150324967980       -0.967001152016814
       -2.034672152439179        0.207026716935016        1.213778334147483       -0.704524040205169        2.000267936447882
        0.386030452306108        0.056197088375723        0.432000288375972        0.452767895300794        0.691945119173780
        1.045182558759078        0.063329998711942       -1.051843787985203        0.024622280497229       -0.485845819373215
       -0.182276585315257        0.067734430582567        0.294189482229332       -0.340561669571516        1.217897112840673
        0.656639710270774        0.134967086146854       -1.311499154856522        0.371100304619832       -0.955534057486769
       -0.280224789934653        0.232382821539982        0.446388265734993        0.443241395525355       -0.383350868849888
        1.753564257956729       -0.491117541714838       -0.653890109703885        0.401805304247504       -0.920261728422643
       -0.238321716527133       -0.035849259489045        0.802499849103904       -0.443761542496412        0.923702871399868
        1.108590660980488       -0.365008189160992       -0.868680346838891       -0.003833835968277        0.209210426559236
       -0.111827988123247        0.497678365299221       -1.880380792712856       -0.189190695148754        0.747862446661666
        1.365768805992004       -0.337780120425711        1.307978494826370       -0.792002137954516       -1.273363371086365
        0.900432285315092       -0.530872468815525        1.481142116625230       -0.157436394000492        0.919402410137431
       -0.473388329964901       -0.369796033643955       -1.117710359437555        0.051433773079220       -0.196309313886536
        0.882455639506722       -0.034609438234178        1.730591203535221        0.284908994770974       -0.478765332186931
        1.990983868231831       -0.342888523634331        0.141603284960234        0.151014326252047       -0.538185573190268
       -0.781478476868817        0.909611493205448       -0.126173930897020       -0.161441888092213       -0.240040097948302
       -0.236546147178847       -0.031620263854278       -0.111884378355901       -0.327244516757761       -0.062646972734885
       -0.685958676111865        0.000074331232249        0.349784070749757        0.266713237465124       -0.686138479754434
        0.497255894582800        0.057119600320374        0.309452970306914       -0.266100642356162       -0.284857103322879
        0.998867127770442       -0.176708962737821       -1.067797021015573        0.215740240862438        0.070466939918577
        0.549659755469276        0.082681978607703        0.280658814097139       -0.391635030521674        1.111902763404317
       -0.485190349258600        0.084890933169162       -2.126340715219093        1.337097360776293        0.224957619570861
        0.145713201934073       -0.497682615605938       -0.249944492379157       -0.124520452094884       -1.001754725365857
        0.600078872296631       -0.066047661157358       -1.102990500683749        0.266640866665540       -0.409447253938461
       -0.258815498749357        0.377793031676480       -0.075763638958837        0.674039012146543        1.613176215923188
        1.001821201874184       -0.095324692936407       -0.568021117034606       -0.242897351182704       -1.657655654888255
       -1.275612220982433        0.799609476694680        1.284610003217736       -0.737328469361264        0.412610039154109
        0.600279487412781        0.327083310849941       -0.913893273850722        0.293119989776862       -0.887480523457422
        1.108685714151878       -0.634096357210403       -0.653874148811647        0.224222048975912        0.352895677407559
        1.079982304137408        0.249304879890367       -0.986424991083676        0.396325176905169       -0.123667830207790
       -0.134289875465882        0.359684073765293       -0.423936410056783       -0.343211139383170        0.718289278481905
        1.581084841435429       -0.124776998012071        0.338908261448779        0.039247212156436       -1.005078173150480
        0.092205620876086        0.008246296598211        0.420015561694477       -0.039032305685008        0.175517563328066
        0.602896269789992        0.176093835081980       -0.900423658768049       -0.210798107776807        0.495533717958982
       -0.315770438718648        0.340167565528417        0.585001813908232       -0.324286077173739        0.760411714039971
        1.159714240083585        0.010766671580022       -0.307159307916062        0.451970645583294        0.202684034829758
       -1.912377292235905        0.456651858305759        1.005624988271594       -0.714709117246122       -0.667739759404013
        1.163470890040524       -0.481783367942772       -0.169781673035364        0.370382873078118        0.267475518301375
       -1.197195971669593        0.094384982404756       -1.630566724955625        0.405470552282832        0.381716210080882
        1.204030236827893       -0.498041684911662       -0.484822599952626        0.298416412694861        0.649394728191895
       -0.468451151929986        0.211188572281903       -0.585853306294368        0.390698543204319        0.843302641952465
       -0.193101450981224        0.286959575221293        1.799609164342238       -0.368687975965807       -0.879904547364750
        1.155588032484799       -0.364772016917498        0.308387369313885        0.580673008668285        0.764399032610296
        1.004716708780910       -0.807846515754993       -0.234485819868890        0.136763420874645       -0.605167965146623
        0.799212502485881        0.237084009615657       -0.308545975517293       -0.125789228303661       -1.312324575022365
       -0.633991910448924        0.008406047889959       -1.177054882126082       -0.565662290314336        1.493892249220113
        0.275643827681743       -0.127557376361409        1.779031186394289       -0.297929644051149        0.300819728534401
        0.600861616010000       -0.083583392187500       -0.841290748254374       -0.234926426270784       -0.858996018477880
        0.799212761706903        0.433387262072225        0.716222130750454        0.185988861998122       -0.038121713652685
       -0.519293238291538        0.565899450907359        0.947153571791697       -0.008406055245916        1.814548570054466
        0.959876336607410       -0.425566486984900       -0.395649965148690        0.027046502242399        0.423624504803679
        1.044057796322303       -0.517418174778951       -0.172428408103075        0.435112581205894       -1.161917376445496
        1.175756561239606       -0.321100907643185       -0.487614421158974       -0.297640576812156       -0.203879297281484
       -0.835383676841267        0.770957779980479        0.164772007138035        0.617095827728294       -0.384647286341657
        0.126260032410344       -0.236283668971605        0.519550989347063       -0.673361601990776       -0.423245040627416
        0.250986618388139       -0.013695198302350        1.522925799599094       -0.932042108730841        0.541986716274374
        1.271570182867456       -0.171830964849423       -0.906291519446946        0.309657490554549       -1.108379481066923
       -0.216685382692470        0.062850838858210        0.726495752391851       -0.163891379939725       -0.162822867928346
        0.649941367609333       -0.380613005217476        1.258033904135403       -0.261167541904152       -0.017387932964785
        0.188082213084448        1.065122020889588       -1.952283175147017        0.122361955224933       -0.302985053582098
       -0.231200768294294       -0.203966151354154        1.431214598578116       -0.057281682116664       -0.449887623469367
       -0.494770771480441        0.308148617858846       -0.671760491472506       -0.027995387494622        0.477498965840690
        0.936864871167819        0.078624812546869       -0.092057777647850       -0.048535423154606        0.311234599760620
        1.297324372846981        0.561837946436676        0.348006806501635       -0.235196659393438       -0.630047104964863
        0.341786283077349        0.356133574903419        2.618997934047643       -0.412191089648951        0.166414552719350
       -2.018354870362771        0.626804667821671       -2.024195175123501        1.182489068383553        0.508125402810186
        0.905350516510054       -0.389776391914870       -0.614126363694903       -0.148006511241350       -0.663785974345648
       -2.063212779839224        1.346971647376936       -0.368140660624988        0.231408564269214       -0.635572566567098
        1.021096425963585        0.171180812766320        0.367117264794927       -0.081674439601165       -0.769860344078898
        0.348788170824833       -0.717400342017011       -0.516819396982660        0.086050302416672       -0.372829540117541
        0.252175378679294        0.218897621451314       -1.355204283285924        0.441891978121979        1.236813923760219
        0.229107605909447        0.256543645471677        1.283669977784324       -0.916318517088044        0.751768860058236
        0.326673315576012       -0.013803222103425       -0.840723489506044        0.357124747502278       -1.243946517682979
       -0.210341068756864       -0.301808167222441       -0.073548126760955        0.925090266933094       -0.756996001537261
        0.397116040168599        0.163968086939925        0.162120377776464        0.504553943182992        1.415045067847795
        1.022057150759146       -0.576798669975865        0.534851372865808       -0.432707281320282       -0.362596043585813
       -1.443753760962330        0.212362551496464        0.357896251312878       -0.408938072515945        1.133063919695440
        1.648180954048939       -0.092220548070333        1.233746942132938       -0.464690375944888       -0.890215344691502
       -0.460019899683550       -0.102261372505594        0.662756181937848        0.070463243913456       -0.678197433056245
        0.554243593147881       -0.731039201094452       -0.645695847848654        0.575227098681364       -0.388399751870162
       -0.545748616805561       -0.212978208998724        0.740603127090995       -0.648708387661813       -0.540765856486299
        0.207802128191533        0.474262341910744        0.066017873132610        0.236060472515513       -0.248136026971895
        0.758912624055312       -0.528681030821589        0.592524843509274       -0.683039941288022       -0.207816032040487
       -0.759319346495711       -0.762974138495033       -1.062690446475606        0.292391304863299        1.370900617265543
        1.367355701782985        0.411884080081690        0.258051856376472        0.509287944180874        0.089370648295719
       -0.460355615361632        0.221336321475449       -1.183125598690016        0.303491377346491       -0.626702658326848
       -0.482473195598944        0.135948613835143        0.666436422247272        0.800223556885384       -0.357009776824871
       -1.012418433796133        0.175768275528157        0.475031522815587       -0.118499987142187        1.347484132952308
        1.165456726907744        0.316979583223123       -0.545404734829926        0.073667804700429       -1.928157472293384
       -0.225563466598434        0.030036901051097        1.189653866868043       -0.311971372151043        0.668054026987283
       -2.457943579161792        0.092709809881227       -0.251284318702885        0.859544516212170        0.509298203687289
        0.115482037858355        0.309253687447182        0.248123664054325       -0.060258401370443        1.113177520271860
        0.222743380514447       -0.098745750102711       -0.027116093912317       -0.254831657837882       -1.543088806264308
        0.737323089435223        0.187049310273913       -1.920346963394305        0.585255571346299       -0.225636923429523
        0.544811020952130        0.175679645119873       -0.197302730069479        0.522425545236652        0.153626894493043
       -0.158393455635734        0.689198905258278        0.338414605259194       -0.412624691792390       -0.743791416124990
        0.305382900802355       -0.139844117629786        0.537948732233942        1.209387200009918       -0.253455198875700
        1.088003082262462       -1.117145269596668       -0.768262557618670        0.051115119856027        1.187349374072618
       -0.775645429979666       -0.123177628417308        0.216869771006286        0.447608786220567       -0.232745569684193
        1.027641260384689       -0.308436316600076       -0.912850404109669        0.017806934044500       -0.269977041877777
        0.631588849077848        0.248992379205269        0.082030057640088       -0.306397489617311       -1.188412010570361
        0.942368403078494       -0.380661679268727        0.193955941341204       -0.215398835631761        0.590564558672532
       -0.862554535814992       -0.317790149610790        1.260044313914654       -0.648183676774519       -1.334991135203269
        1.317788604872283       -0.645251215024101        0.363633170248992       -0.084616192111536       -1.818014085023799
        1.076316132149783        0.420028898823442       -0.619160570778205       -0.203658944513408        0.889320956300844
        0.062363114219295        0.297661491484999        1.228601062039548        0.132359446661089       -1.023589358763627
        0.693440071607615       -0.484273164663207       -0.993858538864170       -0.075434859026728        1.374990411647477
        0.239705489144053        0.370031578718822       -0.264302783348490        0.023735826177587       -1.245227953903481
        0.170442067727456       -0.250442666047145        0.182402270654345       -0.680916881147510       -0.181356530543255
       -0.783694095428286        0.485884790036590        1.803286967868175        0.130438690747791        0.276794341708845
       -0.472350309083972        0.470920427187452        0.049596377182267       -0.008941896338155        0.884813643358789
        1.195177956576832       -0.445318123054803       -0.383494486988007        0.161502418875304        0.291207989616268
        0.784939094604268        0.354680615745759        0.183077943584239        0.049001146445408        0.008361905354471
        1.110008366881289       -0.643314851824148       -0.139311010307154       -0.302925651808174       -0.527230113780348
        0.392083548879217        0.454584627812822       -0.074738669171897        0.248806145744334        0.413280570811055
        0.527096079694003        0.066872025854703        1.447001110486907       -0.406224935504423       -0.214131617796334
       -0.177350824832646        0.586835194468491       -0.695787769716951        0.258140456550063       -0.978771083978685
       -0.751246769821733        0.231801929004380       -1.546051328105957        0.200617366894019        0.436797451242180
       -0.566957668978153       -0.030045583966892        0.734819933931356       -0.128638927249075        0.653359881637254
        0.442709434476676        0.033040801445418       -0.120082881968496       -0.423051670465999       -0.169826226217429
        0.940803294647356        0.372756468452151        2.420520715604159        0.161421145027458       -0.744119514325949
        0.528380645755745       -0.151587642080594       -0.296096469350344        0.480261767524030        0.510759021045691
        0.179991389593291       -0.155876553719224       -0.250204631544129        0.546441937661453        0.034684170700342
       -0.246956151155826       -0.249843513829389       -0.053329713460583       -0.120916199837202       -0.526929724788730
        0.702824978540167        0.118774672366633        0.424867508092621        0.418038970357233        0.475093703751438
       -0.352897077061298       -0.061964714323460       -0.452273399550218       -0.282923735951969       -0.169964372840004
        1.550030903729548       -0.176740150899208        0.405448393648738       -0.311613590356754       -0.692157236151121
        1.513118900836452       -0.363233773709045        0.854212209188502        0.180388917086059        0.241640869716677
        0.538037079660665       -0.147529076126715       -0.217756106601464        0.126276279489568       -0.196367705421261
        0.582979793480744       -0.360459218523393       -0.148506888234152        0.149228965163670        0.187888122719301
       -0.305726477907596        0.102446515289934       -0.879906499028554        0.157655207860506       -0.851912215238367
        0.605146056588082       -0.092015847198414        1.063498135274490        0.254935113116321        0.917823077429205
        0.733737106484681       -0.263127971119307       -1.453757508158143        0.546023856345584        0.409974951362519
        1.106959288264235       -0.353793564998634        0.329247477410515        0.109433525193109       -1.085154544867950
        0.159168626744340       -0.187220170316208        1.406896045453115       -0.425465374949944       -0.585773374857415
        0.314509006457188        0.523402620055543       -0.045723316291593        0.559514857577230        0.253315023610494
       -0.006274519290383       -0.135886282169019       -1.143930141068432       -0.070372738924439        0.202381550423581
        0.703904219130830        0.111880075338557        0.849337445012420       -0.206289686965102        0.274515453396433
        2.490058218656316       -0.838088377207013        0.365321741436835       -0.277923399142454        0.567903716833127
        0.706144984653058       -1.137865238236336        0.831418704135441       -0.320748946048123        1.228240194000564
       -0.187838431844290       -0.255500925859129        0.681952110735743        0.059951643040033        0.386000209793201
        0.639902750846513        0.214393617056800       -0.514783745815147        0.338186715021335       -0.813275328174449
        0.425970674897559       -0.754723186409656       -1.497879289190518       -0.341228374760864       -0.638784006900709
        0.020130950466499        0.017770325714585        1.132794560149152        0.582451865729226        0.645280843487908
       -0.677674330926472        0.330676653392833        0.233931663457913       -0.444455287295657        0.210326182186864
        0.572701234858187       -0.262803438359248       -0.323433676233119        0.583746664479163       -0.014781032601559
       -0.347643136428530        0.016467133234356       -1.214446550251164        0.137228109335261        0.921191853935402
        1.510626069375743       -0.058184212537099       -0.400542647098439        0.234899808510466       -0.505850840533991
        0.777100760514905       -0.570774623629114       -1.058856964562847        0.093353345747123        0.231098606252729
        1.344687168379578       -0.196039046037058        0.224462319499877        0.265483880225439       -1.261625865010334
       -0.507823873657542        0.265919062778820        0.221474438499852        0.071988602574519        0.166757182178937
        0.276884677780755       -0.091322041658494       -1.566898664494010        0.339916865600940        2.330497164131903
       -0.069415696518081        0.302621973874423        0.936797907346856       -0.002731266277615        0.011380271938284
       -0.132245048400933        0.020938319147592       -0.333839061619244       -0.395953577143430       -0.103309908774523
       -0.247226278997687        0.394161838648109        0.803836678997762       -0.453664857423612       -0.420625868029434
        1.086836973540304        0.040444574552111       -1.348135418343555       -0.016407186620754        0.000900128509959
        0.551775385841632       -0.064924752142754        0.744708312546825       -0.114943525036980       -0.407174345350840
        0.340004409553295        0.280157571407377        0.576788938068222       -0.161222802795768       -0.815324344499332
       -0.255525269968466        0.493439462468499        0.238494102652367       -0.242374019822603       -0.120746096460019
       -0.205347435387076        0.572991292023357        0.819415062934359       -0.527803849720941        0.164540445482370
        0.240895628577785        0.405996650581286        0.244283489425552        0.238678192317425       -0.563110167265698
       -0.500116991531201        0.696245691380787        0.284323226814168        0.540168826937777        1.292941272196176
        0.000087083143834       -0.371265837012386       -1.309163223945694        0.178466601527451       -0.641365423678667
        0.904992194202809       -0.486408281629288        0.914855779870744       -0.050026329994812        0.997246339920792
        0.084847033988960       -0.009027696157758        0.008437814771836        0.052362261265846       -1.267589402090013
        1.008145701883767        0.147853546647728        0.013613839099036       -0.320194179429933        0.071198609602249
       -0.393795554968672       -0.336143430850944       -1.032638137912210        0.032692900780173        0.496382629409553
        0.672013740775273       -0.257417332018777        2.142216656779909       -0.758358593799022       -0.186828098685297
        0.181876042780827       -0.343403769474189        0.514771498016106        0.562395032528425        1.834371434461939
        1.217475857357779       -0.266931995382959       -1.316153444328598        0.634461426909710       -0.997859286738524
       -0.879986935278659        0.414097525962127       -1.627794472122612        0.313599766475597        0.672030295222764
       -0.731572288107039       -0.254215626995732       -0.271708020828331        0.111906080223093       -0.126400935956207
        0.356704552779904        0.505650242996291        0.539142731708907       -0.192855851851903       -0.331226507916626
        0.685837148701147       -0.609955245015626       -0.473209396357356        0.301182313319757       -1.420058473191631
        2.513731332477029       -0.501574551154000       -0.018295028160978        0.073266502527096       -0.173616029650472
       -1.238571662674958       -0.178483499166350        0.779227846587159       -0.261918448442428        0.299876201854486
       -0.815221134229551        0.505813067964164       -0.694669116068292        0.787632317648945        0.756675731071965
       -0.225185425576608       -0.072271450270545        0.210000928542000       -0.308657700615848        1.348928007460697
        0.726126499142305       -0.289962536048140       -1.341027622084179        0.754602329262703       -0.117749846727823
        1.300161790380002       -0.352894149803668        0.150661180445922       -0.057181183723784       -2.056983165495343
       -0.372027805117235        0.178458877980667       -0.769967531261675        0.484805324722891       -0.037661803699889
        1.709588351625829        0.532322451135675        0.271230368831009       -0.259636904585185       -0.091716777914271
       -1.428011305424634       -0.465901310299230        0.362007060985334       -0.407125644413214        0.467180084194451
        0.614429604184851        0.044710563651463        1.824894646006302        0.189906748398171        0.704437883620054
       -0.272975420790992       -0.197985563792185       -0.525532681273323        0.018109242204177       -1.422439883277371
        0.512235185509438       -0.262258233863168       -0.233715728943090        0.607891146201518       -0.532281103116620
        0.509145544798845       -0.399453510829184       -0.030891838447666       -0.348365517827633        0.130653908018899
        0.323962309509970       -0.346460927287397       -0.096360142479932       -0.271820699363217       -0.214017727042760
       -0.544955110412510        0.084542521890751       -0.423198801454747        0.154158276222304       -0.567110137317229
        0.265289009229549       -0.315388378531509       -1.093468520727681       -0.071660233334877       -0.013353572311597
        0.373541000334962        0.573531200027458       -1.345322141728820        0.081413056554270        0.071213105722279
        0.173202399687886        0.601287415315809       -0.925502045975883        0.546795091474758       -1.261321189107654
       -0.669365648405825        0.256549174236134        0.783479074374533        0.368247585401190        0.871514285214525
        0.572365736064703       -0.069550940793092       -0.422574464545492        0.697168987636670       -0.384291745958988
        1.307439074002212       -1.071410684937668        0.435961809346505       -0.230058300530597        1.583032937583711
       -0.606676118403153        0.368229010115219       -0.864411580186290        0.568296115067924       -0.913543083202394
        1.698502743581683       -0.100954697742981        0.337606613333890        0.136559500503392       -0.047806158340570
       -0.318084897371731        0.323114164143472       -0.599410331041184        0.243203659536517       -0.941431517412553
       -1.320137488890417        0.211655438844675        1.816374193667667       -0.503828390541344        0.128052924755560
        0.596826976666225        0.234373004936350       -0.280911354573901       -0.195022872472519        0.073811051994343
        0.581670102594953        0.355548272507521       -0.246818304829219       -0.725240794685096        1.389391093367127
        0.566071282549203       -0.219005348956211        0.920122663080076       -0.193806635045135        0.117127225595016
        1.281457885930105       -0.808285249738907       -1.208158909352743        0.110306053775803       -0.996347537533772
       -0.701004121055079        0.203367923951133        0.269501546619459       -0.001620992329226        1.330456566486526
        0.827643037952169        0.329670051901499       -0.076317927494222        0.284728277357524       -0.263953940545486
        1.517498127264021       -0.591178245790721        0.253450997196818        0.355983357022758       -0.469911510956641
       -0.079392209419256       -0.308667505132754        0.173042602227999        0.256623153610864       -0.855346036405659
       -0.504238900615907       -0.412453312118905       -0.385910799675122       -0.059496582077020        0.158369619919963
        1.322523928640425       -0.102609374321044       -1.514998463049219        0.694428892768639       -0.786049711957603
        1.692820161185451       -0.773415877209454       -1.516010028245343       -0.357265602533654       -1.154667731915174
       -1.496202572230186        0.207723134311595        0.296533745271074        0.419868288841086        0.715547211320386
        1.119804677222562       -0.615538163900820        0.694843473623995        0.235555951174844       -0.237279165886606
        0.050424784104534        0.661093003790579       -1.256511757583731        0.013681941894824       -1.166158901121892
        0.166243818723098       -0.218310591488043        1.065612678786067       -0.320027240655626       -0.540659783680037
        0.972068154701591       -0.371247614501559        0.430542803883124       -0.478307663280745        0.637904414228189
       -1.142438120726448        0.586561853558125        1.018651058124078       -0.164092370933990        0.862916949017053
        0.496997252301045       -0.369199490341244       -1.177579983739968       -0.117410513379895       -0.633135035459895
        0.840738518042690       -0.186179403218743       -0.333302362966948       -0.251445443453479        0.947878070599757
        0.932495925566571        0.357170871036815        0.043971142077234       -0.303655116078222        1.098444309129993
        0.905440574563538       -0.292401883417149        0.061012241290293       -0.374843986048225       -0.368158420293693
       -1.446070087160829       -0.525990427227833        0.256174200245455       -0.156540889259634       -0.245659439261309
       -0.461920079931108       -0.120953518364336       -0.584430975198336        0.171019303617673       -0.228353089921682
        0.915611082019044        0.022640948005588       -0.094160357740939        0.069418553848048        0.196193658923182
       -1.027006543962379        0.225996399539719        0.408223512441115        0.193881875959413        0.758944535929186
       -1.537925354359122        0.594578657942892       -0.708268814352900       -0.199141924310641       -0.460869972288744
        0.974281229175952       -0.049226662032772        0.732712592566138       -0.530287399072835        0.582078621342987
        1.039664551938757        0.354768251418700        1.182327499641056       -0.042728915001659       -0.044413950160774
        0.889276172950167       -0.712006531822576       -0.976950117690853       -0.313557393231022       -0.208288804659702
        0.306155947272520        0.280356830127372        0.535074902291325       -0.041630258575010       -0.912343982018982
        0.144865039671504       -0.207935287977440       -0.479954853862895       -0.468591014503436        0.941598644844859
       -1.455694223069488        0.049530741021782        0.879683374923170        0.004979277185571       -1.063191105191637
        0.420168060625953        0.128393836185341       -0.802172450206573       -0.263444487049556        0.123188298308999
        1.768300556782460        0.138319098720710       -0.189476138139898       -0.135454295356038        0.190123227835060
       -0.556253841985734        0.124977361867997        0.482031565168554       -0.594852393856427        0.589420709376756
       -0.080480227880113        0.338818561350275       -0.086139455126694        0.200213150362837        0.306787153158366
       -0.062565971344774       -0.023249653162370       -0.613470971452152        0.271760689757154       -0.512550672814728
        0.314773874728261        0.334394230144972        0.656031327347697       -0.353364671795600        1.221122174513434
       -0.549867668031194        0.652114072425686        1.007735141979160        0.486215372504616        0.965806665811448
        0.373927764782921        0.130631948140019       -0.242495259194822       -0.350351602845320        0.359712030957060
       -1.147542251199051        0.371655568388972       -0.968628842213707       -0.203879483650586        0.145039253149463
        1.014250917199897        0.612255852995788        1.583018024578601       -0.672858015257778       -0.562376244988383
       -2.659987397588627        0.335976552723542        0.418837107455243        0.480407299885229        1.044278706329273
        0.971584063598603        0.257721357258050       -1.115466688987543        0.754293235968463       -0.367915942855794
        1.558157949874154       -0.112671218787891       -0.008658916361646       -0.579645587851141        0.647716175653157
        0.064777499729388        0.123671548828585       -0.311221535382519        0.068620058448010        0.958603363767350
        1.515297320350091        0.121468420067992        0.823793955675375       -0.964298825247194       -1.095895139926744
       -0.129479813381096       -0.187192106721630        0.840064647843031       -0.464274507887035        0.296831784069027
        0.742368563246215       -0.259187417888749       -1.769734828206898        0.836247574599991       -0.429814850212645
       -1.141135428007066        0.353745374299105        0.819856693632746       -0.131075876751443        0.061307604303541
        0.707590012902775       -0.370218009494815       -0.001412122485042        0.005352957352456        0.062354848574618
        0.362282925820398       -0.157361801294372        0.863141705754200       -0.124388544175251        0.226363895870194
        0.223835316838379        0.254492952486602        1.010535659491573       -0.179036002169940        1.291564992072581
       -0.135069552029946       -0.217300872401176       -0.152292367451169       -0.805672894138619       -0.331480645000682
        1.243911481395967       -0.639809873184262        0.009134763791807       -0.164383457746969       -0.528874049438942
        0.393439950761457       -0.484773257323613       -1.216779963829445       -0.606037748467715       -1.577780152426182
       -0.298193460756934        0.003423462243799        0.183504968416048       -0.080599125823469        0.573521140518652
       -2.024308472377324        0.669027883249601       -1.347252762354275        0.062990480020814        0.041497473892930
        0.682720995872820       -0.518985581312429       -1.278829173599508        0.820310374012149       -0.126344930549930
       -0.246244907839852        0.320759761628425        0.130116619714801       -0.212364584495322        1.119854131646802
        0.646019234836866        0.474983945781711       -0.318762068259485        0.242126025361736        0.470643127775232
        0.401686196016202       -0.851764549539167        0.617412234033414        0.206941171074012       -0.281022284455938
        1.649157094692322       -0.776070571009443       -0.950437575116828        0.167320570938445        0.485497884597907
       -1.031375899787146        0.411873216949160        0.355171644329129       -0.108932304597930       -0.130166165401613
       -0.389502324497483       -0.107774192549088       -0.058739965471408       -0.121411207862527       -1.118958345772535
       -0.096874005537201        0.134612092094075       -0.281315368172258        0.644494712421609        0.454362125475987
        2.158526863621055       -0.286241445656823        0.337422518981983       -0.706744900922997       -0.385053923654848
       -1.305570921480514        0.756963981449469       -0.046741119039970        0.015247140807064       -0.512837803863623
       -0.138409854262083        0.263799891828057        0.879859587235851       -0.108810553735794        0.885291564582109
       -0.001683440462509        0.190925353921382       -1.780575872473751        0.384738145415623        0.763440319989043
       -0.047792156930507       -0.116201281656327        0.612012591809939       -0.956528608527130        0.156286875833160
        0.394256067759528       -0.185549499212450        1.332923778172723       -0.438784604547059       -0.238859065911171
        0.226535966439724       -0.332896414962870       -1.292447423255192        0.408972715326679        1.740623229797482
        1.478780277655959        0.373763963580092       -0.026310833186510        0.180768122024768       -1.650228596862395
       -1.817699857211353        0.682895990369402       -1.494132223740744        0.622326865406328       -0.206010489683418
        0.132809258316550       -0.257320712967918        1.772567496663357       -0.033543484590037        0.369143807402191
        0.965570741942895       -0.652770747306722       -0.288895361790904       -0.566898510706610       -1.037130953875957
        0.066314048129384        0.773676064863012        1.524409232380881       -0.259404811694597       -0.006415958141422
        1.212270283853749       -0.238004739063616       -0.869504363956046        0.349337953597811       -0.887898764005176
        0.531041273956826       -0.342608092059916        1.171102367181626       -0.252650990022959        1.329666463117284
        0.504588138455835       -0.207043619567120        1.074686951544796       -0.099650766892392       -0.266204965323526
        0.659739054871508       -0.326051432925480       -0.319025332563177        0.189926791267370       -1.145199845605249
        0.176477031451562        0.791691355084268       -0.394645724526159        0.178781584691734        1.734359290925944
        0.696541646899924       -0.603912081599546        0.126719263196468        0.019823200397449       -0.475308711838939
        1.161801771375528       -0.403882744372553       -0.170944844955622       -0.024420909308909        1.344509579212843
       -0.153193112187302       -0.160118341658891        1.019016032774031       -0.371194173162403       -0.228940895756844
        0.569416293016064       -0.127886460281822       -0.075611593471469        0.446853042406396        0.590278883913278
       -0.005917243232492        0.225542073830520        0.440424362564951       -1.359714995072728       -0.170853083038481
        0.277122803948321       -0.292643823280699       -0.254339967135076       -0.223703833183543       -2.567081507603349
       -0.896104685994623        0.684208140959718       -2.300206849284377        1.111366593154868        1.327295676178406
        0.112395844592804        0.253840979322829        0.408957983788439       -0.052657909839714        0.104182082320202
        0.653838590449585       -0.196581729443511       -1.536674252847919        0.016803906548751       -0.443330094407453
        0.657251147082716        0.230744024273834        0.000084088280562        0.695478203882926        1.554367196792291
        0.568588526599598       -0.147460392301687        1.471973322636097       -0.296067621461202       -0.530784264266941
       -0.614567458901081        0.441572317079886        1.549106510623672        0.326665772305874       -1.679993855975727
       -0.888364056161135        0.076883429834590       -1.071940257027216        0.041430845103410        0.840065415009261
        0.673817012550861       -0.145049991443849        0.432328485349786        0.221677577007222       -0.118716965347223
        1.497885007197510       -0.403062923352079       -1.494974768997765       -0.287096262360673       -0.201231943826371
       -0.915742700824870        0.320770121856507        0.787398938980446       -0.323497690035795        1.851528299466303
       -0.840181677133589        0.096970468420762       -0.440966887996730        0.368443387732347       -0.143919672098457
        1.950553839362192       -0.842229659822979        2.601128805726131       -0.406738006822708        0.749178418585541
        0.682239029926848       -0.324987116004648        0.105281706406970       -0.079198411995977       -1.821151326195212
       -1.069927131868547        0.357354945278708        0.297686658378729       -0.276389765687555       -0.320517650658060
       -0.692306778348947       -0.147012326184066       -0.807001070343239        0.400407511181128       -0.089087922621009
        0.169789644661011       -0.375316809362477       -0.190672047450698       -0.012897011078362        0.720792784553017
        0.762926928609427       -0.675571791100126       -0.607135887208622        0.140934496252870       -0.504877291760479
        1.378950246742904       -0.528397741705008        0.017741137550648        0.133852025395235        0.860065181193718
       -0.584735945384118        0.268352532582242       -0.222990811152658       -0.084139711968863        1.225813763881059
        1.633563135049426        0.091974222980003        0.149394754220105        0.406480347873852       -0.361324222206979
        1.004474492327051        0.232676147613728       -0.499411326985757        0.114737855399666       -0.007324510259771
       -0.362121720888358        0.100290486505159       -1.121855463332422        0.404567877167216       -0.646959168012959
        0.394109133716143        0.189887534380700        1.078643659614648        0.224471986339890       -0.940148592648284
        0.307340212798351       -0.769736886029549       -0.632796580382198        0.581982819504622        0.617893560359054
        0.038197098704306        0.431835083927391       -1.821944346327244        0.156314968267701       -0.268816300599198
        2.418436281115693       -0.579803246308688        0.831056551765426       -0.478740356359656        0.204994391778895
        0.391740208491072       -0.046745635939518        0.796247173027966        0.322335749072303        0.530988003614041
        0.746261218669851       -0.529931583766511       -0.505051804278126       -0.328950761077762        1.193672774909791
        0.228233516363184        0.765166282662557       -2.187593885585837        0.594334414525771       -1.045212399555848
        1.108270133773552       -0.557925961986470        1.616170931843078        0.280755183095702        0.910730846348594
        0.622552185768855       -0.809057358922611        0.212324378519732        0.429222904906534       -0.103424844820169
        0.266590431935834        0.053507062014758       -0.053950113601446       -0.336226613204127       -0.762584426672209
       -0.326961289391728       -0.648722294503692        0.508193905686923        0.760766472222539        0.288294803160793
        1.295572613668478        0.159140461372935        0.478217915011786       -0.191946294460811       -0.014796524429497
        0.793677179329851        0.151511286966158       -0.415456076972867       -0.180381803935799       -0.581895317033653
        0.105755035169747       -0.375884754264694        0.092861701369635        0.106798795374582        0.008159544450886
        0.010498920228276       -0.285479366923024       -1.097940270688240       -0.189408961331425        0.659098017233698
        0.641866863003015        0.373604922472279        0.789133460046972        0.092929582182583       -0.693656371068803
       -0.878265628976852        0.532930595608764        0.679969276927009        0.035054964610334        0.755374634634880
       -0.192847632744891        0.059855479152288        0.709600644116130       -0.500039780821989       -1.057417523878074
        0.533523447014337       -0.305604684496103        0.218176776444629        0.030431283153360        0.408865707556566
        0.279907822559961        0.393384302837064        1.295773469101478        0.087606080757428        0.343462718585550
        0.629067921429256       -0.156804685320734        0.606518174722730       -0.657488450380815        0.067390224793247
        0.816492738829137       -0.431823880693703        0.059632727347538        0.340717428522842       -0.005329843207457
       -1.377946736129512        0.220879278149562        0.621660662687088       -0.382877546373369        0.023246264556032
       -0.944534886709190        0.345261217988161       -0.443311994663193        0.007088688473093       -0.534606434836669
       -0.931264259884753        0.713312835270444        0.108948779097710       -0.418574898754565        0.525385360885577
        2.387594868390821       -0.075090969326920       -0.213968540921311        0.163516490592989       -0.233064485170672
       -1.774146130726814        0.571092543119709       -0.050968490808650       -0.263283849772850        1.133270779820925
        0.252490311070439       -0.043510699785730        0.189312373008065        0.000876537989644       -0.942666235553136
       -0.972882494787467        0.494244209199122       -0.565223113691809        0.416051171700143       -1.455940749315922
        0.871964464406604        0.320552196035309       -0.249432374885274        0.291186709365368        0.708221631531347
       -0.126999879110488       -0.229869795797173       -0.073572510780165        0.052124054033245        0.818211273326043
        0.218770989243529        0.449834009707531       -0.404449726937946        0.158494878265046       -0.072430431869083
        0.178641899804233        0.225671611709335        1.643841862493536       -0.017103524169141        0.209470950216623
       -0.483138979747826        0.279470254092075       -1.730654628679000       -0.175131349892720        0.542074037595157
        0.298339584913497       -0.231995236539374        1.497550580166095       -0.174780693501762       -0.374522254818681
        1.088735276405961       -0.336648114052252       -0.299396336147234        0.230282718475709        1.245497056493400
        0.477535391910785       -0.094858864024064        0.866726128449324       -0.715407447446146       -0.511467224463174
        0.718376353540653        0.118241693111441        0.756561296715352       -0.401052129648542       -0.960051166989939
       -1.094014078950401       -0.333464013606398        0.108874047542347       -0.316418080491269       -0.419574295293430
       -0.048688527934290        0.632559340051608        0.297796584861009       -0.350465445947076       -0.235054769437663
       -0.292108282756827       -0.118758728622051       -0.607827138191720        0.324913871195812        0.034752888207076
        0.375143857948512       -0.572338695773799        0.776659312122204       -0.488351223722608        0.294574257200461
        0.261694976487032       -0.370101439277782       -0.366896481823192        0.138032725314565        0.443568491706286
       -0.050561028067244        0.410218501689248        1.057724073416459       -0.675607550597448       -0.852368466057419
        1.026056335374090       -1.095960249016005        0.507826183386963        0.077735689021489        0.900476456438938
        1.013735020078213        0.093680514237571       -0.511880813273353        0.180605300021615       -0.073944958947102
       -0.652752832942704        0.985043775469347        0.441570452868240       -0.629187852220409        0.133068047996042
       -0.881826368090223        0.265178384236862        0.057491954109622        0.129349562570902       -0.558701987480091
        0.760562987754523       -0.520822188122604        0.097149027302520       -0.289328410289755       -0.527390365039250
        0.869912502556999       -0.295626509350282        0.304460663542960       -0.251109954079890       -0.083028158006937
        0.650006698844101       -0.005834913868385        0.368955235829845       -0.277425143552264        1.298334315485330
       -1.388143848938071        0.091155497001810       -0.492655469804437       -0.228567577538925       -0.701345633241387
       -0.154840623122424        0.361390076339340        0.220207928644962        0.325752642335826       -0.698752691556618
        0.089133612084599        0.262821500525441       -0.553110441202016        0.097622228779090       -1.480888139416528
        0.707103426363547        0.082428897435918        0.635970300486760       -0.479191338887078        0.700255847040287
       -0.610530824677004        0.261571572418090        0.185268650525628       -0.073958872082821        0.959184300612587
        0.275474601032997        0.099358463629983        0.755824941626818        0.760664808212237        0.361016144860825
        1.825904075635781        0.947419470020518       -0.757354833973127       -0.530600290238466        0.213317985686672
        0.121155083018497       -0.171158747270336       -1.595230939890692       -0.221270784677760        0.650873940587703
        0.205943635211751       -0.395245883866690       -0.058306183493069        0.268898723347094        0.355315097205911
        0.720780220915631        0.028118362191212        0.582650316491065       -0.925429808550303        0.263365571321935
       -1.209355276975054        0.254063242933803       -1.494537506651546       -0.110471938442037        1.051230154228011
       -0.335997657732917        0.165001263073506        0.405718832135404       -0.341318240056342       -1.239588744455728
        0.872892499235469       -0.244923800945218        1.045024819919613       -0.174283258222207       -0.014862297376844
       -0.698845366766561        0.722352872753416       -1.693362731896663        0.103880718553012        0.902605396815291
       -1.261265526160893        0.422838266020583        1.692629068267605       -0.068044296072673       -0.162689559166193
       -1.233898554595786        0.684900109973114        0.685955454907704        0.019165606008638       -0.739594726769347
        0.829413997099728        0.055851457816095        0.416885360031113        0.365616864768419       -0.433094725275113
        0.522089968815697        0.093633111167077       -1.132678006107670       -0.232270394170171        1.163077906103823
        0.404209582100005       -0.086829522429983       -1.910211356591310        1.186577790545738       -1.446183748683994
        0.027219015294028        0.675279769060884       -0.630321399472402       -0.698699720281991        1.112795274805889
       -0.353161592947711       -0.730167157065028        0.065426051372250       -0.354202278846221       -1.719988890491085
        0.955956252383257       -0.330983544386536        1.047591462132538        0.444496087787583        0.908554899994706
        1.379293188192144       -0.348629551163043        0.115264269141995       -0.456568212501143       -1.926444763808135
        0.843357357029107        0.056808181955976       -1.651249221072380        0.937153216068795       -0.652771922004656
       -0.575093163661776       -0.324362570275383       -0.496961886440699       -0.150832090561198        1.505838086299338
       -0.830335392470784        0.290043365445416       -0.795124967467249        0.579162644183820       -0.087468526266496
        1.396534425722598       -0.126663159544162        0.193177237365610       -0.048075465966535       -0.766493189377215
        1.186405184192225       -0.257978216943629        1.874848086936325       -0.028532022212315        0.565730349467737
        0.043968047305728        0.053463915156230       -0.266147367016536       -0.102463748149416        0.151521175177069
       -1.458057294347141        0.192507272453844        0.046447653714335       -0.136450243841331        1.489808350600790
       -1.557122111370741        0.719285952479457       -0.205594845649031        0.144280829118211       -0.906917224146934
        1.942205098603659       -0.589637453150000        0.617419296033132       -0.081802722109433       -0.653714934185091
        1.345844874501149        0.377713905812194        0.478457709501660       -0.466176903614183       -0.301600840942452
       -0.384753881906790        0.188491843801531        0.282857191234651        0.392114317699987       -0.048786407261129
        0.408302122120694       -0.321444991366521       -1.133366447830103        0.130663344478963        0.741043885170408
        0.488896090570518        0.248864626256131       -1.486569653698899        0.016587722587766       -0.770998168114857
        0.714560310556640       -0.579820208160906       -0.941659933668754        0.570863888356824        0.661968703753373
        1.857229560858847       -0.398730225301151        1.759096808305341       -0.660196401085908       -0.917168597237722
       -0.100964974203328       -0.142218657266915       -0.537163576765224        0.816786853846982       -0.040489376326173
       -0.007921976622618        0.080056024724883        1.167920403875991       -0.897807765988473        0.199156577810487
       -0.662499455512132        0.019394445076436        0.124791865083010        0.034002123376244       -0.454055191509627
       -0.380226748218487        0.212897764102815        0.782668279006972       -0.351811599762147        0.159365173380901
       -0.332800115290069        0.069486073792678        0.397502833183367       -0.122530887709609       -0.284135080207464
        0.432369223114261        0.096894447452288        0.180391487370172       -0.135552342965118        0.307499211767142
        0.147562768050289        0.557835601392758       -0.022821365308106        0.382474688954875       -0.605687894647722
        0.777827662856801       -0.852369618925951       -0.674328293830252        0.266380422349566        0.018987072104188
        0.020118623460775       -0.477571633738789       -0.442063284334613       -0.183287031863395        0.251154406352924
        0.395778313381229       -0.128252658621964        0.973229228081768        0.803538229166326        1.206773946898749
        0.012996603308557        0.584464987616923       -1.390061028696433        0.649944960509867       -1.329148106071224
        0.745902933219299       -0.094127196642560        1.325123205229039       -0.650725323859377        1.017374750526689
        1.497873944729281       -0.687063190288354       -1.300945204438426        0.113121965989343        1.490276795521180
       -1.223876885724455        0.282937874917531        0.814232492751399       -0.357832206146030        0.260343946089869
       -1.070879746834906        0.385968909851527       -1.704519561249678        0.549587505655827        0.196041086772810
        1.530353882204904        0.003815286058810       -1.706555228246233        0.657606026688950       -1.157023060364740
        0.126353167945075        0.254377976357914        0.215937112480093        0.457846167683563        0.470168190687827
        0.754431963313004       -0.235559375318663       -0.127941605490068       -0.024083492479788       -0.605735500650501
        0.125013483893065        0.242186341046677        0.257490843682794       -0.211943343714698        0.126251939606628
        0.875128019600534       -0.569909307484244        1.135085989317693       -0.540625482707862        0.023947972053178
       -0.388723095455738       -0.326686791925477        1.575255679665508       -0.087041120925299       -1.246034290613512
        0.969325350790469       -0.250002652556239       -1.347844036139296        0.638220824105168        0.320166646356522
       -0.042952255455608       -0.221892087051005        1.219627601939362       -0.041319817376695       -1.131935047555589
       -0.015209413796352        0.144989840458470       -0.657904312200701       -0.096570358759118        0.773064463925822
       -0.330036972658088        0.136488132462841        0.013897212658033        0.110120987722084       -0.423198113279372
       -0.195169973084556       -0.165070644511937       -0.287157848781633        0.336019858498055        0.044837541992044
        0.896966010673666        0.332151667947887        0.259783928028537        0.095536277714364        0.957630939806232
       -0.734548154028747        0.135150843229539       -0.361699780922568       -0.306210131618520       -0.225156262856987
        0.408662923419680       -0.116385752470177        1.382783524596220       -0.255376241104665        1.007287487857529
        0.850052336740009        0.438618142888591       -0.247338743326310        0.471449603645191       -0.051401102392962
        0.005449620807552       -0.048513634260988        0.170280009134390        0.141537661736362        0.095856567673573
        0.354975684054906        0.104673212433131        0.027967665967694        0.489509014350363        1.158071187574141
       -0.208737209256018       -0.130766587527130        0.581948589620980       -0.343497577520730       -0.623550041312865
        1.376652977475834       -0.262003632886659       -1.666444029440098        0.226945836188424        0.266702046111648
        0.803618493378209        0.321729295151753        1.071027970125071       -0.151386864656199       -0.653833688039055
        0.520865562247771        0.534650227908346        0.671384968175572        0.181551219070381        0.113655820447786
       -0.701572621353351        0.429346907577928       -0.358346406803801        0.317937038798939        1.752873747464256
       -1.045303993301297       -0.258477920109758        0.529436466821954       -0.422885913398156       -0.645890995879436
        0.510590589152304        0.383328934303258       -0.535373589962254        0.604064112300987        1.125666385948860
        0.208423917010857        0.526380552873382        0.755488131649489       -0.277259564076647       -0.964631219544669
       -0.949033750249697        0.000588951504908        0.450555335195541       -0.321315757044553        0.090830646889667
        0.754275625110048        0.201621727723588        0.498432510910164       -0.783424385167891       -1.599975543306765
       -2.126544398234617        1.110117457601121       -1.198721427335408        0.671243020688151        0.389869650113113
       -0.002787305665517        1.100546104437883       -0.093347390223555        0.046173012499809        0.152574316346976
        0.718426836325978       -0.439639039690771       -0.300410650160876       -0.766294172715180        0.490736687205718
        1.186506420029009       -1.103682560068511       -0.658551054367695       -0.039726613891190       -0.175550534195176
       -1.006475321243911        0.498417633358146       -0.597605767232456        0.506362355780128        1.283474702660587
        0.429155809341326       -0.106421560965221        1.158020639230402        0.150630045533682       -1.393249684232418
        0.404099032576479       -0.090340777889656        0.703658050806658        0.185175124239483        1.604856092594251
        2.536778798961396       -0.319250396919937        0.887632150490352       -0.489907821537091        0.445742658967180
       -1.288815683920816        0.384356491066805       -0.182900375142155        0.222402372578951        0.846800956662707
        1.210937341155514       -0.594403666596937        0.098388865597072        0.378516261554341        0.014908188409657
       -0.894494967058978       -0.139832854922406        0.908371516674233       -0.193777101778225       -0.658022688646586
        2.264382552149168       -1.058549651261872       -1.250944398751725       -0.078088000063581       -0.602668489043756
       -0.429312773007403        0.833089158413143        1.064352088514594        0.184503172177204        0.114006084913209
        0.300270399556196       -0.398435793623548       -0.160660587388809       -0.003534319235717        0.407006795932418
       -0.084603391703807        0.294889053375233        1.083185091662353       -0.028009542945870        1.070199250776832
       -0.525487762062248        0.242711095463456       -0.013469799232655        0.519653607323051       -0.875910971515951
        0.477341880512067        0.355404613231775       -1.525478360810651        0.402372208931320       -0.633999431252653
        1.978978893355744       -0.200196487473819       -0.851614625988930       -0.109372064441067        1.167883859073048
       -0.172544812894161       -0.041185770350062       -1.007998346973052        0.698515290803490       -0.463419787013072
        0.166758180141364        0.104092808196877       -0.324797211255362       -0.308650545380051       -1.028246827969649
       -0.742471902848844       -0.256769695142686        1.941747190630748       -0.810677532767894        1.690001768434333
        0.074751212419157        0.453355767441716       -0.245014685043620       -0.252160625852408       -0.331316558131503
       -0.208802616416475        0.763850616215664       -0.241851904787655       -0.431642542284206        0.125406829707356
        0.878020280783100        0.069366069151319        0.232639185728447        0.363750142269077       -0.215657350471937
       -0.379560025516034       -0.236292711076833        0.964118786677162       -0.418190902719093        0.146160951315108
        2.349365263443126       -0.921329951499441        0.971734473769040       -1.004578579256711       -0.009055140466809
       -0.373325387987275        0.135472344787996       -1.100777026710197        0.564594553474483        0.366396579735514
        0.338613241877993       -0.665695137923016        0.024738976420433        0.083351262305868       -0.874947902013587
       -0.453504998493713        0.477048431986798        0.631157911183561        0.275810362088795        0.450856714966810
        1.732463924500657       -0.492055649466719       -0.510568197926374       -0.102795685297900        1.219042514278064
       -0.704733754113860        0.298323155361262       -0.618766163547596        0.488796170866397        0.025169454432490
        1.117249222455215       -0.276601763138913        0.170361186639869        0.267395539373032       -0.643783511217662
        0.347235120963785        0.480223141046583       -0.609435322985397        0.195527434217626       -0.794698329855469
        2.150635665346277       -0.231047326901915        0.815181070353451       -0.422457093459759        0.768085210325941
        0.024454300648766       -0.207513518194467        1.337447060515775       -0.712406636857469       -0.049803220301408
        0.610982476326852       -0.048392212345216       -0.196608873312083        0.363683363530645       -0.287145553048838
        0.080271022948764        0.162535319162524       -1.149953594404941        0.621284500478973       -0.657713148763300
       -1.632054497815565        0.037846108272550        1.508115073393451        0.477260844200456        0.367958622476349
        1.072980993899199        0.277335249608211       -0.184194985852708        0.163857773756803        0.307343481649516
       -0.075859391079286       -1.011465878635050        0.170731784486098       -0.683717906564712        0.955726138349588
        0.751226380517956       -0.499136826919909        0.478397061580803       -0.575979144737929       -2.507692462470719
       -0.325315761651505        0.217386059953013       -0.308322071360583        0.500323492689353        0.676514970744264
        2.133960371130401        0.000393826031575        0.203333627891379       -0.167870798512389        0.528710495390802
       -0.385816661610772       -0.453214914331465        0.706978869892455        0.142284720208722        0.477312507540827
       -0.944252506428828        0.222170113814729       -2.162021141515725        0.285991884046367        0.727409396565001
        0.800802030619829       -0.155140326124632        2.171963971472692        0.185047415484587       -0.278842829787591
        0.241049598656519        0.270385357849482       -0.481077007669377       -0.363589208460010       -2.642021651688738
       -0.313179251963179        0.533605318982144        0.796982780676745        0.448608067604141       -0.050194821804090
       -0.144877253735457       -0.199809045179806       -1.638233781082393        0.741751574697218        0.342598130262615
        0.952731340140681        0.572767579140835        0.816311163784730       -0.552439519114056       -0.767097520171277
        0.663148472923659        0.135982825074686       -0.320429775783569       -0.321548340950429        0.149204690428270
       -1.885476572367141        0.842280106155517        0.091994340543562       -0.392198920712265        0.481266537972924
        1.489327659250497       -0.399816653920497        1.131649598338313        0.379654012712858       -0.547326650670637
        0.768466557705615       -0.286274958845596       -0.782550052718782        0.780573525597043        1.003866865574538
       -0.449771758827210       -0.061847022574759        0.105025551298330       -0.740533501319243       -0.520800749125915
        0.292411591136415       -0.259996313678463       -0.872145486052813        0.086552555823034       -0.614551761603423
        0.517424116798110       -0.439735423547712       -0.604030685845892        0.626303135345460        0.445209309142717
       -0.062345501905162        0.177360826883689        0.049417798648853       -0.305855648658450       -1.059008510270493
       -0.416221731359767        0.498228302604777        0.539802923291531        0.110266188879134       -0.751954484028483
        0.686233012084788       -0.203246883210092       -0.761461818570243        0.386896522214025       -0.025996240149372
        0.237633454484232        0.135728616755153        1.366530197141479       -0.011115622900074        0.420944728011694
       -0.123727126642211        0.133381021739306       -1.103402877711571       -0.062997667952674        0.121273045826580
       -0.108431556049847        0.692252562247924        0.541187624959097       -0.175212435794601       -0.465820037410199
       -0.259967408285506        0.029406134509909       -1.410334962971317        0.199030463401089       -0.169916083816698
       -1.419440426656228        0.618295730859396        0.115388495646284        0.601199679804301        0.029617002212560
       -0.193057684341262        0.177423728991385        0.099213514869712       -0.094477997250908        0.368255132765390
        0.444096810694472        0.342320357527340       -0.247741321680882       -0.155699780937563       -0.280083250268652
       -0.674596375942246        0.287156911414927       -1.669206878017609        0.340639817291813        0.036326403365010
        0.156047522897446       -0.059725999714665        0.419775924144200        0.458364620590138       -1.008020937716833
        0.286380572330575        0.620265030672182        0.082531963686363        0.331477696191903        0.279937387610515
       -0.281569123008169        0.017522026726746        0.638344260492694       -0.175307044575479       -1.023551018436390
        1.133557966262259        0.150508475762385        0.312976163962648       -0.573209751723284       -0.401543648254100
        0.728328817936795        0.662889774896526       -0.450275167087003       -0.158870763756787       -0.267911225205204
       -1.479093747583055        0.365121808921335       -0.950094474630228       -0.313647611852040       -2.316364538300472
       -1.686230656736391        1.080354161724100       -0.468399801083241        0.176485960226796        1.159982261362054
        0.000471631689124        0.303825720991992        1.676983565048806       -0.501344592212139       -0.026442612621482
        0.350544678016715        0.234445116938137       -1.658564839133641       -0.446871314755721       -0.534708407736358
       -1.487308052023521        0.101165851736654        0.230472901969055        0.197607164740088       -0.887876769706412
        0.282588943108950       -0.177629249148712        0.234752755556077       -0.661705141149776        0.157145183486306
        2.034368343400450       -0.240890554689482        0.076865531339325        0.389049925598822       -0.047375940586219
       -1.975978895286419        0.545527883502929       -1.708070502658563       -0.058027823299216       -0.750373731689458
        0.659894360579547       -0.333869109270719       -0.728361460168362        0.251582119744504        0.626491694586127
        2.424865066367083        0.073633295200828        0.890171144241126        0.032155428205709        0.936554335398905
       -0.182883452185651       -0.384606316589716       -0.651076028683552        0.376702826401348       -0.615892729787583
        0.109925395423442        0.370770696859405        1.599672719217385        0.033491039808039        0.858326811437512
        0.963576828232349       -0.184075749372692       -1.309607993983558       -0.351443477646667       -1.135039377725389
        0.737128649285973       -0.196118166409014        0.620763096934200        0.025654444645862       -0.506481466909613
       -0.301650970072260       -0.102618754684369        0.874264272557727        0.217113765174650       -0.218567702473622
        0.638852018192128        0.558065835645638       -0.511088075642629        0.156854183547508       -1.098922688612562
       -0.003248661906250        0.128513614865287        0.594972131317739       -0.232090621169699        0.277112596825445
       -1.363524565128476        0.618435898838107       -0.644306412395943       -0.048481256021564        0.334053091466759
        0.295243561886773        0.314908138894489       -0.041445528114411        0.244179631404557       -0.985772278051787
        0.991060998414828       -0.191413827162167        0.464388808343266       -0.193256327908032        0.391496555608013
       -0.539161361907383        0.203390003694465        0.132021249314399       -0.739826406805885       -0.407455608751030
       -0.742195965812575        0.633072883407164       -0.304438470641743        0.293499927968011        0.022475494647296
        1.510114607948096        0.061714082139735        1.587747109600203       -0.594818275850395       -1.214743923810189
       -0.192325490751468       -0.064418348499199       -0.159913065233315        0.228523466127799       -0.575074020184546
        1.846132983311149       -0.578708831653052       -0.412847889120831       -0.221041586784908        0.216431674537305
       -0.323976960975231        0.371037968875540        1.134355155553572        0.152609769990834       -1.417946159195426
        0.725162449235052       -0.432578652620074       -1.519495035738419       -0.229661631867821        1.844619506477529
        0.549324816550603        0.522249690585712        1.037534712745017        0.299543834448306        0.570362700633158
       -0.060501578556670        0.061786347760632        0.145739838960423       -0.133535028796545       -0.540834479224046
       -0.341841573267759        0.214052362700224       -1.784329254005454        0.422516725625293        0.736946092135565
        1.264013461759435        0.275539094012802        0.827885836843286       -0.593630000103095        0.610316067737997
       -1.661380718957630        0.418438031704242        2.718316985846321       -0.877222734167602       -0.551975545113654
        0.771276295498592       -0.174419772863175       -2.045615391438778        0.881039587340411        1.414954562443201
       -0.118845727645855        1.024368682209974        0.513463659349590       -0.470866760395310        0.448131033083474
       -0.319816609264434        0.390074770756817       -1.468430929199899        0.354403148247676       -1.792412375421987
       -0.688055950024455        0.287354727661887       -0.301713432804131       -0.713098833775395        1.379422907181685
       -0.380500270501755       -0.403406024008909        1.223374893182789       -0.220577497639168       -1.328858212906833
       -0.851685260334417        0.214166373583206       -0.286571127853106        0.361979414086009       -0.980628660080347
        0.461369833753117       -0.218204977486322       -1.336587608066805        0.276595078088082        1.075126356745960
       -0.453881916729457       -0.102755116638883       -0.730130483044503        0.663654268389926       -0.067949330386823
       -0.287121109828104        0.149860149686771        0.245213175424181        0.848363585494696        0.885466066163537
        0.254459985763415       -0.305377861007021        0.918581332481414       -0.287695471226102       -0.556069186256526
       -1.713423204085028        0.395987596151239        0.608885906926137       -0.502361320181248       -1.100581504712248
        1.782615682923414        0.262028263994465       -0.925747122520906        0.692197130251666       -0.154593473325099
        0.800409303716087        0.283569541531008        0.356174690557642       -0.174935412474498       -0.441147598264021
       -0.349697841078070        0.107669017684430       -0.188967021627598        0.642450070221514       -0.939362255167012
       -0.631326629648296        0.279107904304202       -0.458620036439473        0.072118452558049        0.729390118587832
        0.872726023414152       -0.114324103692013       -0.443764057532382        0.448014127325819        0.531763626223783
       -0.797736035903611       -0.234592737159378        0.314546744184575       -0.009340983297465       -0.871801101523761
        0.016260766355697        0.030923716272080        0.019013140045768        0.124467645849603       -0.549988894607652
       -1.019972925367834        0.449021658855344       -0.477962350711181       -0.389379823647577        0.402071661122483
        0.085692455122576       -0.027459096866990       -1.178855458053201       -0.144673737718772       -0.468620804599831
        0.383922912222466        0.149956919032291       -0.006613864994421       -0.039918094243163        1.056119771954214
       -0.461548393261062        0.123457927303364       -0.169072235830584        0.365301115169849       -1.410320567156548
        1.924312515828387       -0.785970631138628       -1.033147137831885        0.232483479349716       -0.504124203333653
       -2.018267210869217        0.466602146549215        0.720001520975958       -0.081006473378536        2.081438987991508
        2.035839504008455       -0.134623516977459       -0.545575832784046        0.204355162275322       -0.735776853640794
        0.006250502001144       -1.281963097199662        1.011925276517761       -0.281901730423964        0.047413633328589
        0.489107225219277        0.095752699313023        1.595890431840320       -0.886054556865990        0.497114819403589
        0.213341691083387       -0.733475957881613       -1.479573869548343        1.043496457348194       -0.113867844776382
       -0.708282867922244        0.692884266340059       -0.283154360726626        0.128199411058471        0.753896033228598
       -0.004100646698450       -0.155488073266439       -0.134875249988954        0.012711537283954       -0.884252164580933
       -0.609695601117330        0.037735349160227       -1.588030555205532        0.877168460129040        1.720638201417767
        0.706904057742027        0.042879421774698       -0.453092424367443        0.126589155529848       -0.681213754147065
       -0.619102504259199        0.134486454439445        2.240488125351860       -0.753257687655123        1.845878438814350
       -0.287696999794438        0.088945924170572       -1.160714142889829       -0.268579482792606       -0.938851697849985
       -1.420768083553132        0.239442483851539        0.677009684444156        0.197915803557126        0.451996312995518
       -0.782192942992477        0.498006362138987       -1.646144337765353        0.586667231024883        0.400781691782792
        1.550641175025839       -0.039500031796657       -1.430364539689819        0.460914511391908       -0.780676729455241
        0.057691749000544        0.271938545178425        0.791268283329696       -0.012548465037343        0.408413041333831
        0.228041522974114       -0.014659696489234       -0.476144104981068        0.668614899614982        0.188082325638453
       -0.569070157286874       -0.005828045386218       -1.368370210994334        0.305962006839041        1.203377338715041
        0.269751864754833       -0.148750389110900        1.939935074064571       -1.276043532952732       -1.277163715653063
        0.402142287863541        0.200520502969275       -0.681171884726908        0.159472182594139        1.031248076110755
       -1.228368560430637        0.244221083673390        1.902902330432395       -0.339562969603746       -0.932520910659611
        0.792820663867635        0.146382794895924        0.696147773790465       -0.245815645339195       -0.279963058212527
        1.571226435501868        0.046756066826782        0.340222981706707        0.476736283437781        0.020299318302194
        0.271067542182487        0.037313161008145       -1.010591522235355       -0.282940610007567        0.974848377125313
        0.654689126636840       -0.245928547039012        0.062557116191871        0.425194612808707       -0.760809710819478
        0.751228020106033        0.085018716385255        0.755608923149185       -0.055748020525172       -0.431583497428832
        0.094592384580838        0.184466775831821        1.013771186062490        0.291689384758954        0.630175655373887
        0.203119753791797       -0.130051458945412       -0.107465968022714        0.197248591142524       -1.560945600643812
        0.777822683394679        0.425534557937980       -0.483949111118627        0.398693489727811        0.541424792725153
        0.025769344578955       -0.608330698032538       -0.653029340171841        0.217412227087936        0.789289416105766
        2.006968738887743       -0.512417177743320       -0.253310753138346        0.347179072952159       -0.777537920829108
        1.695472440822474       -0.465627092552951        1.046311485507612       -0.451462462450396        0.369507557421768
       -1.414535040110253        0.541466870305668       -0.765474956115492       -0.319011447873667       -0.564059147985451
        1.478277072136086       -0.650132762873724        0.488550908198933        0.294620673058233       -0.047596081490911
       -0.681841914748644        0.586661105226483        0.284982632002605       -0.469746748500822       -0.796382101091447
       -0.562588571972351        0.483142421822658       -0.800960615873018        0.369465121413296       -0.529634854258530
        0.589552537148400        0.250151748659920        1.349350682714850       -0.014685021102407        0.366165644182500
        1.449204832640845       -0.316414740565826       -0.529726872618220        0.154384807922502        0.061003719704276
       -1.414106431562163       -0.640973473558864        0.451737925980599       -0.065614779083680        0.732059666758013
        1.969887406726251        0.167751462995117       -0.178075022065240       -0.046287966341215       -0.374103012568916
       -1.271590815577537       -0.035752560256987        0.159066415492216       -0.404688649873081       -0.610875745233849
        1.406957092246043        0.047547597479220       -2.329581135002202        0.978618483436716       -0.700253567415925
        0.613403521620201       -0.527065644870892       -0.331564169502010        0.463943872976605        0.294915578224868
       -2.140181206642743        0.713340006844502        0.133323416530335       -0.053955329057961       -0.066994137130396
        0.171240870876591       -0.042793282039015        0.228798730247943       -0.017597045088000       -0.704825418410787
        0.653291319242999       -0.093812383719248        0.608538461542350       -0.657675279030872        1.015881056228994
       -0.976918235060252        0.130932752368251        0.574093581595145        0.166813519766410       -0.464185052979365
        1.198554869952199       -0.389398240604782       -1.040466310230119        0.341899090702040       -0.596874176424602
        0.107281799340419        0.378403391593582        0.509228528560885        0.030794258751948        0.180412114858950
        1.967934418719806       -0.731697325142450       -0.272182890347144       -0.115710756268578       -0.980474562055187
        0.834470297834263        0.394849284686767       -0.581797511103747        0.498430500825295        0.329352805262105
       -0.177698065403925       -0.646993968326382        0.357905595427045       -0.513297644854958        0.155873059956709
        1.436591105739903       -0.456565164308240       -0.338547638113741        0.411667721911314        1.134552276557136
        0.034144284482261        0.053239196737262       -0.039856831270410        0.506872556492156       -0.205391896312935
       -0.031716169388235       -0.376349179811258        0.820480556340398       -0.703017819073705       -0.094927621138377
        0.798774673237653       -0.049020026114806        0.170101212525718       -0.649435780784758       -0.215312841779414
       -0.209133473846629       -0.276334464683096        0.470075567909006        0.224452715433489       -0.517300831337314
        0.855920696159924       -0.178267928767187        0.946688742627728        0.252090863769293        0.457166271572392
        1.295403372914807       -0.048881475251600        0.133140841589818        0.773504058263479        1.365828230727327
       -1.395669295629616        0.251971413770860       -2.234430657686249        0.409977822589581       -1.007663318550982
       -0.242745751118828       -0.576821831759523       -0.116085025013171        0.369497851261170       -0.626223362274334
        0.003601682805580        0.896571833407179       -0.211967732576252        0.285620860775979        0.494341112893590
       -0.172744606457524        0.175939210737762       -1.039991611558151       -0.053977777363241       -0.733707160546578
        0.950479951110972        0.102873137431088       -0.462116291540167        0.540865654812216       -0.068928854309393
        0.298685755424460       -0.127699641005980       -0.407754300483450        0.435138568692295       -0.462396548660499
        0.152312711537589        0.390854514818542       -0.000515677349576       -0.608263537424383        0.131564059709536
        0.229939918595741        0.106020872783062       -0.717431397290442        0.574863523835841        1.244717636553079
        1.022366392603512       -0.356309807111669       -1.041809833492123        0.049641271210635       -0.440789601635564
        0.270746764519474       -0.453217625406240        0.956241640589913        0.228551843816217        0.275440610670033
        0.597094583388776        0.500399364684095       -0.983353191783196        0.242776086818184        0.068947692363798
       -1.110012774341153        0.282480367758424       -1.357558693985856       -0.056300893985460        0.061846326618739
        1.039092627847142       -0.139607275235478        1.354428515148844       -0.423539873865377        0.165840275340586
       -0.152306415805521        0.230387414771913       -0.704751248580472       -0.541416286248349        0.711860058251302
        0.022001158537942        0.731904066989308        1.023098012148196        0.344035393440583       -0.879957971789454
       -0.420612324513417       -0.427855996580317       -1.274290481678926       -0.349092888561499        0.705751061199896
        1.169433757449163       -0.432223329432908        0.300613297984513       -0.523369937106471        0.278075694952941
       -0.838782190448187        0.806917544356122       -0.287145753751332        0.235428862894562        1.218190289026323
        0.689019858676501       -0.036409040229901        0.230102833360800       -0.894871297480948       -0.025038827444409
       -0.380816887931301       -0.498703418382186        1.072293559841006       -0.004786436736206        0.000967220234965
        0.802921676888988        0.554706268306441        0.924851348261639        0.356575873085644       -0.221909573870434
       -0.953774336766633        0.180147553569533       -0.692360797617792        0.416493972315960        0.049779714234076
        1.107523995600947        0.395272898366650        0.485432612713816       -0.426638800748083       -0.777801393945997
       -0.926904815425416       -0.189317004558209        0.771441285962448       -0.163959543606271        0.650357552661458
        0.379525976313184        0.504382568823095        0.685311795547104       -0.236909948423961        0.890749684098313
        1.560816422993943       -0.942666197524657        1.651258398972276        0.366916200181197       -0.382954381565884
        0.616032771769780        0.395282457102866       -0.897512260885674       -0.715066656809025        2.394154680246355
        0.182314088882936        0.415821042705501        0.624037750196791       -0.394533171089980       -0.525629553268985
        1.082520961705766       -0.558164166423628        0.000584294086539        0.631357586128208       -1.125341225479654
        0.119061575861238        0.073339282067464       -1.132560804073877       -0.327118136116401       -0.068210935100201
       -0.524302329279041        0.129672335158750       -0.136073785059954        0.361996398026318       -0.504212053876138
       -1.182099737649843       -0.174018584896219        1.957118582033794       -0.175501375767351       -0.025735554467799
        0.831247413953011        0.579196006309467       -0.554736642116952        0.330871399614218       -0.591761779271812
       -0.713486327282010       -0.367996473609528       -0.370008053082570       -0.750154042566623        0.955437860802106
        0.378670070189770        0.476577483316065       -0.295408513752783        0.094835290398111       -0.071763680893464
        0.556507552216755       -0.596516562062528       -0.994690586390034        0.318529433214489        0.642934215758143
       -0.445992113342221       -0.438118352553147        0.541799025512721        0.011285087705881        0.772802084495370
       -0.041376457645823        0.448839586034609        0.226767581548242       -0.035770525637816       -1.711645409283842
        1.277540608809715       -1.028800299554521       -0.856248351911311        0.578896859507013        0.148045165573954
        1.284939489313911        0.686331666188064        1.038384939451164        0.936344047675227       -0.119625049655189
        0.447490687612155        0.113908641857836       -0.798140870095342        0.308153253863285       -0.758954073976609
       -0.692077226807941       -0.487017212837466        0.735534325070654        0.029448454478317       -0.102844831314778
        0.478093745988692        0.109050548566676        0.037346707437839       -0.150288671244573       -0.150376215253575
       -0.020597512921498       -0.071607903527950       -0.300418031542340        0.512847415501734       -0.961103771177559
       -0.002437045863064        0.262771783871379        0.461600495143194       -0.083098385759538       -0.644809993976857
       -0.092059197100802        0.000700490631897       -1.257858727491671       -0.421316119894975        0.355049284667095
        1.210221129661531        0.314673980930554        2.089437934464329       -0.819673737068488        0.135717373524818
       -0.260441608236425        0.121842394741357        0.586284641528836        0.119639200806301        0.117073916171869
       -0.947784936603049        0.605875488008756       -0.088205585786483        0.464084531127183       -0.927289113832481
        1.109199347039352       -0.993592364371649       -0.306513017876910       -0.173100579967553        0.205706946620068
       -0.164603602189204        0.144440643606163        0.232309872609526        0.153185423525616        1.023501225023901
        0.436523577538751       -0.181550004583572       -1.247891089947364        0.100366931515666        0.723690975939572
        0.691747097080526       -0.616917381588764       -1.016765887760222        0.161462958146436       -0.958238236078837
       -1.117903700031987        0.455815785617572       -0.825028261369825        0.133686396445429       -0.135029378918520
       -0.157159130248097        0.418813520369730        0.037962986088443        0.218537970409777       -0.171091669873048
        1.848279005732276        0.084965617853576        0.959252884289776        0.434529243011382       -0.166522502006403
       -0.602685522971632        0.409823113305390        0.287116083706063       -0.765561314225733        1.877759185675625
       -2.290100543044355        0.589913811989788       -0.007151785890159        0.205731131999442       -0.172649910629207
        0.002388092265248       -0.161410546524421       -0.943371303901875        0.009739842259006        0.018836014211813
        1.211150027953165        0.274438967709425       -0.700724393876035        0.258378857293534        0.208376555563207
        0.365816339984491       -0.399868185572896       -0.071690266354695       -0.267485043370366       -0.794284742584954
        0.831951075208492       -0.674021972801872        0.499757378312974       -0.518571514217816        0.291561147073980
        0.601223454013171        0.075730353622860       -1.271093234634635        0.448591382324235       -0.010811070403608
        0.383257504471770        0.457148299226200        1.155787787217020       -0.259529016046974        0.591989742023638
       -2.201333677166760        0.719585021990809        0.033289983585134       -0.013570991621818        0.211022458917131
       -0.437601166897034        0.346841413875100       -0.290502841401582       -0.474397448174645       -1.901886039090432
        1.213119296305487       -0.442035690301156       -0.101232421106197       -0.895528924127162        2.489261791684185
        1.323772450550231        0.460783507803860       -0.156737691788702        0.165679928150254       -1.118370692402714
       -0.130147687503156        0.312023511492284        0.077653671998897        0.005532068171349        0.343822152906043
        0.477214857497709        0.125673376787827       -0.081730357290580        0.284689067132910        0.226267187038236
        1.069484046178833        0.118384739637556        0.934580399447575       -0.080824483795799        1.058329619264462
       -0.499425973695850        0.025530808546142       -0.794502863505397        0.058107111922859       -1.146174324323118
        0.841133587122707        0.093261105184164        0.326326288698509        0.076105646445762        0.273219949412140
        0.491749649008773       -0.285062136166031        0.287177914770926       -0.510043634968528       -0.583219586031370
        0.872440779452736       -0.029855498640510        0.123855530810866       -0.113501093759332       -0.105252729464174
       -0.251498441082005        0.147750457688499       -0.297091457443251       -0.412536109986109        1.184520309000857
       -0.144181744352583        0.116065789811268        0.272302994816812       -0.224112206710579       -0.418180457310337
       -0.553631602694212       -0.107195068606152        0.705526495068431       -0.527960922032906        0.471449996581653
       -0.945825873021854        0.495380284219869        0.381930355319980        0.410684119203092       -0.400205250331676
        0.636803905161936       -0.320884571304488        1.164736310673673        0.473871589930765        0.262477038017640
       -0.871726309042484        0.599296169223556       -1.996626219438011       -0.014825370937392       -0.872800505607673
        1.546262352121896       -0.668478851235375       -0.200573485247018        0.270043800434668        0.497828522097737
        1.624358754012362       -0.836365288403005        0.822352288432884       -0.247572282028479       -0.794838246577119
       -0.026608827589398        0.699230629412598       -0.479002058864339        0.305062169686028       -0.920270811797104
       -0.512700352171215        0.055924626617091       -1.052276128830920       -0.618958583482257        0.999376724527716
        1.582681800975802       -0.237412321007218        0.659324100174509        0.366799055561186       -0.772632596795086
       -0.816951565827467        0.307080617349836       -0.624726805547471       -0.053203312898544       -0.128342065782203
       -0.657480675052341        0.152235420885730        1.033409664277164       -0.604976329518458       -1.287020230899205
       -0.453412605824826        0.315663037931437        0.920255902391341        0.221640779048606        0.484060295986688
        0.505704029866513        0.260096521661167        0.646298368393159       -0.049373248753813        0.555072071014258
        1.256261537490934       -0.787590350833647       -0.521952406849454       -0.060809207398400        0.210078213869264
        0.457464162386786       -0.438664930454570        1.369388083986295       -0.845932591009048        0.518760554484466
        0.814058800345833       -0.169427096583350        0.124822919775756        0.221552518324087       -0.468910650568217
        0.293828140560612        0.820324435864899        0.518316427946190       -0.063252872373274       -0.343456515143448
        0.712661514421051       -0.085151405907071        0.856095345147897       -0.016476525438532       -0.128269032004973
       -0.319776776135558        0.107204236862848       -0.556403437565976        0.131059704223213       -0.000175845402931
       -0.173997999228935        0.196476399863348        0.347408461693904       -0.103428289962156        0.453180687621380
        0.110386381580832       -0.601625776736563       -0.352966279203514        0.493422042570651        0.047506206144011
       -0.820411492736404        0.671163193854301        0.423479045508638        0.689971758303207        1.328074841663327
       -0.335321741833011       -0.142676071445603        0.033045766009692       -0.785910518595948       -1.763706553488573
        1.757648699984822       -0.585999021120649       -0.419643844592952       -0.234998431198450        1.091212433034913
       -0.607184129326427       -0.055074650629705        0.395170906270295       -0.028157919407663       -0.441386454001080
        1.042924587967928       -0.353970596900593       -0.471699679073875        0.626160159793942        0.699484118511908
        0.542352296944937       -0.217931984365884        0.135109656724363       -0.278548371893803        0.052475600576468
       -0.117187491067998        0.086123485111842        0.716274998503993        0.214048540577044       -0.326923977673110
        0.790013696094327       -0.051918489741416        0.121168509533194        0.081853008115489       -0.208335194158995
       -0.136492752950060        0.067971053266169        0.206727681168997       -0.345990481627725       -1.257230665120169
       -0.994787768686995        0.959348520788191       -0.136733186008194       -0.377908007306163        1.122742680431350
        0.940047776334889       -0.075912278379429        0.735243235973299       -0.462901099414011       -0.500593062207314
        0.557799155416528       -0.304854474164297       -0.445280030060291       -0.721055783890002        0.415383392581770
        0.404850426464369        0.280559763149038       -1.207067798998299        0.170941529282687        0.010954927990363
        0.436579777851167       -0.216055521379112       -0.127962168583371       -0.242385311053812       -0.311256172499592
       -0.524724780170966        0.235875869137510        0.523497659187282       -0.389184467205664       -0.738325552091504
       -0.514730248086881        0.068466079234536        1.665389881419891        0.018788271622600       -0.768996376868037
        0.311492179194742        0.348348928551303       -1.365204878958186        0.054314384041016       -0.203271456126160
        1.387904038445352       -0.297483561431401        0.836868033579218       -0.172953546064802        0.284136937543811
        0.446041487846304        0.645689314550322       -0.209782238460531       -0.229516989328952        0.808965439112678
       -0.285393401309202        0.800347625103215       -0.309966336847291        0.863418387769881        0.061885071970776
       -0.964624727215187        0.162131429097310        1.399592023801150       -0.370408515710760        0.923646750839632
       -0.344481213611401       -0.436265950954604       -2.554776827520768        0.308700884813661       -1.009387809764104
        2.107382404388576       -0.922651354021002        0.453178029319730       -0.103319716826759       -1.228897853693275
       -0.135216257585297        0.114150128406535        0.102736379469100        0.051508149808430       -0.013446054385600
        0.687704292945121        0.188804080906789       -0.540816920600303       -0.452991484476294       -0.658758000252255
        0.809224699208021        0.161418314971586        0.021804859292884        0.147689249544544       -0.576335283023548
       -1.085541188774370       -0.237610113148351       -2.328096142236221        0.720292192094686        0.545963474406209
        0.086874829978953       -0.709789558014626       -0.039193646525833       -0.987130391163610        0.052112011343031
        0.761954914674702       -0.116399555628687        1.204873523763491       -0.140860153630646       -0.169144919623232
        1.201878529617592        0.331954807893363        0.343572425823750       -0.537836783288342        1.020233093443256
        0.051697264606905       -0.014028621552112       -0.214832733535331        0.501648291836950        0.893138150097655
        1.662135134722516       -0.138651562777776       -1.398415905388559        0.852537529455207       -0.900728357962407
       -0.073139671486122        0.669946163139317       -0.442241719091590        0.191053581961669        0.674205863158450
       -0.153577771005233        0.087455090090571        0.787357345540643       -0.824978899491704       -0.738087786181566
        0.343895988723671       -0.174919117346795       -0.262695969930968        0.533780294657170       -1.099871681528831
        2.148356784941604       -0.811650071390976        0.200753588019561       -0.384262028896186        0.460426475642939
       -0.577572954237056        1.134821851162796        0.933118747728561       -0.205847195691022        0.811987535471642
       -0.897799698212806       -0.367530927661786       -0.701188026408291        0.032805272372346       -0.719558388591654
        0.766626437989916       -0.157014660135052        1.181409262809700        0.134063295110213       -1.486555183177925
       -0.351838072097111       -0.476680586615624       -0.465501746216708       -0.089031817048450        0.257397412599246
        1.550947408150768        0.291045394199387       -1.587308853123993        0.381864521140442        2.133651015405408
       -0.790865361979505        0.156856405835245        0.673734311715513       -0.119497071618561       -1.116741452015554
       -0.210038999515558       -0.249797931525180       -0.745883912845693        0.163379286666552        0.945236393711761
        0.960736201184951       -0.412753938931424        0.690925171834523        0.281600234815328        0.128373531735267
        0.364333489504702        0.468593010584330        0.131436792760026       -0.288572949200541        0.360869499487454
        0.063040729666604       -0.600036176350483        0.038618418238566        0.141108150854742        0.651230578702805
       -0.020595333073744        0.998801746839480        2.161395127770360       -0.553015171596038       -1.069578255509393
       -0.693689899416515        0.382088561138361       -0.065700505178452       -0.471836485278630       -1.427383540194449
        0.916501443331809       -0.462529566941976       -0.177892911522083       -0.242966814937252        0.419861025480831
        0.907170655924101       -0.570471241219096       -0.006908767526209       -0.164211081419491       -0.312072132639903
       -0.171573951863638        0.399266108399562        1.284534091625202        0.258822589871675        0.334242190526129
        0.115124105015679        0.008878114131053       -0.281775047645836        0.416209138511255       -0.758420219214124
        0.346005498132057        0.290617632684940        0.188832601847069        0.135573236532514        0.171505109975583
       -0.325313287308047        0.244988869294407        0.162001187835635       -0.405715629258031       -1.131132161557450
        2.137758163798895       -0.603741687905163       -0.165631752672389        0.745444444997868       -0.192312844290614
       -1.107756155769943       -0.153712689077215       -0.022224870104713       -0.043451979369096        0.775342006369946
        0.755581158166265       -0.165330379833732        0.111136867572516       -0.360139569153545       -0.808212909250847
        0.295625535539810        0.244570507480827       -2.116834830751325        0.582091180940180        0.835641355204397
       -0.480209981936835        0.316478019381977        1.309163737968593       -0.031440179772330       -0.591604347133475
        0.476188801903306       -0.190415329889675       -0.704567041407294        0.427099030667700        0.919335797720278
        0.793281204402308        0.196403178695213       -0.286816172506821        0.342776790501479       -0.460498289920758
       -0.617822046944275        0.360825941058681        1.036736958755033       -0.969579377030789        0.837552067147261
        0.481664356815351        0.381464500209567       -1.051380417767309       -0.672973044221572        0.153185435102680
       -0.932338301669853       -0.390758792997579        1.518096323969540        0.070240276931801        0.014049172669394
        0.039557722069432       -0.079548736178424       -0.206730633000064        0.158485462630629       -0.081095082671951
       -0.613261517019657       -0.086785193265934        1.160078463389436       -1.131713979172914       -0.794963763460575
       -0.263740528318239       -0.141286395499052       -0.476517064506254        0.860216690468287       -0.269976688621957
        0.591121886048563        0.356166596809663        0.479386127683018       -0.717939665598729        1.419746685480505
       -0.094311372194651       -0.111017761343841       -0.661523957720781       -0.099741885185495       -0.991026801461330
        1.232437127236599       -0.151986099504083       -1.536961727813528        0.794767193930329        1.302547457042670
       -1.354018099199543        0.491846274979309        0.234882553115129       -0.527092427229924        0.185570598045967
       -0.261694936936796        0.345819118792072        0.332448203687816       -0.508407399698568        0.235656132310298
       -0.219253227166094       -0.026991488174654       -0.452412207064104        0.446826117495212       -2.161592620176440
        0.155086700334774        0.718707669758176       -1.278248000798088        0.148987466311516        0.914663303892217
       -0.109243552891527       -0.155642455903722        2.529541897326133       -0.951948274636278       -0.635588067930683
        1.586063142172471       -0.102578455754640        0.298700684935020        0.301066984945410        0.682396563072295
        0.969805177123781       -0.833964488642266       -0.957837974032392        0.136583636776118        1.084605686686207
        0.038826636752761        0.057445950174236        1.746485845159912       -0.477567025563468       -0.044150694881951
       -1.037130223767797       -0.595756417446447       -2.017442146620689        0.661526902885110       -0.163364283248491
        0.543549194606294       -0.574349342588311        0.056848669638899        0.133907836958394        0.007935459962061
       -1.333348087976383        0.784307484072682        0.246205132129276       -0.215403632180033        0.184075642404535
        0.634770245888763       -0.178244808020930        0.337213604304193        0.832462611097910       -0.179762144791925
       -0.909708015442692        0.630740322328026       -1.128062049438025        0.352146925058426        0.252850676030694
        0.438061538343036        0.587570474912975        0.664607721414057       -0.056904848238570        0.087949846675899
        1.632226963033304       -0.406848707766914        0.513555927785953        0.330896210890801       -0.424850587903704
        0.721902864616753       -0.093240724093608       -0.243755504516135       -0.029654049075809       -1.759135964272374
        0.285611792705852       -0.010161959186302       -1.099428507214138        0.383125752159051        1.991408305010940
        0.322945407677654       -0.525001779154748       -0.094849769345988        0.266314721331983       -1.123101775921875
       -0.063194676562893       -0.120027897324854       -0.163491819510978        0.056698981997005        1.038008458477054
       -1.495252384568914        0.692476408475382       -0.875165759995718       -0.329384772718657        0.577792813308789
       -0.223647431540814        0.511834121023201        0.165380249201265       -0.109383426856030        0.010103735856027
        0.930963000486078       -0.582879377421735       -0.361178936318194        0.000763265826396       -0.139601947244595
        0.005904095533093        0.006949250845368        1.314288083128767        0.375597658922846        0.328857469109645
        0.450429677201341        0.065936486046993       -1.017869407219374       -0.094249699956738       -0.751846311367500
       -1.272348546750371        0.293538592268269        0.338784473583960        0.333237438748929        0.173961799807903
       -0.140560128637787        0.203278545317377        0.258334309206408       -0.517400356013356        0.364309703546837
       -0.971299757226013       -0.191032867903632        0.312190989426630        0.584366622204485       -0.074340588611437
        0.622757564800783        0.534915734611735       -1.048193242131853        0.301575902215491        0.423226771569425
       -1.124893831759292        0.032792277021463        1.747493701671791       -0.048729318174164       -0.563406910202916
       -0.986563250005917        0.891492130553689       -1.488029889489952       -0.197902003321126        0.401425106744443
        0.046626050685157        0.223963036294419        0.831413195945652        0.368877116051180        0.155855503801209
        1.010960744760581       -0.247850197598025       -0.138141242093597        0.020272982580717       -1.032324872933540
       -0.251471815772450        0.084285876140847       -0.692531348551307        0.260169256954296        0.687187825382218
        0.742943566535391        0.073944820481975       -1.454091457922558        0.329403914875632       -1.260409643773509
       -0.803421092214795        0.331817180686194        0.211134870200164        0.496168199670964        0.028865253239109
       -0.515302601052846        0.315136986418497       -0.472649917241223        0.267730254058128       -1.452636070853097
       -0.067465971289555       -0.117806659240127        0.825832156505412        0.521018726423651       -0.222742312476957
       -0.185619094285461        0.093284799921538       -1.523236783975308        0.094965353538093        1.894626582745481
        2.149613015109339       -0.800494022625300       -0.865000414833419        0.468972414003200       -2.414155352473492
       -1.273816541274978        0.098947336017089       -0.311147525269957        0.457305028777463        0.724178403768881
        0.709680876719875       -0.346484581336312       -1.323769756862734       -0.055117710891725       -0.072732199094892
        0.212635265238232        0.082038094805128       -0.415473949865217       -0.245072693093219        0.625727442733910
        0.645783161379396        0.743754002210077       -0.428578971150694        0.360951130987556        0.067050597067156
        0.562418903022828        0.099262113662527        1.170496282222459       -0.145030712442597        0.471980788484065
       -1.411239338694393        0.369929305868403        0.607843171654754        0.572231253504344       -0.908357991013679
       -0.005370860076485       -0.059150359232262       -0.164955829254455        0.347490839234614       -0.182954443114791
        0.936195945786210        0.324089671697437       -0.613888309721498        0.226623822362452        0.090040310047352
       -0.270538578398893        0.684884757039669       -1.480514572942986        0.202762083289485       -1.151219242708913
        0.005594471174722       -0.299213992266106        1.658469052066024       -0.758055574971396        0.651764101297034
       -0.693648485290783       -0.207900237901575        0.170563312029715       -0.709876227817755        0.078902663100015
       -0.606102565728309        0.324794091441968       -0.085382381675859       -0.300673181988345        0.443208229421268
        0.846779773555416        0.081527158110803        0.012930605124867        0.501071670408896       -0.015808103018001
       -0.265963402333432        0.252661112329863        0.106181002769235        0.216945135597043       -0.375368600775661
        0.223955746248170        0.451287849579692       -0.269040875761700        0.400834456889629       -1.457558938085693
        0.227087816989119        0.255978132815397       -0.433092005042808        0.042957832190647       -0.024056799774996
        0.405155110606889        0.265508822186715       -0.108419515983826       -0.685429654345806        0.186100481626992
        0.577335792433330       -0.566358779636349       -0.299200822987641        0.034576931026515        1.615257040123178
        0.430222884568733        0.438348192150914       -0.393188103556561       -0.303427532827557        0.588530231978469
        1.443261231594304       -0.168450275749663        0.824538687356593        0.022828054154574        0.505760145988160
        0.888617332862390       -0.002504357700997       -0.756486592028468        0.126187667086569        0.014416734038615
       -0.185157952528259        0.096871451014648       -0.841214102759592       -0.017196889881130       -0.386180004932835
        0.864190563464192        0.088478623577595       -0.754620251623895        0.397024642843401       -0.038240783587166
       -0.498447829821950        0.150690108010411        0.617802472870930        0.322387548068119       -1.846834576985527
        0.653304207441319       -0.297317796584799        2.143483107632814        0.159653353058999        2.247552250694708
       -1.176238447716046        0.595567087798079        1.219040002622273       -0.009046116834864       -0.339793853206346
        1.764158888401638       -0.096360377486134        0.135176975668806        0.429329006866680       -0.079455662215727
       -0.733167776296967        0.063969916035558        0.005014537980159       -0.519729044244419       -0.796319142878586
       -0.150403360130496        0.057105818277681        0.708001577383474       -0.414351703297958       -1.240666592677592
        1.793880251950145       -0.014694612111930       -0.971434215415906       -0.486217217602523        0.647963938776672
       -0.905911525538952        0.530214527660491        0.331224825666486        0.786333768242147       -0.104192911797821
       -0.211363314746952        0.555824285711493        1.492677266647482       -0.478401335239490        0.216440992175481
       -0.087283083856955       -0.672174349598507       -0.432179379982755        0.368796056244389       -0.025319307591085
        0.176755759967535        0.276845469991791       -1.655712777384281       -0.054805953907796       -0.217568333236428
        0.781290608962644        0.015140221380421       -1.149758333586678        0.037204334993756       -0.756105044748700
        0.919582171119185       -0.851921209351880       -0.419650029363759        0.247074931550860        0.963409588314250
        1.173102897600043        0.588965436929345        0.574652163936818       -0.999492556543483        1.194271934806654
        1.037882892132037       -0.128592065497842       -0.907888896266555        0.142340492003817       -0.372442547341633
        1.023103898206754        0.008517980229302        1.407612123812209       -0.284191653944921       -0.274826026147679
       -0.200359808744631        0.562600462433913        0.766968780947952       -0.162717106878762        0.192512171492726
        0.251311485436393        0.069384409571722       -0.277824031572358        0.438913175400109        0.540989723778142
       -0.614330683067400       -0.188284784954333       -0.241156354717956       -0.131407607498578       -0.599347178080750
       -0.212230997692628       -0.091121240561909       -2.543948990722289        0.365162960434370        0.405262415539452
        1.130785257098232       -0.127584226819848        2.166499452688462       -0.525414225482840        0.469930993657731
        0.109765549899798       -0.882619316299669       -0.390280563205347        0.598189193264465       -0.844882924815666
        0.464207563823025        0.429705369472722       -0.013206361172071       -0.282785749523306        0.958218855718280
        0.926858804704397       -0.327621639892744       -1.207136135644207       -0.035536064747579       -0.800459862296028
       -0.577254125079963       -0.442607825096605        0.720998719813919       -0.153936944831687        0.727188695668131
       -0.016183081087859        0.294310575790145        0.585604981558221        0.110431307503186       -0.595570091885835
        0.379861159082758       -0.163730886956835       -2.014227274545056       -0.870595704268619        0.178779617245789
        1.126306988048133       -0.254128325668494        0.936998332895802       -0.043000659050588        0.978359370919315
        0.656668106456757       -0.121318593705490        0.283232736337651       -0.132739818689459       -1.083249347332326
        1.422460996635997       -0.134825969157290       -0.017930507045866        0.216829981322615        0.072791570083215
       -0.318288434048214       -0.705934901898118        1.187692318161386        0.497896995027008       -0.553062501240381
        1.089476497070316       -0.245094043007236       -0.904817388636229       -0.180104078313073       -0.326339763367433
       -0.976202207477634        0.636858246346686       -0.359401489326033        0.097120132141913       -0.275138339682005
        0.637090419540132       -0.044977443162271        0.882069663438490       -0.435977701480605        1.276049775264159
        0.898052937513130        0.141093484256631       -0.580567387727129        0.517544502963635       -0.906669526652298
        0.476672666604658       -0.939602745037957       -0.654594560388914        0.323224073775024        0.009042077387395
        0.566094125619066       -0.830307553928637        1.608769365745605       -0.139221613673666       -0.783665482382824
        0.534552884891086       -0.513243387609496        0.302038439504151       -0.184753824840659       -0.122130072565256
       -0.993860587841385       -0.200622586238491        0.111335086632817        0.152737092675494       -0.018233265242093
       -0.150862932091821       -0.606345177605458       -1.460345652030391        0.065370806756570        0.693264533308538
        0.012708976376090        0.218183795950670       -0.342816397613291        0.077311427021154       -0.528216129998758
        0.966211389220465        0.191591213122948        1.400770083802162        0.472004286860231       -0.297268079274191
       -0.531838735300874        0.347360848990451       -0.350104537332588        0.510435770562655       -0.534725099380020
       -0.022494812094247        0.051005332008267        0.266654584010399       -0.600357312879216       -0.026549688528322
        0.702534263678698       -0.085090080476383       -1.429976556236792        0.544560087148612       -0.480979324447069
        0.428796230154556        0.424589246062615        0.731387623342961       -0.383046400683137        1.247062036338143
       -0.270895200769213        0.911485016427260       -1.032415955294923        0.739507873954884       -1.351812254960608
       -1.332290465854667        0.207981680365140       -0.683977826921016        0.008862139639366        0.906638656246852
       -1.101226135171476        0.559281832523902       -0.212787509959651        0.547780182395478       -0.773403247851314
        0.384491781919471        0.169624065033197        0.583406528027583        0.684764540752768        1.443869834963814
        1.321806778699142        0.105180065043720        0.125407176616787       -0.474668333366643        0.065085934388682
        0.122309384497531        0.179108544570220       -0.090024806316945        0.667134191279045       -0.534293605646042
        0.390382691127695        0.058369151708335        0.488717045404513       -0.046608850109982        0.077468340348503
       -0.073994220852046        0.417475704718433        1.114889126512438       -0.198093878256064       -0.381513513145815
       -0.097057451381988       -0.092178775286786       -0.580449624883924       -0.046465921301234       -0.297643952146555
        0.611242160759591        0.074317952364683       -0.618959113135483        0.798636451894378       -0.471933537108657
        0.243917371890324       -0.416306455250615       -0.096962240541016       -0.133102757102702        1.224462766953134
       -0.092109009489549        0.976411606380659        0.281215066249634       -0.067974035700384        0.046143829761598
       -0.020122421990556       -0.190927199331677        0.161354288381033        0.262092873550025        0.462011990675633
        0.414741872971879       -0.044210301905243       -0.003894554979809       -0.162193569137896        0.180657861828000
       -0.065257599528823       -0.003591644614515        1.288813212920997       -0.251243586809672       -1.165125094533236
        0.872477659293596        0.129643876829682       -0.404658923461126        0.187274110606838        0.178271120874776
       -1.434114275361496        1.004092325904487       -0.636052937070042        0.111786034162185        0.790361166821613
       -0.234929500187533       -0.422505285320935       -0.665155812203227        0.258942053861533       -1.604234889064629
       -0.563536434370247        0.431816238786538        0.750353140014103        0.011714195837587        1.278488711715788
        0.715036108141802        0.363483593949410       -2.033405309457780        0.770917458637403        0.329132170789543
        1.153427947076319       -0.313229583380898        1.617565798620578       -0.775146391299465       -0.109243391709537
        0.464565658436576        0.502831611455432       -0.396695186397475        0.161926593662838        0.134745032623145
       -1.764814435884984        0.515684580893772       -0.745006697322601        0.642557599224241        0.542858747435963
       -0.211585077470332        0.574959012987773        0.741568694709815        0.273101373650911       -0.810303828987330
        1.487917951268965       -0.519022712332841       -0.494679624185915        0.262337816704946       -0.752672389020962
        0.291474670885423        0.053114874259870       -0.277461896627245        0.385252099002934       -0.651150045419178
        0.921558988996733       -0.104359111499764        0.167934539832179       -0.377987280118815       -0.011449185656006
        0.390367127610901       -0.516878109498112       -0.283037954646926        0.441383460460891       -1.041722270735993
        2.081706618832148       -0.048092761877417        0.593202805824879        0.195654888899709       -0.733186640395389
       -1.226646673521537        0.682024005458278       -0.407812347047856        0.157147408273877        1.131343644382480
       -0.041204793724354       -0.194829756063254        1.241510225368852       -0.697794545790425        0.175090364761920
       -0.844814258501607        0.208785643574682       -0.240737258546404       -0.023218710890198        1.556425441561360
        0.254936291099615        0.098149977053311        1.491817723309429       -0.575913597488659       -1.257177979666888
        0.283259642789994        0.803599596429117       -0.409270391212341        0.336489823590380       -0.539907368699282
       -0.593337232928823        0.175460876767907       -0.514076460947412       -0.252471620881197        0.400241536592168
        0.900559566528953       -0.466439422321245        0.784190509385586        0.050378368749215        0.690193775511404
       -0.213918926778473       -0.362180313468679       -0.881824874025872       -0.365670563478936       -1.348727843506919
       -0.064757403063721        0.144240047842953        0.135667254105070       -0.194665856028156        0.342203973553912
       -0.484807193508126        0.356640128732071        2.259979591637293       -0.235468966760039       -1.232261232699841
        0.954760828043024       -0.061342168655170       -1.298820365242501        0.449836107816123       -0.577345245857656
       -0.291883504898443       -0.072406290279717       -0.286793328523762        0.827818558527336        0.634780578292664
       -0.326182119499909        0.081808263258767       -1.147876173425157       -0.422648184069881        1.243704836438422
        0.483767053950485       -0.628730712228947       -0.176143630427970       -0.360202711630524       -1.126453981192158
        0.163236846194741       -0.037892590577834        0.437364514662917        0.220293918569837       -0.187442900392828
       -1.036139766751683        0.365871082744709        0.154073523500896        0.598000292827899       -0.224581990439204
       -1.064949705055469        0.455310475406874       -0.019143376702867       -0.411194951037393        1.219715229721881
        0.765747840335795       -0.379494010513266        0.563079610030113        0.218831794803473        0.465932420755738
        0.209940783107487        0.076684469327714       -0.024622785089768        0.123409452620267        0.333162015100968
        0.609769048272693        0.014193254017274       -1.569884947542111        0.324620612319351        0.420692967631833
       -0.661295334204676        0.338836997118910        0.478115091184957       -0.056107128313067        0.595177951649621
       -0.135351506201889        0.127415231899582        1.468523642662072       -0.415383743859259        0.020390799068705
       -0.880505469651388        0.560227339273132       -0.836818013165657        0.044470222678603        0.821147685281485
        0.422762093341133        0.253576375440343        0.461463591469540        0.642505588250294       -0.213747017590461
        0.655950615236344        0.158576970557632       -0.061373487092803        0.565091348379016       -1.215371365830477
       -0.679355179697900        0.171835062247551       -0.422442714848573       -0.104892625353257       -0.042448358066774
       -0.709864951593114        0.397078276800287        0.401974695859329       -0.007392167153667        0.802210453187978
       -0.912328991698582        0.164340690617972       -2.010016687944042        0.111899654420631       -0.770058260454943
        0.406410496605326        0.153548175475294        0.000054694593418       -0.815376047683057        1.069136339823543
        0.076035418022518        1.204357866019730        0.994312373684909       -0.156057436989792        0.066466126749558
        0.635692098287091       -0.301187885380326       -0.408910565576591       -0.449541097835453        0.572111379710794
        0.034760831772554        0.575145557185662        1.182516468429474       -0.552366013396444       -0.213175537150746
       -2.373834398801705        0.404263553176807        1.525573542107192        0.153961125020870       -1.887090184109305
        1.700297039455975       -0.589269502823961        1.295392682398108       -0.252807913670394        2.090469064331591
        0.058030037051361        0.006929212112096       -1.787230670986661        0.058972255871314       -0.274452355128644
        1.662640651475956       -0.646358805013505        0.475270786363894        0.466521462455524        0.632612050967479
       -0.493159666173973       -0.243365815222523       -1.286186632756525        0.359142415563319        0.709782216895763
        0.888548279749516        0.939150000840675       -0.867007275610093        0.108801864795737       -1.048834378772736
        0.729787769481745       -0.035974126033901        1.245510364863752        0.070033129781473       -0.030406541213308
       -0.844367939060358        0.077581728107950       -0.031681718534712       -0.119246300566475        0.293306518442269
       -0.280946439356374        0.105989323414906       -0.107453179763040       -0.211349700417559        1.256853213469676
       -0.852237922080681       -0.147398555045451       -0.011014487920678        0.215335765694890       -0.450707775576199
        0.556684744663967        0.165142696745935        0.418596800748701       -0.338789588219947        0.031359351143884
       -0.645419642451649        0.478250579679632        0.119967308838880       -0.127478614431710       -0.136475092455871
        1.383130561068030       -0.826367506760371        0.532593056629482        0.175712960358789        0.200160197454553
        0.887632253918215       -0.138785146737861       -0.002455522338970        0.071640140930596       -1.451672898128127
        1.646574992913409       -0.182614498325738       -0.727798844284586        0.300740419818255       -0.864081830778730
        0.450753600089996       -0.467767925070302       -0.749046627262293        0.286592709000036        1.400128835287683
       -0.948822907124294        0.345519432171022        0.616329113039289        0.254121403314656       -1.767884184545307
        2.476521498279992       -1.206549706990955       -1.042040122893297        0.340365760910590        0.267445393867569
        0.278257282446211        0.138941015131199        0.694477174231625       -1.472343972612532       -0.214263825113222
        1.251580999622177        0.127491662183621        0.048217190679261        0.398609355206550       -0.278636717637400
       -1.218015912301453        0.433310266022375        0.146387444111802        0.283523411218358       -0.228320770270366
        1.495332280789663       -0.081662773054837        0.218280212122125       -0.499360836771512        0.325383397950144
        0.550369309699258       -0.490052991916493       -1.148601771012809        0.923703131284637       -0.412899265672498
        1.167769461167357        0.108218133997757        2.045974416171924       -0.572524218591244       -0.549184499729495
        1.455703569494738       -0.582117167888083        1.531306988640287       -1.355013138292064        0.587979832620520
       -1.026667315830447       -0.190533671545403       -0.671378093840160        0.884876439329180        0.593103267201455
        2.100106255729202       -0.297493030686891       -0.105920267132193       -0.539412260957104       -1.674606398357307
        0.755170624824329       -0.488968637859883        0.887238046173446       -0.046311433788480        0.329282698778730
        0.716845016935183       -0.039190298291903       -1.301913135979379        0.692311350891077       -1.359321888817209
        0.615624855025905       -0.285153775292709        2.172201531118256       -0.522919212052499        1.147720043194485
       -1.058661901739959        0.769182781751428       -0.497073001063127        0.109351886775986       -0.165317215362796
       -0.526413412801914       -0.668138802526626        0.904949884753395       -0.562846477197695       -1.044518313674960
        1.475292655762081        0.111041434173680        0.285484437651274       -0.422829109557588        0.334654776253435
        1.267247876313677       -0.242102138507115        0.324893126128622       -0.372800507460383        0.489027315700649
       -0.329275476559723       -0.215388303580355       -0.227264894805533       -0.010026236330651        0.018088223052784
       -2.239558975685493        0.299783030494412        0.442661295547026       -0.312668878678448       -0.283490305600203
        0.888092195004150        0.064599629958106       -0.653225903570756        0.874585433348203        0.193392648367284
       -0.870732959565326        0.392585925912261        0.150140837023212        0.436771795638519       -0.551898532507419
       -1.210117938108419        0.445368369246657        0.235974376332689       -0.467208095657691       -0.424009595683815
       -0.840015150965193        0.522172300655144       -0.754299351215728        0.634455751882951       -0.582833599421876
        2.182678876744137        0.146262395002300       -0.002335853786664        0.075137404948351        1.387957956020225
       -0.701587456287252        0.226773602513834        0.551327967431796       -0.029908751934117        0.570678226257292
        1.178135423681397       -0.517947007870491       -1.342087587443841        0.295523519616045       -1.795822699325003
        0.061497967265045        0.135769586596181       -0.159235162116519       -0.691563825131760       -0.900295024729722
        0.492638919004257       -0.125922873129835        1.538944325503160        0.071205731156676       -0.099807540727746
       -1.732374462987356        0.228744341560130        0.922649794882817       -0.836513644799818       -0.152572914532943
        0.671074939221571       -0.155342913508474       -0.050543456311231        0.412706410160081       -0.433524175293084
        0.541131913551548        0.475649240782320       -0.134180965800342       -0.021752473753832        0.597848527155210
       -0.247569611215574       -0.127658322927675        0.087399787068778        0.009215891566433       -0.890536667934029
        1.847969617929126        0.021018204890518        0.161036344777905        0.147261390070380        0.164060621962642
        0.594575738235044       -0.064545688267267       -0.833572926384959       -0.308774686681615        0.142493547232100
        0.743011344650296        0.443539164784140       -0.443214561014853       -0.254194398125650        0.520806021156021
        1.928768050309252       -0.085276983817146        0.806285965869846       -0.285432584171785       -0.011483849655248
       -0.384508322402430       -0.327498250961593        0.918622364019226       -0.469838823199654       -0.168170609231768
        0.661000902472323       -0.162132976999262        0.856702360010511        0.255327779873133       -0.176011206812328
       -1.835797471877058        0.603410195204505       -1.093134693986924        0.117196129302762        0.738095621783004
        1.017524839912636       -0.353299679601609        0.207355041800955        0.203484236092431       -1.868202096578477
       -0.834050561147026        0.403747043921143       -1.202119249891927        0.958057345328641       -0.521964668343820
        0.589792343001080       -0.781680649466599        0.962384881520877       -0.518219756960855        0.227413430654037
        1.051422761618881       -0.178444639082303        0.356839018325227       -0.435214655370023        0.558402614958188
       -0.727667386185468        0.399215502975550        1.040473233002647        0.405322152536953        0.669634321418954
       -0.420803128655364       -0.002619763897048        1.307420006326323       -0.436235425632367        0.638146987303128
        0.545831068188485       -0.775996038011079       -1.310553233007012        0.187952358377364       -0.145605334534878
        1.630549770205479        0.041998110177998        0.423235699107474       -0.467989917198613       -1.495443338865154
       -0.581298385157726        0.077733253149845       -1.162401547582986        0.659619802847112        1.112589214285059
        0.025929088332485       -0.267350297374249       -0.850954565660761        0.259503545928925       -0.388873068273427
       -0.467205595997551        0.351674062366557       -0.159073792750483       -0.324186681026757       -0.065792506678384
        1.282757431130215       -0.363597197806606        1.168565788514461        0.051603727139969        0.790543215600308
       -1.300317250705066       -0.014301015337203       -0.085450973436942        0.692562768094477       -1.139038618144142
       -0.000529166613048        0.194382196249880        0.050207827763037       -0.308932950735255        0.078458544026747
        0.429783260401316       -0.259460831827898        0.262355869905423       -0.156173079611543        0.321367961178596
        0.967383775269817       -0.399255009926882       -0.335318426476628        0.757032079567801        0.290238982348975
       -0.628759856981442        0.298263906295106        0.901260811227639       -0.906497977181129        0.785671832282268
        0.258321998259112       -0.056781112698421       -0.195756680775045       -0.101209462804726       -1.190807946271666
        0.577463388267495       -0.353988177537646       -0.425777908317371        0.553672804482254        0.818242810302930
        0.565180920005858       -0.420800643960028        0.160938260541969        0.064940307193439       -1.603049818747973
        2.160010617430169       -0.990033194572948       -0.309447643832113        0.033685234004183       -0.072843661444639
       -0.965139614969908        0.419741610325268       -1.289736884890743        0.263396619534052        1.633552559098227
        1.578048464892847       -0.143824788299383        0.808438824412942        0.150712448115589       -1.760127142157895
        1.007529998762117       -0.391746658230167        1.660805115401062        0.036480801349182        0.645591645761394
        0.398193688405193       -0.225431832375897       -0.823234240301379       -0.239403615712313       -0.214942992719270
       -0.852161548927403        0.155579970455973       -0.618070071398171        0.719193844971934        0.270605565841507
       -0.121855492569064       -0.066435031232767        1.981471090876877       -0.683211852958927        1.477265741051928
        0.629134298284405        0.027305169948270       -0.413004221943879       -0.111320912719549       -0.484934825500912
       -0.664656309400372        0.030105840279710       -0.718593787941141        0.276455149503356       -1.438090648842665
       -0.555690839851233        0.423019815678883       -0.001733311287276        0.831913904949043        0.101111798823426
        0.314491436248938        0.732169680404458       -0.999861591457444       -0.398756144511603        0.139172626180094
        0.224410951179822       -0.202862912227054        0.342061968949799       -0.258206288221625       -0.789474594412437
       -1.423409031824759        0.732850362171157       -1.824712021888224        0.580663700094982        0.907619899091679
        0.994700216976900       -0.277148071941863        0.741616024767836       -0.319747781301408        0.774896505411139
        0.242016463928826        0.275598886958268        0.983945096770955       -0.071432656285459       -1.455572031674163
        0.037560536461103        0.425985422725264        0.111435450543086        0.090805170487811       -0.362628692048047
        0.425736825494326       -0.368233264436658       -1.914698144954027        0.009786010203737        0.800054546126614
       -0.679302523495787        0.535836202421284        1.532677136939781       -0.818430290339982       -0.537991960156285
       -0.075691637839740        0.806689179246577       -0.968018288583585        0.681773130963364        0.016334088244870
        1.059244908975008       -0.248456636209040        0.235313830414642        0.166532481694163       -0.372039379224615
       -1.223121365134997       -0.140621294227316        1.375630270077880       -0.634203027559669        1.342912575989132
        1.785902286606520       -0.256502283160220       -0.963846494320703        0.084531319826758       -0.217610815664449
       -1.391832820414451        0.698748799535864       -0.236475863413728       -0.290078616830417        0.810379243053295
        0.284553702639695        0.124731923763499       -0.387002440573678       -0.107118310032496       -1.312876145756320
        0.969615319068202        0.203749851333340        0.661068750162795       -0.446212681487599       -0.938857347705826
        0.749494783864692        0.314470665581642       -0.317945915724732        0.178258930562554        0.807967024733205
       -1.072180041481390        0.340205730915616       -0.147557304217895        0.030110452133207       -0.237052688634921
       -0.221337915483299        0.155842641914832        0.200396225232080        1.073226709481299        0.362647364055434
        1.553697101119731       -0.134329298638437       -0.559930261682827        0.088001710071867       -0.435212045108656
       -1.244172390376632        0.502289715193034       -1.015319239184162        0.454462584711465       -0.423989351818877
        0.819650851843404        0.392272331095781       -1.004069554205127       -0.013178787766288       -0.004116947088202
       -1.134555652875632       -0.386964089176159        0.090760854570446       -0.315224033373034       -0.553563408008342
        1.428186836502316        0.061895121589715       -0.556171482303311        0.528477239192480        1.169020803560075
        2.296738236964001       -0.077377288454276       -0.400212432936067        0.234124615978538        0.569780311208957
       -1.156124688364280        0.581798344999244        0.727019961953723       -0.183024496461115        0.594547873019816
        0.590237272883634       -0.161936565989523       -0.460608785272006       -0.192041847708778        0.180030093916694
       -0.182955162929664       -0.047945933380372       -1.028657388080900        0.605323781072954       -1.389328897738432
       -0.303434755597634        0.013542950434755        0.418619970486243       -0.465554814572854        1.329832170547060
        0.555000157811801        0.160878517253401       -0.181542022671821        0.282735713698777       -0.889711870871231
       -0.710446807492753        0.524085145291596        0.043355308811396        0.074937476545589        1.704555960156634
       -0.602606726806252        0.115725868461140        0.885377874050446        0.595794635339618       -0.612242066667158
        2.213941423878563       -0.512178473653568       -2.069596329524264        0.536759562444929        0.425241930328418
        0.071092959845007       -0.333491169311333        0.941114890349156        0.125667266674020       -0.624687945491900
       -0.124715393610529       -0.069070438208919       -1.383160739308502        0.837537257336228       -0.267434297775716
       -0.254400153715378        0.031239231113882       -0.920822966193007        0.422480136442093       -0.020878924486691
        1.049821605717555        0.413764378596683        0.600450953130352       -0.685044049640745       -0.341330978055383
        1.451820708304604       -0.460752819016790        0.095793565667933       -0.329360726235005        1.457173965292065
       -0.569366982554426        0.337834446824137        0.215044099153648       -0.083664837145858       -0.347911219180971
        0.732005788041973       -0.624787145673049        0.720475733540162        0.031278846144526        0.150025934122660
        1.372262256201287        0.113028675698413        0.625108844799326       -0.203437490061283       -0.973220068700211
       -0.600835738933937       -0.135992010640909        0.211204166681655        0.209767964380425        0.284590734593617
       -0.618076662793481       -0.097733770632388       -1.011584897540522       -0.233087044263383       -0.144066089679296
        0.427840026348381       -0.417355597657504       -1.289534552448101        0.383091066115521        0.515715076680521
        0.166562549307251        0.641945873517862        0.606807718286643       -0.267397617822782       -0.579203066687203
        1.548553195953965        0.498483000096614       -1.146001421087488        0.142449882059387       -0.849771130993741
       -0.072734423042970       -0.194684286236985       -0.602360740856816       -0.522978130048108        1.285771881393857
       -0.885125838010351        0.912374618215817        0.058052593176473        0.242885176013022       -1.609172545792511
        0.307531146933006       -0.074333228195568       -0.599741189711390        0.389958156769845        0.497899310917140
        0.144632511932246       -0.124989737306813        0.129818125413230       -0.260933767219176        0.151652641517421
       -0.521177130794741        0.032983241637760       -0.450514901064950       -0.006459315450069        0.360589851848125
        1.162185724239588        0.117830250171890       -1.282772372532044       -0.182225061078605        0.973155885093617
        0.551628265032241       -0.379649680539076        1.100359028574263        0.198219382160505       -1.312396276172937
        0.995556626958876       -0.405522268410288        0.519744391840146        0.159633512006092        0.546794899673734
        0.029490440413974        0.276077296781190        1.337676297332789       -0.650398143210391        0.119119311872957
       -0.155461699294244        0.487703512789640        1.279787191095364        0.027876397927405       -0.040349669552567
        0.391367996290666        0.115866382716122       -0.047894788430835       -0.368340655068060        0.451359222721389
        0.666380234181377       -0.854365616959241        0.498134907850488       -0.586179346613040        0.322277662075764
       -0.273214254584509       -0.370855154161199        0.668887851348255       -0.068828005646980        0.217245587554791
        1.063055554969007       -0.114166416036407        0.370216461941419        0.112232820227869       -1.106400085011213
       -0.700245720155082       -0.450926735296367       -0.811111556466648       -0.044897982059766       -0.803453508650574
        0.295712331615048        0.193604125059522       -0.298814325966630        0.425022384443547        0.173073370971091
        0.393634737253852        0.028979662097668        0.878403244280720       -0.221853752043881        0.720916749767478
        0.935710805582371       -0.407792178588147       -0.053054299040124        0.457606680272752        0.627610939448645
       -0.400357947539200        0.872927911221512       -0.190069619503119       -0.786619667436719        0.116081959317553
        0.671414406949671        0.008657795527565       -1.150773784800758        0.131594561813187       -0.350308819824785
        0.584003846584864       -0.384329658197912       -0.869100817331909        0.283680616667625        1.107076083187774
       -0.290888431415416        0.054981643967360        0.662199852072057       -0.422120001984654       -0.878821595451572
        0.697030629007467        0.013159212956165        0.280615359078844       -0.121477113294294        0.761425849148571
        1.671940604492945       -0.759020499858184        1.172323718460315       -0.488457193027307        0.981852989122324
        0.375535118159778       -0.263538693475093        0.104164946891780        0.228276399498056       -0.702640463276976
       -0.318299553751422        0.511124106891316        2.191368804261434        0.112133715063573        0.530919432938921
       -0.718934589154262       -0.138212961100458       -1.050405853908047        0.040017340600479        0.911387125114162
        0.392873075077549        0.629093784718625       -0.165276601319241       -0.398254188894505        0.602435492494230
       -0.367699331488687       -0.746256613103962        0.839298969873693       -0.914142862359309       -2.227905953717567
        1.272828234871355       -0.026464139579895       -0.863112008554956        0.194383399413390        0.184453569297637
        0.579766047090064       -0.347765665651972       -0.037678636311235       -0.056383907693943        1.496842180988333
       -0.919516205091602       -0.038377006314181       -0.610304895109647        0.439330679014339       -1.228664355312822
        0.015496391337075        0.680788575236404       -0.386614340715529        0.207887181820395        1.397437219145344
       -0.786133766275283        0.506429319394044       -0.426681801426427       -0.232200396666514        1.281386218237232
       -0.093675185266552        0.088042662888910       -0.234885095002328        0.026348662920531       -1.251949177293675
       -1.356543597410004        0.104856405109881        0.112983108414698        0.084634444770057        0.081993483935678
        0.002841615710181        0.147855040411661        0.961212572629759       -0.719993437215072       -0.020190757918122
       -0.548221054042927        0.723697201330035       -1.441181840011761        0.060255204863551        2.737590766769179
        0.398646815333602        0.598297368742627       -0.012363258436409        0.634479494542906        0.720261119830125
       -0.756590216435470        0.683769428028804       -0.148826055342149        0.255089938378866       -0.471160496475033
        0.365077379539184       -0.028053486075039        0.202213262836180       -0.162920866418163       -0.077370688572635
        0.628653699779158        0.533442645476046       -0.013431322289366       -0.741072185386833       -0.398711733536540
       -0.325979422174667       -0.027232077803402        0.786432887217872       -0.403544975503367       -0.393458626311903
        0.109235035823834        0.508591748150184        0.380681614348853        0.201833983166872        0.089904180882108
       -0.440448706446269       -0.714884533970446       -0.415167258469387       -0.597301601891850        0.017545134422326
        0.767707908608878        0.011294033504136       -0.162154731713419        0.363776881243682       -0.886027814683158
        1.351609350051214       -0.579885814582954       -0.191753531352546       -0.681043225621570       -0.168951935764892
        0.853127658027415        0.065820751636228        0.409510268129683        0.158088776281197       -0.002948526686528
       -0.258990944061484        0.603292836480353       -1.233318532610546       -0.057164567613291        1.236446566032189
       -1.113052334828112       -0.106989116836534        0.789579365367567        0.425498167452506        0.497937683650301
        0.013358410954222        0.282949017172238       -0.752955415698460        0.603106647308068        0.315898347082085
       -0.405087754772309        0.795602985523397       -0.525316522671546        0.578873674178831       -1.188718147784044
        1.055639056306082       -0.411997901797001       -0.011036526454807       -0.428377511150021       -0.390069528603554
        1.968343899575884       -0.514778118688317        0.043932354995356        0.003581703386853       -0.110360555676732
       -0.498561511174424        0.419405455594630        0.347093317818580        0.166618811289166        2.021886346977765
        1.630305879689001       -0.747911587107645        0.384928689869243       -0.376986167217741        0.699743148035365
       -0.871294070479324        0.160693858328829        0.051090958200683        0.350357316087857       -1.903371888769089
        0.679497814587917        0.445990002164949       -0.697136480499393        0.739752727495966        1.075557148591070
       -0.508641531206671       -0.304435417075864       -0.211156904876205        0.125552195532817        0.486211230201575
        2.165503368363164       -0.344904395060367       -0.018354554455227       -0.033349199119999        0.366782225841451
        0.221224786198953        0.123394455233645       -0.528877006998990        0.230113227189199        0.675530417375161
        1.219325234690566       -0.153945345935939        0.735254762639164       -0.236301897710411        0.716076913878254
        0.781587439672015       -0.752555274848850       -0.743757128706642        0.210540512054649       -0.403745719786521
        0.422424328315715        0.240718774073839       -0.343522840614011       -0.013485674466578       -0.651488377482430
        1.015706644636480        0.012639108610997        0.051221145642763        0.045764336681177       -0.900900060814904
       -0.440885107648660        0.002429951387018        0.408876470268780        1.013652922907342        1.962292614450453
       -0.248413942245882        0.125943121393249       -0.040461012657783       -0.844333684145887        0.781791360431313
        1.536031445066982        0.186969447843999        0.402869069608365        0.511238694153945       -1.571055066390855
       -0.846622271547510        0.048314946034057       -0.406327600046346        0.170198374632140        0.042663833221642
        0.660401824170075        0.261251185748122       -1.293561220187307        0.418978815481531       -0.445093592457079
       -1.136790407930071        0.122451740070163        0.238114903647619       -0.321072404744089       -0.533807226467909
       -0.026679823536838        0.622067951605492        0.754665834714265       -0.711347218643257        1.536198460783490
        0.440456277242609       -0.649278109804103       -0.283916342081742        0.122092844620358       -0.369430945926728
        0.843667284839899       -0.513553443189994       -0.446192867094286       -0.143030596954205       -0.411137209910345
        0.226617019658804        0.287142037398252       -0.539077582538264        0.227722712526217        0.709089342743289
        0.230514088933649        0.073646223368893        0.391842767760441       -0.101571123594876       -0.562224406007028
       -0.716453092601394       -0.412949438861332        0.020343024960820       -0.116776574914657       -1.491430225012628
        1.279681989073390       -0.241810695603913        0.046348574665514       -0.416180635613346       -0.046851981252791
        2.136641613668910       -0.939918912869580       -0.028262284157492       -0.233835688911146        0.732013111330108
        0.089780955189890       -0.247973011482643        0.360622992249857       -0.201514693012068        0.521958456576006
        0.878902745414653       -0.039351924089150        0.646940517088916       -0.317247166191016       -1.698163148193433
        1.908559243331108       -0.863145143672621       -0.596576279579136        0.399331889347476       -1.061710254103917
       -0.731491206837075        0.324566873153936       -0.846899456295791       -0.113025575644400        1.206492290396260
        2.470219718045833       -0.025274116256241       -0.270999463292781       -0.099446544650121        0.065458601513851
       -0.794292650176464       -0.262892969437525        1.227827355428506       -0.094805092335153       -0.350595288186683
        2.188638423173193       -0.882232831514833       -0.821389653438328        0.170740825110743        1.244067908448693
       -0.336747853224037        0.381078005040206       -0.316684343747091       -0.178081428166053        0.384787686208498
       -1.292563671559479        0.138621015834123        1.316753098210336       -0.281345145672404        0.888587022657593
        1.524440610335564       -0.262283939146415        0.017347949057266        0.346956713822941       -2.129942587657184
       -1.058117469797327       -0.345014281887708       -1.157349131075695        0.100915063750062       -0.140504466237111
        1.624427119294645       -0.367456916445576       -0.194293501377562        0.404662748242105       -0.243868911268877
        0.378683689856093       -0.170997795569398        0.360444670163923       -0.097179316485315       -0.351122558868965
        0.999345100217718       -0.343658286644210       -0.500806255591121        0.560639043649102        1.063954298223281
       -0.272657612945734        0.380807926127882        0.880117972019780       -0.816247179386785       -1.367409199510029
       -0.225425805176975        0.186087327834128       -1.607540840014599        0.032061095909936        0.471157776553080
        0.315151977061537        0.112147617783816        0.407387399456089        0.058643157310270       -0.758982013744541
        1.672571463700521       -0.253288561430251       -0.084313370236994        0.325626730739218       -0.698028894373031
       -0.330900135006483        0.800921670111128       -1.031578433250722        0.638758533643070        1.456291141303775
       -2.972521570423549        0.489653434762770        0.088102545434990       -0.063318945231526       -0.804912308946594
        0.905872080655046        0.159697675355130       -0.113998171388775        0.086311917350455        0.573788897741688
       -0.791443948455823        0.306384197357246        0.958188988774523        0.324826408903081       -1.680675789981157
        1.981588298475896       -0.288061326357276       -0.329196692737711       -0.204863162875554        1.925136599835368
        0.798334099849146        0.080805678926942        0.860014424138971        0.243294363758579       -0.015611456469341
       -1.198441715930671        0.030756216142793       -0.101390696099414        0.228649343431762        0.760939247254880
        1.832744840822568       -0.478067715236135       -0.579605488365728       -0.017924186233257        0.532025487856551
       -0.967778568017416        0.777890852845053        0.111489028510827       -0.115749016088701       -0.756069961217967
       -0.270011960039796        0.206043197627227       -1.051722651925644       -0.143228507107499       -0.107055129775610
        0.420049319292452        0.219123915948659       -1.056561709539394        0.109766529986967        0.273590153093490
       -0.662446926214551        0.684711010700866        0.199423968305139       -0.003198651112841       -0.383428716779930
       -1.520356211135869       -0.101888509708534        0.494200520015458        0.674934688435269       -0.530099848050058
        1.337453443655363        0.184082333753048       -0.742459027636135        0.546077195009407       -0.145112196512853
        0.462748789548410       -0.132153399999814        0.113301867826222       -0.106619509536225        0.169101458064919
        1.227283818209623       -0.121292650931846        0.895828541537254       -0.520346342425561        1.207781210962203
        0.102521493368766        0.162963042903645       -0.079245590590915        0.552861278566458       -0.392789423068621
        0.704838487778947        0.129073031765149        0.365008776383493       -0.413482657616351        0.194162004890433
       -0.086185415145422       -0.257162849894430       -0.156245063661256        0.505441230212556       -0.278985020827013
        0.571077934388555        0.248908489167440       -0.256577375178403       -0.158698795567835        0.202953103862642
       -1.120072104263099       -0.002817487163933       -0.406156640125485        0.304484085507499       -0.452141880508932
        0.111777641227176        0.574067678923922        1.570493652461478       -1.197945102216426       -0.358034684837716
        0.709309009847379       -0.012765076447870       -0.399610133737957        0.388698414596887        0.039537509323549
       -0.325100407733502        0.816086901751063       -0.240190188773164        0.413420328244521       -0.424209593763344
        0.064291746995590       -0.603061333283818        0.178447791509714        0.221689306832903        0.117996382915754
        0.519351509789519        0.421185802165207       -0.747810631224598        0.589131371310296       -0.759613326952391
        0.226277359441314       -0.016529797917721       -1.966126310155227        0.257865384310055        0.342694571950242
        0.494736842260482       -0.570209746034906        0.917012772054778       -0.221160541167174        0.764963264125346
        0.882685364324163       -0.624480665704485       -0.618131347116138        0.276658975147618        0.322516050047841
        0.413110285036350       -0.873709577431700        0.755064254232724       -0.711901217740222        1.083995502310807
        0.209349018126076        0.201274110668423       -0.558325167842286        0.598705964393590       -0.095014528708331
        0.262543483427048       -0.020462825475547        2.070586654799218       -0.089169965530867       -1.004483678377796
        0.828770639796823       -0.630331843571365       -1.126958281514938       -0.142851351798050        1.289793759615177
        0.929473040938427       -0.418672451482136        1.339942570244621       -0.529922842734858       -1.545464841304425
        0.019482640212378        0.482430527283557        1.408793969049204       -0.078577859145640        0.649954133691262
        0.929938565687483        0.008586837393489       -0.311713758860179        0.033822070406676        0.618355989205514
       -0.734483030818362       -0.577241800442313       -0.205739515914586       -0.112181977758378       -1.325589137446384
       -0.331349264038388        0.191004868901607        0.694960058529495       -0.448691495799174        1.197555077164213
       -0.888014352333257        0.363873994989852        1.367038839622777       -0.173302456547046        1.284687002734530
        0.279479470142602       -0.138665166923040       -3.562516104435374        0.383747097925516       -0.273774179365858
       -1.375780126572819        0.985582984610167        0.300594248076131       -0.315299783279522        0.614977919760427
       -1.028945311587306       -0.008198123633405        0.428514888704510       -0.350659311475268       -0.704443505819102
       -0.393725515686545        0.046484903771293       -0.398596202493387        0.070073693445636       -0.278963603718221
        0.146002481361839       -0.223832376080198        1.171102530507600       -0.099330127940363       -0.119124752471568
        0.049318806116560        0.259023782376881        0.220644590680028       -0.012574444169627       -0.238470124544911
       -1.096218035122881       -0.248608138288049       -1.870906272889538        0.120824799016825       -0.094512262659890
        1.573659493304204        0.096919668019713        0.504972845954593       -0.114663285358184       -0.060292789322533
        0.016308971997063        0.344139624115227       -0.320820409939839        0.848439587297766        0.075893274599117
       -0.357827880930621        0.506546439190002        0.040915422187947       -0.133026081402052       -0.328594963165795
       -0.476402267398973       -0.142155119788714        0.525828432516512       -0.073865473563597       -1.682301040490444
        2.240055060913076       -0.473393996946693       -0.082843885851962        0.311831607798813        0.913322650585607
        0.156219429233537       -0.364024342281039       -0.778932720943374       -0.009766696097646        1.015998636596445
       -1.083653504242235        0.141565255517613        0.555603299537018       -0.871049147589615       -1.664031315301282
       -0.863639262622939        0.643941375563597       -0.600278778555361        0.374458048666278        0.418697299776361
        0.325005874249967        0.189643280032976       -1.790307967428474        1.120233261818163       -0.295191565422166
       -0.249813315334482        0.324433467649985       -0.337863887248873        0.000467174660553       -0.592098295979557
        1.579246954867785        0.177620055180202       -0.456604422184531        0.827524285347224        2.216043390302735
        0.442617087864613       -0.496851509147091        2.060582442821310       -0.491591436506228        0.574531951482572
        0.087626357282504       -0.279420446363333       -1.058020905979411       -0.037622801282989       -0.889748934565421
       -0.340419481186164        0.255954175419421        0.199019656032349       -0.350884907414049        0.846820292453259
        1.545197679215561       -0.351437121441077        0.823213939302844        0.300676892661904       -0.714103302321319
       -1.802435130585552        0.594224169742619       -0.995402415037559        0.420857058833396        0.557853285159930
        1.090647148255726       -0.373635591989947       -0.310311216968713       -0.344168781957464       -0.662969637869328
       -0.194638433641477        0.824766832720579        1.216836427929716       -0.114406117841379        1.283584138255945
       -1.557538849939745        0.598412224691477        0.245333063445639       -0.032106104248810       -0.472073731138394
        0.923084128470894       -0.455801323243069       -0.038502681594547       -0.239091842416480       -0.888905220246807
       -0.075083642018595        0.059418808486804       -1.130812572606273        0.398579578751519        1.146302943402835
        0.612688013460336        0.101317058174467        0.025510240132307        0.272862862038376        0.499140396479517
        1.662299801695796       -0.295766581564057        0.005875525372244       -0.352124493829785        0.898466096367161
        0.339588318725286       -0.176366925679126        1.767165260580323       -0.552157671199863       -0.271964781277886
        1.245684990715159       -0.562070307987020       -1.079200694740313        0.902944129269584       -0.110369899766489
       -0.243591525781969        0.173580361790549        1.927126466675847       -0.259432017408303        1.355402838468270
        1.987190220121163       -0.929903103261376       -0.864018281165966       -0.357712890066269        0.115242902910252
       -1.529689428143629        0.504069580933892       -0.434780444524390        0.601366947798125        1.123113537101980
        0.634674912075311        0.750421790896101        0.300862412282523       -0.347335714243744       -0.436613509122488
       -0.080582251710327       -0.427743363906979        0.441318515478232       -0.430547220801487        0.034174655683746
        0.389041970390522       -0.077297739767073        1.410929862464097        0.306654763909846        1.290092452960439
        0.711780074462720        0.261802223181917       -1.221544061507968       -0.248546914002241       -1.175614209487874
        0.893629611033010       -0.695923116589573        0.136874438222812        0.810802928651987        1.764455661613060
       -1.081485381772925       -0.039883898055636        0.906540167094745       -0.938241892398041        0.128727273149066
       -0.169923408762748       -0.083152604161573       -0.762539418157029       -0.132983717855578       -0.578465933775909
        0.570582245791257       -0.175092717276509       -1.092654613294916        0.456465685556208        0.185309093560256
        0.544367169477391       -0.103655616562365        1.637634200152891       -0.152238469386993       -0.868782061798442
        1.631233210854828        0.295774354054485       -1.269308905190478        0.065849706707793       -1.608725559724808
        0.318279808167916       -0.212571975606920        1.714933907084559       -0.476188863943304       -0.051642917157358
        0.366616072237642        0.157805505659566       -1.671763909212266        0.412479355481318        0.617340792433047
        0.964898422148808        0.045657558317908       -0.152266033375062       -0.069344511141081       -0.443457630661196
       -1.008496984231181        0.048932696525941       -0.134701712278192       -0.216036720772106        0.081059924237029
        1.129824343567091        0.608479958973772       -0.013893233646728       -0.338164147128475        1.125986249132862
        0.285303673306822       -0.704766834544841        0.816119568128562        0.132435405167078       -0.639799119102835
       -0.922708155493227        0.762007604024313       -0.054304166551377        0.361594562323145        0.782642045839528
       -0.837011146063409        0.154095330912771        0.924033708042425       -0.507354511818636        0.551345440348108
       -0.375729875454077        0.861790068245186        0.883078407565891       -0.308433393898265       -0.384051040332879
        0.194937600970741        0.576954911660029       -0.951438779347843        0.244267318783286       -0.280989511158601
        0.788556923405502       -0.397981916937985        0.087295373828044       -0.009974279535847        0.532943749583583
       -0.001259591522775        0.461039652206894        0.793073491176277       -0.463177059453434       -0.364124810209425
        0.688309459754253        0.498183139809214       -0.657668229967958        0.568027416719126       -0.977164764373690
       -1.719747629595397        0.348803226587965        0.853228167322178       -0.021415922446757        0.580522525602033
        0.515274763569219        0.259169056300992       -0.379241571876652        0.133982838964691        0.073445426252793
        0.512961389813709       -0.538058890465181       -1.040255345966540        0.087243500616932        0.136605537332524
       -0.085095419943047        0.442167315851233        1.628292615903556       -0.175888005354717        0.567212904595754
        0.272774042404594       -0.123829080117133       -1.574054937357184       -0.016635370436232        0.584103201079294
       -0.319607691231980       -0.178794045538977        1.079714708280423       -0.569867967243121        0.254929676966788
        0.579342837311210        0.268342260837337       -0.749707439677636        0.999340659743363       -0.360089969535963
        1.003614311316855        0.043024930562966       -0.701193905802743        0.267339746529735       -0.851105529561154
       -0.682360994108321        0.539696221297676        0.409964364400648       -0.657281808858863        0.678341832196209
        0.812211312814311        0.088262535896319       -0.133750576446461       -0.016949978135644       -0.409275412052630
        0.358964347488926       -0.784116408289025        2.365640311277044       -0.409396003125148       -0.241792842344977
        1.320200049555681       -0.303775355139520       -0.572697433112656       -0.219126736758263        0.088351944704466
       -0.107528772226548       -0.418273604776735       -1.410898987458719        0.676749477205921        0.332894490603686
        1.168602600067357       -0.135140418655323        0.153282094814180       -0.052519380811434       -1.128066955219458
        1.110052323398752        0.300720407907121        0.628198512042328       -0.113875338450914       -0.346154748506083
       -0.600994084816000       -0.132408206568532       -0.940318902762545        0.293714043774591        0.811913702458512
       -0.931291693137962        0.170991138918625        0.302331243010600       -0.429559666520828       -0.338892544283712
       -0.094379494561072       -0.145123153949814        0.101252387209604        0.405282707110992       -0.356956784844119
        1.192135764487424       -0.167460569409132        1.349722259113898        0.238533876555557        0.847640082659223
        0.303308491861697        0.008768460170137       -0.207817802829392       -0.383992390436542       -1.302926494699585
        0.499601728798325       -0.277724282480791        0.191258651830734       -0.065515303185112        0.568000575904878
        1.584995710723460        0.514952930909144        1.244228194719615       -0.090733150189705       -1.013252959618915
        0.328662773053842       -0.090385440448521       -0.169187845223896       -0.276258947092543        0.347488130230249
       -0.321290241303665        0.435638871859151       -0.214422821230987        0.268274265769492        0.432399745235212
       -0.526199722899613       -0.026109487166704        0.068339046145565        0.065833975785334       -0.206078327528523
        0.201432121350222        0.152476376718302       -0.434288668806941       -0.600976061214436        0.735483701966285
        0.074199191930421        0.493537680639061       -0.067702468103489       -0.140948569912384        1.585205742904119
       -0.066464564018585       -0.171775161613218        1.034156977404448        0.064594856455777        0.753207388528801
        0.557711925559364       -0.135359568244291       -0.680405726091106       -0.234609381964549       -0.757591825968460
        2.119552339550275       -0.567217401567876       -0.601570699047697       -0.738677787056412       -0.966536887559701
        0.785968165273653        0.006414823900944        0.919907255050902       -0.037602381545922       -0.029422138321882
       -0.730187255836705        0.400637385361464        0.700390856407575       -0.615848137823399        0.816969264027523
       -1.943666715275574        1.279238304388107       -2.090142880266801        0.329500561454611        0.610330604238976
        0.842547990750268       -0.058083009701124       -0.830090353006348       -0.007428348979700       -0.727164379521537
        1.000786338007042       -0.530526808065124        1.694242735178306       -0.720962895948209       -0.274387201610566
        1.411769075589608       -0.588137170602738       -0.286062800311645       -0.184090411329819       -0.289836803840321
        0.104550567165533       -0.333771287860028        0.265687932741712        0.168698152805573        0.458167078938651
       -0.297710349350399       -0.224542639683142        0.929667691175668       -1.146803656020830        0.740279405131145
        0.004298799603637       -0.116299159791972       -0.035039745125921       -0.150756295509301        0.162336115021306
       -0.637163826516779        0.226699848964672        0.202420703034612        0.096617005611590        0.935751622543547
        0.375365362584583       -0.166658469061682       -1.025621946829463        0.319133864671305        0.237507314902965
        0.474928787834621       -0.037242584775409        0.064087364835505        0.427201192921127        0.143327782237492
        0.299192616241389       -0.262908553955298       -0.034260650524000       -0.084664726501161        0.019584585029585
       -0.540787997842532       -0.009248952658229       -1.069785252659699        0.231915219548559       -0.640273069689136
       -0.165749488803426        0.792565303674814        0.530294239220135       -0.757727262213805        0.226602738613798
        0.037966504148749       -0.227892039000877       -0.257636919175200       -0.073261026371230        0.683352570418881
        1.854588667352998       -0.248839876083295       -0.774413161946794       -0.007341515467555       -0.272872481113512
        0.302246822819930        0.009768234089209        0.633118747153700       -0.763656752785279        0.484217006861033
        0.235920680105665       -0.123102795146171        0.201584833593358        0.317560450786800       -1.207253997313899
       -0.206804842327636       -0.484176470021114        0.126590665827879       -0.182622671521417        0.195693310292011
       -0.143530895400368        0.577217680848708        0.158867399641759        0.160897298544466       -0.014035562245125
        1.171968089267286       -0.309359528975578       -0.209927850910052        0.488122950237658        0.743176629543467
       -0.202911822271837        0.414373952117191        1.871924755732169       -0.771078256481430       -0.004256551083455
       -1.679109395280356       -0.109158516143681       -1.013732403976860        0.781726067333850       -0.235814856634994
        1.563924891754472        0.239995512767157       -0.184202855682170       -0.259439513380814       -0.709764232585323
       -0.699823178128888       -0.014282469179696       -1.297666621946998        0.864624657314881       -1.809658857613384
        0.085469535687195        0.739861099719497        0.914580504677688       -0.403811731863100        0.120366120012476
        1.864300070749665       -0.080189294806163       -0.614674800212235       -0.328287683364974        0.496450659114531
       -0.335577495172038       -0.606587652540531        0.079514067919799       -0.001955319820940       -1.701097957610630
       -0.701295741204224        0.249097854543604        0.532005337909293       -0.032685793238361        0.087512377915959
       -0.201602887929840       -0.628298650809910        0.975370378101749       -0.517704199350959       -0.173667676918297
        0.032816495282168       -0.279439134682429        0.344697931227325       -0.297995225226550        0.485863627163696
       -0.030787446948680        0.201291079670232        1.147060613243020       -0.193784398181456       -0.200337251238186
       -0.465821925091753        0.146389034118396       -0.441505069074616       -0.305972221020614        0.161976942901769
        0.146535461559874       -0.531679565149306       -1.142319956524961        0.132808936502438        0.665144030548406
       -0.615731210741355        0.546766615503054        1.401216946113027       -0.263397994023822       -0.669488903717298
       -0.323819322548095        0.302157969668678       -0.171306251477833        0.290694993236369        0.636300314345277
        0.056413855694139        0.859698891915573       -0.358969448443971        0.437296432496485       -0.446024206566333
        0.380138203694928        0.187997293317943       -0.566082752082210        0.096719271351576        0.592699951622482
       -0.207194741615937       -0.230925961455340        1.334592697113213       -0.071887014895535       -0.921308503198195
       -1.050994298779525        0.355891654529672       -0.499618864313475        0.375718459967684        0.877435231910904
       -1.300543589796565        0.804336515941528        0.968254673091593       -0.057979891838476        0.226219585024021
        0.085899652985302       -0.204647133618991       -0.023921914706749       -0.439226422777687        0.396789915519289
        0.977362658099333       -0.519771009115825        0.805108570057364       -0.205646898993958        0.363764366402948
        1.232989368027000       -0.274488220285660       -0.486575173141872       -0.720566543102864        0.232047806068664
       -1.574195650729985        0.165950690651005       -0.211348396749775        0.503251924160698        0.054707562904558
        0.944531427497283        0.373653906015451        0.255384504400811       -0.405653940026204       -0.922377283327280
        0.411082863908553       -0.111072280950645        1.036694367116942        0.239570963002662       -0.857513077553292
        1.927159500077550       -0.281930938042556       -0.509517233199790        0.416038509762948        1.308906790989525
       -1.527244485680655        0.134881443771242        0.857215697749915       -0.338152554935472        0.505840789274634
        1.757618608576600       -0.311297343446411       -0.180021579944203        0.193012748977650        0.595093615761868
       -0.402612151651015       -0.279931475770468       -0.325935806561430        0.086318338241670       -1.287416716121925
        0.870213770519250       -0.531504283882834        1.194770334947513       -0.247181537371188       -0.756745382898381
       -0.146947901765719        0.888532027680370       -0.403168875911626        0.418803545674537        0.736911295330805
        1.676756157305625       -0.602110245747849        0.482299215733909       -0.336219042143183       -1.792895160825041
        0.110383508369056        0.279291752235193       -0.122821470744067       -0.251996364794120        1.012818441742782
       -1.700430185731109        0.418745080014342        0.022080479413589        0.738295927607918       -0.108306981270102
       -0.505362669302509       -0.368471557248891        1.004888448169375       -1.111887051218247        0.655613502818377
        1.592288503144165       -0.047177285970529        0.947075455919477       -0.619675209253735        1.653819450999400
        0.493581329273141       -0.269496004783764       -0.600271400523313       -0.248343480135383       -0.409861075024822
        0.908092950778704        0.365279398254336        1.342741384514063       -0.500779132804947        1.150182185494506
       -0.160938311214893       -0.506238319244560        0.232632026243920        0.238919841444892       -0.575601254873610
       -0.136419402741041        0.037678847729470       -0.867181406106513        0.174643641123688       -0.647759419837049
       -0.061584278935008       -0.063302474945280       -0.213528378659200        0.240923258383316        1.031516658090753
       -1.075437440020902        0.171274861818893       -0.446654684676178        0.050790399053011       -0.101013243278419
       -0.596567718977454        0.558773654377483        0.681093569581673       -0.493202442264019        1.545324600141839
        1.650528521005729        0.361127860061825        0.489932292175645       -0.699096785032655       -0.576384919768288
        2.473171469709473       -0.484840085230716        0.055480177210225       -0.351662291011184       -0.955291631552681
        2.166611423726195       -0.797962906436027        1.277176076004923       -0.267737129313460        0.600296787077320
       -2.780673748733077        0.220894661022448        0.116537459868798       -0.443693045859307       -0.836669831721095
       -1.064059826237957        0.779397284903806       -1.170703553881444        0.790187120491055        0.265110089891988
        1.607113988446235       -0.235316594045361       -0.967906305604056        0.365604749496247        0.961646398800186
        0.241176037921142       -0.293002391630941        0.152958601967592       -0.218587500907865       -0.589223209697611
       -0.452283176137507        0.557351053614473        0.423632488870528        1.421320485162966        1.138977274395362
       -0.561821468391539        0.589116332895925        0.368910838073350       -0.246745406618981       -0.472819874639372
        1.129040320803995        0.629352772793034       -1.565558294233653        0.252224022252636        0.878122948941826
        0.584526831548684        0.549539236032066        1.938079890726541        0.309425087205357        0.812863115143737
        0.000104532214215       -0.224836822662385        0.819513040190981        0.255370667270965       -0.412307145900205
       -1.011144577220738        0.878878249331177       -0.225773941043918       -0.094364672670947       -1.560522150371598
       -1.053763877204035       -0.020485349160321       -0.294251882518738        0.800218252973461        0.172224586742680
        2.055222719458745        0.365123305772334       -0.021954141046253        0.429173150439174        0.185755450243101
       -0.643544656868882        0.583541663830405        2.967598941766658       -0.076213850590157       -0.347426541497304
       -0.010427610755991       -0.272553969474122        0.210421055500624       -0.678555317536621       -0.105647164016757
       -0.884361648718071       -0.265991773453885        1.263223462775576        0.456953772921867        0.557117613585291
        1.443111589331858       -0.277692023314722       -1.312819497577963        0.903917983730411       -0.729871443967750
        0.655604323008675       -0.885486988491489        0.001491085731282        0.226318432343094        0.208617721863386
        0.585085273725919       -0.435651108812016        0.348915207616221       -0.591223194656082       -0.216226790036839
        1.411121228737154       -0.197519635694338       -0.187213803096042       -0.412689783540164       -1.039984077272829
        0.246814802088501        0.148895530153248        0.148315010883656        0.681063219830303       -0.402049580747360
       -0.137362087540933       -0.120691190656178       -0.310802183954515       -0.121238743404001       -0.968947777584147
        0.348132900615594       -0.133710185410033       -0.221202090065566        0.067126638007938       -0.372519879813646
       -0.843644765679925        0.809760273243561       -0.109061541880840       -0.467727212525741       -2.259037943792303
        0.150545125383984       -0.280604123561448       -0.152161580945289        0.159741853824849        1.650560027313506
       -0.752431693720386        0.491983901992504        0.916964831029240        0.229145589293380       -0.218669782578977
        0.384257728320623       -0.320775269533650        0.291166335252609        0.298679597163069       -0.589968328695004
        1.990031393804150        0.335400862481344       -0.232638619048272       -0.274772129345363        0.707510264009268
       -0.339474281796911        0.313768217547090        0.385583975606308       -0.374618249362687        0.271922120858091
        1.195684826434009       -0.194242370353540        0.296653385292211        0.181928834286464       -0.335912331037103
       -0.216801197933949        0.302127418713064        0.212149577418065       -0.098390045070992        0.144524181079169
        0.881759132787854        0.258572259913995        0.002960759641836       -0.529146393323093       -0.192031686286476
       -0.282691197514898        0.811601635179096        0.755087879733468        0.321296547900487        0.552637426514001
        1.123202897636818       -0.445388925312028       -0.210549217788830       -0.067976357440937       -0.020891537865088
       -0.839733450954023        0.198506204197579        0.245155175693870       -0.367124355496016       -0.013457295152894
        1.078366764255172        0.624011942077948        0.686256796444327       -0.262687275697797       -0.328735387685191
        0.709391288269034       -0.186823322641593       -0.599361397957974        0.555756829852616        0.516017261749282
        0.616154273545818       -0.318548226777158        0.649645321976908       -0.285319542532933        0.793136340158185
