        4.391588735378452        0.955105965316371        0.773521998440247        0.514074391858838        1.189028340413103
       -1.008984506875852       -0.560397095594346        1.840330708182271       -0.962591106137894        1.187874759159185
        2.585913771707009       -0.853510652692202       -0.716601399718322        0.993366628854959       -0.989697246404662
       -1.070917443942351        2.543761949402874        1.857123011923392       -0.758362817718026        0.807911205914746
        1.797016042387207       -1.197938315629269       -1.696473898184351        0.258978899215292       -2.117602668677186
        0.882035112973969       -0.538002103191702       -0.388497839674445        0.359333458514074        0.603005902624085
       -0.269948811802491       -0.391009863922691       -0.416060984251086       -0.638347320438349        0.739407806921447
        0.436792757814553        0.509343564963027       -2.585201273343418       -1.053717703187164       -1.656672056422245
        0.834297413036212       -0.426055449445885        3.462429398476300       -0.559260000067429       -1.363367596142076
        1.943008539499263       -1.347515229561822       -0.235730678220340       -0.052687986259268        0.081538586579585
        2.548555670375545       -0.892457675832009       -2.744211937307589        0.709344331527553        5.248581781694075
        2.795381057619865       -0.118695727814917        1.033181836399193        0.538628408571607       -3.274444871953130
       -2.705761847839853        1.571369341775783        0.001476872755787        0.312870628974134        0.279931245092640
        2.599661890471337       -0.224086827043336        0.057780945219212       -0.511202737944712        0.570559093777520
       -0.044692783949177        0.534621839496031       -0.582914069503978       -0.083371823902675       -1.866445607201718
       -2.191576340000649       -0.483510512061143        0.672643916305340        1.054674502347618       -2.060593022019486
        0.512525847877565        0.973379956779606       -2.795865958376312        1.456278322009716        1.763114239724555
       -1.295111518333290        2.019540313520334        0.592183264036032       -0.633223079925022       -1.107032727036589
       -0.852189066675899        0.977829347491070       -1.189208701874679        0.174631406702770        0.262322165811059
        4.536084286199571       -0.233425228752310        2.529202221139904       -0.174124342977103        0.401405636386802
        0.707482490925195        1.041969299558872        0.893634246272704        0.003283534474112       -1.521926510622294
       -0.885953449271832        0.958820041607714       -3.463569605635037        1.302609400992096        0.496939594092080
       -0.001336871916134        0.116681667285576        2.873036847767166       -0.266215839277605       -0.675706960019469
        0.232817440719351        0.163846867030347        0.730514624522991       -0.300501352272225       -0.696210376092416
        2.957286433768732       -1.229731008407981       -2.150934967703312       -0.702727395188666        0.124121832016280
       -3.013471489544127       -0.704650241035210        1.913489859076597       -0.302628083252720        4.409398639943151
        0.885897714796974        0.171510417120875        1.963519151266190       -0.654558397927171        0.841356856467912
        0.998166890521904       -0.306250266154485        1.713592866497144       -1.132906879155271       -1.632482111894604
       -3.832389020234016        0.024653557935837        1.695920030678320       -0.454531091541168        0.863051488457003
       -0.611472957182058       -0.704212518164007        1.028129138082472       -0.641343588763331       -2.098519370756903
        3.683868465716695       -0.680956528480918        1.184959540375562        0.040443484963904        1.659670297830034
        2.913362277908345       -1.558626702153871        2.263803859687086       -0.569107060117806       -0.174049656723865
        0.292164496947533       -1.121848195038588        0.080201153933725       -0.071445114343946        0.803807721034951
       -1.292012796074465        0.927291992650896       -0.521608392368770       -0.112555992360266       -1.723349898813477
       -1.694366811495355       -0.734372785654974       -1.262512851905089       -0.891140181697753        1.509424187401215
        0.182879999291495       -0.991900201306986        0.764703107486399       -0.047011350830785        1.250627484542009
        0.706942228941532        0.267090178613079        0.526109644220650        0.245564078651921        0.851105272655021
       -1.095305271189502        0.167319120591557        0.084061441905520        0.549873875047608       -0.201000424937680
       -1.975281476863184        2.654185983263187        0.757947471979856       -0.542930015920470       -1.148248375434567
        0.420302068735065       -0.659128227285883       -0.989881777918331        0.524801390968205        2.071766833770153
       -0.705935007647210        0.698262140763583       -1.543634594261832        0.607487492724468        1.283805921851663
        1.812673826050291       -0.235548858441501        0.215773197611175       -0.160398077081117        0.819697966081287
        1.885078561044037       -0.380590223615183        2.219134320014259        1.109612161693360        1.874824360452235
       -1.184122433866405        0.294339565258373        2.352752088126751       -1.052246070946114       -0.494716666988351
       -2.238051783050818        0.283896761572659       -1.697614829044836       -0.367434060176873       -0.320382704195837
        1.541048317955395        0.268707950136449        0.194384024429590        0.011527090842980       -0.471864221581350
       -0.857376073203372        0.006232386054032       -0.006360197172171        0.847968985060662       -2.057094744730555
       -1.074899356761781       -0.236350153978936        1.781527918605031       -1.343378951634210       -0.601447161258570
        1.289647429540285       -1.098160707348402       -1.636550289712515        1.201496665038044        1.736444355709016
       -1.822477096082376        1.089868997017139       -0.822385009995133        1.138481433075678       -0.352486083614883
       -1.082404979771217        0.041257143755127       -1.138014718108159        0.334216881616183       -0.894399510616972
        1.319924961726124        0.183429751631657        1.775238851492115       -0.811434017831495        0.300818249243848
       -0.664572175296711        0.539740018718419       -1.471969216517949        1.083992477198340        0.785163540195976
       -2.298214675842043        0.561911855362227        2.241916284623866        1.149689443872402       -0.532162802627375
        1.088592082129376        0.241939554464387       -4.289559804377792        1.382102623451876       -0.008315432840775
        0.264140443628371        0.661247323254617        2.353928530150201       -0.017805329950443       -0.625454564895188
        1.023937152036505        0.336872908853543       -0.747513969458710       -1.066442065830364       -1.269332172024061
       -3.592440546767607       -0.584221580676109        0.125972668015822       -1.093208717365267        0.414964988102959
        0.448002053068886        0.075984056626836       -3.258330528484836        0.537247608092253       -0.507314057164806
       -1.408775728756426        0.503465036056469       -0.455668400053246        0.255066760271565        2.945070143445077
        0.377885970941667       -0.203050072795132        3.436590146715552       -0.124834004999448        0.755809269114361
        1.641711275611955       -2.134880989924666       -0.269724331572865        0.571573111493108       -2.015178928319151
        1.752354242792994       -1.127622271288497       -2.912212250246897        1.650378654673269       -0.198113719185085
       -0.615092045465600        1.212796307271425       -3.152459529882355        0.848658957399612       -0.628221261499858
        4.400236072700165       -1.035950300922394        0.163325452338059        0.152755350789524        3.739618106649246
       -1.045337554765473       -0.069666276117665        2.884375193416031       -0.604975645738597       -0.704347045681529
        0.230170923622297       -0.152459201571471       -1.073585718497258       -1.107817182390001       -1.431580655810537
        4.781928362761455       -0.566092726318510       -0.666897776802420        0.865221647243941        0.666654668925651
        1.643335911322447       -0.985347210131865        0.890698561903198        0.145524398879827        0.654927278080093
        1.403676928691282        0.756100619891069        1.891367562102413        0.357535820092849       -1.593177305080337
       -1.404490803714365        0.881170442109374        1.194989640271587       -1.021345228416952       -0.862335353640664
       -2.734273142247724        0.709070114452001       -2.804159565171695        0.247562929632804       -0.492908763646884
       -0.082249648854945       -0.094997363228436       -0.055516476853268       -0.427228737220781        0.923693636212605
        0.620891807497557        0.246578758166091       -1.404198051121638       -0.257706397877336       -0.359298963596791
       -1.217302642595880        0.334192515882034       -1.489001418144951        0.639674868529377        2.911378907946666
        2.252186085544635       -0.213728211501307       -0.451518371104857        0.063581508109726        0.143658612421526
        0.408409121465140        1.049252338892292        4.408573426864837       -0.067150464179991        0.569465115944583
       -0.775850005452036       -0.123442441686320       -1.528748740497266       -1.081752752591961       -2.605521410341162
        0.573091868086450       -0.210911174882829        5.446918191093646        0.058028984152395        0.057372291286200
        2.571171896206305        0.027906030683527       -1.400629816439262       -0.943098264057553        1.336592825350045
        0.188018095790199       -0.301374596535857        1.385757985115982       -1.098283662184674        0.301250037133253
        2.205317015773754       -0.459508535806048        2.427102382704506       -0.174503371287027        3.798761099584507
        1.774790419154880       -0.856850298761041        0.846594710204189       -0.252294721015058       -0.458838684297415
        0.699402761383139        0.861490077112550        1.214902731206326       -0.533677291973381       -1.821774283653202
        0.915067092397251       -0.449639853929370       -0.687951771972399       -0.416770249010722       -2.689990308749519
        0.828765968828419        1.074066602155719        1.699196791048776       -0.992480177773991        0.603044487997639
       -0.435051194349234       -0.586848690704050        0.666401960143683       -0.074000462523964        2.213414359363636
       -0.353248258317400        0.677044476804323       -1.048402450161138       -1.570156252690605       -1.752081709641703
       -1.296071074180391        0.945185619217231        0.369652663609966        0.987449525542563        1.714260917434601
       -2.471444417310363        0.205227860181075        1.626624676698273       -0.193149364038429        0.920970297627635
        2.514244746376056       -1.009183067537577        3.558915563859866        0.114928470849752       -3.352716811413858
        1.369788542357320        1.029971782789910       -2.574492650014381       -1.111062789988387        1.674381907302025
       -2.056806424411544        0.420827638150743       -0.829837818066517        0.468997090890733       -0.829656464026004
        1.025701999063921       -0.803808588606011        0.713293086865948       -0.107060428577851       -0.095163929300379
       -1.987758106938569        0.457322060187716        1.377654981035424        0.366009965162010        2.715001845577125
        2.544240284639738        0.566297200311255       -2.546035508514973        0.637480364520180        1.457633351616607
        1.028842899910932       -0.696798325971681       -1.754515402889373        0.429241271980320        0.255624950639202
        0.085246669583608       -0.794881973697484        1.801914166583038       -0.179980246307523       -0.929555024826757
        1.464535863789316       -0.669948256394281        0.899431426733144       -0.158686645155665       -0.212523416022259
        0.719578048841479       -0.719016506897015        0.314555465039330        0.615956730194816        0.827650306109531
        0.849524035089012       -0.093821695698526        0.868137188525291       -0.182904739093406       -0.402590206747498
        0.298953261896139       -1.470931472845247       -0.359301060363193       -0.038506443277575        3.849164220751013
       -1.306726920901456        1.040291272438910       -0.245244179058542        0.774662795751580       -3.688045383150611
        1.588423333617643        0.420592556127313       -0.351572267043028       -0.462786996024123        2.636683901413515
       -1.701572650578269        0.090193094964049        0.131004309258397       -0.113580579089242        0.097562440724874
        1.677541586061336        0.083654817146145       -1.538404837112626       -0.032322041128629        0.706471948762849
        1.378377024191171       -0.448150688958811       -0.892006437057591        0.357376714486319       -0.618643938342538
        0.856916968110755        0.020697370927988        1.399083907424341       -0.183900009852833       -1.329107872862773
       -2.585586328087810        1.051604655708673        0.492178921889026       -0.391924070428950       -1.417733747657288
        0.723610731399734        0.718031280182047        0.844373404319447        0.466279318081196        0.840383312056640
        1.551282457027664       -0.917041255926163       -1.566918296966225       -0.657959826217734        3.758444065176456
       -0.213509879867283       -0.144484681945409        0.455802477192954       -0.479228114666833        1.255833584249871
       -0.440367944348088        1.581729336173964        0.011800461984251        1.634710619492177       -1.842767281648356
       -1.228464250433017       -0.565652580131744       -0.008133332148635       -0.984611341198155        1.701096337904607
        0.484569421391696        1.614350951179456        1.335814067670433       -0.191420540229467        0.847733328434095
       -1.293060012156554       -0.106565156328272       -0.133349889211467       -1.096708119729785       -1.144130607856594
        3.256709578832786        0.331752428597522        0.014652958036082       -0.695393631519078        2.739852557135181
        2.274306393033629       -1.702497564940894       -0.287084485830156        0.540260749394280       -2.387426373589127
        0.541549713492556        1.040181700741925        2.281262576591552       -1.032150597181497        2.616156491196565
        1.022208947324962       -0.951384979277665        0.080092383788502       -0.594162630834842       -4.229085033406318
       -0.843489136470651       -1.194402381621959        1.761154109605007        0.355035695138316        0.125908000934991
        0.249288943511733       -0.043048106624146        0.418937845641203       -1.058555976470576        0.277946537900087
        0.644781169141783       -0.599522652278747       -2.285025408759527        1.676699198998250        1.571687014008457
       -0.134111285272731       -0.277167972636591       -0.800134207424740        0.990752097328155        1.486038941978224
        0.559080750978086        1.570432906480893       -0.232365437425952        0.058759381043113        1.175478100451645
       -0.419702479229919       -0.057261132884359        2.981554093952171        0.529444961199556       -0.406873214989235
       -0.165126022821087       -0.164005660175364       -0.612602494370064       -0.595209679130005       -1.901536488231005
       -1.278640152560558        1.002623178101726       -1.082641776104085        0.125815994159552       -0.890469858467591
       -0.326853448960341       -0.303264172823638       -0.858258924011383        0.625050778844373        1.078168283557141
       -1.440021368745664        0.176304974240056       -4.849952558751578        1.477665674462704       -0.801808984166825
       -2.462021830806453       -0.065231256330817       -0.303320112975420        0.480930562361540       -2.720057102783199
        3.833000466041564        0.237536802244117       -0.436263736383754        0.474061128334232        3.186065830882526
        3.067738309906127       -0.610547497620714        1.765374878644315       -0.510983799318944       -0.536087179283804
       -1.275029385108704        1.073246286185351        0.049031500010287        0.693719341781469       -1.434074035768627
       -1.409190329610731       -0.523560415122552       -0.001849058702055        0.881139656213236        2.693582148919192
        3.172341293440907       -0.180290051426107        0.322747066812902       -0.229541627576810       -1.658287663810487
       -0.813379040622013       -0.853021219691821       -4.898451150943945        0.144611000363487       -2.162955672225366
        1.713255644331112        0.222016611944938        3.835662847831576       -1.321850627893817       -0.934264304150437
        0.118003134156788       -0.470114054148302        0.254387467485283       -0.731244885277076       -1.786624772485045
        1.567702450835702        0.750243444207915        0.835242846644134       -0.784582554769382       -1.163660074545964
       -1.096897716513222       -0.874839525159494       -1.615481056915182        1.908165044627623        1.079175564765956
        0.142780305568151       -0.717275052434164       -0.047792039446155        0.410186202110678        1.404760493497632
       -2.500268552627112       -1.265814901453842       -1.192558859715960       -0.893577159237403        0.438987496083321
       -1.118341998879504        0.832685619809328       -4.178569343120174        0.490855425579687        2.104397425672630
       -0.315478231235187        0.975934836275315        3.479555197783430       -1.701441460670623        0.083838855460733
        2.542571898443660       -0.549776769363994        2.704153966573692       -0.972054489968472        0.161347017898811
        1.699870115543654       -1.026990942686400       -0.403628976339781       -1.788515319298198        0.316672669944604
        1.858537722795413       -0.995532038846545        0.603829121162568       -0.554420577519572       -1.311788532010901
       -2.286678772468175        1.361374915042726        0.568262567803656        0.040271578083802       -2.461754631105999
        0.476782758412624       -0.077760376353607        1.616133671295135        0.602810709925496       -1.686834598118620
        0.705042096569501       -0.101228253360149        0.680885613626223        0.424932240593635        0.712166525005877
       -1.321938713138095        0.166831559922829       -0.283980477594050        0.054428291758928        2.262742356997821
        0.130943222473541        0.245510617637910       -2.405324637911385        1.871247724154314        1.376291397913153
        2.666372676440399       -1.178586667776304       -0.302103229031260       -0.293859600085844       -0.073389775647688
       -3.621157708197843        1.325864599818862        3.836114424092404       -2.177563887701714        0.465690894615755
        1.008147285035864       -0.497588335579796        0.523572185805146        0.258942842454695       -1.970695971412010
        2.842064160908269        0.181386940272540        1.373697943306746       -0.787737144770168       -0.603916459834465
        0.404942341313286       -0.261686014066196       -4.236104969875766        0.356789887377584       -1.697557569565149
        0.105232766418789        0.634265118516064        1.459268479167021       -0.036598467173298       -1.328200029879012
        0.184892042179938        0.179020054897258       -1.017551549002403        0.243973861566094        1.979636340368366
        0.627010143080560       -1.081953778197267        2.671664523456690       -0.072378524769250       -4.123045159260275
       -3.147013434948570        1.664856240447302        1.504971577405853       -0.769917181995481        0.794408045905820
       -2.096479692709440        0.056290563143498       -3.611302512548136        1.005224511045838       -2.780059102570886
       -1.749319425287849        0.539701104429464        0.085292318242599       -0.344850327081913        1.953019146075904
        0.249106026505879        0.361705004260697        0.895247307350189       -0.724491857952217        2.159716866340336
       -1.555863370596761       -0.857815001297435        2.332925619576463        0.222711706064534       -2.634250929392414
        1.655113211047498        0.062285898389902       -3.925459773968351        0.925108686588128       -0.811017168784738
       -1.239752365518493        0.288973980018635        3.017101481210142        0.464939927164596        1.068557755547390
        1.907119061231302        0.258156788212912        0.215769529431883       -0.243830154311128       -2.088849797382521
        0.058155161987392        0.199869300662187       -0.842115659463587        0.128791965036567        0.615115030140292
       -0.403304758383477        0.372692618204419       -0.842381904841911       -0.059042153914545        1.790574396791349
        1.858006098139812       -0.779120497910814        4.241111154728184       -0.138699687596270       -1.114758393489519
       -0.977166382783818        0.249050890590046        0.569704127609846        0.715352078522145       -1.796073708773592
       -0.130797501705114        1.142999556312450       -2.553196486789056       -0.605343031897027        1.065070106073398
        0.069870950097259        0.993714578089123        3.770744171752318       -0.954847043853349       -2.451335748227927
        0.880017279137800       -0.808158967401275       -2.403580896336934       -0.599746339956948        1.110844745316568
       -0.497979521921035        0.750867980998693        3.567496113672810       -0.382485060134462        0.636626332654645
       -1.776574162844287        0.392592982174180       -0.673611860815876        0.317079082899871        1.031417004118210
       -0.816060906258672       -0.144778336039088       -2.467208061651518       -0.068998276676472        2.698333504494350
       -0.278093649334608        0.999669055159047       -1.552645635151766       -0.411668521593465       -3.375833939542937
        1.524590118697071       -1.170084733089720       -1.864409276737047        1.510875802432533        0.311741584408493
       -2.126706700563479        0.785222604083235        1.687686421642812       -0.729697066570920       -2.696976993559687
        2.281822112259661        0.175324568413532        1.960541098781698        0.326833905299225       -1.066528069157196
       -0.503998761472708        1.053321124968573       -0.123613169725783       -1.482009054303652        2.463232486688407
        0.529169577247538        0.734824396641146        0.933676232521826       -0.638126696090672       -1.797155028014609
        2.434370880733021        0.072844805594803       -1.247694532718159        0.697749402673189       -0.404296297969206
       -2.170340455791670        0.417777517162992       -1.473001984299508        1.110565774663020        0.909901779707526
       -1.944402940977256        1.300696757466178        0.192313262697191       -0.770635122187107       -2.256954309648200
        4.796845125958681        0.315420638712104       -2.886723629477554        1.849516796561757        0.159260510426978
       -2.923829332934892        2.093968915390465        2.283467756074474       -1.487121154491433       -0.190415120708528
       -2.330625800545122        0.565469980588940       -1.402906864709305        0.511704783203872        3.212384475332644
        0.353320837071622        0.772872148836430        1.678676539208019       -1.208244800141492        0.354606390166876
       -0.396677504276695       -0.608097064884907       -2.713461916935827       -0.988109000977440       -2.137934838976391
        3.526532765191354        0.513193674799836       -0.209506095804173       -0.395996513425661        2.315292540876051
        1.490814005605586       -0.998347367139553        1.744387737571100       -0.766445183729880       -0.453014086132722
       -1.653243953890198        0.883765319272520        1.875299990702268        0.263107640000138        0.822533476940809
        1.682357291274887       -1.169169711760668        0.217299419664471       -2.010815145352304        1.497197735181827
        0.299338080236718        0.425875372072174        2.925479190833856        0.341517276076914        1.040596811420907
        1.031078004757282       -0.169755793483113        2.482312141324137       -1.363684530299901       -2.206102288168936
        1.054977650443140       -0.592219797783022       -4.513290513499228       -0.153060930322564        2.795586068178265
       -2.946024978503089        1.264434169800144        1.175139654575230       -0.663943845643566        0.516013271244118
       -1.174101518103761       -0.179354230467501        1.685481511169153       -1.911548699524476       -1.946118382928737
       -0.955740219935465        0.313050701691546        1.630768708227014        0.654542539763509       -1.428615324344705
        1.674638195368831       -0.647795669705981        2.040756887613713       -2.897705289115597       -0.585706151727829
       -1.799438231961924        0.732810795817529       -1.359191459655964        2.103081865487941       -0.472156722285122
        1.610709823831328       -0.854179775874677       -0.063901479127811       -1.164854337632332        2.777097242741199
        2.166501149328108       -0.237191681009649        2.167414020663545       -0.988657813746406       -1.633133487576663
        0.103263505596019       -1.663458446522551        0.392727600006991        0.321912867090533       -1.174612123769917
        0.729530836253064        1.194389675175884       -1.537046391349446        1.492779275062607       -0.921420604116703
       -2.031616051799894        0.007448381972513        1.143261843938054       -0.872100666419209       -0.375709254952530
        0.381850305900758        0.022753724594894        2.678362282189925       -2.252118766257593       -2.278171789175505
       -0.353956083029407        0.357896842956294       -1.330142469829950        0.634715133770444        0.661426285497268
        1.406433582123785       -0.546698212449296        0.057550295633343        0.561819019775203       -2.984049233387408
       -0.372348473678129       -0.813544559461199       -0.602429287210329       -0.695338715112403        1.469142898862209
        0.750562264596364       -0.183968288002825        0.690444617179822        0.805984987802895        0.986623492400579
       -0.201011199514630        0.118910883981065        2.378519560030938       -1.608386106681806        2.454529630940354
       -0.202147541074310       -0.598978051115728       -1.175299655920058        0.996234920001875       -1.716282988091723
        0.913583378444539       -0.515741717730598       -0.049795427833505        0.467565703878977       -1.671359359385973
       -0.975540837948085        0.727409555527352       -3.317556851654177        0.516119727040674       -0.781428447225173
        1.177947167613906       -0.722551856616515        1.362687777972151        0.241443551890789        1.570385772714670
        0.440059151512679        0.337364040057138        1.325623133147763       -0.160284983988244       -0.315723140924360
       -3.740751250002892        0.595263900421688       -2.680832712654750        1.022511044232403       -1.889830558216142
        0.948355527141631       -0.380994757657312        2.123751838764060       -0.372435706210520        1.278095311334507
        1.949699106986587        0.615082235749197       -1.518677393524244        0.813223153000688        0.891204224480985
       -0.512692261931813        1.574765751927982       -2.101821952377157       -0.434837352696382        2.094896628641536
       -1.220149826746795       -0.589125120521748        0.008750494307444        0.822712220887970        0.428395853561553
        0.358020768718718       -1.553392980233303        0.157660351526591        0.417438735517218        0.669316888818585
       -3.245543421467071        0.558306192414275        3.412057906945652       -0.912075873597576       -0.155768619111789
        1.190866306860849        1.278724814510331       -1.080757493242264        0.441206895678407        2.247044196435927
        1.792437761141832        2.131669534301491       -0.751387779938997        0.167544523760697        0.308426195321230
        0.228108617652098       -1.112986001143041       -0.413375176200212        0.292461560965009        0.354663100359548
       -2.572489275164017        0.847787266648269        0.440680179219364        0.292910726483574        0.146475658619502
       -2.117598361553500        1.217073610275863        2.117718458907909       -0.819438687380054       -1.073551051440546
        0.113944956404891       -0.035678715081313       -2.662405586615450        0.432988017516010        1.003163217269805
        2.980728568223524       -1.360413242571630       -0.684098926247635        0.530390845556959        2.390383231531753
       -0.380750890498124       -0.439396355536454        0.897424828688511       -0.539321741453919       -1.661177710141901
       -0.336207816945107        0.725830633502611        0.700800490818494        1.951140262125040       -0.952892142397082
        1.085582698135521       -0.868940184600025       -0.762295108396772        1.322355035736271       -0.244287923458369
        0.329809822487342       -0.894487927218896       -1.644145655654600        1.536385731739275        1.559991579668486
       -0.957715289326628        0.239827742366391        0.701998253329279       -0.131801458049289       -2.159975911109464
        1.367996562959646       -0.358695599895536       -1.027464099150434       -0.515802061597866        0.634076308289907
        1.803881474585874        0.162712548824963       -0.324391959263560        0.952869627306353       -0.241293116265956
       -0.716553874126885       -0.198464755482212        1.091878054675210       -0.383407424369409       -1.859847812969038
       -2.297566481165901        1.147975300582045       -2.271839439349442        0.754597598216638       -0.763080398722768
        1.708184874873551        0.739210681838785        1.497708804356394       -0.833072704706848        1.425217460270439
       -0.351372689069914        0.801595827415519       -2.199877100697377       -0.646783197595396       -0.284261876504688
       -0.553815985326121       -0.697243239239849        2.355390037345060        0.139136900371846        0.283298608237666
       -0.687456437440860        1.719129199474023       -3.930755343283113        0.835987364807513       -1.812841511632142
        0.754604980974658        0.509099003290015        1.406419620751262       -0.371681619993938       -1.260169709117016
        0.871608753344986       -0.392922080338359        0.048243978890435        0.673955636154032        1.522829322930568
        1.184436853786439        0.486142952420580       -1.590092008448977        0.448318057947092       -1.027816482481715
        2.499135617016325       -0.800039733903740        1.221788438668967       -1.562798568874905        0.418237327249056
       -1.368323340382739        0.992919428924411        0.877686504741062       -0.625266164304375        0.454840588690550
       -1.394043881823625       -0.098416208703839        0.173628838705670        1.727850743999950       -1.852638734196850
       -2.406666534600241        0.810771415618657       -0.450101360936755       -0.465907617027378       -0.529064009209953
        2.848142571714605        0.315310149704084        2.114532104727294       -0.276304643082538       -1.222060744161710
       -2.241612815517250       -0.112281530029358        0.786215445899813        0.055270493625266        0.307165880352076
        3.770841318437449        0.781185459550022       -5.169700499367586        0.233438310928038        1.942106580092525
       -0.880897520946159       -0.715543010318887       -0.999621793742621       -1.222650756821155       -1.191346791461915
        1.203229527173518        0.576218658166003        0.392175308558919       -0.376409749964996       -1.688269506050984
       -0.581550938789940        0.505116569626229        3.743109138752457       -1.359769002078064        1.318004392534473
        0.523810955820499        0.642210820968508        4.227845835985322       -1.138232239048523        1.265466125209798
       -3.136952149182925        0.949172203787830       -2.111129714489050        0.439918452202817        0.600969813255945
        0.624072021884931        0.005563354081942       -0.610024954063792        0.231122217957216       -0.164013405242980
       -0.302487155405009        2.027730135493106       -1.528786597386141        1.255761177701117        1.235402080689775
        2.182044142530659       -0.608173149600871        0.562708576230224       -0.835850855057400        0.008560238782966
       -0.894658728387704        1.477927947608606       -1.498192689612941       -0.177219811783634       -1.065632346327929
        2.307669373283820       -1.223491654927284        2.884112810213586       -0.953178993339188        1.055066808540363
       -0.072959301506548        0.517270990576961        1.699108141886329       -0.901562049848382        0.420621857768935
       -0.487854668399935        1.423280349083244       -0.796482695038705        0.977335381419444       -0.997123187584207
        2.312121345550610        0.117194929600770       -0.447182297384624        0.429519509127118       -1.239366578087798
        2.970818177695293       -1.047400497259235       -2.582989510289601        0.515973685667575        1.076281876188129
       -0.985664337200256        1.251194043008561        1.602427226067655       -0.514240642922915        1.972884232376071
        3.876477206535425       -0.741298525904567        0.660229501344162       -1.821892423702508       -0.144892303794661
       -1.179116851379474        0.725597462382600        0.983219931850174        0.700064304041958        0.175453805111253
       -0.453392767398305       -0.146013413272739        0.236243938152043       -0.178337374414167       -1.057947888452778
       -0.356294905439561       -0.484805498669743        1.044138134375548        0.020320264142478        0.644667077820834
       -1.805656935250810       -0.444605412736916       -0.176849534498454       -0.064414681543959        1.654538940479080
       -0.566393398130725        0.044280607216945        0.399556830831506       -0.155107774380446       -3.094817966670651
        1.560279525458260        0.204836035756507       -2.599521202391148        0.020648038338439       -0.500244689370191
       -3.011282711103740        0.887879993785605        0.236767729426518        1.277145425193374        1.824285795339134
       -0.760861008667728        1.895824439229859        2.003919648718863       -0.613981508684176        1.214204189377573
        1.176266202811421       -2.024673272287260        2.342842237410701       -0.230984727966648        0.680414628613539
        0.616585050452456       -0.553390525300786        1.967559713643922       -0.693292059226099       -0.835807723378230
       -0.307115464757924        0.673054019652843       -0.100910655656350       -0.389908329712765        1.774891220094510
       -1.555908751831284        0.444216847437513       -0.369414142599848       -0.553411858825913       -3.084352557553562
        0.651910676988127       -0.030095743085421        0.584019548844271        0.111549111002295        0.480403874246695
        1.376115655980163       -0.438606134240500       -1.625844135395855        0.509401679297765        3.199214997970763
        1.849249673543125       -0.366492182553313       -0.501523527304092        0.877116320533635       -0.793856351184819
       -0.008060473644577        1.111989224617288        2.879287646015065       -0.627840459420898       -0.307973206235307
       -0.653658671543585       -0.647915967362934       -0.230916790242325       -1.580752589940469        1.461508198859205
       -0.750671838411966        1.156803124842976       -0.767732049515777       -1.212556142688327        1.188242604881581
        3.143710873224807       -1.765592550864998        2.871269992405011       -0.850097983477968       -3.008136002153825
        3.414534774865218       -0.390756924091524       -3.800903070596375        0.978086593968755       -0.421880498322412
        0.440120149298120        0.345826309222341        4.183048275283351       -0.928406257662911        1.135329463911586
        0.758294973941165       -0.357028845851166       -4.027945606865319        0.415466716154526       -1.834725460361427
       -0.122829838876027       -1.239141302204830        1.477348156196230        1.472807003819867        1.573828698115048
        1.006541848427845       -0.763480618424836       -1.829693111061418        1.929118988512259        1.471550321661087
        1.752864292955693       -0.496204422360918        0.231773652313570        0.282019882905189       -0.386841721453746
        0.503156914945503       -0.120159169415264       -0.239871225222847        1.331616776507602        0.295210584234414
       -0.918471552727386       -2.010856471218414        2.415895223402902       -0.300828662000405       -1.411340331800437
        1.470320334286787        0.325628517193291       -3.946933897447623        0.056519705050092        1.250921229927069
       -0.922302419702985       -0.920970822855110       -0.086611577492464        1.266785707087842       -0.667583913321205
        0.273673279894303        0.286547852242928       -0.913183378664779       -1.696710396462546        0.719971166350134
        0.342320155430196        0.448770308447639        0.941979746318044        0.741117044185814       -0.479645581720574
       -0.401945827469987        0.235847400997213       -2.052767181381521       -0.651410612129111       -1.388229726318799
        1.104661884319297       -0.617477743289011        0.790973421927788        0.191802791687845        2.584101754479760
       -1.206920853995118       -0.256409905106594        1.303580124571551       -1.742629960641366        0.874921020242791
        0.492508017929009       -0.649505783947788        0.602869729044944        0.748625603677772        0.972231260661992
        0.013102593085763        0.653281770986406        0.294288692327216        1.106431534315794        1.684929972123104
        0.470677483175857       -0.054022119485460        1.079295241125194       -0.457390383565892       -2.736635883102532
       -0.415472612779750       -0.457321664359095       -0.369250584971866       -0.880648031245292        0.341789278605652
        0.919739496049709       -0.074852844277043       -1.287930820379488       -0.133262466314750       -0.863636958746364
        0.706888116581723        0.575383970212556       -3.256414604950752        1.024347912955982       -0.301792212761164
       -2.622394930331819        1.203600136296827        1.427870028683169       -0.010358835660053        1.342677571673488
        0.198876214404184       -0.930436092440392       -1.168257009742861       -0.090575503873685       -1.266062891417168
        2.146329585862313       -0.283888138271802        1.642185558378319        0.084899234218092        0.112817808298547
       -3.772941427671795        1.101152328337897        0.131018150654412       -0.266921566010742       -2.494001906777339
        1.857143504703590        0.205565995687656       -2.827855147002529        0.659067995167174        2.105065785347418
       -1.353041171146350        1.330199817173919        1.552036721619073        0.085016222603160        0.894911858422508
        0.508940218806115       -0.342495911901687        1.828444737314237        0.324747774959949       -4.564017544418918
        0.785112450268327       -1.465308580460525       -0.671460213410099        1.744052715350586        2.396823456152511
        0.465270308815304       -0.075358116222362       -1.296014555589900       -0.561920472391172       -2.174220566539587
       -2.651551484402950        0.672690349647130        0.559140657774312        0.190011152349432       -2.422880771197837
       -0.986633611969072        2.179675552782638       -0.508317455877576       -0.135197523384940        1.399197818297972
       -0.886817925313490        0.361037436970169       -1.799973211839899       -0.125569449063166        1.370946069975121
       -1.096071329376775        0.858566093894127       -0.586219218659740       -0.063845695648593       -0.282620235791356
        1.350116495558814       -0.073714513154940        2.019505335957310       -1.862998163095193       -1.871197065940565
        2.467534989615480       -0.326625306178493        2.826370946165828       -0.232576876513283       -0.477189592269140
       -0.775538286214353        1.444195626515682       -0.418037181114479       -1.050677639206377        0.044401094324932
        1.197990701878116        0.341898518540393       -2.761769057538690        1.302555955727038       -0.095675983645876
       -0.951374086383129        0.062949736318890       -0.034901576539282       -0.265220511125579        1.222525603545577
        1.805651026407201       -0.399935059003995       -0.418893364569943        0.788891446258363       -1.463679834037434
       -0.663530095143074        0.243184961406095       -0.015768106311601       -0.917821629200250        1.670045315942114
       -0.334901063614101        0.771747418056415        1.696631912736216       -1.126745909389193       -0.704240918345796
       -0.726051479276985       -1.938602184861429       -1.471894666785853        0.148993247791245        0.951279123214678
       -0.636624361696005        0.432145507717900        1.900909828143407       -0.232760347430979       -0.497488499867417
       -0.709756825616983        1.299386738102534       -3.349105731670024       -0.442546984163834       -1.446680343755483
        2.772872068326043       -1.209915663395268        1.083859521410663       -0.996763388662536       -0.498934845891171
        1.446710878323956       -0.066900512038705        2.827472485663163       -0.039726949958210       -4.243637894343882
        0.081307518834554        0.372785138274624       -0.706838488001438        0.107411753342253        1.076494789990660
       -0.036670515969240       -0.365062919782279       -1.270203253354909       -0.165423398262383        0.614826219416448
       -1.954779624713750        0.575112577346067        0.954918112744666        0.310694628305253       -0.391513008627351
       -0.437904633012356        0.481557330549871       -0.346072441660722       -0.696037228496059        1.625426282969261
        0.887152727897323       -0.160136937239108        1.465726365922394       -0.405819997185074       -2.394169578566784
        0.467269551925947        0.619226410433124        0.858491723528230       -0.014466412965280        3.915628463195165
       -0.370664970257264        0.191120918881496       -1.718791964322379       -0.482069723236450       -0.217386834425704
        3.721085986289776        0.053310577272163       -0.478663958455120        0.679245767746155        0.662049146293833
       -2.246724200089231        1.800032985709241        1.676772562490679       -0.157390158516392       -2.734579342109629
       -0.007556693556931        0.762319232043272       -0.032571553868344        0.445568644730099        0.102871139671705
       -1.947461401696181       -1.075355450000588       -0.510879438974567       -0.062690375750276       -0.354840316486305
       -1.632476916625174       -0.236987805453156        2.176624580411496       -1.236052957167423        0.494026075441206
        2.914367011966167        0.303819905965958       -1.036294278075214        1.062205969268215       -1.277383961604321
       -0.379467961896957       -0.367354886483807       -1.455098882310597       -0.027948024331418        0.517328703295786
       -1.553964075406519        0.348361917880176        1.100261746530748       -0.190355531384838        0.071163615463548
        3.026607001619867       -1.558383314631425        0.169664541516812       -0.939514428819216        1.824364090396326
       -0.260794034512102       -0.258698196470048        0.218039157727745        0.798980854839697       -1.895778008453642
        0.011152008625076       -0.510442388779514       -1.030571320045335       -0.755287628563431        1.914865988884316
       -1.049580081882129        0.375125497290825       -5.910497210622393        0.910854509423457        0.320900228629093
        0.537372788632556        0.663531052186649        0.448149336840796       -0.400089939624165       -0.112996033831782
       -0.516449671069399        0.355502180298079       -0.340036873996285        1.251247845051580       -0.983175376106850
        0.376924033836324       -0.183488626877419        0.595406735764248       -0.511734439301748        0.957923594312669
        0.821658739869516       -0.106985243834367        0.079681501957289       -0.588928645584083        2.232720291177160
        0.849167683139377        0.446701674274111        1.839497674835231        0.676422041872167       -1.571485012531522
       -2.887769121884867        0.318975633131996       -0.636512741398823       -0.932554991871677        0.264665405430747
        0.048658393923614       -0.535931670033541       -0.017088205904813        0.730962316062025       -1.399291107813246
        2.568381071440758       -0.237808144547412        1.473267859438976       -1.267113604450658        2.434215426425151
        0.518610833925019        0.557946642579565       -0.854853474751316        0.913265010023856       -0.967024282453272
       -0.078340000497349        0.097224297888509       -1.796951007649281       -0.071195132504171       -0.246405888647741
        2.699237349417979       -0.868152185710674       -2.189321821666700        0.188297883565779       -1.254938423582849
       -3.101424740273558        0.967195855662502        3.397940631990644       -0.026741364099612       -1.000267654342783
        1.455056485112755       -0.172981598328582        1.514409423183695       -0.157499451641349        1.325671916882865
        3.180055339318145       -1.352819087961822        0.053317334936186       -0.250179033388592       -2.449465265350612
        1.749544347254983        0.643174991908994        0.411349121644307       -0.848629670916511       -0.880017424468317
       -3.642264597600718       -0.283221525386940        0.064824737575902        0.065563753559751       -2.081392373167028
        2.317361506113853       -0.448067656622922       -1.342252434068457       -1.021188955107492        0.341481144945697
       -1.055333439529807        0.945496681860267       -1.616179958552186        0.348225028138300        0.475290146675306
        0.133161441308649       -0.075755869975497        2.441052521466673       -0.966168354977183       -1.469442581490322
        1.399548862514368       -1.283880519940052       -0.362038172758199        0.245380308762575       -0.242250532912468
        0.548510859945916       -1.137125768893333        1.897952490292125       -0.640220189247472        1.575809253211768
        1.863162852358474        0.537963339040918       -0.400174465422139       -0.790429714611260       -0.380581160391592
       -2.045083760199496        0.569156265881236       -2.280866021009228        0.392651303893185       -0.107729583565943
        1.078390381604492       -0.426388555306791        0.429626304426366        0.108025503373863        0.844177799181134
        1.429729037676920        0.506522319685484       -0.600660030492523       -0.846986155964535       -0.770875140698793
       -1.084898748304165        0.072740298372379       -2.881182019062586        0.927954431495088       -3.143763152433351
       -0.590321759598241       -0.488499804538400        1.695049319565081       -0.090919726852215        1.963590613064779
        0.489845480121088        0.937388103550853        1.798329833979868        1.190270290738068       -2.243370383718672
       -2.059268430594575        0.936135673265586       -0.244007813746157       -0.556073971082755        2.993799196976823
       -2.174906546786713       -0.143538267305543        1.499203223655663       -0.929238643209865       -2.709509767373093
        0.553941423884785        0.703517335419284        1.368789684329618       -0.572981767137448       -0.868235021603263
       -1.242018850879108        0.434176209424418       -1.335916670579786        0.858680546076582       -0.948915008631019
       -0.404626936490581        0.173808430901521        2.258909874042509       -1.347353288648414       -0.296471711574808
        1.602883334510725       -0.941267300575658       -2.416387998425916        0.092395808983076        0.027786473242074
       -0.871491539364575        0.445246253317627        1.329228404504702       -0.941279407380492        0.139036208140439
        3.057437094946786       -0.939233175580372       -0.366291718565783        1.057586156332620        0.435495386487966
       -0.555624147886898       -0.153712243537620       -0.608831977224117       -0.173296331536201        0.431752139555718
       -1.535799302410438        0.149292825181714        0.477080709513647       -0.544726910383021       -1.703892480640928
       -0.049084571059284        0.830185402184327        2.720996808013576        0.059535915408317        0.294895058259453
       -0.195496156748787       -0.993488938946154       -1.296295002498682       -0.091752490255347       -0.908392041239719
        2.772382439084792       -1.094274839144237        0.727735494786383        0.400496382088070        3.475140182422949
       -0.759139707920593        0.051120223978053       -1.845607741937508        0.565344046051955        2.979083869236707
        0.370528413315502       -0.152329213227898        1.410531497052829       -0.348494127731293       -0.422050670226502
       -0.635918514679444        0.876450975056030       -3.473560543801034        0.712114598216742       -0.166825586528014
       -0.849335590772276       -0.622308596218350       -1.642933219180983        1.096541524942286       -2.760650420813680
       -2.697233174398854        1.199183144805839        1.593018985361522        0.534941337444271        4.192926590093690
        2.383732866896814       -1.153307520320074       -1.762010471833133       -0.391309517661634       -2.659153712877420
        3.874617148477850        0.362308180354616        1.623088060537378       -1.324138932008344        2.342923402913109
       -1.412193455726095       -0.911534591011351        1.204013287093735        0.210335045460814       -2.724342730299277
        2.919939666005612       -1.505734586136698       -0.958751814437219        1.006054499860554        0.678622184387776
        1.569659358387155        0.124282997779531       -0.549726443765245       -0.853867468853423        0.578230408699072
       -1.961109217080068        0.710686117115232       -0.250627128277869       -0.152797996091130        1.329945909333632
       -0.856057025859632       -0.397769988300488       -3.160432783848992       -0.561710035905256        0.622195059671372
        0.913086295552068       -0.755297650051453        3.839676234075223       -0.508405371230674        2.784492840665536
       -3.365113738577085        0.674731191939279       -0.992292128500764       -0.090386448303015        1.103924289540742
        1.475705260312203        0.271728614632900       -1.352173724455355        0.272311980418283       -2.288805729706449
        0.936911499254274       -0.403978812945209        0.944310034747012       -0.037152426179875       -2.585506427767018
        0.953432867616000        0.503895441822687        0.493653499139423       -0.553768545402735        2.550595660713935
       -0.853009665231481        1.433019282608146       -0.399785602451798        1.623805999191883        1.040637964042082
       -2.663431653893890        0.485626599891957        0.661847202979091       -0.061479432856841       -0.446187746325727
        2.019998699036180       -0.277131842995497        0.564302225675436        0.422088186939085       -0.360271541202933
       -0.856774860041635        0.643425220380180       -0.200745067723533        0.437253994455084        1.402198293320803
       -2.744326931827324        1.773434047230018       -0.250150109125044       -0.861184353940573        0.101203068401842
        0.843709566082887       -1.291741315312154        0.597470861580931       -0.356935339992809       -1.185153465614575
        3.500066884423006       -2.013818148651172       -1.804197779185089        0.093608505089704        2.433635498745248
        0.581350412682686       -0.169304581961021       -0.190973202386350        0.414300983427055       -2.902082226548462
        0.260559192927132        0.397252145320141        4.218011053278715       -1.475306909303628       -0.240325836130568
        1.825514009934564       -0.842272710718596        3.237439921295451       -1.333404937385821        2.317407342880456
        0.615823142098271        0.644709147509292       -0.576099706460233        0.888069347642806        1.542081917881643
        3.903104002018482       -1.232471390894681       -4.878774786735039        1.361410680968489       -0.376039639235566
       -1.652544650321517        1.255070179225292        2.839095290178324       -0.885598013404095       -0.235851079164747
        1.496602415412274       -0.538671441387594       -0.062971874423100       -0.309125969970034       -1.100718614137775
       -2.155095046594375        0.821423661569851        0.655950260111031        0.790391755631217       -1.323971455721459
        3.786374878556888       -0.528144710765693       -0.863005280119307        0.507044646079249        1.183981168707870
        1.433873460623462        0.760819518458330       -0.767148391793724       -1.425438310265099        0.459163791105379
        0.548174225967489       -0.372789606520596       -0.240667906307314        0.356705334582494       -1.231203352327143
       -2.108087007068713       -0.966306252422475        1.564697961912088       -0.170300514916355       -2.309251734644528
        1.583880493824973       -0.959694353883850       -2.069651491510987        0.930813815876282        2.342247461161738
       -1.100278699497068       -0.112741866057870        2.097803478876080       -1.016320028343815       -0.538946723747879
       -1.398340544020464        0.866292868238330        0.049259859122277        0.509816158048211        0.385261361497942
        0.580828622693060        0.518958100398709       -1.022260090869516        1.429017158669052        0.582875534584511
       -2.310733657065819       -0.734891521759062       -2.768732468022607        0.958649742757782       -1.035846992691473
       -2.102227389660834        0.705026703910103        2.247262789841966        1.105961501037698       -0.307469204626097
       -0.123878584622425       -0.448418592051663        2.963312811257545       -1.828378446158406       -1.118750289399078
        0.432746446229484        0.287497487194030        0.757173274889354        0.532371705094533       -3.146220302630629
       -1.849916357166085       -0.285084342206172        1.001191359108424       -0.661145852171088       -1.073857917260467
       -1.555807001651207       -1.017582515816997       -1.067204396828159        0.605707881712083       -0.845053817714966
        0.417527310249129        2.291385143056329        0.326742310271739       -0.642206328978305       -4.160715794313278
       -0.086443751002506        0.275338732990633        0.130082260836860       -0.316356475794800        2.522419081444478
        1.670664172274944       -0.954473758871727       -0.740253199710930        0.646332985427376        1.155945525310301
        1.948573659280725       -0.346131929096021        2.589969193546016       -0.276507591752602       -0.614061459530469
       -0.854435850673751        0.516710927384598        0.456313065294142       -1.311098468899472        2.410583571600273
       -1.637284522200714       -0.001391585193518        0.805404521365831       -0.221969175706505       -0.267319539343081
       -1.423701619726369        0.387562332767357       -0.492922868557741        0.464848551654028        2.636443354922656
        0.569361159810731        2.286195475602665       -0.557831195494164       -0.231916635147797       -0.149025250098484
       -0.999494421345894        0.611227412373939        3.419985032142392       -0.567505359643449        0.095519069045707
       -0.955021376384442        0.090201352747591        1.010011431568242       -0.690470398253148        4.602940992829178
        0.925687906213777        0.028905122776392       -3.470514601177000        0.319813446707473       -2.875203359763001
       -2.231895791585321        0.197518204653627       -0.254983784619434        0.777621969538360       -4.159089993829567
        0.187695636313609       -0.346068516019265       -0.053946261660281       -0.293606267198040        1.946322400771450
        2.557353522063341       -0.097619033205949        1.982731020727164        0.529377807534476       -1.216628724716762
        2.202449598480561       -0.586027444110430       -2.231616064862846       -0.045729893219515        1.896730751600900
       -0.094818662673674        1.101853556464081       -0.762545064405916        0.773515478455979       -2.636834538443603
        2.767177283623777       -2.472789478308781       -0.541313625114068        0.665437246165984        2.619907825687958
       -1.389539661087044        0.382152561012148        2.454219851828961        0.718736843537414       -0.877140227136253
        0.730577123643097        0.842119623521799        0.304574668957213        0.614217240052240       -0.747230068898104
        2.808979132242253       -1.265569220894385       -1.304706181845224       -0.080703386550572       -0.174077724015722
        1.079893480846706       -0.152778033843434        2.502978909433685       -1.685524060855657        1.958693301362483
        2.684102872499517       -0.491838919959542       -0.603811866332354       -0.090421955117290       -1.592103094763050
        1.008657294658124        0.116199283051232       -1.555207416945666       -0.293814427025505        2.785955144201157
       -0.366376498427193        1.157799198875422        1.347974467450193       -0.736835335232684        0.532529565750114
        1.045175462168517       -0.440804479846144        4.787484943369755       -0.910408010220221        1.051892299283980
        0.009307590302764        1.232755227418771        0.362574655365340        0.229933038853726        0.417979311499398
       -0.151574695790067        0.322388100520241       -1.015868272015742       -0.323609521439735        1.006333253911765
       -0.057257549949520       -1.233096294261382       -1.846579276711899       -0.497328165242299       -1.656287103441147
       -1.634357856352895        0.655791298794243        1.501827977078375        0.139766838643015        0.718034114799710
        1.561528301710977        0.876701075605008        0.984198995186962        0.525418140103590        1.268608181107667
       -0.059159395610190        0.020053634779875       -3.233962504838060        1.286863647618799       -3.306661631167124
       -0.480963564767188       -0.070755288843677       -2.176803117198228       -0.745006840120672       -1.793678405316642
       -0.734892320718969        0.546614382543715        0.600018208046611        0.603862818014670        4.430481522879416
        0.229868900871102       -0.220348585349446        1.919589967941826       -0.921161535196454       -2.726431084054025
        1.783816785285802        0.956456160533912        0.747520100522235        0.143079747705273        0.348805611502552
       -1.870402033008820        0.645085069474301       -0.483541002142442        0.415297440655355       -0.716943925321360
       -1.023798331577349        0.652586926062846       -0.531433232404609       -0.774008160316518        0.793643296928644
        3.640016334745260       -0.789126101426291        1.491652418550129       -0.658908734887883        0.545513949231160
        0.328283840490191        0.176817455437119       -1.153579776719217        0.158283666409483       -1.612282953776418
       -3.513363250059068       -0.235094355845051        2.523423830575050       -1.237085772065039        2.971316612859819
       -0.110035855569229        0.205464095869034       -1.077802485790970       -2.066271368516519       -2.025838229993152
        0.863047333543646        0.979605439411938       -1.417709547340605        1.165346731728818        0.699409009473941
       -2.821475635946303        1.699659005023213        0.688168311460358       -0.348708013520888       -3.052399021327468
        1.603122627685827        0.330305500944858        0.782327760081528       -1.801280281976674        0.609547227728058
       -3.049207418727106        0.927291803390378        1.475341604873500        0.487246689598439        0.528452251644176
        1.453534006875995       -0.287654938204575       -4.194883275963919        1.896350217591125       -1.130525162686684
       -0.423151886434879       -0.436196839181903        0.773951337756740       -0.489981960756971       -0.128970277122368
        0.515799652684365       -0.935530431075383       -0.289145136913167       -0.680781800760907        0.336049021106570
        0.009878098079737        1.294354713712250        0.254919894980183       -0.170459022519079        2.101656602119082
        2.782865581360813       -0.323584500410383        4.250233404164190       -0.622815618898101       -1.789082382411123
        0.420545101638084        0.373702458196631       -2.088785517676146        0.870915057820443       -0.281645761696067
        2.809405493789732       -1.086160057071783        1.495855239877928       -1.611738887589064        1.193756495655776
        1.318101698046707       -0.519399968866836        1.413786315247952       -0.438267763581673        1.281451748692645
        1.143039057780406       -1.010983112685475       -1.976745858955829       -0.734467456421295       -1.131249975471968
       -1.419765816627373        2.078002841929345       -0.032651238925651        1.617366268294907        2.188095492814526
        0.594326841105428       -0.506678915934503        1.227258541549151       -0.762056783578976       -0.911752907011417
        1.040101741412534       -0.248367052339536        0.862848198407336       -0.834798814281423       -2.817972674341011
        1.033034696440205        0.747437823953184       -0.343233742912421        0.265812737847123        1.391343506725792
        1.625759061179246       -1.219419847158642       -1.307446630313683        0.475423941693624       -2.485351649289014
       -3.928031626936888        1.054136481270209        1.389069925620583        1.530516118221393        1.240155260618429
        0.807377766192701       -0.598479700227188       -2.019818761829101       -0.296245286730190       -1.242178961618158
        2.334582824636526       -0.227838062141321       -0.857873777956983        0.067896132081826        1.793648916731588
       -1.506192997324070        1.020953050832330        0.405609074073867       -0.038641124983340        0.423746761357039
       -1.237267964774923        0.645678021116966       -0.660153050660780       -0.119053025878098       -0.683053108160536
        0.563050915904975       -0.418871226453974        0.853937081056330       -0.459987978774490        1.060127394653417
       -1.984262358769338        0.902394953515028       -1.877870206001611       -0.338938774606735       -0.569503899848781
        4.187378329332939       -1.668549570505156       -3.330710118366169        0.014341665361651       -0.834779597582700
       -2.891526079445381        0.754089621918233        4.136037718705893        1.339711608291731        1.944657719586957
       -1.338282070952172        1.541826383005114        1.280909405461876        0.575664846582054        0.908265036759315
        4.426376010665924       -1.208474965503994        0.129510302867933       -0.117987131772882       -2.148948869241683
       -1.263767814126344       -0.246494067030746       -1.760527861744198       -0.255114849204370       -0.526702642479842
        1.011072169413424       -0.093318470046976        1.687916839050376       -0.983315778704954        0.384663377615274
       -0.339697781851953       -0.819911073324362        0.748264780280493        0.076018569292775        1.774599805051094
       -0.503788632400551       -0.221159155148779        1.815597181030024       -0.661863594748819        0.175936345593868
       -1.504890193094981       -1.086882402148063       -1.429617432818924        0.016412844126879        0.099860544922557
        2.649358115540200        0.097177064380400        2.037730757495788       -0.419247546726783       -1.104975361600680
       -0.008281847063225        0.029181311596595        1.335100458529145       -0.152839505457218       -0.098309596197992
       -0.352473671634996       -0.434064767552769       -0.274265373840343       -0.401448454165991       -0.993383413481577
       -2.526340385719062        1.109556095504457        1.451834359558294       -1.120125109907402        0.075738341458971
       -0.960330172545159       -0.661185288659862       -0.894333225014519       -0.402427549161924       -1.205286321844964
        4.088576297570460       -0.423798073261938        0.465615496165842       -0.026267916645825        0.439928956754512
       -1.108186220013835       -0.284008105762096       -0.244387405644028        0.549815880389122       -1.852540491837843
        2.066681173243496        0.570503099476442       -1.611105736761585       -0.135205422024736        0.156717369596343
        0.035122400306273       -0.526461371498678        0.595420067613069       -0.119281151854260        0.216419405173027
       -2.135120399887528        1.040441455201671       -0.257476256132686        1.139201487402496        2.102399958297443
       -0.166832405816457       -0.287559862241845        0.604144568131898       -0.611808392339418       -3.354473411159366
        2.124668889639832        0.123081228212238       -0.302741782039140       -1.073064922691415       -1.816443250955561
        1.158130914625306        0.433073581321781       -2.490761176670582        1.060269268338961        2.731409250086764
       -1.332399327781090        0.364171464213304       -0.681564242692650       -0.064489242633607       -1.042819032338779
        1.979667174900962       -1.279263726249351       -0.174682454467987        0.036999878844459        1.765471699379209
        0.485594467385483       -1.054208942427880       -0.389105068080061        0.057239216491728       -1.657741637500683
       -0.538726100550976       -0.315079042631458        0.500597750170050        0.755011863179183        3.315669520581839
       -0.264674259919677       -0.225057644636265        0.082275652493579        0.005717001664772       -1.006289379075955
       -0.369463162647090        0.824936218083750       -1.093273322939091       -0.528287717290169       -1.348230013151303
        0.222961847967713       -0.246885546513033        0.614320535672233       -0.394063403542482       -0.024945776958151
        0.500076520599014       -0.620213249038191       -1.356635857828296        0.658378421962631       -0.425472601866413
       -0.334680416149369       -1.080895721105128        4.555497831741015       -2.572949795001942       -0.983225175504422
       -1.629066677845915       -0.805443308639870       -0.950602035132815        0.556088474572842        3.221007329139669
        0.147979858378632        0.715351049569926        0.298977374383596        0.491884302096620       -1.576524674013709
       -0.567107969808106        0.433962658743677       -0.225431585256343        0.685139016249908       -1.921695785148324
        1.391868457928091        0.158439069054146       -1.506043978454772        0.692101595420771        1.716512732010402
       -1.444849422022585        0.188722711528755       -0.377501529636688       -0.088289569903129        2.121769412763694
       -0.974250082978297        0.606167121198473        1.347741687386308       -0.761796628664411       -0.047645422694930
       -1.248435026892800        0.268473092164958       -0.117840351922108        0.532489452512089        2.177982075441201
        0.528158167525060        0.471976432468908       -0.295862363844783       -0.264277285539466        1.143850963375497
       -1.945745967540271        1.439155670170134        0.243709999224602       -0.832047806992057       -0.717530681070296
        1.813896014672959       -1.374791865024766       -0.513224296410397        0.438133094359018       -1.386973897369164
       -2.936196204176123        0.486515514383787       -2.479951894708139        0.829172717816206       -0.307793928691840
        2.104054764541052       -0.951547474854956        2.384319927395620       -0.624892757247552        1.661629480246403
       -0.776778440120391        1.159112716317446        1.115267386898089       -1.064048321136924       -0.670189503610150
        2.324874040372157       -0.885502123636392        0.712483544332566       -1.099331142087892        0.091874601356091
        1.296055951083299        0.721578616154842        2.116007596770559       -1.358875588318746        1.189912476638738
       -4.975602906228634        1.699367859244793        1.328640312614070       -0.649583514395031       -1.615090109812361
        4.239061908026852       -0.567133800975170       -1.707185359270532        0.698688096479487        0.564185607031675
        1.314307973437090       -0.762615782812869        2.852272068797459       -0.955308514684412        2.357592132117642
        0.575926212546255        0.803796482362740        1.121521580392833       -0.644439715037815       -2.668653272792808
        0.078752471523557       -0.174730392873686       -0.796017589152418        1.562810620322437       -0.026986831324735
        2.062714957581927       -0.317749327427398       -1.899999480086709        1.051885455743019       -0.736798613104510
       -0.986099391593776        0.268904217279971        2.142315152378685       -0.921288443413053        0.168200934601265
        0.148826354972410       -0.438256829274751       -3.871746536918001        0.456024219262649       -0.794566126323423
       -3.091707105796533        0.401766217584057        1.322532794610458        0.080946861389982        0.171080745853516
        0.651784739525821       -0.366188236874497       -2.313310982869887        1.345191793727226        0.723311832570841
        3.429473078068749       -1.647288594210194       -1.206125875593675        0.317859898611327       -1.802791191131989
       -3.982537182599379        0.943919951432641        0.726229840901801       -0.064974615124409        1.088957054266811
        1.927334044916923        0.113171347566247        2.559835822974462       -0.141002976581922       -2.781846032661899
       -2.969432246862396        0.802145483345660       -0.821852383910474        0.097637264792979        0.898474109616982
        3.732222422168008       -1.092363676364317        0.674240614692563       -0.785629156971622        2.163847393686902
       -0.499059808960009       -0.439896299941981       -0.161596429827896       -0.157498338639112       -2.352069727771230
       -0.411385277772504        0.724382537245119        0.067903199501260       -0.263958361935174       -0.382832035281528
        1.430344229791848        0.875900204864861       -0.177638601926661        0.468975525455451        0.380297078304690
       -2.217265343971693        1.716250643472316       -0.650199670769302       -1.103666450782806        1.080020246434605
        2.746988715839580       -1.298153782211239       -1.640502920627854        0.175960325195572       -1.560880137065864
        2.479122766839182       -1.156540867798878       -0.554540977293196        0.434651247772045       -2.418473181876783
       -0.432168915727110       -0.911216016938806        1.688870602059612       -0.936975500750658       -1.385152794804724
       -2.672293558551921       -0.366854673154112       -0.305500818008552        0.490387809792185        1.826730914848707
        1.354918210193899        0.369441585577206       -1.331489148051151        0.433173461227609        0.716807029193449
       -1.322854388057332        0.236194875719865        1.736093185585916       -0.501859023066734        2.827007528186302
       -0.194358735881847       -0.910069226177311        1.797888109406653       -0.123629243189668       -0.073036552553575
       -1.826691953128071        0.261363503120074       -3.466186874104754        1.351663102457978       -1.656614897891827
        3.252490809375733       -0.646401004488769        0.888539641323011       -1.577266419909879        0.402697586509779
       -1.308669086596979       -0.432325063684234        1.681549340911072       -0.343861604271262        2.912759978221093
       -0.870308841999607       -0.202557384789709       -1.605672997724960       -0.486643868200702       -1.619031930073298
        2.625387556451538       -0.721598406584458        1.365207187105683        0.469477777374887        2.213074956758453
        1.470770597740967        0.762553133714636        2.438672746829195       -0.029796434475119        0.467700157164755
        4.334563454856060       -2.248519314295432       -2.537595040129234        0.067993710437315       -0.781218934959627
       -2.288073419447535        1.182886347803121       -1.511302066739206       -0.691711463940189       -0.131653096456373
       -0.487506741915319       -0.429520594707067       -1.349401479281761        0.514904834725715        0.009545447271599
       -1.670572605918406        0.468004400859644        1.653664764996567       -0.120020116211526       -0.246149230868482
        1.158022561352294       -0.964264341407315        1.690088059131050       -1.237545547484840        0.542366238673628
       -3.675088460177123       -0.155603841274923       -1.834455052877406        1.146806335373879        1.402711764001167
       -1.335462537723995        1.884942481752945       -2.226333856295350        0.503445951248021        0.447397972317859
       -0.954154641389273       -0.062566689680102        1.102740736816849        1.018083581689732       -0.479175819145683
        2.949447741100052       -1.213242171899983        2.393187156647000       -1.068699523673129        1.105260048360917
        0.286301252349769        0.864968320471820       -2.184901564657523        0.462515369149501       -0.922891945642452
       -2.645749290554215        0.819577469123784        1.474359626009419        0.033229675739024       -1.257742004043406
       -1.394087133740655        0.366174080529553        2.953395774069892       -1.084164115321770        1.158997660768320
       -0.663601221291068        0.499226865151549       -2.887852459471175       -0.091224298120339       -1.176640420012150
        0.144349150406208        0.376622553837323        1.177336484521897        0.713241989514911       -1.845937498158817
        2.408437653965403       -0.366566535239229        0.352940540603768        0.120475413178127        1.077742910323060
       -1.293040600418931        1.013542209200022        0.525489074642814       -1.342349626599138        0.720263723425099
       -0.384875735493758       -0.743885660443575       -0.253021219618796        0.050869752480801       -0.045585105275308
       -0.825789000017881        0.677238005081004       -0.103897509251209        0.722930314571371        0.011774054420989
        1.977992861223418       -1.168888583561546        3.417294062808206       -0.653054889389091        1.135673506541839
        2.734524538496754       -1.064642504668156       -0.783574464550897        0.990515660216467       -0.778876615251734
        1.578875836048706       -1.414517666135782       -1.610985214672664       -0.680110999129414        0.684891548056822
        1.899793243049189       -0.002626189321190       -0.984506255547850        0.487757006624527        0.066518717603009
        1.121152949281665       -0.050190947947553        1.636760180116634       -0.341585353207121       -3.030447139100571
       -1.017005121786598        1.154492357877165        0.231978518831953        0.541459145126637        1.750977203533740
       -2.864845823672059       -0.080247401571120       -1.519429951372067        1.367765803521973        2.400796624654067
        3.868659876476607        0.883834256966547        2.868321911033247       -3.607580356064776       -1.924356711660459
        0.761995578921807       -1.441723576839698        0.561514583275160       -0.738416979975526       -0.468534855587852
       -0.895074463542651        1.073001829136793       -0.381378874098147       -0.163768687598569        1.590287405424607
       -2.128614585412529        0.877215752852850        2.572657386223519       -0.625796217990020        0.802461152175891
        4.552710619759273       -0.346687497046182        0.213311397268882       -0.426459809750901       -0.499331681103129
        1.072370792136401       -0.284503275799266       -3.051997327629527        1.247609873716603       -0.165484808238047
       -1.782486425961227        1.185778095459797       -1.402371247441519        0.499509992107781       -0.358890820668022
       -2.560473756743142        2.019829552014825       -0.425013292065482        1.212937048865936        2.997413109488072
        1.543457938610638       -0.875094963520096       -0.917621107070717       -0.155995967406562       -0.900855592597041
        0.547859682285052       -0.494349218227705        0.920528913796022        0.651230336241137       -1.837888763250485
        0.568261908688490        1.059931221902744       -0.005786337041343       -1.022692391744318       -0.130768773227296
        0.016578336036876       -0.733471545428813       -0.296593967449086        0.682101230084510        4.102002565359047
        2.509399009337588       -0.287137630637486        1.867241207463258       -0.916302298111612       -3.066250192965569
        0.880042501638726       -0.844144328266541       -0.378051312403551       -0.411776275931188       -0.820072478690765
       -3.020777297731216        0.954649428785066       -0.744907465250118       -0.676927007414711       -0.153913366095515
       -0.779412564627165        0.754591191824820        0.196190220357019       -0.563159807141477       -3.261055542481023
       -0.215204898926528        0.214895383751259        2.417064441442534       -0.320168641632886       -2.212052854709594
        0.951789139996778       -0.320791267562970       -0.965501903577461        1.483522509681783        1.458894584557995
        0.077275492234682        0.390150797820859       -2.683159909036807        0.715362529640404       -0.306657030502875
        0.809602960133518       -0.080069283360721       -0.827954567932081        0.499223286635821       -2.110675155558070
        1.104485945061877       -0.127808653819387       -1.533773105095756       -0.773345225557603        1.395301178384879
        1.607248934295321       -0.115039566767338       -0.160421540660465       -0.192417751213221       -1.554135466896560
       -0.392754612851109        0.029943146873904        0.681501790734886       -0.192761069095299        0.598064811438616
       -1.653943451586180        1.406272433449674       -0.665464387814901        0.289985067157572       -1.911752785671319
        2.617660207542567       -1.442831277949239        1.001482838503107       -0.765186396236651       -0.844461930915934
       -0.153714990612038        0.471989018368317       -0.784391735122208        0.358082894359128        1.070415686923962
       -1.346426576688790        1.044431706426457       -1.954186678314748       -0.395689000168522       -1.498702536920570
       -3.185451071301932        0.266959564142557       -0.808666449798938        1.099183426204709       -1.522709206610886
        1.593300365449130       -0.508364220624954        2.214276332162038        0.355142001981997       -1.167603417026051
        1.961248638498077       -0.728733002011032       -1.608376665236593        1.918186068623758        0.448658864846278
        2.612759966450111       -0.281949534960367        0.493647920698398        0.258602953086823        3.111888172337605
       -1.263892644955509        0.796041451108236       -2.687697447121006        0.922775461071068        2.600677149188715
       -0.478935664938718        0.512351123241843       -1.485182125119232        0.593414963514396       -1.179766314771937
       -0.824835808675408        1.272661789400888       -1.145952112922288        0.524516859958630        1.537562364741303
        1.543505143064516       -0.692100998729528        2.593575368006836       -1.008097066866926       -2.505134219232660
        0.976495238650981        0.374992134995212       -0.467595581408655       -0.102016898103785       -1.715547246645905
       -1.477000734625153        0.559076633962238       -0.870207252272570       -0.498989090905543       -1.827222240738527
        2.351826232834554        1.103528436529843       -0.669070695809266       -0.006976722715729       -0.587260857331446
        0.759839763840836        0.000145818636293        0.317115410766655       -0.624355601095480       -0.568453997127772
       -2.216457459167186       -0.727137870897140       -0.369306481021987        1.068334683524464        2.170585911230644
       -0.550579867158145        0.411133967696319        4.230304786189664       -1.381469885581749       -2.450954520722562
        2.745415538112973        0.189420355538292       -1.108643219314829        0.869959608146436        3.932116035000963
        0.277669674573642       -0.180263663784887       -0.960085462134237       -0.038649360663369        0.632835262331389
        2.903627614664690       -0.088921578243627       -3.160594734209744        1.900255173909520        0.160827589144286
       -2.997110556794454        1.085666864616324        1.490131881573988       -0.833690223770947       -0.423490183949648
       -0.768000562002368        1.466396055047985        0.028765706224005        0.934571987706775       -2.103049893925917
        1.819621440446060       -0.698043008631285        0.584361565211095        0.003926373786063       -0.034084171552060
        1.109394356838870        0.719183552588693       -1.328651411103592        1.366333298145912       -0.385797465045324
       -2.657667132555637        0.326510838870970       -3.209263241997893        1.727008751453168       -0.586035533554482
       -0.001206821402970        0.868685918800469        0.276680149526648       -0.090028615568559       -0.478168650374579
        1.182414452188148       -0.049906348877658       -1.829731049432858        0.537354683175962       -2.625869292690473
        0.973898323004869        1.200567788390513        2.573143491650085        0.656330579559925        3.379539763753407
        1.805417152474947       -0.841674031831524       -1.617490365628703        0.156847436439538        0.356531065352625
       -0.582648467631541        0.351895468231228        0.886087865762857        1.268127274585581        0.382211504180505
       -0.582133472532319        0.169468153955801        1.203579044830485        0.301765630266614       -2.487232667301670
        0.832740652463478        0.039282550347623       -1.280963126343678        0.185699582552204        1.360023703200426
       -2.174681590693101        1.354523498171000       -2.453097737055551       -0.847559157009435       -2.447517750560711
       -1.170571191059246       -0.555392360673974       -1.167814121856807       -0.046005329632500       -1.324610062328185
        3.152602549590063        0.574421306581045        2.307321037576855       -0.097604789028527        2.945238711267077
       -2.473251721966420        0.468199233224481       -4.229326493019207        1.667507059579442       -0.755569973038487
        1.271328270673125       -0.804325005531472       -2.885014096055229        0.954903230685197       -3.234486485945549
        0.021550364895953        0.217623837586787        4.513735794945930       -1.970172734983940        0.858616490151201
       -0.164978203554474        0.187254941755893        0.662372336838025        1.531801332657051        4.047823745416300
       -0.508151109229428        0.307964532087040        0.489759854159146        0.536156316528985       -2.604952507559385
        3.055780948902262       -1.376393852103197        1.475272207717184       -1.100822380684355        1.232099985830049
        2.336750734922655       -1.223851964737211        0.687748545908458        0.452672943839421        0.288704425779598
       -0.821030167148491        0.920558038578401       -1.463439527260503        0.390659402590703       -0.308721148917794
        1.063745867576988       -0.297319945967806        0.233408907874485       -0.824735501410147        1.727843745656500
        3.159247960749048       -0.570512917279912        0.028083334120890        0.275183760650979       -0.291229181512630
       -1.182268665497323        0.520747887898169       -0.893269337487484        0.611746074283686       -3.849400399785353
       -1.288593407085362       -0.582832462795850       -0.091695281339512       -0.654644934247635        1.922166710508215
        0.056865812942774        0.107768279653905        0.657789552801068        0.230829208059337       -0.693699030379103
        0.735565969040276       -0.513104603948900       -0.671480348611527        0.318976125615954        0.477339156037271
        3.633969100471726       -0.237075565518290        1.581243012540706        0.257722206928775        1.089014497433094
        0.800803077343608        0.189030002338575        0.736209344133877       -1.149239179512551       -1.303945474564358
        1.449705976736753       -1.063264875281064        1.680807599734805       -0.813844261817229        1.262111345563710
       -0.923016783792090       -0.282936748050362       -2.249977993175519        0.408243546591794       -1.017250194212694
       -0.632382970059590        1.282800301049298       -0.289582918355779        0.403916645098125       -0.737484945944097
        0.208206929193165        0.554072665823096       -0.179874027695912        1.165158044972329       -3.460899689067397
       -1.809213877615248       -0.027225221968357       -2.704477387030372        1.022610650041246        1.252203772675212
        3.177946482762284        0.543096816379827       -0.005371163547089        0.358769431629793       -0.603716859865757
       -2.436086081276271        0.069561323647457       -0.454872305431876        0.600330785015335        0.817004064056539
       -2.741893928191947        0.477161823175602        2.023730780492108       -1.220467236073709       -0.060007861148410
        2.053798845593570       -0.235169904716524       -1.684602997769948       -0.469158181751934        1.570015180086223
        2.653205515101827        0.347636038143599        1.680018393348061        0.076474960419040       -2.543675422163529
        1.352415736533896       -1.697227082332973       -0.737070065826568        0.783414986590647        2.843142875200221
       -0.715765875719636       -0.273738901973945       -0.114521579359488       -0.168841711804190       -2.502743353380124
        2.911615355703207       -0.397261464260191       -0.116628512058816        0.159942036067107        1.991826202805254
        4.681824776657212       -1.048544695812506       -0.331481319483519       -0.628670868857471        0.079190835635556
       -0.169388784863511        0.151647481260715       -2.160272392067003        1.032128150970954       -0.209385545366477
       -1.687004628139897        1.000245713610771        1.090028232405221       -0.499097166948440        0.301359811745594
       -0.778595923378134        1.206550632691114       -1.826070044433078        1.252838125572816       -0.362366216660126
       -0.189458396920763        0.280555913249150        1.824658507892490        0.601778139707348        1.816217714969445
        2.210001965582439        1.332490026733965       -3.404716254148044        1.699772372686001       -1.832723969349563
       -3.807712567046960       -0.170709306245607        1.603212983818535       -0.221796306740781        0.007763033425054
        0.638227898192692        1.759931818998464       -1.671471291182300        0.491232011301327        1.565618383420399
       -2.126722475668083       -0.132278530516306        0.872725571815554       -0.823818472381401       -2.519835195170706
       -1.379317605775327        0.401146614270776       -0.361723472582142        0.037932121234586        0.949060347293888
        1.325371555911826        0.651400955857509        3.314511570292927       -1.760862345644564       -0.120457089325139
        1.457135222875400       -0.794847046063097       -1.372105195286444        0.704577077448421        1.348966982030499
       -0.244318729860867        0.032317687030834       -3.311488474947457        0.674542452455380       -1.301632470300238
        0.743882534212257       -0.876279596153858        0.614668330658460       -0.099511248568502        1.184019756190832
       -0.428161719263992       -0.243660217954030        1.159965163081419        0.090228425224631       -0.741255507390584
        2.043713301845156       -1.334002886057219       -3.090044820079008        1.468845745142979        0.313058592426310
        0.217454382912915       -0.591355773631000        2.221030538121811       -1.886204071344703        0.986206993168868
        1.121694784241637       -0.346109074565122        1.313372397410413       -1.622780741024258       -0.067225667423473
       -2.261677980270004        0.329637789220749       -4.086565152853483        1.200944876929380        0.144720602361872
       -0.901141871175667       -0.453804851046256        1.075853083705989       -1.054683211668718       -1.938161769540924
        1.185373474275194       -0.810436267438836        3.445212217424905        0.130253720127545        1.720040428270696
        1.655671852217026       -0.405568500283292        1.477342972880296        0.579954834358531       -0.232522613354891
       -0.525929413598446        1.593349529829875       -0.784112259477180       -0.061338961930973       -0.702040892716940
        0.421898314154113       -0.944471379147373        1.834702890037728       -1.010663415741139        0.530483926592978
       -3.231075992284357        1.153898648610808       -2.635933023972292        2.061445493455710        0.534698965332260
        1.618706001492737        0.916001481522190        3.427343840058735       -1.389714968722858        2.350845871404650
        1.295420668135713        0.244633817331156        3.623593788950196       -0.955165592029871       -0.943055416117273
        4.658858083022732       -0.325648112101170       -1.548512650334499        0.811460858277266       -1.048318244747853
       -1.521471472984422       -1.016310802155855        0.040353275994639       -1.318678052377442       -1.065174057813039
       -1.026909074952090       -1.538792744392116       -3.108062323020882        0.898969240394990        3.175079523369139
        1.224681104880399       -0.102137929943283        0.840969912618997       -0.417007830408230       -2.642898048884794
        0.518893186911188        0.901907084930662       -0.642262869970683        0.158147160848290       -2.919373239097742
       -0.293233843745794        0.312331548765938        2.254959744424585       -0.165997661274816        0.091026003856930
        1.860202104887261       -1.152487558538879       -1.957779171488416       -0.630167845070114       -1.053088164024048
        0.419944680341513       -1.436825149677810        2.298926989790492       -0.718118488186697       -0.070534323425910
        1.296018419743030       -0.495385379678471        0.320351197843700        0.454334923873732       -0.071050661500136
        0.324574607895159       -1.723291015762513        1.044036008764239       -0.470325979686305        0.112297358954828
        2.546513275469809        0.292001723451605       -0.752377650042404       -1.697663087343713       -2.662267623531707
       -1.492672392493961        0.445792043833213       -0.045859645594530        0.187415665185819        1.107928965262748
        1.804277580795559        0.046542425457139       -2.603452010284134       -0.042189546148746       -0.711651254120752
       -1.167861486684743       -0.878104945176883        4.955854644929943       -0.908153369246174        0.925850579561893
        0.415220084004254        0.600828219358498       -1.666595377005466       -0.222763553080509        0.855654191341478
       -2.304746167389365       -0.248462516267988        3.189975612592570       -0.884673105175177        0.056296755369874
        1.297345726065696       -0.229254545033426       -1.744775238925058       -0.408422503539981        0.254118449384983
       -0.797518096451336        0.545664107003815       -0.287735153831606       -0.626327183750786       -3.293363699708949
       -0.948892212466274        0.236689997057711        0.776571278561494       -0.377502667113567        0.852277913150495
        1.530146160362422       -1.179105301455303        0.145923191007236       -0.756971866712561       -0.620405905619335
        1.900934297400183        1.033965636377119       -0.672252015051869       -0.348637619329790       -0.054239301183292
        0.225638727853348       -1.267054856397060       -1.012754894085300        0.306261088655388        1.921226531980873
       -1.127505418961231        0.385009350524829        1.794250666670921       -0.664493911961516       -0.888663303495407
        1.771178606672717        0.567236999967178       -0.198842754007462        0.407652468509290        2.121020673630669
       -0.040385437049993        0.279524458452622        0.865601020272279        0.028921981594612       -0.722832826596361
       -1.870209789000377        0.566570317238365       -0.310916725314024       -0.277201487928077        4.476766076008275
        1.361896153302711        1.603331378119290       -1.339016622180528       -0.326678756423260       -2.220763875271920
        1.261957125121051       -1.467479485184199       -2.056366504530472        1.618951217476585        0.231496236738781
       -0.339408146926446       -0.205675689057889        1.380004778896011        0.807683465374445       -0.921817984887397
        1.971144161718592       -0.348304278479686       -2.034193562805755        0.653155019601311       -1.486091068740873
        2.160279464096754       -0.454789800399777        3.333930079463117       -1.057670964870791       -2.803299281136793
        1.138177944473230        0.614863621446515       -0.557730604826422        0.197597610939834        3.736481917019657
       -1.202416243007186        1.936964681616715       -3.280776086315224        1.149472629514977       -0.005914307547152
        1.070536502460629       -1.887574688588077       -3.079509803361614        1.098128592536300       -0.643187341913853
        0.626924613036949        1.007881278564415        0.975952074955234        0.041151183724801        0.339728338363044
       -0.728331451800877       -0.971874307602045       -0.309672651182721       -0.535883485036097        0.521137218150249
        1.753978378499252        1.534905426629659        1.421671910991490       -0.964832961509289        1.190976359954437
       -0.712454851601653        0.772135870352645       -1.106813714598639        1.300558925116449        0.222676784141384
        1.493225460348180        0.404896935217898        0.886843964354786       -0.051144153175287       -0.483925094447151
        1.970737411946131       -0.569207842733705       -0.503652864905730       -0.690649084652061        0.550973388940493
        0.249322206304710       -0.307745314159449        0.688577356790679       -0.358773223354290       -3.261196808520716
       -0.950349503490548       -0.156370658046170        0.076797499135391        0.056117861578813        0.523815387413435
       -0.579730411426546        0.159520203009335       -1.164492065585065        0.332755968820696        1.970547748223542
        1.115810807834461       -1.463080922425727       -2.665840160137622       -0.404173116780121        0.453161506292536
       -2.025997555666535        1.882250218764999        1.737940853429544        0.010330824177900       -2.251413028076509
        1.729035311321934        0.419061955014358       -0.886260535977656       -0.232834576955899        0.840632719297498
       -1.350322724932600       -0.234290872875608       -0.366229562346149        0.461357128476293       -2.031777126422734
        0.333800418906488        0.809398517994397       -0.410320385885687        0.195723947400250        0.778637756644388
       -1.317831031070739       -1.022638598701612        0.941564415856136        0.151242236239768       -1.811537043403870
        0.415627366009986        0.126257024317762        2.357684596549203       -0.574258731264648        0.157863271170025
        2.252948596593043        0.005589809710925        0.972286533978836       -0.908072130256026        0.078501492378707
       -0.691636479343816       -1.244915024126659        0.947611837810086       -0.599908455558868       -0.156336874599217
       -2.245863594575883        1.254385865745874       -0.040673395031840       -0.907005433714370       -1.133576082551023
        0.886146059092345       -0.603574873246450       -0.351961096989564        0.879337031874735        0.038643935571388
       -2.136276391922840        1.548385116316852        0.590762129202919        0.144413401176247        0.608164825325185
        2.442505250914007       -0.738277798812342        2.665569081896105        0.313248291700199        2.589438976272579
       -1.249325450774120       -0.644064632674654       -1.934320543712148       -0.630882701930941        2.764172542650167
        3.215851365966273       -1.050708731626509        1.309932921539086       -1.171974090516956       -0.527450533329601
       -0.789304125963184       -0.269197272458223       -1.660819301658444        1.321503218695057       -0.702687001232142
        0.494564253463132       -1.466132988955919        1.013036069777341       -0.451883654443106       -2.701817608020025
       -2.705673109788536        1.873584515039004       -0.509730704289739       -0.257924384779121       -0.885821193186791
       -0.212687069004344       -0.088690505857920       -1.095204513901551       -0.863832348079783       -0.944963032395401
        2.493635545888644       -0.127491017834642        3.265563693425986       -0.419398335100786       -0.958211980827346
        0.717023357160594       -0.353718555924580       -1.241723465427231       -0.214081770800322       -1.723306964393660
        1.922541855132191        0.005429210537368        2.635961874573087        0.498319830543152        3.480101933018946
       -5.761309332068655        0.987739485189677       -1.535383179302193       -1.017106937779466        1.698070957536584
        0.873720193205604        0.534596819549196       -1.572095854845282        0.000995439622113       -0.389339504558455
        4.228177817025919       -1.318471789574373       -0.130637534441373       -0.364687138196355       -1.486012955879059
        1.184490167277423        0.847109240632720       -0.109604395916368        0.285213588408024       -0.177652923898134
       -0.046707523375987        0.581742844903600        1.913902355434379        0.901823990390346       -2.154336720471328
       -1.722194650463968        0.039005859324808       -0.023574193161306        0.161574033431726        2.616134844063138
        0.383851380550592       -0.442569953821077        0.905286537446398       -0.550466547739856        0.006332071973446
        1.096496407391695        0.301584759878274       -0.204828087910112       -0.194747758664384        1.386911658239635
        0.248425219613655        0.979199113651500        1.297023366762532       -1.240836816058600        0.532970290453201
       -1.811154070549661       -0.162165337294532        1.177620256242438       -0.956753500169338       -0.856129007187294
        0.204610436361216        0.740389663368291       -1.093579866143485        0.852088337204054        0.536546418026342
        1.836159797886827       -0.480373414829739       -3.858180515213973        0.495848763065235        0.522871076416139
        2.205794830656867        0.070485130346180       -0.200872113615579        2.511306295926615        0.768485713732274
       -1.141015286844774       -0.212811040636326       -0.862359456073398       -1.785894827949647       -0.889498837868205
        1.540962621850902       -0.273225325014885       -0.799004083993906        0.298165110594100       -1.283877161107368
        0.707095266417144       -0.125075348220793       -0.877451425391594        0.787028349360227        2.163864357477798
        0.297010341248799        0.710015022001882       -0.664104272270002       -0.349959965358047       -1.583575368776581
        2.420535538754609       -0.828148702277337       -0.266241512701745       -1.033321031971380       -0.045190802762513
       -2.946636553467878        0.901895577774743       -1.242103012536113        0.317396030250280        2.074198221547350
       -0.719130586430371        1.366240798265582       -1.810660871564595        0.510569709867640       -0.588133254580374
        1.026280086403444       -1.163185466226611        2.572964688995808       -0.857108806805128       -1.015462098429439
        1.726515666275503       -0.909216045785235       -2.955957845379705        1.675194750944095        0.607471146205253
        1.206205214702802        1.059728159608002        1.273056893692034       -0.354554970029335       -1.602696614387826
        0.679202726976385       -0.675534362427199       -1.564567536506124        1.288525942019399       -0.020180697418136
       -0.118424133124406       -0.047669858424543       -4.032087901687331        0.172747843920683       -0.332805935887231
       -0.581637733608352        0.715659559294442        1.023532184650067        0.152640973030086        1.701614628400949
       -1.438514004299610        0.242944922960132       -2.081469602214263        0.370655903797404        0.908292189132354
        2.456543199634684        0.014076497312734        0.915838571282952       -0.110296821220636        0.436290955802069
        0.180217306479822        1.240741319498464        0.585558235482834        0.795498449664901        1.557139147140167
        0.180854414980261       -0.921536428334036       -2.355634598524474        0.861636589142962        1.859009145600495
       -0.875057022725700        0.169516561783711        2.198544156287105       -0.019673887943441        2.122506174564342
        2.667775524864259       -2.034001464962632       -1.827627907102475        1.214835773157325        4.230447354982291
        2.388429114962812       -0.430423359017223       -2.434200931584752        0.960979272381037       -3.924545513706189
        0.994015770787944        0.279657246629224        0.322397057516080        0.042966646888490        2.143813818856140
        3.067418734866846        0.061490818289643       -1.008315515571766        1.035686748481963       -1.921263482423106
        0.795718802221659        0.112267088540946        1.585048978393703       -1.847828676171722       -2.806436435774910
       -2.357795263162286        0.298465866413051        0.787604011119975       -0.194974566904345       -2.090844857715926
        1.222590672124134        0.545057794509397        2.251927240740997       -0.971906129227373        1.650740470997905
       -1.883487109513413       -0.439246616674625       -0.460023848651613        1.405227637981490        0.881444635271360
        1.587324225836304       -0.327995523458282       -0.207312906795344       -0.134079788491869        1.737047396949890
        0.257216850460725        1.334053753362260       -2.193997564328931        0.965464473366107       -2.151467147776557
        0.467595570066075        0.393069044185383        0.513788272525014        0.014391059699987       -1.370517197915851
        0.091910152663833        0.659843905295996       -0.947134705890186       -0.203306546207413        3.166987277228247
       -2.685749417448163       -0.031854090102565       -0.454172441167802       -0.217544189294447        0.053717427208968
        0.910755782102097       -0.787240781092189       -3.538393680611448       -0.073933782131544        0.256680839005469
        2.181325943650906        1.419176414219788        2.896161026300277        0.882798871877436       -3.979692105551369
        1.318351107464495       -0.348076291698538       -1.468501628499189        1.228274123912347        0.092984173522649
       -0.743511854894010       -0.920004601927859       -0.621578442598177        1.046759729454736        0.485407051097146
        3.200285990496974       -0.201532725406034        0.563529706785572       -0.457149163778836       -0.182567148700806
       -1.896464454613134       -0.143146932217188        1.043911494338290        0.030071753467610       -2.914370080114288
        2.635098653506203       -1.407990801262945        1.335164245280869       -0.234780595949856        2.490974001534048
        1.618491162545891       -0.139159281074181        1.214887641396106        1.017097773520520       -0.805109986285728
        3.477033804178608        0.538976923255648       -1.184254055835539        0.566531509826563        0.213796711965452
       -2.361742343246730       -1.534385427335087        0.604789605585326       -0.348451996650538        1.415094102880882
       -0.753329255178012        1.520817973903301        2.142473545868497       -0.543770994875515       -2.146085412863179
        0.345259005612547       -0.090607620581351       -2.444066608232684        1.807481591841173        2.045441503163441
       -0.553008307334941        0.785952873650574        1.120818327717819       -0.931116747604161        1.366544271277682
       -0.784339755709393        0.559855926224425       -2.282312480224784        0.575274513578169       -4.007739150203809
        0.921132726539514       -0.095185178860462        1.963197312595301       -0.908012104005492        0.199539354512262
        1.069670326024057        0.722235315229271        0.274129458732865        0.083024991461292       -2.091330580704382
        0.684464983259250       -0.781880212314885        0.850901262394448       -1.568898276256656        5.264771018419211
       -0.203288774804498       -0.561845393529791       -0.058606753147733       -0.078203130881589       -2.670130143104148
        0.194593036259849       -0.161124315300790        0.338764292776702       -0.228986395406853       -1.463127666915712
        2.655957815996247       -0.966274444937949       -0.857012640817637        0.749413969547378        1.803078637530222
        1.768777941413742       -1.040621336308557        0.044157545510125        1.410302552336591       -2.994687208244893
        0.954015598440497       -0.726678857879447       -1.495635777401261        0.471432889477068       -2.605736868166601
       -0.989564091559505        0.779872188621809        2.361283657467874       -0.951273375171980        0.894681391999825
       -1.647619234529289        0.802693436438275        3.286410725264113        0.047773703861224        2.525134599529102
        0.479025954689727       -0.552003904063528        0.038223836280627        0.743614414321983        0.284104922934541
       -3.632228832888636        0.239792997973571       -1.026037950608606       -0.533067928937402       -0.608448115649570
        1.981632107912628        0.932801020207781       -1.774778515561392        0.479398867319806        2.489717511774769
       -1.642176578989229        0.849348894437899        2.014703644869464        1.105511918623254       -1.417444432964268
        0.378037638142384        1.030841468213805        1.496823641904776       -1.372122317816768       -2.965219244093446
       -3.037462097771291        1.035374802309310        2.790071173580947        0.637435470196296        1.300607221803548
       -1.409232984067376        0.152092215008129       -3.192718945866730       -0.235939705581861        0.999151603678636
        3.387743020741165       -0.871815089035150        1.349120254245474       -0.816903832463938        0.055653811831951
        2.103997879910735        0.105863319477158       -3.414784180193303        0.456538195541167       -0.217717282744650
        1.478298643182409        0.117185582637013        0.872168807325490        0.430551854970034        0.040360597268467
        1.506407355802080       -1.114394921910145        1.658079164719979       -1.015093077575935       -2.054880563399998
       -3.605109645934291        0.534977158448064        0.662602201345843        0.400097201074068        0.040927153845230
        0.821602575332154       -0.454040440765983       -1.940106183996006        1.620593322749964        0.874598626738945
        0.587546700088266       -0.549670233434684        0.985366181468733       -1.571929127596186        2.935981982603665
       -0.270109747712840        0.377163082840041        2.183153878467452       -0.479370252652810       -0.855694890031597
        1.180658353613919       -0.958442761241573        2.018620120094190       -1.015848957150026        2.385294694319911
        0.074927791785889        0.467309459707033        2.649801927434730       -1.376578205091710       -0.920459759091568
        2.263587366374171       -0.288479256522122       -0.153671240372391        0.592303113841608       -1.200523108159899
        2.086911161597615       -1.180421195974487        0.025215283116083       -0.200626716727934       -0.438292848518243
       -2.815562363317289        1.045860975121436       -2.232248919869295       -0.189479347924250        0.511908714143723
        2.080200555488188        0.199943336876104        3.975058707186891       -1.375314314499556        1.074493694743361
        1.393041547048133       -0.119535685771470       -0.316192023767551       -0.005567495021819       -1.839391835308785
        0.441198269315183        0.296545169526546       -1.532008925515294        1.045877651849229        1.746001990210463
       -1.339024432321609       -0.385311670813939        1.064630200979817        0.162521937503692       -2.240439823801786
       -0.719276627376873        1.652704820329551        0.666966755801282       -0.985504594291940        1.795208361340556
        1.619402371102224       -1.062295897836125       -2.113795968775082        0.289085170670691       -0.546967911096719
       -0.524502924521119        0.107986615811863        1.067669352029626        1.527938785431998       -2.885172401527332
       -0.240332403233360       -0.020006679218315        2.838846043213699       -1.705616864160630        1.722162343196781
        1.060922518471606       -0.131170122009684       -0.569383101389163        0.966089112815073        2.555058888231281
        0.336148150024632       -0.142486254013121        2.059120131790464       -1.461289572593659       -0.979660488962315
        1.038229028340609        0.303159200929351       -2.664623245391810        0.065003077438546        0.805210905209724
       -0.428063448331682       -0.547432201437717       -0.951032093568080       -0.068165507228430        1.006123453756415
       -1.539095055892338       -0.326101888328085        4.219353433219027       -1.915767142959456       -2.165204087561063
       -0.540765015237423        1.367105554656064        0.537758487786294        0.871418018462686        0.856561578481829
       -2.754884865830973       -0.369206833352524       -1.716993539733110        0.209560253219975        1.441595705788993
        1.248203061053194        0.523276096199395       -1.190650436136007        0.440312981985019        1.224724442130819
       -0.954181867563195       -0.032312831445521        3.803023688360833       -0.141110575311985       -0.984733315731862
        2.546279356409979        0.115088578203766        2.096592423603336       -1.092950663188485        0.920739516087064
        0.027343089793905       -0.310799576930826       -2.211906723324442        1.347901774106932       -1.515669134966098
       -0.828953835609896       -0.371936133681850       -1.016955420781855       -0.009248638990697       -1.256563029003060
        3.661305965845015        0.083530867358809       -2.778205301124068       -0.390517240513282        2.848054995632577
        3.660678278437764       -0.883741855929558       -1.913342703472444        1.966975579148730       -1.237889236165712
       -0.786861944338879       -0.899583336932372        1.725872150623749        0.807623618186325        0.094455632403869
        0.787024196790798        0.699388238736534       -0.946388231203099        0.110326754213355       -2.486895726760970
        0.687370683571267       -0.448421191009134        0.174721293321029       -0.926197318915288       -1.514536014484228
       -1.704641498676280        0.458353586517715        1.845734643007535        0.035367948685439       -2.000394358103621
        1.727424717686487       -1.221669433602024        0.722875535511138        0.990484874029307        1.016778988083471
       -0.421039194331036        0.872755895957286       -0.924658424421024       -0.795996538382534        1.375465417849979
        2.269336590855949       -1.979722745818006       -0.303841834522051        1.385493063865603        0.470618361583038
        0.674181902889648        0.919532750507838        0.682207440402658        0.067471317125500       -1.164754546852382
       -0.526259964803276       -0.580004415461202       -0.392807127435338        0.810725303062216       -0.378233449490757
       -1.192004188332717        1.518000661152267       -0.535457738610452       -0.890326637337390       -1.086667584314308
       -0.168739551901151       -0.148567581166590       -3.867307855263743        0.819304771503445        0.133814028901380
        0.439529276884218        1.697566228123478        1.276147168879309       -0.879559044159801        0.857941128081993
        0.820622600138855       -0.015327958696350       -0.133810847066055       -0.221322730740087       -0.353065179257158
        1.170057298553777       -0.714911663555096        2.477075620561638       -1.005835042294890       -3.831094388415786
        0.591714697839191        1.420589789326096       -0.707173741482622        0.845119486555049        3.001270130546269
        0.172718285175486       -0.831515113236884       -4.377716750604115        1.287810994723111       -1.973785975344934
       -0.097488761236091        0.216707796885512        1.327722130195091        1.117797821852763        0.595347250742122
        0.975782008164510        0.924996805170877       -0.689990697638721       -0.316534895869796        3.690851788152151
        1.295190938655187        0.119494179936801       -1.092717377843816       -0.348575619513457       -2.542949713663934
        0.878734268549769       -0.108669077233518       -2.206013658873241       -0.245069363013072        1.855429136478349
       -0.333097200716113        0.343348095054848        1.789455237847756        0.125601766927822       -0.482134116062836
        1.339051698554653       -0.433873033179648       -0.546052295936728        0.859603098855337        0.610618925529839
       -0.915833763092591        1.274744758275270        1.732938552881459        0.203090952746509        1.160497741655409
        2.751845918811429       -0.168577681251028        0.597598775540292       -0.666520694645540       -2.707555098942177
       -0.129939361712696       -1.282175932032688        0.762056913726064       -0.767213165910748        0.514156512134439
       -0.915928684388050       -0.286775437360462       -0.573074388741555        0.611726593579393        0.812083767263964
        0.541278941588999       -0.379702336547993        1.240015379007598        0.521882708240508       -1.847179692928224
        0.115649240680312        0.411889743341001       -1.405626956927396       -0.340042984405719       -0.358587626947623
       -0.446574619657788       -0.306787230258961        0.556861896043528        0.186324336397178       -2.308898942092275
        1.087897928339530        0.023844940386567        1.517865283582233       -0.366867940835772        1.370617166931761
        1.470490997528377        0.496538288696489        0.427834861966913       -0.138672496206400        0.236164613229185
       -3.918861008807029        0.856012555089553       -1.089609222963422       -0.132748301976721       -0.410516969841409
       -0.143397741531719       -0.424189158414820       -3.700675976299785        1.083327533840464        0.301186958192267
        0.580161435445685       -0.296921975681038        3.253999182402569       -0.209632429178820        2.549349812933305
       -0.985166262536759       -0.093890432060595        0.529312052780479       -0.647726651812553        0.200781860960434
        1.431169222802570       -0.761598328477074        1.037503867628250       -0.237930657513448        1.167039939051971
       -0.449159650313927       -1.040288981410908       -2.436335169348865        0.030143495647259       -1.272684885024989
        0.808755159417652       -0.156065095908575        2.077959068732332        0.149201034047974        0.914986753577475
        0.110476023402927       -0.069434017628264       -0.679544671850673       -0.221305953863910       -4.436343909722597
        3.071392300787006        0.581173349739475        1.543307237792679        0.673449832531702        2.348496935825988
       -2.181729610796936       -0.141511889683490        2.778393532348892       -1.514744170285967       -1.440020815541534
        1.213092646565697        0.635780802246053        1.814531616748464       -0.786909756601529       -0.031384973537397
       -2.324528686350837        0.605373025847961        1.267669609392480       -1.696906032656276        0.326426761082307
       -1.120708998091727        0.225607471841075        3.144371819646687       -0.640118776551408        0.048763903129443
       -1.567571516780462        0.508687018047102       -2.006347188070775        0.518772471495324        1.143877673571046
        1.117756792421541        1.056917069183789        0.952239128090684        0.183032932749254        0.889759652581353
        2.991655413864445        0.567159277614750       -2.245503027643198        0.153923657314901        1.823016273435566
       -3.560769286258892        1.139250234652999        2.977107039614230       -1.392070693040374       -1.101290980355321
       -0.010748532825058       -0.167910937179291       -2.493298522979853        0.248808846463204        0.017734599882046
        1.417760158516880       -0.510287810957348       -0.899856241164058        0.456852019877863       -0.335263154931437
       -1.599933733130539        1.204553985687797        2.958532450090559       -1.243688763906761        1.203111263467353
        0.215383776363971        2.283299172380016       -0.997369990318126        1.323855083076328       -1.081261926708629
       -0.253958887494747        0.279785288128203       -1.560903343824189       -0.440339586630748       -1.520565605280830
        1.047530141024195       -0.330424004324500        0.544472626924133        0.863288538930421        2.060286027359939
       -1.018524189860621       -0.060204871812323       -0.783520280278650        1.042980339291256       -2.014029494804876
       -1.987621984471526        0.604780250314049        0.232765484225131        0.026478949713264       -3.863757339667933
       -2.133076040877964        0.248224862312821       -2.204644671311596       -0.731421105200230        1.440012928292634
        3.329576491499463       -0.231509256066059        2.874888244006151       -2.051221586453857       -0.394421771126659
        3.416972235297465        0.969384183425388        0.157711841463638        0.328127569951713        1.908022812809289
       -2.057585523962806        0.055233428521246       -0.125279281861130        0.200670401862785        1.421594574812545
       -1.530695145514796       -0.099347944428571       -3.048033083457831        1.152471488585381       -1.593621121342472
        1.116353241114841       -0.265528068033136       -1.271169132161400       -0.460004206315445       -1.643262183057614
        2.374373322592012       -0.625547876039544       -2.177174096333619        0.278598095814862       -0.754617653591155
        0.471439630438180       -0.953258797266166        1.859515919793323       -0.260322772144334        0.305356063702223
       -0.039141898746966        0.201873565161957       -0.097190477656099        0.375136290095129        0.942290261016739
        1.053399680688758        1.110680831595851        1.137121387570200        0.255000756729424        0.796201639341900
       -0.105286947717420        0.655218950323211       -1.317370929254890        1.331074857049501       -1.795299100532612
        0.497525656977521       -0.918823023962994        2.088293029227268        1.211802161446129       -0.263365006596112
       -1.500349677805055        0.172969974288813        2.400632392424775       -0.569844514692994       -0.208375250596719
       -2.108794949776695        0.661157171840884       -0.821449244214740       -1.278512366307178        0.641307737950361
        0.086076779539653        1.030888399504255       -0.862057328417491       -1.322309039455620       -0.296214439877110
       -2.057069270374641        1.531989797601434        1.313297231473915       -0.503093930167890       -0.407977244111957
        3.161069000458255        0.429775417290167       -2.542797189004519        0.670563182778954       -0.190436914189881
        0.306160426053185       -1.447802067719281        0.631037915737764       -1.349958918330741        1.072561251296421
       -2.550273542302352        1.468821565696712       -1.538272227869986        0.204911799714728       -2.407437504932109
        2.067603073632351       -0.484780760681297        2.219426673054629       -0.643197639258763        1.158724708742651
        1.760230338076163       -0.703991520577809       -0.026570779244358        0.746010845154766        1.314050168038400
        1.221646461919962       -0.056959870253759       -0.434340790379141       -1.343668530270017       -0.751702610636675
       -1.838810443683150        1.414683551633063       -0.925103355465248        1.492768899353206        0.921613136535670
       -0.980477583035389       -1.988516927365128        0.312676642545517        0.953550288349068       -1.293318562393113
       -1.251582021195228        0.218469701786280       -0.376562090651622        0.197160925058040       -0.842844578315754
        0.565206260367812        0.023575176927290       -2.269907247437246        0.153521360690341       -1.877000331768684
        2.180839973513155       -0.221431095203966        0.090786994102624       -0.349065128750385        3.995541466077456
       -0.973832172816265        0.536742672137107        3.019358933521662       -2.809451812386188        0.838924251527769
        1.132112640324779        1.473976864092114       -1.933615841559586        1.926673055273576        0.314884702007592
        1.177164658805463        0.241932191608745       -0.086324181363282        0.686306642825941        1.417938098478096
       -1.280357881973290        0.633453662989406        1.635288162302397        0.763176545674021        0.165334600527053
       -0.416721086850351        1.096668512669750        0.326427621467423        0.922996183263891        0.537163581697083
       -2.690212383570360        0.225978349994030        0.661747842144481       -1.267220842694923        0.200550940833436
        1.043935010404147        0.318160808195230       -1.313112484534101       -1.189396486866726       -0.162963190214669
       -0.984952806940287       -0.169585668877860        1.491508989692684        0.555421410760584        1.725512857846240
        2.416325386768463       -1.141318377856057       -0.298748642051337       -0.728433171684692       -2.275241383172365
        1.418488057951053        1.069583644346841        3.628744523067411       -1.197503420408618        1.829843216963483
       -4.480904549548744       -0.055208544160541       -0.191344468306162       -0.655661516767065       -0.556870097330932
        2.059602060800741       -0.674204117365173        2.636236236358354       -0.444369634609970       -2.635280138541064
       -0.057166421853770        1.388144714003165       -2.904981355280902        0.573636157490324        3.013416648759736
        2.041935784093841       -1.512194353136288       -2.197923454602388       -0.917690349452357       -1.211968616824395
        0.367753788574674       -0.041527826028078       -0.367986695222284        0.607245088371357        2.022432026138245
       -2.012718897247459        1.024574594031179       -1.932020997032570       -0.458272931357943       -0.297757280884234
        1.512915759394253       -0.100118000213146        1.375673020147125        0.113600592996689       -0.053531592937915
       -0.534478125276927        1.301339673698922       -2.623719406501817       -0.583718465246009        0.075085694420461
        0.368833236414191        0.559127689162371        1.340443925567601       -1.063251822819914        1.216684419563152
       -0.417198085583991       -0.840879550245709        0.516066520376678        0.848994798911150        0.284688618021728
        0.724273289621762        0.907169297219994       -0.231357283899771        2.048505885669186       -0.973222624475624
       -2.186106033601037        0.638252004190104        0.360311568394071       -0.642317542400216        2.585917072034839
        1.931725583013656       -0.075175917905411       -0.011232873826196        0.895733779189601        0.514732469452812
        1.860307760947763       -0.684236770711370       -3.350664482598930        1.001934795772744       -1.844343458588719
        2.163303016099378        0.675177379317696        2.411176137306293       -0.755676706151510        3.693549540110874
       -2.588686359323696        0.253680921391647       -0.005072170973332       -1.089139070151889       -1.230443977407943
       -0.553586417417057        0.634670107274505       -1.882138971387529        1.394978238277581       -0.711794310619179
        1.198617943011470       -1.652623296886492        2.754028283167276       -0.610641492079890       -0.106523121065656
       -0.346124923139014        0.148530958907179       -0.261268189079876        0.281541881664426        2.919077471876544
       -0.703159358177768       -0.927921274863040       -0.599034759246540       -2.141308309947699       -0.166115871207148
        1.197520358597368        1.160468191377086        2.436772810186233        0.284648939611260       -1.968180605015847
       -0.613648218681375       -0.767046405552877        1.229987034249787       -0.288053368633237       -1.756456472183811
        0.992753578232122       -0.688477224848360        0.388168551553871        0.376391701030123        0.580373927779112
       -2.946399211979260        1.576760065797547       -2.021200973018326        1.266358683486992       -0.739586215014991
        1.007758117276581        0.902243835096785       -0.311235273768688       -0.424452041252796        0.544576770960223
       -0.273384919093174       -2.362592950029129       -2.745356791050285        0.343494301401637        2.447887607735796
        3.085520217012808       -1.068587138282733       -1.841173231600422        0.356548035524325       -2.212785711011443
       -3.707443495450544        0.989848499966982        0.288832413640585        0.182240276033009       -4.346541697468476
       -0.206147463463571        0.420591597802627       -2.137215006678939        0.511504149513647        1.326360080885113
        1.569666492953347       -0.770186169750263        1.395228061247963       -0.570446698718691        0.874215785288688
        2.198020461100002       -0.665871450703431        2.319705055767443       -0.441657509201658       -1.276344460680665
       -1.307915438737425       -0.114760998103327        2.682217992551625       -1.240568576962525       -0.612082073896824
       -0.256799951349182        0.883532307534127        0.920703050425962       -1.614575573030691       -0.575505066067169
        4.466141129980582       -0.167613764764581        2.127831394213067        1.006411027550086       -0.900803357098426
        1.219341070266811       -1.205100441321466       -2.313121387930218       -0.559518409372447       -1.501082342835703
       -3.853770145609446        0.792853780904258       -0.073011828360835       -1.263520424693351       -1.805978243607126
        3.104329212548423       -0.162981592909816       -1.838952283189113       -0.422620421446126        1.622849695558038
        1.972315328327056       -0.420870260014909       -0.366313986074809        0.627756487006995       -1.555156631593554
        2.361228430084104       -0.398022536130078        0.925811965885939       -0.496308411129002        0.181117448400757
        1.381104655905275       -0.668963342257095       -0.496739756498506        0.044696506855135       -1.541447779101239
       -1.111912863082666       -0.418013536630048       -1.875749794350127        0.905867900420054        0.299387839058094
       -1.887073893031985       -0.130305079723860       -4.259351533113614        0.252034463057133        0.462357946851625
       -0.553695125173476       -0.813788772704717        0.579503168320122       -0.738373852133671        1.864879085078051
       -0.550757233807152        1.009890706568970       -0.405986651922475        0.707616349327716       -0.035045492585914
        1.718906979026464        1.446236979930546        0.292093953506431        0.356070466647141        2.279486370259103
        3.218878712400272       -0.427323249158554       -0.281014559157866        0.135992155137832       -3.547931828334769
       -1.693797653179411       -0.774497583578416        1.262100779076907        0.955258002283822        1.079457202848180
        1.047865456942362       -0.790080035277396        0.415394392086541       -1.079474988495270       -1.592770683992392
       -1.657429273638560       -0.396118371002335        3.168565210688373        1.394160783313624        0.282521220291491
       -2.471343513807527        0.599689972135607       -3.808017626494581        0.024611184577431       -0.374601007049966
        0.206744035171661       -0.364285706453045       -0.024130868859580        0.066789860671462        1.271770951972907
       -0.247355947131060        0.778287821268952        3.069733689119095       -0.243920633086764       -3.299568382750531
       -0.680371733910525       -0.231332583957426        2.685935593313177       -0.092564349248762        1.976087050329881
        1.113026323791250        1.280657062569045       -0.549512903361537       -0.051838800457082       -1.583802082012342
       -1.877147161331451        1.557235458183408        2.399026788376338       -0.752481164440018       -0.723115527896729
        2.061600898132958       -1.223494123172859        0.853037448478370       -0.135554104850364       -0.624329803010940
       -0.811382641252358       -0.572283718189018       -3.507281753055860        0.103857823710038       -0.133773840829431
        1.259216581519978       -0.481201386314333        0.705380424880492       -0.450748537091178       -1.121620482915446
       -1.470816816304851        0.847017801404323        1.154104068229078        0.502316338141940       -0.452174190487687
        1.326378503981901        1.099847179266437        1.189404440669491       -0.703730908476500       -0.194721616731016
        0.298469803914805        0.277610882680296        1.867473657767244        1.855775527219738       -0.244485387445428
       -1.384675854056760        0.834995755467921       -2.501931313337430        0.120023314186595       -0.074119441538168
       -0.249141570057927       -1.414233355171351        1.565779329084091        0.153264539633738        1.083004406217104
        2.214405350539828       -0.131892147356162       -0.445366518890503       -0.396089629430922       -0.796999778726208
       -0.052567458890339       -1.139610333789588       -3.607241823512622        1.241779268001291        0.028748230893246
        1.101764750939932        1.037736664990264        1.889284989055095       -1.349298486755639        0.297168919813679
       -2.371483717339359       -0.109765999865898       -0.031735653805618        1.148603252966519       -2.314086643778495
        1.011283639265574        0.271411470641314       -0.085722165278319        0.558277405746617        0.634989601856562
        1.861093454785227       -0.860598849601719       -3.641676181705297       -0.349090783867745       -0.231668130124708
       -2.919836597219812       -0.089747621292743        1.645515086837684       -0.703571423647236        1.395522682779473
        1.865936513099660       -0.864591759302505       -2.012694517410337        0.765833188610425       -2.889795802904014
        2.528859772236935       -1.166108134656802       -2.708801952466885        1.153720504907921        2.205842309035056
       -0.050873144470893        0.749736120870976        1.178038997246804       -0.399014235566714       -1.394818160218555
       -0.085169653767419        0.235752194641095       -0.201713145144295        0.496615401333264        1.228782001529183
       -1.307508488086495        2.182532369573686       -0.561187210969685       -0.604179258209386       -2.494750834443259
        0.398496394593348       -0.093412554278320        0.747810017136744       -0.554908132658954        0.394419008572760
       -1.230927097356709       -0.644495824309017       -1.678768750196269       -0.143172980901596       -1.113040899560191
       -1.617429542906214        0.704073204305980        1.815588041228145        0.792523927177059        0.288653465932483
        0.679712491635549        0.542371673808688       -2.536498246577515       -0.109753295320558        0.314738849736678
        1.021710819774741       -0.752237702623383        1.390682899666417       -0.867897562185097        0.691860659557715
        1.854296533086983       -1.678880321853721       -0.565044943156758       -0.107853794858024       -0.430526358791254
        1.614130653219850       -0.040669367920396       -0.682367548945567       -0.694230521958692       -2.107778440067281
       -0.510856865593900       -0.880037329542029        2.318399565286119        0.442479452335988        1.570701106004457
        2.920528071024072       -1.029262665543524       -2.734143171841307       -0.329965259015295       -1.022703997345555
        1.359917244048753       -0.179035803492918        0.653799816686771       -1.035700409861672        1.246405027413650
       -0.207858075404039        0.519601740586060       -0.510678455422378       -0.802626531552572       -0.751660385603196
       -0.150477398730074       -0.519123681175253       -1.661378723507231        1.311615839349451        1.011858705372284
       -0.836430733812854        0.578567796676120       -0.212011756462497       -1.060136872676954       -0.684401194166891
       -0.576332948576185       -1.097729651831722        1.809513551236118        0.577206300815802        0.501561361757920
        0.845963379776624        0.455005250671413        0.514563941670569       -1.064127157383140       -2.069661116092302
        0.278131434374059       -0.537352741766383        0.313265375182887       -0.177185738329688        1.243828063449548
        2.534007431467253       -0.177407315429432       -0.917022977818636        0.500714969250318        2.328435361018275
        1.199493578596140       -0.493003493205649        1.147706445007084        0.178627176845483        0.915935420991623
       -0.373198171126087        0.816934677503151       -1.136173723561166        0.800531416976757       -3.396799134106911
        1.107841415986769        0.600214887416642       -1.065936693561875        0.790557788977702        2.633593402326860
       -0.406999259051018        0.757430139572873        1.488981197445383       -0.776247370046178       -0.309089862635463
       -0.272998639327781        0.555882954595807       -0.830917671473474       -0.739889021863131        0.713308006073629
       -2.242132729885707        0.377806710785137        0.133189498091340        1.144340476275804       -2.081331483861034
        0.621941453398456        0.269814909848645       -1.684166722913121       -0.416038421678507        0.338873597845933
       -1.272301993330738        0.213663814392926        2.546855971809959        0.714564293921291        0.126871082999983
        1.249734986113134       -0.592879222285156       -0.592142307913191        0.226510926321620       -0.978978875236829
       -2.561358214285779        1.267312838095048        0.952247670658125        0.323155508155872        0.903147089826699
       -0.278246609387634       -0.825872934292000       -3.833116211226236        0.896844837647091        0.137165839131333
       -1.932084738190727        0.944187206447227        0.053594012037418        0.353696932841840       -2.194251576834321
        3.187839765018929       -0.249340836950316        1.738420921236166        0.577768620884582       -0.120414068871180
        4.236402736461915       -1.433569276628059        1.627949297120780       -0.450041504639895       -2.024786296378152
       -1.775965496959758        1.253340937822003        0.309530613539671        0.877013654274552        2.067246571138432
        2.358338031600779       -1.066754110726651        1.826663773791004       -1.839324769671654       -1.498811757693839
       -0.761666107545591       -0.692923223082652       -0.306482610228406       -1.019485274420335        1.137511835078165
       -0.179187024176175        0.474737745655671       -1.578648320342643        0.852092349487238       -2.411284909960870
        2.083240511581574       -1.474713020648090        1.886352947566857        0.284208034525405       -0.057635670405817
       -2.117828256619887        0.052464215347708       -0.123148685313389        0.308693284257911        1.853485560456340
       -0.859601816689187        0.193330502657029        1.751050373638021       -1.290631960713424        0.403448060357538
        1.653466538084965       -0.988175905405414       -2.256764434754417        0.937989213601632       -2.823023757849990
       -2.009372381213277        0.001442065583600       -0.615370673131434       -1.009512091691626       -1.432505431716404
       -1.154244599500864        1.055545384777769        1.119558797795945       -1.399917272849721       -2.641131935495373
        1.150953980440969       -0.155244189882344        0.204622764577341        1.204630525036314        1.669105916913701
       -2.551380945890042       -0.539380176115353        0.898737778578434       -0.803632910577257        4.037903754235961
        1.466214068190463       -0.443730203503646       -0.148026792866384       -0.560556560891175       -1.885389568176436
       -5.043492313047471        0.671804584039955       -1.031246916627434       -0.854597079280187        0.249443068576115
        5.088663014781822       -0.543112854107982        0.207418993118489       -0.061581030786735        3.183928460819995
       -2.332421921350000        0.449593905204356       -1.446724502447170        1.366673054837081       -0.759097363043837
        2.909765687437730       -1.207325253918645        2.467548442254604       -0.993357127310840        1.048420207912326
        2.731336833368835       -0.795291311205151       -0.721015309249408       -0.580377995541098       -2.625120913006327
       -0.015527051619163       -0.078524645253895       -2.008794371084207        1.273430320366531        2.116151756465610
        0.269457653489459        0.314088937425506        1.942833864678267        0.229818212391061        1.579322161150219
        0.243515031548424        0.351511549527140       -0.108677819734228       -0.730165316983252       -1.166989653477085
        1.535981213695548       -0.194257432330335        2.098787656131039        0.065623820374159       -0.780134314707501
        1.180194515188607       -0.037021410066089        1.947250643941822       -0.827328740198301        3.883845768145689
        0.194122496229563       -0.315564816584622       -3.977592049388750        0.253872462248904       -1.240622873869292
        1.499213069603240        0.585745398983313        1.733655542984480       -0.405511663887679       -0.532378306661426
        0.383292712382507       -0.515039788350979        2.657690961751999       -0.581910042991873        1.354096563500069
        1.166841812559353       -0.430565128070747       -3.723369962164124        1.149579879654971        5.160263664934963
        2.604380589148713        0.738436323871902        0.269274787622189       -0.223772722809878        0.514583061950414
        0.920726584802848       -0.147082030911915        1.091268255535349       -0.721304922626374       -2.296975575877999
       -0.976015055646422        1.343520503836268       -0.173183673967905        1.532536267467816       -0.156003007231377
       -2.636367983026367        1.992375076855943       -0.065461757358971       -0.332962878658505        0.434312721386902
        0.301977457378129        0.514953552835181       -1.898616945059611        1.547466769444672       -0.114429231017331
       -0.744733062599833       -0.147745115187805       -1.016283610603326        0.441055088976072        1.066524786508279
        5.117787518607472       -1.051037937569880        0.113387465984322       -0.758283783510884        1.887051489846467
       -1.046226630425232        0.750393651602622       -1.304866560910680        0.729412411041279       -1.678093816391295
       -1.134317291255348        0.954555222238042        2.558394992669102       -1.665537164816525        1.421164657584127
       -0.890626098321276       -0.699935135048648        1.457435852276692        0.594187847239809        0.263819785604174
        1.062266916704124        0.087788150211229        1.305641763453213       -0.734517028435789        0.640700108529456
        0.701388231655320        1.419818183782176        0.467950515684006       -0.629013893686465       -1.224618674024694
       -0.212944787137086        1.105572647002594        1.623646748965904        0.689033829427830       -0.843083960084324
        1.201783346923482       -0.848875949187948       -3.865884701371592        1.215992703439195        1.043814421329783
        3.045570764292323        0.475458359471716       -1.476809538433485        1.118257095056670        0.612688384769681
       -0.182003571506795        0.417375254895996       -2.291910779039439        0.724739733325730       -1.817371099885232
       -0.180272534934569       -0.075687323486450       -0.250975454452145        1.746172756249782        2.530733786564304
       -0.122566446311846       -0.861861894496128        1.827504140396575        0.671743243412008       -0.758422737085687
        2.679389627343649       -0.436057706952890        0.219102964034440        0.890552688755110        1.824554295933500
        0.485282197312067       -0.377652681343790       -0.086679493763015       -0.967190216671719        0.568777598569880
        2.046639013710711       -1.284406402258935       -1.119650917686939       -0.062339513630049        3.325897140322165
        2.539571697735651       -0.376085003094534       -0.362690619456059        0.728002979542860        0.794522750271172
        1.745926800416398       -0.170205593828720       -0.441719933298723       -0.185041199377101       -0.897259721297375
       -1.694229642099369        0.275013582012834        1.971978721389239        0.679221277000526        0.810631858888873
        0.218673310863215        0.861185957852656        0.415742776151514       -0.559048767970856       -0.584895671175266
       -0.868334826475185        1.019037626068412       -0.917177219017571        0.113502539849889       -0.003716104627720
       -0.787765269902965        0.667636522968024        1.107832754100868       -0.218502631183966       -1.644028604325684
        0.779461871712142       -0.415775668775078       -2.549540740775263        0.075120114433125        2.987948609953028
       -1.816195755618186        0.074669703569143        0.787049033562998       -0.768366678416780       -1.006425494111240
        0.134196551523151        0.585529136005709       -1.449298265043097        1.038519893207444       -1.347139706480336
        0.479708830200952       -1.057531192557620        2.988084811669104       -0.781258275515299       -1.792316272120527
       -0.135257353267959        1.704030021369050        0.220718488100072       -0.147476270667285        1.070263063744620
        1.042795282281074       -1.212122509917820       -1.095850245790995        2.109029232936795        0.522335409670456
        2.028556351766691       -0.224520794527626       -1.280943088549433       -1.064709423134497        1.998749060628986
       -4.451123568035098        1.281243041289866       -0.214945129175053        0.914984938153180        0.512956602050966
        1.014630522742457        0.401065257917371        0.869335895270453       -0.533144170361041        0.284238815656032
        4.065233968772343       -0.646694909940310       -0.639752528761638       -1.240191224052094       -1.350329895834548
       -2.098162918383128        0.615611666962972       -0.450796014831147        0.310679490220019       -0.869144447928521
       -0.538007942583551        0.964988012530030        3.346588838050783       -0.711425638425541       -1.427632429642292
        2.090097775308158       -0.347311687890198       -2.024222226740224        0.855099101626378        1.280113866641081
       -1.777541508608265        0.095140072746256       -2.307909554778971        1.647633312372760       -1.652717913052649
       -0.335175361040587       -0.783593512071741        0.315556894617683       -0.841170707729960        0.387470957450878
        0.934602261277416       -0.245782907736361        0.203196039995160        0.798038792342450        1.518920408813275
       -2.244915590728286        1.307150179549330       -3.837049225057585        0.422489207266891       -1.994395557516374
        1.192504163902590       -0.040705618365756        0.419695207867449       -0.603142467740593       -1.407934298412922
        0.451924463252311        1.134956012675786        1.234874815665852       -1.225831480143757       -1.618452735725282
        0.697236602995067       -0.344981815064583       -0.343315756547317       -0.603811380422873       -1.352995353027652
       -1.492974537812433        1.279984567303553       -0.939477159396063        0.559424300790705        1.992639340352274
       -1.863298845324415        1.812150341014960       -2.151385328360824       -0.188822155352937       -0.983609724280436
       -1.271644611301860       -0.167328132127440       -1.660117175358535        0.773625217657143        4.121728576933903
       -0.071800625532849        0.074486465734039        0.968312246138359       -0.921691759662011       -2.043867557501373
        0.672379554938006        0.021775836755545        0.484711093727077       -0.899489898103838       -0.868516520671520
        1.631657168077327       -0.087144255570802       -0.890188385519917       -0.880740035995997        1.309471301622667
        2.545552660547832       -0.942266517340080       -0.633810681840858        0.629479967379345        0.705893112570207
       -3.198641522099387        0.179005456296664        3.602188286328880       -0.804936552824317       -0.998821856933174
        0.381589950878400        0.169089825163981       -1.186162832154891       -0.515539479697841        0.774641512022120
        1.039853203461043       -0.624148830372583       -2.047062200237332        0.457572474851834        0.564610996501585
        0.463035868842184       -0.647994527406559        0.255111808246207       -0.870530146269724        0.740044438885069
        1.602553380306870        0.602231011631674        0.468237632025138       -0.227370919705093       -0.101842783179323
        3.098143030446855       -0.590889631358884       -0.869093646036709       -0.721835087005677        0.333129806228106
       -2.614565740253605       -0.534069204372814       -1.784830579867567        1.035219505298676        1.706198279078188
       -1.559838759904888       -0.114728979943828        0.253709213642072       -0.833621112986874        1.220778907580864
        1.616478693404967       -0.896017801017332       -1.177878328929534        0.159015522282519        0.899124708970984
        1.841205070106386       -0.913035335309489        0.789230750661108        0.386568360068085       -1.863591785679062
       -1.980768106339925        0.259647663599183        2.913682196699550       -0.340188055793493       -0.375140289028107
        1.398800579907875       -0.074674979165271       -0.851107679357293       -1.305940000253097       -1.111562938638454
       -1.590430969133155        0.389280855298015       -0.972273487408557        0.378476448875126       -1.203565158952400
       -0.328891073953753       -0.392924893509616       -0.668488830664600       -0.730916002204048        1.393694040086087
        2.743756873863810       -1.828501303810670        2.376644097917674        0.590194191036352       -1.933273385207564
        1.149206684133892        0.085424070611422       -0.701673127896913       -1.638273812554172        0.829510884230512
        0.165284221581647        0.804197052549448       -0.904954373308816       -0.173498866897294        1.419801008740303
       -0.010169488375814       -0.589491508731399       -1.088662307959185        0.194298205024886       -0.805247959044460
        1.351696551592110        0.437943697340415       -0.341973141030161       -0.905418297449626        0.885461799796174
       -2.112655348663988       -0.269782818754632       -0.380469886696283        0.159995648295481       -4.239932169338589
       -0.407479457165136       -0.968461333951338       -0.848472260863153        1.180871023857673        0.701197235910413
        0.758914572667715        1.867472288386691       -0.989619533530213       -0.107316605993009        0.225386886643327
        0.903224878001052        1.081573767455245       -2.591308408392673        0.557912133832057        2.760081379086266
       -0.196341236882352       -1.238975848337606        1.613786257791026       -0.697280867322069        0.557991488109880
       -0.188315320658871       -0.507462542189524       -0.542288050021176        0.847101342449352        1.452925708274069
        1.260147124639730       -0.051864109531815        0.264661637289245        0.494809203267266       -0.659995453063266
       -1.930594676752317       -0.924709036668405        0.972550661072312       -0.934033674072031        0.070144766311900
        5.258418008961730       -1.424017409046952        0.336393978513573        0.542080156746493       -1.131335022359817
       -2.517010187644655        0.866293442285887       -0.712669862715690       -0.420990355075968        2.078729368042813
        0.938981659567666       -0.078469545738007        1.620291799988148       -1.211700880934753        0.017208805797569
       -1.705947379523107        0.312522154383129        0.921794707819646       -0.314159017455372       -1.104298826188872
        0.871954023325240       -0.327404370997404        0.494131569062655        1.043588724497571        1.508988452479817
        0.170636868474365       -0.305222573951098       -0.005896625776280        0.876736872707705        0.856715258490138
        0.679334814440485        0.371158505419946       -1.037865190664103       -0.410500668527327        0.028172971391964
       -1.343577138275067       -0.204410766196532       -0.151888916733774        0.967466979386068       -1.002461293280019
        1.590675111523524       -0.468766592088960        0.518024939956373       -0.914828104778776        2.903489118890943
        1.135978434250166       -0.016982840354598        1.476653069607574       -0.161009649149632       -2.791040401748837
       -0.949238282635797        0.344914398794764       -1.578953684317662       -0.935237816246683        0.552943686295021
        3.079743111558078       -1.698430281918502       -1.040223488519894        0.319183492345284        1.937193917185728
        1.479991627827129        0.271124860431456       -0.450380073972091       -2.064875653492954       -0.692202478864550
       -1.221544010289008       -1.379560570836866        1.138302188510112        0.772361347302579        2.185274770460353
       -1.165634580019101        0.332485796611282        1.790168959076892       -1.684124317565548        0.568690737303642
       -1.453608075704168        0.773311975582171        1.841232847572077       -0.417748713623845       -0.044221486261659
        1.089441644503555       -0.555666993780483       -2.288524889214700       -0.346399919631477        0.238019872093390
        0.231459845524055       -0.107456461335041       -0.897787763703583       -1.287883705256274       -2.278323078030638
        1.651303525903689        0.925297600321799        1.053421642085542       -1.736090706067669        1.043556612194718
       -0.831452919438991        0.768728805178685        4.598937130465374       -0.824609100690985        1.301643173209852
       -3.175002553792394       -0.073890951625330        0.046299944672445       -0.726473064235529       -1.769902519823579
        0.994524669675384       -0.399291985782135       -0.311414794902426       -0.900553106926553       -1.594118593366063
        1.961224497306906        0.461091429959948        1.591521871397662        1.349351062996815        2.037052871989799
        1.252941197726412       -1.376993913684400       -0.129601795286017       -0.352043887367254       -0.976851507461012
       -0.942612724126020        1.064140727244395        1.912528636574961       -0.926796521962855       -2.339188447387720
       -0.369274824484741       -1.005903111323514        0.653629291210052        0.598039741863044       -0.395765576194221
        1.453253151878822       -0.491502968084941        0.438752049985122       -0.193245944103662        1.988895061066889
        0.389731894929930       -0.718205602634492       -1.076662578169687       -0.471519197849401        2.263663366670961
        1.807403638061305       -0.345555114674135       -0.238014342363591        0.174539996564100       -5.555197789010777
       -2.019343454453301        1.944249702656864       -0.504245364951806        0.726635279956360        1.117570060642616
        1.116500637818088       -1.528141334802665        0.489166499309536       -0.054126628331495        2.265474361755464
       -0.028988661921400        2.149149396186362        0.164757076255194        0.444253539567760       -2.255808648170116
        0.728660622325116       -1.413219369178651        0.683089230850919       -1.268335831191636       -2.835281439108673
       -1.204035282099245        1.195829818107087       -1.867583993846042       -0.259328171327429        1.639075348669753
        0.300053833792047        0.636927170696525        1.381023006820154       -0.012657508692394       -1.310273639288200
       -0.600390791213210       -0.528624224994043       -0.738162975895483       -0.506145044853674       -0.331439259542107
        1.291088593721970        1.354822454103492       -2.984820845665796       -0.009676956019873        0.425316997559212
       -2.063882513684200        0.375245392420842       -0.515182217233804       -0.025635221425863        0.713365713126573
       -0.619685063795339        0.054673669826331       -1.215765149824424       -0.457671448614179        0.369159474585050
        2.085435486454565        0.834220812829244        4.606637268514161       -0.147143015101478       -2.980503978629800
        0.243706076682964        0.475859210403633       -3.701531206156216        1.302434384028866       -0.107164713983195
       -1.739441799293082       -0.326158152474300       -1.609042301648780        0.092860448323105        0.053989359876098
        1.332898031436505       -0.023396934127460       -2.420425227998508       -0.223056678302753        0.755650480471680
       -3.304175016249111       -0.430387620278092        1.314293654161299       -0.437479272291964        2.485799042282660
        0.630255919145895        0.330762683093917        0.277604802963189        0.074205022088420        0.352537911927948
        2.962199729942219       -1.094329325949434        0.802135378148308       -0.284199846549503        0.233835959399408
       -0.160197924627958        0.696653760064385       -1.743405129328144       -0.499540185684200        0.635998174156489
       -0.077904201937249       -0.689908331113258        2.316269884235019       -1.658889096739638        0.240794369222950
        2.776815542781777       -0.003265977882882        1.609106002374477        0.682365390617180       -0.255572307096480
        0.194706419903882       -0.138918253950964       -1.158458292232649        0.717511574369420       -0.234495688817910
       -0.341784938063422       -0.621824813446699       -0.647922582509793        0.427479495489070       -0.883070748554583
        1.457304321896005        0.377291921675468        2.395934323457185        0.067011917308860        0.037097955909043
       -1.083460239308747       -0.876732654320814       -3.948243112476121        1.498017958198667       -3.680116827378075
       -3.064271714161004        0.439908274697189        1.371959694878081       -0.887598101881452        1.301936102478899
        1.624289140728750        0.839700966980650        0.585844019464098        1.154642964151015       -0.741132260842517
        0.669425719201214        0.040912272040301       -0.204012492337395        0.099703565636293        0.059574297136136
       -1.484593455585167        0.074062111428274       -0.013478946045564       -0.219492883629798       -0.002442439184295
        3.403283249611530       -0.593216825888568       -2.134307228317784        0.445247441960273        0.070296904862760
       -0.674674234018163        0.622921727721442        2.518308726091754       -0.533821387612077        2.045222413240851
       -2.891992614447118        0.885105037998507        1.973528022913668       -1.252323783903477       -1.585654327335418
        1.469202563219639        0.189203729168357        0.456091506032990       -0.850249879429167       -1.042942907168387
        0.711831857247596        0.276666126719130        0.319801423816588       -0.383176438302022        0.423690851687887
        0.294143508275018       -0.759443631862955       -1.056573988327669        0.677631893234583       -0.152056590064858
        2.410023905147012        0.411613943068526        0.724824094291395        0.240967624979857        2.072674806076328
       -2.981285609562750       -0.600699613992269       -0.235119548929636       -0.375708528082085       -0.167105453666240
       -0.028922127901403       -1.094182496058335        0.187874261377710       -0.168980870544514        0.040899197036930
        0.080066615783029       -0.625700010901635       -1.709478246302196        1.853130426445235       -0.469406846440966
        0.464742082156970       -0.872721550494319        0.916818519528697        0.314401634608128        0.897515727299668
        2.196979365706437        0.929667582272341        0.756509791613240       -0.649144937230693       -0.414997974690528
        1.114611493374292        0.139915547655194        0.020120410716738       -0.902850399895703       -0.498257065435433
        1.026474036310188       -0.401659214264978       -2.063684051638077        1.273140341051347        0.024707264352963
       -1.472860107274433       -0.442204328321815       -0.985240989386898       -0.484733285200471        1.600258687169988
        0.495294962967623       -0.222672551621966        0.845352037916590       -1.135110938314348        2.108356087560229
       -2.137021823321041        0.492037572173493       -0.798326484022550       -0.019420777274157       -0.409340887614764
       -0.032915899101416       -0.039264894064154       -1.588968149835793        1.551352622350667        0.574060643431155
        0.959309075231767        0.862524123862518       -2.365657561978548        1.496406675222392        1.994219057079044
       -0.241378607411452        0.141274356688168       -1.946713779586158       -0.214896438627427        0.732940106646587
        1.055028890996245        0.429335993036626       -0.623771883406473       -1.148072786040394       -0.741683297235488
        0.422200931991755       -2.075892639532067        0.090492728099840       -0.040496379722704       -0.833248606958208
        2.550876496173297       -0.026775054888022        0.499755858410509       -0.215582809780769       -0.986103301081999
       -0.847242413953476       -0.066161508972648       -0.640734234062256        1.264843979279546       -0.751026093543958
       -2.937917493077900        0.293919715369707       -1.752270549149267       -0.367415186677542        0.703955634687701
        0.642720946999384        0.087670263054229        1.773022214594996       -0.519338241531864        0.661792842296557
       -0.826541585872404        0.676220590746569        2.036385887550172       -0.416313598913839       -2.743288642471433
       -0.830389514738023        0.799923405739229        3.912779316293370       -2.311528587490668        1.627490865363043
        0.310827343291958       -0.693810824494748       -1.243736501217908       -0.225147550727938        1.158730997378171
       -0.595671482416280        0.572641492864306       -0.233449180395811       -1.516694042796855       -1.904174813371095
        2.981021028083671       -1.159336841521840        4.112810589274380       -0.230037350368850       -1.339046817500092
       -0.460027229598196       -0.511156938363665       -1.004251664701717        0.083988678491695       -0.343863951041497
       -1.404802782092056        0.936653344150467       -3.155715989855863        1.304462400422583       -1.648147779961624
        2.767153392576768        0.152720975603361        0.453886234900580        0.817450692986032        1.952469074085866
        0.837899164702856       -0.139265134873469       -2.614202091068320        0.452363898541247        0.086211784886857
       -0.747003435346047        0.836584180256829       -1.615885658868642       -0.986615184832750       -0.081337022955613
        0.875592548843794       -0.653826783002456       -0.240141783510840        0.789755768274127       -1.803424186807814
        0.816621037938642        0.978551624721169       -1.000130171464005        0.114543943843725        2.093283518980507
       -3.127419593498702        0.022459718608332        3.110716314419146       -1.095949146664244        1.507448997851318
       -0.178763199650628        0.661130370287026        0.569024769508983       -0.061032124495999        1.220888281772603
        0.118248316043560        0.235059661820914       -1.114846250806500       -0.663174604365958        0.232594713929453
        0.874522525821441       -0.840094666834252       -0.834654171930703        1.120821721043121       -1.047004847855367
       -0.674152733480979        0.661856441367760        1.372762080659901        0.038378744312462       -3.247645659761162
       -1.134334882571612        0.509797437652517        0.561673028741733        1.133214406875555       -0.303739278534666
        2.153549347420867        0.082933014697848       -0.282969596556110       -0.436166052926614       -0.373739942758504
        0.430505914302296        0.464987427484313       -2.647136082049541        1.278147974051010       -3.957603504266473
       -3.268924273886839        0.492051169749692       -2.727067464820994        0.625097361698906        0.051592229386466
       -0.986732199287154        0.690791879062269       -2.421952546950325        0.822060991986543        1.484290874921946
        2.123000210355642        0.406532384727509        2.449108329842552       -0.649895350005925        1.587274922894049
       -2.036672373386079       -0.538276504485791       -1.446416373173668        0.091933831573366        1.063252308169420
        0.780268538778603       -0.259043518106385        0.493909285461682        1.170369267298346       -0.623024152292188
       -0.277382713334703       -0.435674832099122       -0.741212046142210        0.498466899830906        2.017215888737678
        0.352630279345014        0.007661401989029       -2.138787668763774        0.027882293088463       -0.278734648389260
        1.774453735975622       -0.406019298372309       -0.873661391955001        0.027040910975168       -1.706667759433598
       -0.009729910024199        0.560969503045440       -0.522427278660841       -0.202116431438329        0.299654264306197
        0.109235943719710        0.500429746168006        1.643560841331253        0.790014889168280       -0.619773277750917
        1.201091229588526       -0.620148084318316       -2.322644704658118       -0.020853099845834       -0.739499034812913
       -0.146391719097786        0.497901125152805       -2.819121779621819       -0.972271323069279       -0.451628394616447
        3.102726390380221       -0.535930363901421        1.788015509543965        0.004120779288728        3.082375854514670
       -2.382162976818936       -0.133543598089957        0.744532474475847        0.961838410420795       -0.963942921495562
        0.839945424499592       -0.131607835302087        0.451172908886007        0.657459375548580       -0.948286932636902
       -1.588755424520452       -0.291149411481173       -1.718174793530456        0.542123498896934        1.816871681289786
        1.707580571133236        0.099263704725436        1.809265740325964       -1.031292114434129        2.217742250817986
       -1.449950110414241        0.619051850634888        1.094591484528019       -0.093906087875088       -1.660808064762090
       -0.776002201940070        0.374960862322467       -0.430325346176574       -0.054485949079836       -1.107834094950052
        0.275484774497278       -0.663265449839425        1.489499847274844        0.507747238847579       -1.726237395904540
        0.945220856898565        0.908188966577843       -0.152761602176074       -0.077436611163949       -1.201139729494296
        2.817491817235553       -0.059115309176054       -0.210675563396432       -0.334001145237862       -0.811760647833804
       -2.163176278948867        1.031166128072317        3.753900645966093       -0.824861641783912       -2.221062053240521
        0.982085800958802       -1.247792544514181       -0.554164828506899        1.561021653535521        1.400312959396927
       -2.327791095666633        1.499998653286797        0.120227630057200       -0.208292971049912        2.689565269489036
        0.606320832566058       -0.429557017052004       -3.470023127834039        0.915005635157051       -0.308765664420699
        0.350369778755443       -0.476968721396466        0.842276913616723        0.232850025920077       -0.485949638116397
        1.717002782160184       -2.281159245352355       -0.243500996922615       -0.033165744083622       -2.415141807873336
        3.478607955496883       -0.708070831107269        2.379487585810894        0.104544154735648        2.270704320092379
        0.304463968794699       -0.675064994576484       -0.615337100648570       -1.165221801929938       -1.143126741382211
        2.468829818642897        0.621051117362802       -0.636940578860488        0.607677888756256        0.303610738743225
       -1.516553863386833        0.145599433302982       -0.878328440898568       -0.599001819617699       -1.181764220968806
       -0.278509566118475        0.119412024290867       -1.910289789738901       -0.317488429307651        0.470630177698921
        0.803766278065336       -0.433979915797840        0.775310460713502        1.730390985300551        1.146787294591385
        0.760472325544756        0.104502131700799        1.445700666115442        1.385610491491307       -1.647191765529685
       -0.973034332367131        2.618709267954414        1.080800470865916        0.033532256546112       -0.528220811174378
       -1.466045561547222        0.817783834016125        0.519129246492824       -0.154695911768379       -2.274031009671206
        1.499384669932179       -0.155347609617541        3.194469781819413       -1.369333642461869       -0.405045521549233
        2.922980665840097       -0.275795449031535        0.998745863688568       -0.796987470054701        1.082161762262557
        0.825049370840422        0.732932079665795        0.673739976051829        0.951384614777578       -1.463938687622307
        0.721054346516248       -0.668053276130143       -1.986738200371167       -1.181309436398849        2.079532907637200
       -0.700346921634039        0.584627084614107       -2.206236100446980        0.555357871683724        0.058994173307209
        1.116606439972972        0.205656279208471        3.586332666541909       -1.155112346323077       -1.847790165334596
        0.222541410429954       -0.441093483165929       -2.164809626082932        0.387304990130449        1.401656093893275
        3.756584370763685       -1.078055578243329        2.581917372604883        0.671446254201893       -1.192200781261558
       -1.437351563986182       -0.561447452341516       -1.833517028054264       -0.014601863448069       -0.530151507604137
        2.039457475636341        0.585180585710578        0.703671970565225       -0.829691880196502        1.669313152808376
       -1.300632913670416        0.565190628545846        1.713767001462952        0.150444628311293       -4.629488906326025
        0.154841458185600       -0.277902315342301        0.156945262930847        0.432327128664370        0.292032303118466
       -1.191335014644374       -0.294016680611165       -0.564628086436740        0.100860461321530        2.963607524969967
        2.378676666955517       -0.403198261464646       -2.824645971195561        0.132965610645976        0.457007569217476
       -1.467396499681672        0.234232127431446        1.753253950332719       -0.579606303934056       -1.936799063027014
       -1.024926855316449        0.127440928603333       -0.199739158823611       -0.473944307228314        0.078729431664508
        1.718349431904855       -1.343538437365653       -0.656579413164787        0.135165293539419       -0.917574771694679
       -1.088471750963337       -0.290077261850545        0.891607093485227       -0.664084003199196       -0.823871132941770
        0.037668815696176        0.567508646188634        1.895729692918163       -1.657126333956102       -1.080060027091638
       -2.315169324138107        0.289495774922650        1.787214978460546        0.035189306510190       -2.757385848220953
        1.437177367199330       -0.963653300334747       -0.027773397532264       -0.799895493597925        0.988815387353592
       -2.458717983219313        0.183279502869655        2.015995689118441        0.008772727708370       -0.158787957680150
        3.407106476433010       -0.069686033591573       -4.108703345891425        1.168682746045397        2.866164356178567
        2.346525982443132       -2.250514687619444       -2.281151946071547        0.403194819353135       -0.946586222216168
       -1.848576615667185        0.175599446549268        2.121117263426213       -0.187211967087602       -0.938310484760025
        1.143184780501642       -0.003722427375312        3.737538903291200       -1.082169112257531       -1.164873813622331
        3.029340532239176       -0.285835117545665       -3.158120143382404       -0.505184204848108        3.993968368089384
       -2.355308866662515        0.795005134251126        1.442871428513968        1.027619244279287       -2.656060058997094
        3.156206847861294        0.962363328015709        0.809968188624613       -1.050715274944855       -1.129418121114138
       -0.603914357159407       -0.564702977871286       -0.637511022456615        0.147603860145790       -0.283971415789176
        0.404514269998927       -0.005082441693608        0.135501999209203       -1.553564825949807        1.326741819012881
        1.627036811146329        0.224940277020467        0.716751048372029        0.694216198040354       -0.105865897115579
       -4.231422388519333       -0.018475421809342        0.131382021732013        0.131179036948296        0.066251571923189
       -0.385337406918140        0.994223546205449       -0.494269728937888       -0.370935757117501        2.092199083424936
        1.075001122750358       -0.214005509684906       -1.733151264241586       -0.308460925327685       -2.504346312188386
       -1.794170462082108        0.037631675333374        0.691831949972884        0.213242889741228       -0.366864815964171
        1.806470339377648        0.428653840718488       -2.260446443742268        0.370304058044219       -2.287757218301572
        2.186112555608269        0.843845427134610        2.282725121558834        0.896874820262517        2.831217288106503
       -1.162764222971421        0.230557899672919       -0.601560299498198       -0.592690155762018       -1.205616698711763
       -2.074855495229547        1.802571068309813       -0.562255191864150        0.508306513061631       -2.038665275278396
        3.467593533526486       -0.939805731414323       -0.255362247394179        0.543374035428642        2.254573251931501
        3.728515219971699       -0.332521131820434       -2.579223661832966       -0.228426906488825       -1.899316663752304
       -1.161046693131934        0.138548411352418       -0.030314602819812        0.422708916667106        1.089191357878603
        1.573797292757322       -0.140097758890374        0.875932330051514        0.751727828232756       -3.863764233207687
       -1.926754993787659        0.292269547933019       -0.074307907263472       -0.085327068919999        0.075929375184171
       -0.218501033393282       -0.687522234285783        2.016637640681227       -0.370384846051674       -1.047740242278182
        1.627060762972997        0.683929435317065        0.013415085752226       -0.830023765708692       -1.130818695449606
       -1.087041727283776       -0.580300699725866        0.755485237542395        0.077234355271739        2.212986290451354
       -2.320791681033429       -0.096872309550553        0.266212331817836       -1.096708706652896       -0.741702513072494
        1.337015785179035       -1.376954590945814        1.509956041694730        0.539033048386919       -0.229405518866400
        1.809689079851449        0.451650661661491       -0.642874119420746        0.297399140353185       -1.042142741332193
       -0.067649916928642        0.294087277161929        1.646098288262772       -2.116438287909066        1.987608964156737
        0.289967717227336        0.803135764438644       -2.050770220120110        1.802470338024859        1.078068052804814
        3.326717335877627        0.924435531127471        2.107157376571265       -1.015517507233759       -0.368013448918994
       -0.863749943008319       -1.106384348014001       -3.833523622566565        0.790176273041856       -2.143351306787520
       -1.013358040790365        1.683677130595982       -1.332468339738970        0.804651196995079        1.144771356303498
        2.354173106915870       -0.287017070897952       -1.714209245474558        1.455678220785818        1.039683137640810
        1.205907126626707       -1.513181820212906        0.258891351716085       -0.466549446739995        1.248160224539681
       -1.255974434361597       -0.144714599795321        2.829849965350794       -0.948045794921244       -0.734154074692984
       -0.219159597594416       -0.041844280860114       -0.610835662477343        0.789776812711198       -2.683824822924356
        0.743381163336171       -0.829649541188399        2.037358182736198       -0.896177591900699       -3.125159329050774
       -0.466006802183106        0.796906608251396       -0.896465168679069        0.429594159057270        3.158685693059155
        0.691361061684780       -0.025766068008001        0.193995571434328        0.197310614015091       -1.493182061244106
       -1.701742523372185        1.884025670773307       -0.181692984695213        0.004850410978089        3.076732917028726
        0.441077090995790       -2.095088944143051        1.492187960564115       -0.348575080995040       -0.935755375844507
       -1.168167994822632        0.680817747019975       -1.243925967990789        0.619771800172876        0.260076352378988
       -0.570324118457879       -0.232588748798133        1.761164543895558       -0.804223615657108       -1.571997574165034
        1.174081789173308        1.380425582765621       -2.283867020452694       -0.252152157216373        0.231384718784898
        0.182533127081055        0.503374392903754        0.587376953771663       -0.891377737584515        2.430381455728946
        0.466786369687771        0.935365805336695        4.183146217539822       -0.136251397776609       -0.967114147401913
       -0.812434835701372       -0.646107211761975       -1.319590859138527       -0.003843318873043        1.586414939696268
        2.290940237507323       -1.669991193089618        0.508150912478850        1.238978723983940        1.158603697564619
       -1.667304313449637        0.826007170384702       -0.034483203000211        0.302134803477164        1.809830319809862
        0.098968699680536       -0.455029859743958       -3.859525816976886       -0.835669533209151        0.255504405281581
        1.806434824412190       -0.949418214278359       -0.370843282470018       -0.543131065957736       -0.157048636887993
        1.720995353229717       -1.121424784629680        0.118804318460511       -0.637703958301252       -0.507502174165507
        0.068405685543678       -1.576707504076644       -0.498638136200016        0.818177529864746        2.961689788565679
       -0.569525981060005       -0.274137823533715       -0.234795436198125       -0.842035589404723       -4.673428768463022
        0.597202621536290       -0.170791024966601        0.669973072861893       -0.074009543991173       -1.341047638936796
       -0.597796738692419        1.378195609504628       -1.607563273704224        0.123414649355616        1.045795353613996
       -1.535302970110827       -1.076908914338315       -2.017743023237506        0.541710006033133       -2.377946490031765
        0.720071898697112        0.015408582671281        0.745843140351078        0.297678574081296       -0.453426494106562
        0.630391114289907       -0.100171783863506       -0.318476844429031        1.001984806154470        0.908793515991133
       -0.471151553753832       -0.235968082980711       -0.090251682238929        0.119963798900526        0.754359224433791
       -0.820170641991971        1.234026097124810        0.694828058875927        0.093012794964282       -0.582021824933198
        0.279850765484612       -0.375315197176244       -1.921760396236118       -0.340720697469458       -0.463689187075339
       -0.548385662825559        1.001607175101134        1.288889915606462        0.371429825536909       -0.556430563529450
       -0.027839379016840        0.522193580812579        0.816273094794056       -1.368389369196679       -0.328558209915624
       -0.872302810945839        0.734236394679925        0.697388915743139        0.296852683753627        0.944410815805016
       -0.726038278246300        0.659103792348696       -0.181028797239688        1.453323042023173        0.672312147110135
        1.848571420973049       -1.471259823441673        0.295800989139379       -0.423876241533893        0.338548891552921
        2.028948863006574       -0.265805801631757       -0.708118709915714        1.207494466904260       -1.197006440289100
       -0.395843353682900        0.478306210181559       -1.193278958611734       -1.056896756245397        0.721350376918601
        3.011164960342179       -0.675287834176524        0.707824752450584        0.492076414676976        0.576332934291213
       -3.206875061930396        0.748416905361125       -0.822752907210912       -0.240864812948171        1.279845750722308
       -1.596309945696607        1.271292459822569       -3.116896573226352        0.729355784064952       -0.382358917742456
        1.601686882246991       -0.338848826031726       -1.639429161268382       -1.381204093374283       -0.765565726304379
        1.888432325952915       -0.749549753952442        3.360785497257326       -1.541207784358994       -0.670912972438208
        1.149764340178147        0.237191638060549       -0.015606113921623        0.069642427839582       -0.933196611122363
       -1.438927426044796        1.931901824129303       -0.203966263277250        0.787772846236880        2.116295054920117
        2.502452909045913       -0.962079535937919        4.813986164018079       -1.551545353071824        0.232163957748548
       -1.999836878567230        0.834065717703504        2.145296155420878       -1.763487166361509        0.077448466063544
        0.262614218085770       -0.435122527176837       -0.233247123149254        1.099466343671300       -0.358988636997318
       -1.236432374047049       -0.840707877776827        1.068095220954640       -1.385943058118975        0.937261814710422
       -0.397845516789240       -1.277691887420835        0.766357636328326        0.868905053779438       -2.875272477565802
        0.626530377028690        0.015091461248283        0.794722168535440        0.468765923811208       -2.164073432050337
       -0.180815649708917        0.655082451787371       -2.021191252367327       -0.082603934277650        0.348404399335329
        2.268021207842859        0.432908428323901       -1.675265121116794       -0.576575121687126       -0.993795948914763
       -2.047394133399893        1.337114942301261       -0.213211226751456       -0.698648869839050       -2.149691720228840
       -1.744626624266121        1.094120009258729       -1.349002093874440       -0.632888106620914        0.170343593305257
       -0.047137398987549       -1.567175572790587        1.219016810074269       -0.468461011179242        3.750405951453764
        0.959273266605177        0.167897035822349       -1.788569407455907        0.210660301220433       -1.526524944563316
       -3.038053622062024       -0.155597399199952        0.162981586333005        0.178646179752345       -1.206131098915552
        1.240905355189946        0.674626962856312        0.668934074582474       -0.484952314139466       -0.703366244815735
        1.574012072465130        0.512933618806329        0.671899927104918        0.356532600099792        0.958366433387029
       -0.174918631088376        2.218177798868546       -1.701791730833838       -0.399073587212735       -2.530278941546759
       -0.160329070302288       -0.532532205400517        2.817124604369069       -0.237600682829020        1.489283063757614
       -1.670113270036637        0.948860692617259        1.815331703985670       -1.034717089799940       -1.191133192354259
        1.993208708228704        1.244247382274137       -2.432858794667369        0.066509433657899       -1.939410255144632
        0.589406379370800       -0.590560219428222        0.736083685511436        0.161653841628806        1.298463021873858
       -1.160817579132402       -1.307810930053572        3.757673480475323       -0.973335146570590        0.741683797465823
        0.785196616276129        0.025173006971722        0.162466681115302       -0.015006448028329       -2.349726135374495
        2.065887242548901       -0.828390477785181        0.076889386026961        1.330370428253009        1.381546292763587
       -0.510898324138736       -1.023143574939225        4.135771981695670       -1.351229086678786       -1.566364507820573
        0.358606432416185       -1.126942204745373       -1.880877538209502        0.022824556783237       -0.575138072553135
       -0.830897998311491        1.087297527999177        3.568272487751714       -0.259102922263941        1.650523492382482
        1.299587008867019       -0.186965469001678       -1.617867642910915        0.369609774369335       -2.443553134297588
        0.150549761329821        0.136224603431719       -2.291286687220269       -0.864685994029275        2.192400669382139
        1.756316123044091       -0.032251209229700       -0.364308200220521        0.034194215369025       -0.739369054781223
        2.809917150961649        0.558179758050341        2.299810928093514       -1.445686764481489       -1.334054765744880
       -0.102956568738628       -0.920364291098376        0.975087282363953       -0.899162763985200        0.915091008477947
        0.008337943907186        1.191675334174522       -1.795036165693491        0.235597940294662        1.622013488061548
        3.230185429474797       -1.138700227524827       -0.484618347405532        1.090402540291948        0.984401918416220
       -1.728121768651621        0.917797577409857        2.051778409815425        0.566722672748696        1.100128377620895
       -0.832916370113948        1.240693733314251        2.904650200196132        0.902316845169546       -0.950638927866285
       -0.913136802569303        1.252466148666764       -0.739717761107391       -1.425101619716905       -3.163010782517385
        2.588452838846326       -1.167976344248572        1.025569248126122       -1.211666361352383       -0.875268575843775
        2.247391473290864        1.157230936617685        0.857288450650698       -1.139958271850194       -2.553593052687810
       -0.839078050135127       -0.386092859648872       -2.491900376517362        1.088573080686763        0.417680707898169
       -0.471752677508740        0.055960243659186        0.293869659590819       -0.036295787896313        1.984468570346579
       -0.016933807174446        2.622567564106033        0.659967415497011        0.919628251877672       -0.630505294499780
        0.933742809332373        0.071134431884817       -1.261440692308268        1.248182552294214       -1.486467034770982
       -1.316372360645433        0.837649332603395        0.621427111998022       -0.550736245215331        0.846898081569548
        0.476072909854944       -0.436544003840910        0.099384156008925        0.054606881449685        0.254110730009154
        3.120255999458329       -0.601113036924946       -0.234027614514065        0.511267783450450       -0.055962391899120
       -3.153323238924957        1.297754193649770       -0.941144994021934       -0.219021450882452        0.424372584871568
        1.318943111480385       -1.093633453837040        3.850789270498712       -0.714364112939675       -1.327726356553294
        2.012971209449077       -0.529942849780165        1.205994102150285       -0.753093293123702        2.247779311985920
       -2.217179469053391        0.454618641889821       -2.304730803493723        1.193417479432312       -1.582438508645155
       -0.316500989833422        1.083560691217237        1.067895681453047       -0.008924087607434        0.487987670501034
       -1.050911385424239       -0.039277155936942       -3.890010413783576        1.147079698679909        1.657893675708287
        3.444616297352938       -1.115921686266806       -0.840665154780745        0.026530764714917        0.419905434154674
       -0.071884526692206        0.084488663112019        2.338419164001173       -0.033172724238105        0.584939823537918
       -4.021712755355440        0.741453447145718       -0.582439260797827       -0.306490571850428       -3.911121477357407
        1.051700141509353       -1.282929823962063       -0.452374910840106       -0.360316544630847        0.367948603441648
       -3.095205519709715        1.045243545575637       -0.470768770612554       -0.407753169443192        2.308792334243484
        0.348612742818360       -1.211585838562465        0.839609088302704       -0.461736254538689       -0.883117444527025
        6.398702638178293       -0.886925366254418       -0.308455362904001        0.036587747453099        2.438117839863824
       -0.044746075892100        0.545978679373220        1.183618633092152       -1.375543819033875       -2.424692338789993
       -1.957071409827257        0.374817165642482        0.369046951387397        0.096438138910749       -1.593845225772101
        1.338374953928798       -0.175843598298345       -4.762450530973736        2.373849540521679       -0.108039532500468
       -1.489488157102675        0.913325388410092        1.673612257192996        1.262958476683291        2.268831743906444
        0.663599291856154       -0.108175397724384        0.176902066579954        1.337049514797761        0.481140343625858
        1.754198968352999        0.338573351475446        1.654032362941737       -0.844556388313274       -1.553140243600931
       -2.220382208300502       -0.016316815613311        0.086059362308339       -0.441302719934387        3.959856003951680
        1.651624260461035       -0.702626074942634        0.923141989980925       -0.741426330642616       -1.746595697264540
       -1.482470143464463       -0.615902477319759        1.295806731137106       -0.553599209175140        1.505258863263242
        1.597307368882538        0.712739667599044        2.887057579130158        0.015346379055499       -2.172634684879329
        0.534311493361954       -0.218444370285301       -2.854045590797135        1.553415608781289        0.931270247491570
        1.492657272123704       -0.187999914891189       -0.903947712360072        0.743504218407725        0.995117784197803
       -1.045630701357375        1.239368473144251       -2.295137412169954        0.377306404735974        1.305090754911961
       -1.242610958637686       -0.547650078971897       -1.001121910463365        0.644452434173694        0.487741456687495
       -0.911993217944122        1.349736210089291        0.084080471949177       -1.117996439522182       -0.811565539329790
        0.892621346660568       -0.998104226024457        3.105289189237596       -0.571577415024794       -0.209370239811251
        1.323837202658810       -1.463248170669232       -0.691129030807527        0.481374438290568       -1.952683962712659
        1.520935283585898       -0.158229707281129        0.432096581623077       -0.651326802181249        0.806140420785292
       -0.153110237464826        1.317696149937711        2.457764646766745        0.215197657392274       -0.540337045210618
       -1.087418937045796       -0.246926498326365       -2.226777143335479        0.977848089047422       -0.006982714880959
       -0.704755256287105        1.891525346476372       -0.980277747741324       -0.267410521988278       -0.194619881551121
       -1.976767926828862        0.218347337243909        4.848967696506999        0.353387365493921        1.528353125195162
       -0.942695068859911        0.326333346674416       -3.887104645286721       -0.152969640908597        2.848680450127783
        0.732563367713969       -0.138290825524553        2.594685907857649       -0.251616814217049       -3.133322795444687
        0.109828060254554        0.123751430882588       -2.695262444524582        0.515595948608335       -2.651579654208893
        0.292422328401963        0.082922025193287        0.542248028074074        0.660675309349004        2.504240537970136
       -0.111937027014742        0.392871965109883       -0.995816762010754        0.333215817833439       -0.458157374807067
        0.228584720095405       -0.245059511616671       -2.255058441388665        2.155137388677250       -0.942862240457824
        0.501157558446040       -1.173731647028375        1.081801920917673        0.154187232640355       -1.877654595403856
       -1.055878304152919        0.249331141758789        2.880570428488122       -1.619880034873305       -0.262779579220944
       -2.802004333142406        0.691020565821543       -4.991041192856667       -0.805238774720041       -0.839061346100004
        2.398604279238695        0.150837932816997        3.468617523439221       -0.021644536025814        1.072189159739086
        0.373303726795584        0.194508210732117        0.488299154945363        0.432721772381596        0.304976115411621
       -0.701561819563814       -0.355193105602990       -0.643073530080027        0.800339076308245        2.036714440444755
       -0.931852035139289        1.265744334799922        0.738472076291492        0.280724135196771       -0.336723212537840
       -1.241666797255945        0.195909689113619       -3.681723132652720        1.104450392670362       -0.713931330833848
        1.154054099597372        0.180735193720872       -0.563468649244532        0.278810891213710        1.462577952002755
        2.916610448769742       -2.121316851827264        0.035903102581744       -0.432902469807631        0.331892967659252
       -1.733503609304617        1.321306133057442       -1.066117010154183        2.032976153252525       -1.180399818101285
       -3.694295428925440       -0.197751021986336        0.393413140079744       -0.966013153723238        0.469098429867154
        1.997184319379285       -1.136079586530528       -1.022337711630885        1.473459585205409       -1.250463444980288
        1.637118669516080        0.644272461404936        2.177219416785524       -2.250656729688707       -1.307206336867419
        0.597915218300066       -0.437311433304513        2.752885253672532       -0.658959699470054        0.031546981456205
       -0.575630467943159        0.327722419504335       -1.347682380166821       -0.335497469853385        1.016164693838191
       -1.536707482347019       -0.075397194098174       -1.229499893180170       -0.143930808632378        2.646972632452068
       -1.542516698252053        0.500637570867769        0.147513144550658        1.261847439575347        2.451945279986658
        1.646596784791143        0.219960054681056        0.016036697428967        0.717624828305734       -1.263266375418952
        0.770267687411719        1.243294296555677       -2.390511190392564        1.637966728937149       -0.205949991527406
       -0.418470972620915        0.139034081471349       -0.268710663385241       -0.070157551686766        1.685246163643674
        3.303513946292329       -1.362209129812427        1.012562568682509        0.269983116148072        1.757137233083367
        0.747688027966472        0.659376832884533        0.805921524886344        0.011766299419106        1.314577849432230
       -2.191937568160184        0.364899124921450       -0.593083210981250        0.233963242778667       -3.133119250061003
        2.305274757832785       -0.789938097107492        1.161847916107087       -0.806178944249715        0.704997263752107
        0.173716070143847        1.313815500873818       -0.838247851283352        0.339752023158498        1.704163947653055
       -2.321930536110807        0.877985162547478       -0.823099916621213       -0.305194822397904       -0.212876880191434
        1.951486489086002        0.545241491167785       -0.990386619577884        0.724522381293753       -1.026521387251643
       -1.622768701584862        0.762112119440794       -1.878669476918958       -0.925748815508026        0.440416199305522
        0.494540740655396        0.427054793371314       -0.407394400255634        0.719265932170432        2.023227917608982
        3.197032986074763        0.314923113087963        0.016570190528108        0.993614448721992       -0.646301214489394
        3.054283864179295        0.065459529517197        0.159048315896943        0.069046214143053       -0.371858839068120
       -0.614356863260463        0.490988717775852       -1.083480789198897       -0.591835368090768       -0.782102591031178
        0.507184512760783        0.018132973515733       -1.343856507959973       -0.669785486352681        2.531850907301094
       -2.282265880906231       -0.009392740617801       -1.732183761694320        1.422932463733032        0.254322289001210
       -0.724303325086991        0.875212135060785       -2.799444266177066        0.809702201769060       -1.158066832995635
       -0.441242703294140        0.611921805349359        3.169469725566839        0.198643900166594       -1.529100799993491
       -2.139340669613145       -0.188418421991952       -0.880216364128003        0.009117637734026       -0.241280144753619
       -0.382842369992146        1.161591409888380        1.227226658272855       -1.498685064242022       -0.775410719252758
       -2.919831419584807        0.792902557405290        1.955739722944028        0.731586237693369        2.583206891151767
        2.714443173586389       -1.889912516458128       -0.476527882739716       -0.818891414494056       -2.104720512604981
       -1.408832036424646       -0.980134683534098        3.953836928788414       -0.191471320256730       -0.907378473173644
        2.243397838965140        0.661009159090156       -1.190881162561814        0.203191064363574       -0.471767798792410
       -0.289014467737141       -0.333229203585412       -1.187213762518784        0.664401317036965        1.528184429780701
        0.102355429683155       -1.704016317588077       -1.253735635849617        0.458299918506289        0.815589642962426
        2.758284250381081        0.915473971791197       -0.723006031044390        1.492769089183235       -1.302093725903309
        1.570169745473786       -0.108943203771666       -3.183912914705983        0.324258022027844       -0.909011701965431
       -0.217757388980207        0.688478671874697       -0.297705082945527        0.519873562801349        2.697956881015118
       -0.338555590779993        0.355390356313612        2.554104474892561       -0.246651188736277        0.586061262896527
       -1.884082296683396        0.637824945239065        1.280407662447693        0.282944230679364        1.830769255386710
        0.797252473772360        0.415662899582267       -1.639002587085073       -0.660149838952122       -0.933713943315990
        3.443590380135060       -1.150092122533951        1.105653171259369        1.832735623849405       -3.628893229049242
       -2.574817511566690        0.534650972352171       -0.128271673201366       -0.540448474019200        1.648882560674063
       -0.062573891620680        0.416387672617037       -1.355297664310866        0.227791580780983       -1.683305968924805
       -0.160760770023551       -0.549578255876049        0.180602252023849       -1.367680123874035       -1.147842559670758
       -2.299708619272281        1.545379803402442       -2.492502079466074        0.896127914714813        1.578520898521945
       -0.177164281163194       -0.103542039173173        0.821985452521678       -0.836267371053835       -0.091434483899025
        1.284647759631695       -0.704370595189291        0.890046069226046       -1.542912610995074        0.033413874406776
        1.564346564067092        0.329204828738998        4.123849810229364       -1.929694056209044        1.759359569786533
        0.191315193333237        0.011714035256000        1.531770743818307        0.560337831671717        1.267579772795410
        3.309321579200110       -1.517071375892492       -4.005740620565139        1.753436313433120        0.694805618530567
       -2.904336180953189        1.259751682286996        2.288908528914011       -0.450103424704275       -3.190360209296985
        0.780753730882889        0.126776265916523        0.307427717744815        1.049858377691947        1.026607386584025
       -0.930279504245429        1.225701867731061       -2.150264898836637        0.222123574363716        0.924318365729320
        4.253454170827656       -1.135973176105271        1.274815541349717        1.162654138541657       -0.314107208286395
       -0.562975502997433        0.512748412328645        0.364651011359621       -0.651691648256947        0.765430658945429
        0.030115970426647       -0.732402908188373       -1.839745679302388        0.110186400417342        0.861832475691656
       -0.201372137645578        0.474127975693770        1.270660372713253        0.178249378757386        1.893339694272123
       -0.622005546902627        0.243760625712557       -0.737178934286976        0.831514665050590        0.040916239989481
        0.777635221204290       -0.724209609439004        2.107694296628885       -0.782857044214447       -0.863019948572156
        2.752700267459654        0.483833725724613       -0.223492177246060       -0.531338875995439        1.524823297384270
        2.121618196749276        0.756445980394404       -1.850532713178267        0.350278648449832        1.186025617009470
       -1.641457377975155       -0.361712352977669       -3.302436705758002       -0.191896232341729       -1.365268336196659
       -2.168401046012139        1.296756469385913        4.556227684640327       -0.015831645519933        2.110729615605408
       -2.571370169884508        0.291930221983472       -1.317783621479955        0.982218517146165       -0.872038632552460
       -2.429269995466050        0.696591300748427        0.718181055589002        1.023949167030858       -0.589747133084136
        0.811082028008079       -0.243501323103769        1.113279633843245       -0.036531484309027       -1.407286286210061
       -1.572275158924628        0.218025451919790       -1.585111645114450        1.065045947259867        0.838008244981071
        1.007997265476009        1.154480313855087       -2.391037865191239        0.232779408126759        1.614326078169198
        1.298665161002107        0.075640208185916        2.703171826997346       -0.431553269722098        1.088177462395662
       -3.301287940694228       -0.512118045813409       -2.540946311288581        0.436201035143758       -0.912116485220443
        0.685690658299822        0.897183460363898       -0.807760720703147        0.614490174008883       -0.820178115768720
        1.564265409522570       -0.409548974811462       -0.288974175866803        0.148160172258356       -0.128717552828481
       -0.224636745651348        1.398109035539012       -1.069006922139814       -0.933977613506493        1.658172189539918
       -0.674193769046373        0.004814391352350       -0.150499786926664        1.187936761494518        0.948802682796359
       -0.224400270527957        1.181910727855818       -0.057871567291470        0.027320415048740        0.178139886332846
        0.821232265584045       -1.418222578807513        0.016023648049608       -0.428386314309271        0.614833986478084
        1.504387854184131        0.059342137902200        1.284578586554107       -0.463104464483103       -1.845560407651561
       -1.112531104723087       -0.424230790939115       -1.496908212981813        0.744574962200061        3.546670956910493
        1.910051921125845       -0.841191815646505       -1.108735749249343        0.155234144328326        0.542056669341006
        2.022070923802716        0.501868894941370        0.934157973662866        0.824626825097769       -1.907776658274513
        1.797906841725887       -0.050156999318184       -0.837191585879647        0.144298426527777       -1.250148004991572
       -3.112562246330378       -0.334850104775769       -1.918211779456174        0.459194174748193        1.512971861018509
       -0.153406156335219        0.767633080788145        0.144934508265413        1.005033021061255        0.737899226476562
        2.177705187106601       -1.410956677448947        0.068844948274768        0.087340293254497        2.353133440988047
        1.550699061672357        0.826280647495133        0.414051027078661       -0.579356571957991        1.026697052717843
        0.681328149112089       -0.775300049891588        0.188941814146543       -0.842531575211874        0.550480366594600
        0.696819288897453        1.114337852049526        0.192206076756559       -0.018107535759598       -0.297204128155891
       -0.723311112143482        0.574546507660386        2.869354778315746       -1.330536084897047       -3.135130011896119
       -1.858483388152556        0.948947103422049       -3.718164197360922        0.391969102836672       -2.225848730315471
       -0.137756271614157        1.125101281627631       -0.028719761339102        0.195308208707211        3.884250834403247
       -0.096371314295401       -0.498195167839716       -1.513846434011547       -0.408744286792816       -1.115274852972803
        0.619132928402053       -0.519019636114149        1.906672209468944       -0.751057465069741        0.886535913710830
       -0.523894355221976        2.106624972349426       -2.662793880676100        0.223555394521011       -0.752668609714024
        0.626386786391992        0.316622036299981        0.718508221757958       -0.263679513894938        0.822154963398103
        2.496415818631967       -0.607829721815163       -1.990501672291101        0.738981029923655       -0.708362635325744
       -0.872091996471131        0.029796774544207       -2.878515900849993        0.113313119581470        1.105854492133160
        1.900405678865115       -0.441975672371476       -2.490671366929581       -0.667790677626815       -0.855775627095906
       -0.720728256011166        2.162413481061152       -1.261537951229780        0.729381460231900        0.488802324145461
        4.530390940108196       -0.817504870157007        0.491838858012617       -0.211374136461715       -0.554191926720400
       -3.017844149512272        0.596976700112759        2.223629090586104        0.069818201365471       -1.257623457066627
        0.400600149833719        0.703528002689114        2.495557442284829        0.784571547199526        0.712112812600493
        0.675055284056969       -0.894007767476786       -0.713714159562492        1.011432498686051       -0.379928142646553
       -1.503017899244782       -1.133723834934346       -0.493492901565781       -1.388292261735802        0.022485740826273
        1.327384406227526        0.338409997062696        3.886233820369634       -0.600485702684943        0.562471325314987
       -1.727408368650932        0.338658520029220       -2.079857380934464       -0.384661042622939        0.134718594350895
        3.881139406793410       -0.120479882402481        1.757672137617948       -1.876768849793999        0.777248475602274
       -3.017313130885140        0.930154555872367        1.093171098491555        0.240133287453970        0.799663351276130
        1.207797982124667       -0.092982638840454       -1.325508349247467        1.673960601534053       -4.449135761384952
       -2.276942855179369        0.075388797825664        1.053171154682009       -1.011240791025705        0.851981356535026
       -0.712185903103455        1.422724452845555       -0.911393645258858        1.671612602846784        0.297445320331575
        5.508159472845110       -1.547373357874775       -1.447159839596055        0.043808265682234        0.348813708060101
        1.299655690715572       -0.336602356141677        0.245943631480268       -1.302552688775761       -0.333015817101530
       -1.310273029787531       -0.318579454168833        0.889137553989985       -0.191947620841265       -0.196158251591140
       -0.240496674467539        1.036633325336942        0.525251906701436       -0.236425465570977        0.217070022214397
       -0.968716680965994        0.402366555662949        1.883630971570680        0.555030664171739       -0.230083764066934
        0.594785160162930       -0.223280170811177        2.227519083566103       -0.667329247732036        0.368618384909840
       -1.300637132432000        0.637315170257219       -1.654229602935333       -0.386715805400422       -1.103636966736592
        1.332079336289808       -0.162732114843645       -4.334223367028094       -0.704114664679721       -0.865409750154970
       -1.395870853656221       -0.580925666816246        1.011433158084682       -0.336700920132689        0.853908427005516
        0.829498030934687        0.012954857235430        3.006828846417934       -0.976710424762679       -2.036884444407809
        0.611035642701733       -0.470932636528201        0.825223512603957       -0.188346552849189        1.510605374364007
        0.500077300106077       -0.905463182268497        2.113969465802809        0.211008619437224        0.088394457232077
       -0.648623968041785        0.856184611999793       -1.899109293299475        1.031026053095258        3.140857229133864
        0.497106934609801       -1.376960144287084        0.916724343222171       -0.783106405091065       -0.273038772206034
        0.478657276387134        1.111960795120708       -0.062186703566957        1.762297558940718       -0.127637215827125
       -0.024190634987203        0.679270132884058       -1.844665954864691       -0.618939536064938       -0.445454036949548
        0.335993492195077       -0.211249245431580        1.072906433352754        0.015410773463445        1.525285762254218
       -0.962883247088607        0.760317588485479       -1.337749083719775        0.356845777895291        0.224875806125334
       -1.822720879387085       -0.834192722796549        4.934745324319079        0.116619624191421       -1.215074547796789
        0.720264374764104       -1.061672632992796       -1.470475650447828        0.803064653272357        1.082166285339746
        0.753829624909446       -0.333664318895334       -1.454242943901830        0.725382817989425        1.240131280259781
       -0.948814201910509        0.572949671265401       -0.735675636404108        0.759292565443849       -0.922837114994837
        1.675726339638125        0.117169962032527       -0.466201890008194       -0.001995869343047       -1.810814829049382
        0.912342202739072       -0.054580446744229        1.664190793068578        0.131331977501644       -0.716181532385411
       -2.374383870217835        1.415009605952531       -0.417345126568024        0.078851936941840        0.526652984233979
        0.135038877122810        0.865943041566485       -2.581525439224414       -0.064825501193324       -0.440880701810086
       -0.934912386081512       -1.033535014679575        0.109019102885645       -0.930683170984169       -1.147231238913128
       -4.026200080279864        1.202568421279274        1.357601916637301       -0.703801483250425        0.865203929440313
        2.011056821842371       -0.129236931960440        1.220938758680006       -1.001343520576705       -1.615537316846143
       -0.780385341304066        0.554520113022408        1.449640449132903       -1.855410746124092        0.166059558658940
        1.088077164029520       -0.051709517588315       -1.831077331679147        0.140367693820153        1.626971334091082
       -4.404921447363702        1.386088348820950        1.866738480187328        0.425675943013357       -0.809907601597664
        1.961681997137934       -0.446189848960377       -1.583951897623194        0.306718668449318       -2.237578023956455
       -0.116531363449638       -0.176862099804747        0.606697365229585       -0.885446603960436        3.442695546312067
        2.016367527219478       -0.444983261226281        1.964280999756907        0.480155810693447       -1.449389635474727
        1.762739811972187        0.537274082617596       -1.593388849902367        0.640359388501463        2.304056185497102
        0.554663031700985        0.130368886955437       -0.084028969688233        0.012116762949837       -0.296398018761888
       -0.604222751940482       -0.353819889014266        0.788929887992960       -0.487852595290996       -0.509669742466746
        0.456020972025977       -0.974180404694894        3.054949395453621       -2.039923581212099       -0.486322356358698
        0.394336519100280        0.806780610266892       -0.937958420358777        0.435291616191607       -0.483204656569962
        0.592841022265737       -0.720367500985672       -0.361289057915982        0.070910479858686       -0.120265571174278
        1.299949047237902        0.438581235499170       -1.019131898731276       -0.621066478399287       -0.449062027281837
       -0.775679149077220        1.946386371228826        2.443292832689954       -1.778896257654388       -0.419850064984389
       -1.226159571278114       -0.126987537542978        0.867689700927416       -0.250559803613358       -1.187769997243930
        1.288214534565157       -0.734517301519776       -1.372395588632520       -0.826766659200385        0.894391385267048
       -0.069745626910164       -0.977045730472178       -1.436745343725422        1.538530408855734        1.218049222095965
       -1.017067359093338        0.926052362796051       -4.221889639244174        1.147973841840639        0.184562443042297
        3.346290761926092       -0.781290597621708       -1.275399170685184        0.631460446460737        0.701018297131025
        0.022483296807113        0.269094567132581        0.723971960438959        0.649999312092354       -2.096555809015051
        1.793183721036951       -0.094979554968541       -0.052037721654581        0.350252698022675        0.523862862358867
       -1.663978167167447        1.309799765161657       -2.038879087888186       -1.474010698041902        1.843803809195495
       -0.264415935113821       -0.657719668546991        4.452022898483062       -2.698475944369031       -1.286143492299414
       -1.404233713916550        0.577369870614207       -1.872914313783953        0.401414094486558       -2.013829353349430
        3.862733951734374       -0.391283318072521        1.765413528857860       -0.663392852586381        0.262359364209045
       -1.549677011867089        0.186948535733211        0.236082448685805        0.655994193671610        0.757430020412754
        3.679575639518363       -0.458099450558590        0.580307304601264       -0.659962192807662       -0.016633353359859
       -2.031213900064117       -1.757824081168867        2.807347839090080        0.051702956492424       -1.660552700646324
       -1.113088198199092        1.259557214145485       -1.234126849861198        0.597403592312392       -0.382142699650432
       -1.911554650325535       -0.294966714760692        0.289724404889716        0.474257341977479       -1.919490814822881
        4.543909444611716       -0.109415349314913        1.180897032586966       -0.685705486911225        1.119513302570128
       -1.553740890300438        0.516028426041249       -2.645612695133621        1.462795136199623       -0.249073622408254
        0.681414021650610       -1.088617849616319       -1.683233792973994       -0.838869802754969        1.104733970872616
        4.133381955300564       -0.574648821012482       -1.259689922219575       -0.285682977654094        1.767629597385240
       -1.582014953228719       -0.688955431666701        2.189475862796046        0.380519354598297       -2.941013068863519
       -0.793359925239081        0.868587257953182        1.423201961561050       -0.210560477867189        0.779575888095135
       -1.204399304105530        1.457244770282840       -1.199364743152695        0.979248836875907        0.757782096606196
        3.459705249223707       -0.646936395319928        0.188927485941800       -0.109473046669885       -2.970920854303230
        0.460101251391068        0.650188218658815        1.337080554531865       -0.723656092735365       -2.818594371561077
       -1.834542317750602       -1.122473204866415       -0.889818543244275       -0.615658538165586        2.126874047348333
       -0.439578865622240        0.293005150683404        2.290672561131996       -1.735327811065531        2.030994500571886
        0.022922816110004        0.437377471649589        1.824635646825922        0.220280148217535       -1.804959450772409
       -1.833701158544476       -0.193618212483656        0.097173714730073       -0.425849533034359       -2.052108858763460
        2.112031366246534        0.861962836364940       -3.783255531518309        2.587111618482190       -0.917305549792978
        2.425768225725023       -0.343572644144854       -2.305900988260456       -0.346681355579717       -0.714568117237995
       -0.892122731265707       -0.588262758423143        1.321868437806618        0.128636814955078       -0.066644486347358
       -1.195488454541583       -0.740060307436398       -1.617178217571063        0.831635121597784        1.564812537243352
        4.679224046721107       -0.255568318406043       -0.608020100532575        0.802913767117540        0.626247020028409
        1.441919996532374        1.286447228431759        1.235310230645261       -0.035363424825856        0.509250104404564
       -0.427256259606040        1.033200576249350        0.325189271669738       -0.383352306683636        1.285366246956863
       -1.046327333661494        0.011239903568232       -0.019296661154439       -0.118134994248094        0.164394213510280
       -0.465195401945399       -0.886809833937828       -0.246922089502351        0.597076890757965        1.378129469192142
        1.450588998829770        0.228890492880681        1.358044294155974       -0.647269841693466       -0.860025381804528
        2.937859643331117        0.350073475083641        1.415990061974963       -0.937555095677088       -1.855049691849141
       -0.343747837792915       -0.029933869904985        0.482504471534461        1.083417211205444        1.142563319280826
       -0.504788793753391        0.611567967468853        2.927981858487490        0.415308400478673       -0.352049204163299
        3.269454601401488        0.138145518986443       -0.231846318618945        0.101038900411598       -1.305475537701215
       -0.160112527478810        0.214202724792388       -1.735025328789204        1.851296561556181        0.371463265197506
       -2.222141775361912       -1.077749777210708       -0.051978631251697       -0.117377828239655        0.498439904928650
        2.329391369217884       -0.172971195850479        3.818893179919382       -0.595346642364642        2.343903476364875
        0.595506557544692       -0.031717349627031       -0.741267663385929        0.242384460474637        1.858869924323948
       -1.586845923164767       -0.044008714568960       -2.386845171497286        1.696013502620884       -0.089074503902300
       -1.411401730463780        0.453299450830978       -2.216833482164117       -0.553740447027025       -2.719230311183798
       -1.480121130993476       -0.236058873817535        1.421705564906878       -0.266476198531664        2.170332038709019
        1.237282811439874        2.324358139462789        0.051999651319420        0.002845580243890        0.585679293717239
        0.826363343563695       -1.114286289138070       -0.476265866749331       -0.998453729100025        0.213689675380918
        1.817679057512216        0.221319736459398       -2.414313822559075        0.586222225700720        2.485596179107267
        0.527796883051697        0.087332845820968        2.187581739310375       -0.926911664132237       -2.432015973734804
        0.017898345241687       -1.494086997193297       -4.016702957807057        0.576521023772228        1.807055710716645
       -1.378050745221544       -0.642737790075173        2.037166986883340       -0.631453184218797       -2.622426781102485
        0.974688589347556       -0.565976391109821        1.391372219955193       -0.511452181568081        1.072234381177274
       -0.030041081054194        0.170937654348776       -0.089906173710228       -0.833791264056435       -0.922672372783704
        0.228899331310082       -0.209658709223563        1.661520043308589       -0.339373011441851        0.433433255205303
       -0.960315508202333       -0.664268622704200        1.607651781820783       -0.332014466562747       -0.052797806815388
       -1.184769812892682        0.340646704299230        3.230850940824229       -0.188417730729088       -0.329149873922518
        2.467236225403728        0.084903592099737        0.138726474761734        0.465628589058715        1.178697684147312
        0.020853434030574        0.433996339713679       -1.074462937088770       -1.872770702479116        1.244156772639435
        1.466377606294066       -0.737352870086644       -1.055430590906001        0.354637702756793       -0.247037494435908
       -0.548980469028482        1.255213103822891       -1.187150566621640       -0.304685095959753        0.640437260545260
       -0.682582626644926        0.665105195338410       -0.193585791406443        0.262895313755290       -1.309890594671288
        2.462445142396463       -1.188249309446545       -0.912855858298039        0.182141466138565        0.517971453278838
       -1.149531098252471        0.324113835013009        2.701075016534974       -1.298079302657015        3.468068613171330
        2.326097353813771       -1.052040876354084        1.644798696051130       -0.276152539328790       -0.250685961497609
       -2.512223408485371       -0.002261134522918        2.346023081300832       -0.229042591873142        1.445334906745732
        0.162787368597091        0.671715886942284        0.255267545908493       -0.192008272053454       -1.328575780966828
        1.167094674581753       -0.210027377826027       -2.421242720462674        0.657589753493181       -1.356403146857840
        2.425603555733396       -0.222138364282039        0.807009653478773        0.972350484497211        1.859351958904603
       -0.374545741697937       -0.628363825143311       -0.159230391998143       -0.437191710832208        0.092695131115361
       -1.585566864681066        1.288183884919569       -1.556351367843833        1.022470627218460       -1.664354200959821
       -0.177948216771416        0.365926669537785       -1.540693601444521        0.101567387576169        1.593593521437840
        0.285136421621325        0.300608980721861        1.286488491483764        0.947919871878592       -0.647908103952442
        3.519540410814788       -1.251166685085153        0.208112171275664       -1.042641325995164        0.740964395559710
       -1.993161662057442        0.348935133996267        1.222188376711757       -0.147330327461640       -0.962904498030626
        1.803345279568802       -0.551857139640261       -1.730770807413933       -0.254899001929119        1.414956738011359
        0.450380270365981       -0.531960767105600       -3.951925878834665        0.427600367181068       -3.055640266952884
        0.554998418755630       -0.925362869694521        5.152894706915014       -0.703971151385774       -3.038770670185265
       -0.448597144318232        0.344284368414541       -1.312852443859476       -0.596565591273389        0.407704611991367
        3.309321388314041       -1.583749765097702        3.597199501992827        0.197081247790004        2.198567905517472
        0.641870945466632       -0.225471207591369        0.329946416407086        0.358536687936653       -0.816180537856586
       -0.857371015982346        0.633986231783221        0.749301123058270       -0.670067268034953       -2.498277971945579
        1.558687823417396       -0.748942165676786       -2.235884758625340        0.526902716953325       -0.242476096778237
       -3.228392191700655        0.996141456381316       -1.388250984716925        1.238344279101153       -1.746419944952880
        0.478432410308654        0.423409488879203        1.497679721124118       -0.217496621753704       -1.486653683972019
       -0.006667005107113        0.106712470183495        2.818102771833427       -0.647652773137522        0.715861261540664
       -0.540887371421546       -0.117202245752822       -2.442351138547639       -0.344630558172784        1.709788269949918
       -0.761675003539857        0.004524753257718       -0.623858731984546        0.928402156446643        0.701185319379663
       -0.367149531059317        0.671824301021332       -1.000599437739599        0.750033688614617        1.335106363385293
       -3.083717262174939        1.639484171055500       -1.859337112942427        0.958759801686043       -0.972390775286439
        1.944751771771938        0.246027692960138       -0.636044457624986       -0.116267889836654       -2.049435045957565
       -0.151279509748457        0.291727646936640       -1.325922607796688        1.268420461417038        1.410203857077709
       -1.044746920363389       -0.331489260197690       -1.292649889533839        0.925971172200092        0.691195652655315
       -0.254293161818581        0.925303474689872       -0.594723424271422        0.517441076744571        0.644302460486407
        2.974252398990779        0.542544017558878        2.663712403077524        0.165728385633098       -0.873648421141324
        0.521307390430509       -0.243337255126794        0.408707473878667       -0.219575235323348        1.378859826857320
        0.388081616344403       -1.029211873680500        3.064205021615880       -0.245946066608947        1.729515068193017
       -0.364472216391478        0.960976311283000       -2.954773009687278        0.183797317705940        2.018324738856200
       -1.585693547009968       -0.386073465158905        0.697271478047475        0.416289803114725       -2.360725244467846
        0.843551511427862        0.478735608613679        0.765179869128635       -0.476010317003859        0.507218521610381
        0.733428569072293       -0.581651387884084        1.449021620942253        0.822769496305031       -1.068097082458477
        0.135955778925746        1.126994385508585       -0.864560223211223        0.452831086275253        1.541428811776721
       -0.332717992163521        1.039659990738583       -0.076425355270081        0.181912277213656       -1.902133542795384
       -1.109347810455894        0.558316158586907        0.377760460192485       -0.875841467478424        2.391472933938827
       -2.445477883851755       -0.566334217368576       -1.740676638766423        0.778558148348311       -3.087533669846203
        2.024367661424815       -0.138961656965423        1.682669506847237        0.153177926753273        0.787752447279356
        2.222357509308710       -1.362010944581356       -2.793805583197453        0.130134068700829        1.945759135855755
       -0.622906092395483        0.208901932678706        1.958132842958371        0.140627486296393       -0.027635108945189
       -0.966949722086319       -0.437287400532228        1.605477539451333        0.991526846814245       -0.001433422406994
        1.380711527450152       -0.331458057700389        0.576544128131237       -1.279413937246257       -0.361545632448250
        2.063976493010328        0.753962530895366        1.922871602427170       -0.889135853754986       -0.336326224361381
       -2.537909026040923       -0.205670078483547       -4.232677115272081        0.497109335901644        1.655656720767197
        0.231715909328853        0.480086331159184        3.125834081799012       -0.008758040197767        1.643536522067064
       -0.138903143452868       -0.097397617897353        0.994590952112017       -1.560340909359258       -1.044219484418321
        1.537394022592167       -0.244665132754913        1.328155114007273        0.831474693906576        0.322950663463554
        1.206549130459277        1.209355856013218       -1.800679750850174        1.026520682987733       -2.061951991584364
        0.491026398569986       -0.743051006853486       -2.554638661267509        1.578203553789530       -0.264780542337108
        0.765874378414953       -1.021178392671536       -2.044558084452673        0.943489221854433        1.975752900211841
        1.119170909439300       -1.101862854098216       -0.413010102542039       -0.191271418175334        0.067583095906729
        2.253791637777410        0.703224826442226        0.198778226244073        0.144441707159990        0.341011298863208
       -0.064836724848040        0.449780183684245       -0.606881905666604        0.746930471198660        1.442080298973869
       -0.072323031849815        0.665603213985093       -2.857219058820003       -0.086251840629221        0.567669036995295
       -1.438676993442880        0.087948823718755        2.809229658639806        0.241719691368831        2.625152221766315
       -1.323851098643266       -0.677237316136098       -0.151820919365840       -0.631698159938136       -2.781680511805947
       -1.753019230470335       -0.535368676969223        0.631421090176310       -0.548253259054977        1.705366192865789
        1.497951595896595       -1.464839649126352        1.575919890241119       -0.859353702105960       -2.204999360749669
        2.348418352977721        0.210980700477274       -1.883030603362500        0.748105435961575        2.487278595237329
       -1.186919096128086       -0.553661033684564        0.448294060874269        0.402731237366474       -2.522275640298090
       -0.072461033619225        0.278117319329323        0.988015216662431       -0.352088735336171       -1.614301158884035
        0.780425707659905       -0.232702727568447        0.388314807048790       -0.477987503899750       -1.897925608405724
        4.041019913079903       -0.759103235369374       -1.454193282163045       -0.383814582862997        0.935557325204221
        1.514434159555468       -0.398848413843919       -2.522572203317336        0.655086682054162       -1.057114148104012
        0.392047298667771        0.096237575881341        2.836434409013211       -0.100953601612423        0.809422594735192
        0.363449884828536        0.256079744892171        1.823963477708695       -0.473446138611849       -0.685974226922344
       -0.928410548041669        0.257054189147625       -1.337191220643322       -0.522124086385811       -0.085371681912441
        0.930918302945795        1.201269743258862        1.738458593821113        0.492207764197182        0.764101958476885
       -2.131902755371552        0.846585439810503       -0.074524253454041       -0.545983321781267       -1.762400731653254
       -1.804809116086047        0.517176373769613       -0.437479233901321        0.055311796936224       -1.814275409774592
        0.309370397809737       -1.525192088919085       -2.496996285895809        1.921738308799262       -0.930401567724302
        1.387333751126908        2.199255158584338        0.212347605693397       -1.325686612206356        0.880579721791380
        1.338042893504637       -0.592027220557483        2.066751579730615        0.939760389236724       -1.400139061472940
       -1.689177300539614       -0.527091813732281       -2.205898347665448       -0.563120495661125        3.051640378666206
       -0.119587025053002       -0.779409942343462       -0.223209594744370       -1.979588770879847       -1.337937791116350
        0.796198963342351       -0.506117012219107        0.003004007544759       -0.082074281460695        0.113309997622358
        0.503472784895267        1.522913019229630        0.210663558659351       -0.211676990252104       -1.486916255246099
       -1.256465156086399       -0.249136719239252        1.795223146843139       -1.010001329413355       -1.713054229625929
        0.325858706445626        0.561232563260327        1.100757409092533       -1.029885956906831       -1.043181046755683
        0.918967116636193        0.558425363535897        0.220714945545262        0.685230099072913       -0.238687086138289
        0.820042492538337       -0.669803488629468       -0.546127756793849        0.255938719557801       -2.088251364176409
        1.843464917220179        0.337376812040052        0.707437464441734       -0.073559912043598        0.138948197658371
        2.946281628004497       -0.566206676539795       -1.146243676765720       -0.445670140052269        0.165979087874754
       -2.206032104733906        0.303366022111176        1.807058084485364        0.463181200863203        0.335149099432877
        0.272486482628946        0.447388846866730       -0.711350303926325       -0.357459099673149        0.220859333557135
       -0.265693788587249        0.385465162972883        0.274345679780960        0.073585997614745        3.587303634411071
        1.079822648534404       -0.853114865698079        1.485723197128236        0.534982215880727        0.996862901011873
       -0.182617386712494       -0.005925314841271       -0.673201679573995       -0.988180823558350       -2.361293765810745
        2.676939831197208       -0.095065882023569        0.256343791102511       -0.317393708619007       -1.323930331531798
       -0.649642639273732       -0.403450761233409       -0.825797508758161        0.241826674227656        0.852347877738682
       -0.061284828280793       -0.783365992415215        3.203708459293727       -0.130081088818993        2.214152249878825
        3.556232699564001        0.197929559926848        2.914075781010506        0.098954094628517       -0.516174415418287
        1.970420606673057       -0.250921459282763        0.731048921970230       -1.020022842871312       -0.598062982319473
       -2.870995954896673        0.535037274996387        0.533910694629208       -0.039017276082698       -1.061015017819797
       -0.372894461997651        0.373838160551637       -5.317686655821073        1.048057956642988       -0.555972469398622
        0.807193789143725        1.414961804777937        2.567498083240920       -0.208780848296108       -1.203282154793659
        1.005293888388779       -0.076013731800001        0.462149249194874       -0.277789196490142        1.739565835672569
        0.844524901272108       -0.080233197500006       -2.316169669690146       -0.411126500050371        0.293618276154287
        2.174197719472231       -0.334414804974402        0.593175310119710       -0.295217693830877        2.067739226324688
        2.360885797428698       -0.611392914242538        0.179498179183247        0.009997926900515       -1.465064252120520
        0.635170406847074       -0.069826136041695       -1.029339901005566        0.130829523023953       -0.571247669968529
       -2.499552229622899        0.662306337255446        0.913749100080039        1.858762902905405        0.113861776692475
       -0.678815979833167       -0.392088765979651        0.324523533547821        0.411672234695649        0.493263513737396
        1.641816640971113        0.836980199218458       -0.791110220154118       -0.435215280006774        0.074395791861434
        2.774600089344840        1.106218035656128       -1.592096185405396        0.156358969170646        1.984484517336401
       -2.711960108152958       -0.317528426437566        0.189230978299960       -0.731411268700725       -2.195624218827647
        1.712189864417640       -0.563734625123197       -2.068888195197661        0.458200176009788       -0.730303179237185
       -1.003365643696449       -0.884239742337474        1.564769676214253       -0.514272269599941       -0.571833184647678
       -1.260263828840499        0.732262066109987       -2.229410003777318        0.127189549024153        0.704090235763970
        2.825627279231017       -0.543893908329061       -1.129652380156176       -0.386098238871582        1.969134642442502
       -0.054558792538876        0.609232437392707       -0.710812403303695       -1.304360245558103        0.075802210201319
        2.354900111428345       -0.628059559838340        3.326215039812136        1.622947219569352       -1.295114596307186
       -1.168492480322915       -0.455620642560877        0.920544464816493       -0.309634079223623        1.511502858396670
        3.047074614591146       -0.135660475659204        0.626909946123418       -0.468557669534256       -1.010789844964507
       -2.466357453829218        0.711919959857031       -3.381499179183345        1.375809931446453        1.674923283156124
        1.093460440717277       -0.041963138822027        4.068713213859273       -1.118455656387106       -1.557971629078046
        2.258790359922664       -0.470495421018129       -1.040958923995815        0.959296643437746        0.878713654554640
       -0.431838646404377        0.110868209713401        1.002899233979784        0.313055691634036       -0.359030875586659
       -1.395302449986049        0.526552367315870       -0.924941033494893        0.623739616300699        1.135755044217413
        2.474699247999889       -0.790837811276196        0.363107143994536       -0.631981370090089       -0.321761265368039
        0.046267339779870        0.154649914300905       -0.428944770785539        0.056698550691220        1.287932560740915
       -2.638968533706817        0.682918179882943       -1.384821614632267        0.109788578289384       -1.573284146834212
        3.238200153005130        0.058919753533026        2.596334868332236       -0.182250576166534        0.687922440462611
        0.241434511330913        0.462141783363921       -0.086984981874874        0.311989649080345        1.960192463853093
       -2.014672578334991        0.068201187995701        2.217477732727829       -1.038164518830384       -0.537343604378343
       -1.835327865251220        1.261752145856549       -1.164744504785836        0.366200723088049       -1.725438251570814
        2.051035569755290       -0.260324463107054        1.129834558565335        1.134596810044722        4.628978896647243
        2.801009168644649       -1.328294489459349       -1.521173479293351        0.662916808241401       -4.376705468912689
        1.565375061079721       -0.386809828796533       -0.638257194931735        0.292915581400332        0.798913861984667
       -1.746208852275544        0.700916782888957        0.441190163277750       -0.137846425265484        1.000278881219864
       -2.756151511961475       -0.456335577258070       -2.751641111637019        0.675673622106220       -0.595723620239197
       -1.097766411233294        0.575273778075248        2.795458672371367       -1.687997211421081       -1.759341117388655
        3.065104441639643       -0.399373305741403        0.061128501884273        1.588958886137793        0.857347340004300
       -0.526944100719143       -0.092364039981627        0.359953669362968       -0.034485346522519        0.279365698957033
        1.377267447480155       -0.532355460004247        1.842752972338305       -0.526650693300451        0.484971964373468
        1.617239146071046       -0.638317785507406       -0.346884199233506       -0.581049564313320       -0.363833175063302
       -1.308720237161056        1.084603530213409        0.962075276845004       -1.100123591382338       -0.805771967281665
       -1.369252566548716        0.464488753073896       -0.955586651468627       -0.212863891464997        0.030925974563851
        2.335742530755767       -0.910612648165552        0.115131055072640        0.309070141505557       -0.303387806844149
       -0.569783988367434        1.565228691550687        0.968545775368592       -0.606658889936356        0.350312835312993
       -2.634966732607086        0.012387573726012        1.341645578364298       -1.207184266049062       -1.765383040779587
        3.435262936667376       -2.293684009016105        1.708358460684335       -0.471781819372343        1.469641398186960
        1.302448912922975       -1.089962680045230       -0.417722194766134        0.378624578258919       -1.006578856257225
        0.487395665642491        0.900994413325419        2.480328998137544       -1.177358756961679        0.511603257290526
       -0.923638495600564       -0.042409185381597       -1.421479395205152       -0.379616128555265        0.338013556428073
       -1.943962319489923        0.643042087225512        0.625894316982240       -0.640338101523934       -1.381653169603724
        0.434981839482348        0.337937548568601       -0.554965169130780        1.023679171421375        2.968208721476655
        0.445129808796632       -0.499842581941496       -2.316296545190288        0.140198601456490        1.050883798225301
        2.166848760685423       -0.034648053445892        1.044838819888817       -0.447975440903629       -2.666320710932053
        2.038197195314317       -1.413204592537756       -2.477957434010416        0.202810523163012        0.236566146893978
       -2.321225743044478        0.730613207722897        3.309575717097637       -1.151165907483730       -1.857245102626552
        2.051707816855905        0.079465145717503        0.231938403228180       -0.570880845097324        2.945037739605187
        0.375897270180353        1.071986657624152       -0.350053306872935       -1.208955947308082       -1.608120709150918
       -0.909865412836221       -0.708667763167891        1.866609745473351        0.975460082447192        2.119113120256571
       -1.373699819268480        0.981726225006079       -1.709936762303546        1.486631219522418       -0.800967665449452
       -1.269847669356272       -0.335098159390883        0.040747339409669       -0.994366039855452        2.040317945806075
        1.818334843617025        0.093615833625836       -0.216297476706168       -1.178404280640653       -5.385631970930962
        1.492053812186529        0.223764899926010        1.556838522984932       -0.687548496466668        0.792617263287530
        4.142900951348028       -0.763974013841466        1.180316862377134       -0.064100493219663       -0.036427441241274
       -0.334640656764221        0.452431024026522       -0.759742351327424        0.890755843449110        0.500860357219801
       -3.192813515035964        0.316585380669178       -3.646992479931555       -1.030824820706020        0.915786571896652
       -1.003342871006136        0.301626572512461       -0.763593554932911       -0.168287833820271        3.028388584826742
        1.768865635860395        0.657386628313472        1.739194249220655        0.718664062984181       -0.411688899626732
        0.089268748294613        1.147176173640316       -2.647528495197212       -0.164091184139237       -0.643738357280459
        0.691095165983099        0.059310763329110       -0.822636874220272       -0.439415596483991       -1.148567022821258
        2.578072965619715       -0.659734784322738        3.396102892607876       -0.849260632297300        0.425329843534051
        0.293998156168414        0.558858558427780       -1.544033707101838        1.322985993818570       -0.609755173319199
       -2.552665051892215        0.777561475289979       -1.651968229950250       -0.132902940931423        1.563038907862242
        1.866557050089725       -0.822862080009196        0.760207657993273        0.035002716950413        1.660313231853040
        1.954275488683555        1.996996315164981        2.490263049587902       -0.216605597328276       -0.743610121926576
       -1.165137070231853        0.749776980337250       -1.337385351065689        0.824594284147564       -2.790949735983103
        0.975406336982254        0.387353553354624       -1.118659937362217       -0.665528046162118        0.748013109164008
       -0.098723190337067       -0.379904112821534       -0.364702117949815        1.056511623954236        0.688078184400236
        0.508678881046165        0.609937987414708       -1.039874393688246        0.386874971475772        0.776644881460816
        2.773107637382658       -0.292932402161567        3.625478248246207       -1.075543773392880        2.891671644172054
       -1.629957998012072        0.552284257079672       -1.636243440248305        0.183511507889616       -1.879274245000250
       -2.150456773482249        0.886420884726558       -1.612235954636828        0.245249029550117        1.947451165068181
       -0.426052775843169        0.961334606633038        3.239229669603506       -2.009052117871360       -0.321633315871575
        0.519733416163011        1.273259143880781       -2.512493700747982        1.588180139398418       -0.376956837999935
        1.479693084113834       -0.727156601038224        1.327005311203551       -0.086433993037793        0.300786650149136
       -0.222913794946592        0.649015870902441       -0.448312907093694        1.547484304701969        0.704451232592649
       -0.515488341236513        0.523257934128930       -1.360795696412246        0.256157016094247        1.669891097292630
       -0.976747557699466        1.622026613927676        0.989843343306317        0.590897611939963        2.135008867211188
        2.073424591360403       -2.336969932680244        0.340518809885769       -1.295884469053428       -2.035482038509184
        0.907430144219989        0.988753308967303       -2.037924061122111        0.261008885167852        0.668294616376050
       -0.891311264831682       -1.561136496366396        0.835172354995801        0.146453865910582        0.449383383764667
        2.255891223602538        1.144857945704391        1.500636124041568        1.853585496285797       -0.994474050339663
       -0.816652524896124       -0.785995832196037       -1.609248980474220        0.974786219757349        1.812766855217072
        0.146026418970497        1.091769167541931        0.719494116756052        0.125041057607395       -0.895334482449628
       -1.148728197064454       -0.011074498799878        0.521367356632226        0.626752261640302        0.018709900153296
       -0.056646253937998       -1.503560799513733        0.017762754807665       -0.148338170948171        2.481678377618130
       -2.024961173554447        0.525596115154385       -3.172240976601013        1.045007857674400       -0.670285497960624
        1.098175882000171       -0.133227439874051        3.647847916451662       -1.009974781530806        0.025500820177428
        0.541964769152865        1.245183400124318        0.620574081502256       -0.072246029423246       -1.030317044977756
        1.191774127996107       -0.305129703891497       -1.209355033689363       -0.465273245692391       -1.994329470516953
       -0.214737237386757        1.289591477399066        0.968458877158553        0.194293929301448        1.040169054147416
       -3.114589994430798        0.508468672868722       -1.811987740806474        0.446046576393243       -0.283001261296279
        2.567842764912776        0.671154827894659       -0.382306924639951       -0.445665823538368       -3.289504963558482
        1.965384455814787       -1.754487369060629        1.636725873098187       -0.278367103076856        0.830628703664511
       -0.688847687694757        0.186168604270556       -2.703480092736052        0.812820410122698        0.551010629092861
        0.256498253047701       -0.975863570020769        0.869281836232225        1.470723568867244       -0.295084305081519
       -1.268753377985121        0.808830091246276        0.297807716679512       -1.242127601353548        1.255939062894014
       -1.543965499129754        1.725333792085706       -1.424078411189525        0.605040520793063        0.634212224262284
        1.562239950338739       -0.290966024870122       -0.506086642004252       -0.679511993695695       -0.843165962013223
        0.234358129510427        1.068115146108654        3.993912887946268       -0.286300112001500       -1.139995836468523
        2.036766898527127       -2.431939231352314        2.810822869283843       -0.506998542163526        0.925079486178432
        1.404687388137142       -0.069448090866112       -0.698905358824981        0.978658571947687       -2.944288681521299
       -0.424319004013465       -1.162242988201191       -1.134508120019113       -0.604248498812302        1.659757515455823
        1.082370367738062       -0.021317050649480       -1.225805761104727        0.614971778682596       -0.046053164546456
       -0.642115231424689       -0.154701616459120        4.464863419844788        0.205974755893836       -1.172037403224554
        3.716481554864804       -0.633811321476062        0.475758502828869       -0.186044425993505        2.824305646198830
        1.307003986461020        0.345910880319449        1.352454266558961        0.459278572042958       -0.249813937479831
       -0.872391551493448       -0.015801312377064        0.602450535170860       -0.744913097985687        0.403066292590672
        1.660335563350838        0.331924529235370       -1.272117615712761        0.883558782380908        0.946993599579915
       -3.071469222105507        0.399961256463319       -0.012595373576076       -0.716515380903391       -1.290674176082202
        3.611110699596072       -0.751709227275826       -2.141708573004852       -0.783279699697666       -2.029438261696402
       -0.420179316640343        0.195440604050126        0.799146136322686        0.224969163686636       -2.350682341032032
        0.363501605386519        1.494566673458756        0.796222513088802        1.742326987558998        5.405897260226306
       -0.774059222186025       -1.865529351383622        0.571021024056826       -0.853999966371698       -1.365269252936633
        1.835427723621947       -0.389557466383058       -0.684686191960884       -0.095262814894646        0.039920254254757
       -0.539077366674400        0.479045717875504        1.103640174353966       -0.624407571854207        0.563414881785315
       -0.290067851239070       -0.992889885605115        1.443115254812657       -0.484132330923139        0.517996006348081
        4.095130890390328        0.090853420690923       -0.947073643664863       -0.834842055557882        0.637622697588203
       -0.286488794459645        0.710031983740279       -1.350006830522133        1.704095824689997        0.229146584215137
       -4.605462434761225        0.875666653679387        2.668408168143791       -0.491319336134230       -0.390790523643454
       -1.398413836610978        0.662638373709553       -2.040411655049799       -0.041315572987129       -1.698543864361655
        2.900723915459650       -1.668291475553208       -1.955230650097198       -1.019092052744730       -0.593889996834343
        3.389280613367872       -0.842744838577809        4.775913984073278       -2.098920962981606        1.696173577473893
       -2.553390274873984        0.852616936362881       -0.913924743029886        0.251145875413780        1.252949400664849
        3.986310579354794       -2.058298029196199       -0.393694454447578        0.312919187956181       -1.737003266589772
        0.351791397739193       -0.248609104124888       -3.334942682475972       -0.138341672883591        0.907418915677326
       -2.212672027401975        0.169172040811600        1.620599299867526        0.844066486964394        1.049917522813830
        0.931517082692802       -1.437549122451421       -1.189719317022496       -0.363410607528067       -1.403380904311574
        0.522924039420497        2.042289235069140        0.493788508110841       -0.713199195097274        0.996611786218815
       -3.113001528208833       -0.349197309931666       -1.968956542329105        0.433597450977813       -1.736663998740915
        1.375816196786829       -1.051240590606019        2.476382982613689       -0.113705394424829       -0.446865259717552
       -0.793632701449147       -0.073370088863165       -0.773727382619300        0.303557554150234       -1.611988042495912
        0.566693850919613       -0.025755719532090        0.887100425069849        0.345270454861611        1.987153692112018
       -0.232684341797679       -0.891201441402076       -0.842195696231179       -0.228244015858454       -0.741414602003237
        0.713229790855563        1.005639005075609       -0.436997734306301        0.409635874288994       -0.509547456764837
       -0.429012771723246        0.801934405814416        0.170040782177549       -0.571983310539451       -0.581270625494963
        2.367905023214603       -1.202648129567988        0.669189677864737       -2.025309279929052       -3.377972974954135
       -0.362439754355014        0.397744147330902        0.144479264572837        0.124757405002461        1.069276040516322
        0.801868605978793        0.212952841100322        0.869851491816031       -0.990918133623644        0.700030752601975
       -1.719612978842968        1.246475136602782        1.964692498438566       -0.566328427697371       -0.146509832476323
        0.678578447574951       -0.530462574539968        1.854324225657551       -1.551922386253261       -0.359554997990254
        1.777801413352557       -0.077506652170512       -0.764428563018809       -0.200933233909496       -1.211323717291996
        2.097757222666498       -0.132224767930350       -0.655511486503428        0.691472637955039       -2.328637645495173
       -2.171005068949828       -1.963850400319995        1.236986171660655       -0.990632598966542        2.582517772181623
        2.097425559691034        0.291414761610578       -0.733518401527148        1.711171272241437       -0.879119786620593
        0.196198275760185       -1.112286190824445        0.369977878201982       -0.130058050964310       -1.354468134736309
        1.247866914113575       -1.035584380965455       -2.717655187758050        1.779572215821406        0.072492222700846
       -1.786292285649871       -0.453860680500997       -1.386309722289242        0.600466318850073       -2.148357073519687
        1.137243192136113       -0.135675774322822       -1.733367379874222        0.666906505686521        2.715188109512415
       -0.231826918327815       -0.586400938585724        2.335629691377839       -0.882745101803651        0.274543941815433
        0.318957400953111       -0.217647045228265       -2.554041483947768        1.234220460793073        2.340631874136130
        2.220740510217008       -0.479754755269401        0.227427254691759       -0.938920597349511       -0.445540914418622
        0.804081090052807       -0.270829349175033        0.599159520112434       -1.189990490777003        0.620054681933770
        0.647701760534623        1.445604256751497        2.157851538701599       -1.035976494520280       -0.958837048348772
       -4.327332591428624        0.745707613273858        1.181109937471350       -0.570557042454271        3.672915253921295
        0.262254654540026       -0.755149915258618       -2.073963446924485       -0.313067308278156       -3.012461266605168
        0.226135727290673       -0.525283298020091       -1.034279840226973       -0.108653355143131       -0.380709101118175
       -0.958146974561317        1.017498215940359        3.551656921798435       -0.667950551061396       -1.404850294987168
        0.516507233608620       -1.296405889433223        2.074330991456645       -0.936024013659596        1.017086272479463
        1.534271928622100       -1.941474954939066        2.529447654315398        0.589553884562355       -1.210715966086268
        0.479459698786459        0.813279017443411       -1.529912171629439        0.461744092351369        1.117528291719171
       -1.338074326482287        0.757424519460792       -2.167894699051238        0.280552964254551       -2.219592747554155
        2.627698121118710       -0.497499470383205        0.379341730312003       -0.615394445747092        1.063349081643444
       -0.273896709199505        0.123824575954803        0.010195856816888        0.614180682721580       -0.089916461173888
       -1.566622284297368        1.577742793919353       -2.881585709375744        1.208046099083813        2.050617391803496
       -1.074938581856799       -0.186152512713920        0.615997471041005        0.302761808847327       -1.699568831117229
       -1.055539632465012       -0.329370612213095       -0.730956904428776        0.453985668823745       -1.814385043321007
        0.658801158057800       -0.283508216306125       -1.780103876655740        0.301038603213796       -0.166637649939109
        0.583542628490612        0.222748058531837        0.478106921414166       -1.201070167656187       -0.133352636968513
        0.549191646437945       -0.723649375007636        0.981453407259833        0.599553320629090       -0.519979141390140
        1.985559657778154       -0.820220560054645        0.542779873434817       -0.059678423716803       -0.629534115358068
        1.264110483432200       -0.563944544771022        0.360183738808328       -0.719434543076895       -0.880345086982801
       -1.501881359443531        2.092868583285556       -1.093190045638101       -0.343446441265134        3.453960543542933
       -0.930319359985905       -0.391978854455171       -1.546182095757190        0.633554262240235        0.556043637683817
        2.095026689121615        0.717278918715987       -1.279458636928196        0.731856164240328        0.450040942704305
       -1.438716138924155        0.221096183604656        1.451954095862913       -0.844620198968384       -0.630417359781587
        2.172791541556851       -0.755511121343906        1.009142864807268       -0.493631921052386       -1.520024587421271
       -1.730851238602166        0.443961961906734        0.742117561181652       -0.274086547778119        2.037890810834367
        0.228142786471210        0.538808514562928       -2.076748133325804        0.112361725464341        0.765103531771307
       -0.698898731214702        1.341034730172010        1.127928332458530        0.566440301731714        3.369725900290935
        1.104276617274130       -2.162948037856054        0.201468481920300        1.095032025842558       -2.275367132485111
        0.078109194897263        0.642403310533298        0.820962290813348       -1.740990722757331       -1.135487295595086
        1.074835014106296        0.878000662772771        0.025920628033158        0.180457049055376       -0.133837389440095
        0.807597995056803       -1.460833109143397       -0.553482175160708       -0.224338000589733        1.932636861747070
       -0.929732416772099        1.443021257950920        3.495762585927207       -1.434713686693744       -1.465991553538717
       -0.930415349760418        0.096444744867113        0.495743051000596        0.062871291702007       -0.905464738307490
       -1.901394398775867        0.424041117635110        0.273038338561384        2.756761697397852        1.030038439078355
        2.421088552382571        0.173292579794733        2.688701915644798       -1.194631652227195       -1.093346367983053
       -1.050811124376077        0.788822377939299       -2.000065872434176        0.922859300530697        0.570980521643400
       -0.789098129482179        0.569854123418262       -1.280345520064547       -2.408449972778275       -1.935405353120190
       -1.353121147523659        0.710790565607075        1.775635948652750       -1.389645578414193       -1.553197134178085
        1.718817905800815       -0.252580525062274       -0.958655199715493       -0.120470403172591        0.904527640548087
       -1.851367811044936        1.040659345977870        0.645691423394511        0.670196085784307       -0.828834794951999
       -0.213196007562587        0.218328231962575       -0.724275583149016       -0.048456908247346       -0.069527032903490
       -0.760835898978747        0.217381853274285        2.417967002292958        0.840120824434860        1.733959151528928
        0.346089372664647       -1.340673658770779        1.201036278610959        0.957403167243770        2.294024909827605
        1.706879169568930        0.094347103914629       -1.272084043075541       -0.058957807643770       -2.332820027761401
        0.402876073068070        0.136768384354121        3.098169190371104        0.258968939880865        0.401906036878752
        0.234904145954169        0.287410993660753       -1.403483671561104        1.406931171853187        1.911625048503553
       -0.563536246642299       -0.286775277588598        0.237879833097269        0.402184653087159       -1.112414772248335
       -1.987949411179238        0.900866534214033       -1.121413327594638       -2.168589073533425       -0.734749782331456
        1.384284050225375       -0.916215900304244        0.288200456316120        0.691027351671848        0.417083993760761
        0.567914138356722       -0.636880793863202        1.007814258914743        0.069878731967014       -0.263980108073592
       -2.527990927934447        0.217321802879986       -0.563207983691257       -0.568147669758281        0.277525828525926
        0.466814821467919        0.038808368535842        2.123594423931943       -1.347921205863395       -2.917788910806694
       -0.358824387131987        0.211886791482233        2.229444759406001        0.210427713356531        0.122831280621785
        1.840935736752245       -0.997141623475136       -1.089918721622923        0.541722351287686       -2.903077635262922
       -1.234026082969640       -0.151478809050732        1.059761475296414       -0.083545694128261        0.395998081834093
        1.567690398118586        0.540136932941990       -0.018100334743552       -1.199978967217668       -0.878682731505061
       -1.059263812501578        0.504028682214512       -0.697612726656032       -0.289298569841442       -0.057388767710594
       -1.817927707335993        1.446174961910568        1.943511204019740        0.604830638705282       -0.859536874581834
        1.811436408016407       -0.529012246255946       -1.841476400837176       -1.186095421058025       -1.062300694938930
        1.465683845103946        0.908329704527474        0.605416589095520       -0.628846511883805        1.994595124561638
       -1.658874708765915        0.437158289947077        2.304730079485090        0.110168001789257       -0.412502238903506
        1.212724873639665       -0.453424030491336       -0.981202557922439        0.552629481966885        0.916285003880632
        0.372477907138615        0.163304837415216        0.536964274105088        0.212021704167456        0.384900066177742
       -2.249585766665132        0.699726808146923        0.364788174158053       -0.475728950273572        4.414321947887871
       -0.859528684946774        1.710377947250918        3.064506891877064       -1.584688324096946       -0.990827416798332
        3.256995885659479       -0.556447956264318        1.178775312151082       -0.012872910491270       -0.039204021734290
       -1.735299014378424        2.088110722140732       -1.810036830629070        0.973589318537730       -0.969638894400266
        2.982224293311705       -0.286607617373915        1.315470122882354       -0.088452490638210       -0.070525813860792
       -1.395548046462245        0.151614522496654       -0.615091927543092       -2.368060950055662        1.728456800497273
        0.141592096147060        1.287305467256778        0.733865140233493       -0.888722484436952        0.494788852362459
        0.950011937659051       -0.777429867974510        1.825130411117048       -2.017384235572437        0.816744322071103
        1.387601729826289        0.758006775772472       -0.713452833922620        0.468982801791146       -0.248147980111744
        0.409913610019389       -0.125851950078882       -4.540063352300295        0.438452517491771       -0.905110003765076
       -2.344040035103134        0.915416291453460       -0.333062890524643       -1.418059438368593       -1.003575651482008
        1.880225315516149       -0.778312739603293        3.179364749699972        0.950731959059844       -1.410108331617039
       -1.462774251903623        1.731587803380336        0.672920170490838       -0.999484821249650        1.922143460445197
       -0.301127444937477       -0.031197481332168       -2.091954136183620        0.726694679128953       -0.679822522371894
       -1.824471945937310        0.646711183375561        0.153779264080393        0.098654056911665        0.064694257263166
       -0.553244624179466       -0.260942130520553        0.190112201478364       -0.054018745065517       -1.656529835708658
        1.680475547714752       -1.088776707796852        2.498932052726350       -0.370425339752094        1.030308631077189
       -0.050911083035586        1.645756178789723       -2.510263527962956        2.328765531549491       -1.858498019344744
        3.594840605556479       -0.940921594943951        1.068601857081062       -0.972704653916193        0.095557341980814
        0.371148354331956       -0.157154271081039       -0.915498583608344        0.439146362764155       -1.261480793046238
        1.852567386371257       -0.815934001377028       -0.785519546675162        1.045045011192887        0.354923144940531
        0.846156153510577        0.044756038827277        2.646807655842000       -0.807651312374251        0.770893345149401
       -4.158967309009040        1.013406712104324        1.820610337670344       -1.695651638618977        0.078603643496774
        1.813548401203629       -0.554582884695016       -2.362355536020968        1.503853685880447       -2.423720788898859
        0.833997258221877       -0.879197145868533        3.559006835845224       -0.626029720791266        1.674750010986023
        1.742458836082439       -0.652084711285058       -2.150985823765150       -0.766877492605712       -0.951155622729806
       -1.156025410311774        0.201732029628089        1.350225387049358        1.099406745903909        0.732334975433767
        0.507545516621602        0.980281702398251       -1.177133658945130        0.397479232696176       -3.254549464027385
       -0.902752219446112       -0.206381141370100        0.487070863996846       -1.122632020502943       -1.016051952360002
       -2.028120920000025       -0.412487993672708       -2.032288767110179        0.025767790049308        2.265537400728725
        0.733777434324810       -0.846721118250989        2.541709291886298       -0.056492852432400       -0.657270653929895
       -0.440160709150940       -0.309352269459733       -0.008645650678795       -0.931742238848142        0.887341504900434
        2.852606601391835       -0.979028276887258        1.743582451950831        0.318687686009206       -0.969716222387357
        2.603774503025697       -1.396139139577377       -1.476201772791031       -0.281771902128378        0.254760565888999
        0.699236972041243       -0.085842147004183       -0.081650944325912        0.598717191084805        0.624381899370823
       -2.471849683071181        1.915958257657224       -0.671887392927628       -0.608425567535368       -0.084031181012833
        0.241367223899810        0.824603611734217        2.117544152081852        0.347772513294798       -0.227677315733717
        2.519876409508846       -1.408142065653092        0.274290324467281       -1.722872926475294       -3.557947511960332
       -2.851142825633136       -0.399077378704340        2.009668613517917       -0.512314124615631        2.688504627946373
        1.811290219687521        0.578265255813299       -1.019341899574713        0.127849375249723        1.757280052139969
        1.376036278573884        0.791989301173205       -4.316841846527885        0.237092877356012        1.546764077815618
        1.592992761076100        0.589090484350098       -0.337183729969780        1.329607288788599       -0.016528007048314
       -3.865292778791360        1.221155552397216       -0.431205747477669        2.162720886448291       -2.217419219210279
        1.881050081125686        0.492955538182508        1.076746081417908        0.078266011135742        0.487236042637319
        1.913269830276008       -1.440649564947484       -6.199253830549274        1.611874707899015       -0.518115790885187
        2.000540233604267       -0.300228821806928        2.975475078573219       -0.280731335957073        1.320359435020426
        1.403043025386842       -0.194831802510835       -0.929353786298734       -0.054109314825562       -0.896857554275792
       -0.538289501347606        1.436502478479616       -3.080407315345485       -0.920121383192340        1.180281374563286
       -1.095798922877526       -0.669921837937732        3.329530338874869       -1.512108516613946       -2.134135721528316
       -0.928608631939389        0.831785826456920       -0.393229105144588        0.653543027999083        0.254292693715902
       -2.702119407460539        1.901160666168544       -2.424915463990057        0.958924338036315        0.126513015154519
        2.107720874473380       -0.711155025388609        1.159682121527402       -1.112382209112307        1.385267387422666
        1.962867260452793        2.083065979078529       -0.372183447699956        0.233229260679433       -1.021979438431382
       -4.699320298991252        0.927950589906135       -0.660523773439875        0.008091827056890        1.877346924880463
        0.073791057700742       -0.605484159597349       -0.509183438819247       -0.903698028409077       -4.073159841305244
        2.038259074055984        0.618484921144325       -1.827179415820393        0.631044456738351        0.824543648356648
       -0.522063185257145       -0.487690380120879        4.415701527868737       -0.455872247122632        0.580471234722891
        2.370722789018745       -0.015979287324283       -1.437474955085210        1.195546740579271        1.054738168490830
       -2.326651463918112        0.121049069336258        1.627183061105152       -0.990032647568204       -2.439589009043131
        0.585408339384214        1.001151919235664        0.728158955514936       -0.751799997217268       -1.410366321714346
        0.589066994259917       -0.350974876743783        0.604881871773293       -0.166604022950317        0.520124735177379
       -0.575840003457513        0.055799743811594        2.110042970313416       -0.228671367682586        1.220305832285791
       -0.606511107627990       -0.439081250436978        0.230436206350540       -1.314048695985755        0.640114394853265
       -0.470450066029566       -0.114075637783776       -1.122977397238932        0.761995528952334        2.082023299429182
        2.515423411255723        0.208499351289351       -2.447320396411658       -0.312623247099849        1.307700935433614
        0.708326288358676       -1.919921392274463        1.407297856906812       -1.957834045071373       -3.550420331894424
       -2.131767726529073        0.884108190412415       -2.362570296192292        1.162656172564182        0.303240229242955
        0.440535277070341       -0.134938415498121       -1.540709855748734        0.158588056207593       -0.191591294838212
        2.976821294475204        0.418232644555841       -2.047002627341583        0.677381321603820        2.095517599055164
        0.214267494729287       -0.798615910530106        1.556198799979271       -0.443315941309534       -3.485804956127185
       -0.705423728060535       -0.050302218292219        1.094616141872372       -0.181384608681984       -0.765059583914873
        0.587140240451616        1.073540794050374        0.278605128528250        0.500141717030630       -1.715193109230494
        0.631911927649327       -1.382131372826786       -1.005719114913733        0.048424724863415        1.318073078448465
        2.644219701668778       -0.601784113926791        0.421472887636261        0.192634192039051        0.979762396929225
       -0.902461145577837        0.482646659241716        1.490337501803912       -0.700091285404601       -0.442831710217473
        1.027677976947974       -0.213087969407534       -3.524815657378463        1.893599204961764       -2.473445853539120
       -0.653075193155037        0.101274560316505        2.895480528017652        0.214393758879018        0.329997292055521
        2.841399895197300       -1.122807535087209        1.650337850600366        1.789521740475444       -0.360968453381411
       -2.525882574120177        0.906266843352120       -4.481957294874705       -0.342046803100233       -0.275387124656229
        2.413733188122761        0.084929754323629        0.076316828414419       -0.434199008290758       -1.239132730483770
       -2.541476868550543        0.383794201277968        1.453129092684418       -0.418531627585132        3.806548237734160
        3.065473011281958       -1.542170099832365       -0.429316443662325       -0.332079483746849       -0.039098383700906
       -1.794955536542248        0.216526645449656        0.763134088850275       -0.897596399282365       -2.253450988491083
       -0.559499907697585        1.469339317639153        2.230886433346067       -1.227635748858637       -1.807378517856500
       -0.533274808705171        0.009071313008162       -0.317005918061225        0.074674143691914        0.975515302691774
        0.615999712256762        0.444231542159044       -0.622413114634580        0.189922006625698        0.744685207499776
       -2.281619951275616        0.075639146022366        0.072559336814770       -0.095509323745421        0.180555939592511
        1.723375711726585       -0.267230138077823       -3.382418235306841        1.504523601880006        2.554220325836090
       -0.227457497655819        0.214508171645758        2.981519560550491       -1.720068644504992       -2.181076350408198
       -1.892606044569408        0.192162663065199        0.825866572813123       -0.906442115602732       -0.490005482238582
        1.559529917654372       -0.723987332313381       -1.642607538262155       -0.472169378724663        0.562912269108355
       -1.487901169512851        1.081409147304505        2.350190754403071       -0.227425894746305       -2.110509416646798
        1.932734094753500       -1.236082188666891       -1.592862217071956        1.221211299621786       -0.473740897957650
       -0.621114589556370       -0.455310106320938       -0.918689052109665       -0.678448084476081        2.074791844344011
        2.272062263969948       -0.480186881840557        1.498351737700989       -0.045340546850560       -0.591483212573306
        2.123621524289748       -0.643828503726272       -0.508579209402837       -0.281146479662658        1.691572461243304
       -2.070019422903875        0.519554350377240        0.529338673107560       -1.037929770155848       -0.589053580027688
        2.341648102475265       -0.550822809925406        2.377393995723148       -0.432838147806060       -4.398849942795904
       -0.590779584311912       -0.177256732446589       -0.473432567781792       -0.464422165482206        3.403569145557070
        2.063731396330462       -0.320969036890509       -0.902538370890299        0.973868292752974       -1.018657756092261
       -0.160469443278482       -0.085535409857695       -1.090706046140191        1.195184859396193        1.185635154320742
        0.165127335544177       -1.808906111204458        2.669747102624032       -0.772753285341639        0.780420510140634
       -0.066177880255649        0.804623405860773       -0.921234490441108       -0.640493524015069        0.369079647685665
       -0.733585075664486        0.168370982991752        1.429537316835174       -0.022919172466241        0.061377681650905
        3.369432532236200       -0.360456956404675       -0.019003064014531        0.130410195876793       -0.415458168551054
        1.214685441628834       -0.404651197357446        0.523641366361863        0.807782630377479       -1.114865382800531
       -1.491274647238890       -1.300449369302607       -2.820542585783510       -0.515169645496183       -1.178008403317671
        1.221468790417678        1.230496272873308        1.277040028552621        0.824823427030363        1.429788434077024
       -1.070174957168894       -1.678908162928232        0.320606777942958       -1.964186170923652       -0.337965643575876
       -0.385841237037596        0.463600695804408       -1.132953638176093        0.045944688126592        0.671355144353322
        0.132321341570835        0.642951563178571        1.044444227469865        0.071916197998096       -0.194245320507324
       -1.054577929761376        0.538233262735224       -1.783864838881889       -0.408982290928221       -0.631322421235084
       -1.809896092637204        0.233041247207309       -0.206635598072692        0.932184198903745       -0.550036699670394
        1.749145395321066        0.440752769778019       -0.698625160261198        0.127701881407516       -1.041335148370813
       -2.602129242306553       -0.297249143387358        3.604359611262113       -0.346682099490449        1.833108316724766
        2.036790934597125       -0.435001158713723        0.721755115109645        0.191033184302220       -0.455633483113418
       -1.837249800485969        1.774279790269517        0.449870146970469       -0.341932117081572        1.169143212487709
       -1.689900332355184        0.334056090752063        0.723146783569110        1.483817019006028       -1.033567941626691
       -2.524367635626935        0.271484992338490       -2.309271994762683        0.629345355911650       -0.993103596337042
        3.981524992018487       -1.244321125533249        0.050861017437115        0.494743327762550        0.496449774558391
        0.099452615299348       -0.863571882170959       -1.106274313478118       -0.856589500923130        2.448681143344352
       -1.713644646381503        1.048716275563634        0.628667550792356        0.082378635839822        0.789760367549326
       -1.546335755819080        0.598373139124637        0.464168499269360       -0.080726129659126       -0.682892677380593
        1.412010496241837       -0.621655400144536        2.439163280024511        0.688161923294878        0.647758821053664
        2.914285130314720        1.089195687497031       -2.138812437427311        0.713764763322316        1.671507160866209
       -1.929412994876775        0.046977409227978        2.818516803844691       -0.677801413832584        0.875157539437645
       -0.970540299974116        0.251041378462531        1.340516864872018       -1.101337453998818       -0.002141372600550
        1.202557735261520       -0.103769339793463       -2.176432573834643        0.751634528062126        1.639665662944850
       -2.283616184267161        1.167974197235233        0.298273642194846        0.484943646698429       -1.461235701933571
        0.989593995903390       -0.387775185986739       -1.286890415511566        0.356096913399623       -1.370170110161664
       -2.135183909520127        1.982351226993179       -1.152136524616219        0.686836780248627        0.253609718769229
       -0.557224155128572        0.998970293289489        0.795587086527846        0.990733635364202        2.220906827515867
       -1.600934299653615        0.456010258932110        0.636135025585687        0.569980789708306        0.721330972322262
       -0.875986981899677        0.333053559347561       -1.504484276035038       -0.275353176732170       -2.764507371976912
        1.621649621348356       -1.501593497960827        3.065201951151612       -0.149930786791128       -0.082190506187109
        0.111325484515051        0.558721007915325       -1.053125191460691       -0.845698417232079        0.132708892100436
        1.162264429356337       -0.989287596513950        0.517113137457328       -0.242884112905628        0.923107462266939
       -0.106935418463498        0.714889059172246       -0.718934553830737       -0.951595957279521       -0.415415813321130
       -0.190312572615817        0.505177526636561       -1.850046571944805       -0.311661817380169       -1.503084859884861
       -1.727021553188048        0.311587539266594       -0.883328622339453       -0.650770285634184       -0.765251796069464
        2.547751894861812       -0.417391069959109        0.937309065936943       -0.162791201273430        0.699442951068899
       -3.372369730778345        1.143316786728358       -1.529057610462746        0.126553194234865       -2.371473941330669
        3.829135916166996       -0.901982845665317        2.960042457336107       -0.569537677001317        1.507320208776054
        3.021907938453435       -0.469721303305122       -1.037834702017643        0.708021397020467        0.984781869673260
       -0.056583578410498        0.670836626616558        1.335068990565381       -1.465192072831833       -0.247825187629525
       -0.365986999139598        0.198080706628974       -0.423121127932963        0.093855434498293        1.081772831211906
       -1.076452891268735        0.390134900659583       -0.101674903970239        0.766262079212322        3.106792807342488
       -1.453000638972681       -0.671671749818252       -0.373080386625331       -1.476404842953350       -0.742408269255471
        0.793332531859527        0.759038450248887       -2.021413879262459        1.498807380131672       -2.444810180567706
        0.550422965014655        1.416843743392868        1.344010101370409       -0.090206130920895       -2.091564364730047
       -2.718743261808603        0.075300964982126       -4.199700468829096        1.634695204563510        1.062732250990065
        1.333890016591805       -0.610366142117041        2.117131128638412       -0.707706972607622       -3.261895132530099
       -1.589028444162429        1.034577220185438       -0.671397330866666        0.522925653477010        1.202026416750725
        4.118530980327967        0.529872078719000        0.017626247628675       -0.714717777736196        1.341028663466110
        1.552761554150587       -1.782724616843123       -0.360626509116291       -0.699039203105827       -1.581275273603046
       -1.107630001992015        0.640729010005906       -1.763812931484353       -0.317305205181447       -1.895779468315572
       -2.362118217483303        0.016214165772367        1.891034540243517        0.711127671136819        0.578343818963343
        1.443972625123282        0.443229372224791       -0.746560301083070       -0.322523048006494       -2.744479725660124
        1.195135182259215        0.431478730597900        1.900445800402982       -1.968914168308705        1.116030549418155
        3.126312599679320       -1.315775897503607       -1.545594359309646        2.022741682045455       -0.379510875451480
        0.117432226177526       -0.982994009378141       -1.422206185936040       -0.320246396235888       -1.684818542582512
        0.594268457077133        0.291952003899991       -0.946613941268405       -0.157376387846161        1.775359752333161
        0.117581934878962        0.346760203553119       -2.627608734098905        1.502000207613243        1.596172601596861
       -0.904311960085605        0.282038367882628        3.377321782945927       -1.149012023330862        1.461708726621850
        1.175839392530936       -0.549076119021989       -2.993585563258193       -0.363693946210221        2.453096311931898
        0.806961564105646       -0.265883732802167        2.003426712684023       -0.146423787797253       -1.165815576061520
       -0.395674483103785       -0.153384069235491        1.284600826339556       -0.672851339998094       -0.739575863597166
       -0.228189234520106       -0.416578724316125        1.782420129873343       -0.400650231367294        0.283446207315025
        0.688868492769598        0.426886083080028        0.579784868697490        0.010198535868724       -2.149367429825912
        2.453337520057481       -0.220526684690447       -1.802338772955632       -1.001656262080327        0.523963549163648
       -0.583373647160322       -0.800519204143649       -1.231195447651841        1.283252977900309        1.456639604725247
        1.455650999233487        1.091294004183165       -0.257326058314142        1.158354231855888       -1.959136644145519
       -2.554165840789653        1.014820335724515        4.120746189350739       -1.198575282004639        1.500226706440229
        1.443591348153957       -0.368748452058229       -2.124566240095251        0.038081614003800        1.608772269156472
        1.669051332543220        0.937714745542667        0.534541404856408       -1.151414892875694        0.536250081829953
       -1.055149701272284       -0.327384273321908       -0.476553521224279        0.909630182273600       -0.925045890256376
        0.105072769616087        0.357966025861102       -1.140843987889284        0.514030179286945        2.162390769461536
       -1.064906404390597       -0.814636287184118       -2.275966990348186        0.277762329437941       -2.028951400404787
        0.267751996396224        1.177825913977453        0.759605575998462       -0.560287904170231        0.441069047485475
        4.425017015816885       -1.054268657197484        3.166969854520774       -0.288141697031419       -1.293377188541482
       -2.536079904334624        0.818098595687010       -0.023377831131912       -0.130219826208905        0.991529998595815
        2.301281888159297       -0.870872297633989        0.855320412740423        0.096213631298325       -2.299500626315620
        0.671670394543732       -0.394370687218209        0.409240586927255       -0.421887003565520       -2.602890135905111
        2.320864522954444       -0.347812888779329        1.079198829472255       -0.430745429040064        0.392516606729740
       -1.756883762022637        1.168399930596397        0.048225796937806        0.870126772179201       -0.293930204773629
       -0.973541069214964       -1.542080258499102       -2.353185847479994       -0.869295104022790       -0.830398982943370
       -1.172854520391051        1.212883116939662        0.012697679376378        0.928596654406228        1.317798736858329
       -0.549492413367280        0.493413795533270       -1.096955930849165       -0.077233623048795       -0.309500353591410
        0.693033854051354       -1.394993365029393        0.922368236528129        0.853514957565863       -1.916574830868205
       -0.437073747676203        0.037864739515232       -1.331270372471130        0.406680597061899       -0.620555607253495
        3.484067650459837       -0.327960724486890       -3.776090053307914        0.861590008876399        1.300720666303949
       -0.275866188416353       -0.571618652020196        0.340790219697828       -0.084265876245587       -0.120554287048499
        0.610513789469655       -0.093392232480649        1.234104103951002       -0.217660955231572       -0.402791149894355
       -1.193331328669439        0.628268265367945        0.612335720191214       -1.231315039037218       -0.347416228274958
        2.429671751859118       -1.133852828393527       -0.311126511073026        1.433321956726470       -0.167606496475927
       -0.709747224020778        0.005068839006646        0.514896041898484       -1.246678322877095       -0.262983431674980
       -0.494295455152396        0.209119438159430        2.073814068401284       -1.957890663140524        0.254238210357144
        2.246117311599373       -1.651711649281797        0.921248206591691       -1.204260425093425       -0.263081394496424
        0.694369087554350       -0.238903400673411        1.450729907482569       -1.030237072810305       -0.725839248313803
        0.901751458710707       -1.584631127643243       -1.489499747984706       -0.144786025987666       -0.862428903928454
       -0.319086363878982        0.525949671785381       -1.496616425339375       -0.331145561386148       -1.140356453876505
        3.543318489476755       -0.261298593265967       -0.570227058101497       -0.075178151088639        0.440852317771003
        1.023420851140512       -0.210390928696308       -2.653301653616903        0.334378302994990        1.286285719643542
       -0.089785334554980       -1.541856895523344        1.124306634410166       -0.607162783574211        1.159610290185521
        2.369139856895752       -1.196839463833263        3.103530161926218       -1.052458037059589        0.817697975749261
        0.028066334129825        0.505984755166964       -0.361081144751007       -0.340608648303916        0.131041580725585
       -2.500502792793334        1.034236285768319       -0.552522024607516       -0.323291267571148       -0.840927805676047
       -0.179083460580116        0.490028947014665        0.228610118704157        0.353388990579761       -0.607636790931488
        1.465494704180625        0.255006904889714        1.748204849665432        0.021294610030771        1.528005656269012
       -0.496576297504206       -0.515697057857432       -0.281694344811445       -0.072107169767135       -1.262321770214095
        2.990206277744281        0.550754028535383       -0.042995387089827        0.466678801615601       -2.185925838066777
       -0.557993616404344       -0.166245258824943       -0.416113409608086        0.192014278610656       -0.873655187587270
        0.244190307989446        1.844875903787804       -0.884379640601598        0.174194533244981       -0.233316974678486
        0.902819664090590       -0.159574833649058       -1.158791866613669       -0.509070748998570        1.246965209269420
       -2.205900752727524        0.171943035215360       -1.736832707215461        0.114417695131830       -0.858958565847649
       -1.048334981126739       -0.911000814626639        2.513102974426160       -0.004482367545331        0.602893999429162
       -0.904932018657439        0.740197011023269       -3.753544189222549        1.104911240201749        1.458013112875165
        1.412019324617766       -0.298494550877683        0.282646012296440        0.019307673207814        1.484233041496381
        1.438727337171943       -0.241300461745847        0.382291724750273        1.396623914729226       -2.465797243653515
       -0.730704396860232        1.215335143315004       -1.614911880889220        0.244965606060252       -1.459741349850290
       -0.641633610811959        0.198207441637669        0.983773954443248        0.055817724554089       -1.682080020108577
       -1.609693820906170       -0.565938467582466       -1.055018316382054       -0.673371502699394        1.506946487998948
       -0.350607294653186        0.598483549849147        1.150928425507825        0.548939497838006       -1.538973187786256
       -1.495803174429210        1.100910235100084        0.714560887997030       -0.656324086832143        1.419009539567424
       -3.059720248406564        1.369695413698822        2.869920975345275       -1.078646278912657        2.073988455294420
        1.380721396000612        0.526154354839488        1.166276131349165       -1.927187879473198       -0.638063650735543
        1.681620589433698       -0.391624750574452       -1.892390401181345       -0.077869861341898       -1.276710103356909
       -0.121508313522216       -0.699888352564579       -0.090464723595776        1.501405067227866       -0.011604755434959
       -0.878950131355071        0.681830266089744       -1.282572738142289        0.936689867223987       -0.294492868695949
        1.288706125941504        1.167864859235981       -1.750695251664475        1.054429243338029        2.523121411346999
       -1.186673431443271       -1.317220588171842       -0.326882943057791       -0.923236527268742       -0.602222347556309
       -1.656354101017797        0.972169827198334        1.616679911366447       -0.272553524847669        0.848445415009571
        0.420812233062740       -0.373821714771604       -0.543889904183655       -0.826144608144400        0.446000215156578
        3.414586226106995       -1.164358182375243        0.253884337638890        0.691541681173261       -0.802112191960025
       -0.760196068283949        1.206819947146532        0.680197859700742        0.292551501938872        0.622162449328846
        1.663612419265591       -0.967911448036841       -1.934510037719548        0.000896031074253        0.849761917618726
        2.110985491930782       -0.402682428646015        3.467052183758989       -0.519324138245313        0.167797533643024
       -0.522654228899098       -0.134863966144283       -4.109119087080661        0.132275358013966       -2.648666640688067
        2.008328036560461        0.099486330588361        2.300232954731723       -0.409815427621506        1.354956076124467
       -1.034536586445717       -0.322483135096806        2.633549092517454        0.643497817162120        1.568180485343758
       -1.609238446062269        0.690125346150728       -0.404363443927866        0.887537672206527       -1.720333107493546
       -0.712198652120399       -0.398057558687882        1.048868669220461        0.666721625189214       -2.185246354460661
       -1.210129354693648       -0.093394852400900       -0.685052384327736        0.217568408595639        1.416106754139015
        2.865297693799365        0.172591347362051       -0.880231587454162       -0.673224425891736        1.344238666117489
        1.806550248170927       -0.005350839550102       -0.558694787372729        2.108578923631697        0.374026083230707
       -0.195651348934316       -0.314635863074678        1.095700986673566       -0.798932790722578       -0.801092319956296
        1.404437816022402        0.405336792807911       -1.190430510715395       -0.211364201125397        0.440684338987558
        1.863056487172143       -0.612485466740496       -0.760857748551970       -0.465665610093124        1.933846524723440
       -2.218593621725868        1.586948962388969        1.334622601946155       -0.216731931043891       -0.152119042144822
       -1.040109403312763        1.005295619883222       -0.857347432920600       -0.173409492022136       -1.991961972709390
        1.084196314746809       -0.984994031329657        1.462718381140923        0.273717680381741        0.503461491024257
       -1.691295047225206       -0.352321955642771       -4.321396730976309        1.146091717907072       -1.988886539132886
       -1.809779617886921        1.011896421777688        0.264631155968218        1.066827693643054        0.406469775950681
        2.116305382692109       -1.506620336244013        0.482218022862818       -0.215029403224903       -4.249215496352373
       -0.970036627056477        1.341184489449281        0.418483219232318       -0.144299608482646        1.966773656144135
        1.342943656048367       -0.624018570069009       -0.586047931729140       -1.075672116051949       -0.466055077617240
       -0.370610824069517       -0.045191626560329       -0.932508546716022       -0.280011596792661        2.796874715829163
        2.287927932140743        0.492239153960556       -0.499042206315319        0.991853782827068        1.362845695634291
       -0.407536828785351       -0.024368647783477        0.652717928769650       -0.167786539571803        0.766124593511387
        1.512471695038802       -0.308115785168924       -1.229700901706984        0.975041407201796       -0.311978417010835
       -1.983318897793633        0.456287441716196       -0.538998708008606       -0.299398261712651        1.297365245585532
       -2.788410891400913        0.980484369722931        0.467290630937541        0.126029844328744       -1.242085128648567
        0.965365263257480        0.207206962014031       -1.006881659511606        1.085590164164368       -1.699339299089272
        0.369551326449534        1.237967784621774       -0.225971381613372       -0.129637945571802        0.715996711100062
       -2.554900581518983        0.154319332963582        0.405547675496388       -0.247311644568137       -2.611168643127646
       -0.227069494632935        0.217120693774301       -0.730135755300012        0.509835624634159        2.014218231055557
        4.336129996177358       -0.788497581450751        3.722945169722701       -0.800473490225606       -0.163310219294239
        0.103357438949442       -1.037185306726128       -1.002214607254003       -0.230145256901161        1.203997207393789
       -1.937721637257014        0.804005470051475        0.604889225580777       -0.288278135523215        0.511050188851748
        1.303931767067396        1.172192889747798        1.437186898983875       -0.172958580232435       -0.168830722060340
       -1.420169113447016       -1.046790538890797       -0.378137564188773        0.569900545425353       -0.123865061919028
        1.812030816206667       -0.998727091011247       -1.262241405911346       -0.717151574771120       -0.888372380129591
       -1.191921816392142       -0.606122014010356        3.423674348403405        0.200017267905866        1.204026595530897
        0.870591599957201        0.729512054196784        3.098210249198191       -0.731408774915707       -0.929791917906517
        1.661677225241471       -0.093385811960228       -0.012493747071838       -0.265975641469583       -0.466276085380567
       -5.695771632069885        0.648239653640995       -0.269753238584750       -0.076545608877859        1.431409085866757
       -1.513089315345066        1.641468842771438       -2.459628356473064        0.569996191434555       -1.106253544983526
       -1.262329115109504       -0.405890288863744        1.662765543639754        0.071355695481871        1.540923554645508
       -1.118604022443034       -0.501789684471008        0.043014988862228       -1.012129173726028        1.329759858902579
       -0.769795867161648       -0.560395754402372       -0.469786194020914        0.125040264524043       -1.230485542463684
        0.319924998059769       -0.482270676266178        0.322775501025897        0.210921260359820       -2.358181315655901
        0.847318926786157       -0.449864763446414       -0.029458878393573        0.017028832974419        1.378023942081533
        0.102621566061753       -0.230464993424958       -2.477688184448969        1.280262620379129        1.584371219081469
        0.156832415601943        0.691241082835231        2.583453426091479       -0.003503494898490        1.538899153063092
        1.472195040571526       -0.411303173688739       -2.089445085260867        0.780061761606086        0.821975838110424
        1.336919480595996       -0.917609583410512       -0.366766413762786        1.048916464180822       -1.927363827170035
        0.761215671678077       -0.075182361922105        2.228407679083907       -0.876274181092280       -0.074402007277172
        2.937525379208228       -0.205872610119120       -0.277245620060518       -0.775739773824011        0.093661126108718
        0.689498612692894        0.645476497786403        0.142098555135313        0.925379257217919        1.494924145017469
        2.088490559807135       -0.073858378043111       -1.213965752393033        1.863090038351623       -0.378700770898384
       -0.022662974979084       -0.192107811883774        0.098486054156548       -0.260029673693462       -0.095722708146062
       -0.228347271974983       -0.109881580692920        0.760485091459492       -0.892274356750202        2.207023185609590
       -0.878627218741350       -0.153896180288028        1.153755770634586        0.968696299715549       -2.916773664338192
        0.222857747681235        0.261974368137630       -0.781488806989384       -1.503143278046926        1.208457135216343
       -1.609502947169593        0.654780775696303        0.528805726066397       -0.387819092636255       -0.797284597441832
        1.750230844769873       -1.480135418798645       -2.619245280929764        1.529750714116322       -2.390628676465328
       -0.274178613317303        0.878793504912229        0.486038685822139       -0.431279940507918        1.080358268136033
       -2.832228313063456        1.857392250859527       -0.662176162640751       -0.260401578334861        1.492682353798082
        1.130318894118244       -0.493393992077334       -0.304833805147268        0.752075704781707       -0.798011792592200
        0.104541525813356       -0.116848789146317        0.259894442288607       -0.310373676913913        1.330174447416991
       -2.667427928232048        0.556104073462613        2.697200859918065       -0.470120204367861        1.838896135345779
        1.510403455315917       -1.297474566871371        2.063005856737886       -1.101053413585005       -0.590608457238799
       -1.241293284084467        1.542622345449770        0.515248419518027       -0.266878110562847       -0.884119738755630
        1.733603995875421        0.557082035872575        2.048781815377477       -0.551935223023781        0.551228853617465
        1.582121407276536        1.084061143971512       -1.095449851901656        0.489258982118377       -0.556324985828026
       -2.592677148514579        1.795028973959951        0.887354636897025       -0.230834249811721        1.157669141588074
       -0.805581968742929        1.074002931933690        2.233255911538928       -1.868367192336465        1.357942753316061
       -0.485629681171708       -0.037964077328464       -3.005588880675513       -0.027446366137531       -1.093204694344778
        0.558457684644623       -1.335956470391688        3.315925915292059       -1.211495133772911       -2.126918180734357
        0.454541005377766       -0.198168277620307        1.251847119886286        0.820092172773708        2.300068879746992
        2.296133444806650        0.546422366989060       -1.399821698653267        0.980370558351284       -0.154156979845134
       -2.195098661736663        1.665818090189002       -3.006904233895339       -0.361556322948613        1.956319801451010
       -1.682707440653254        1.308570506998593        0.948497797493384       -1.655723354555875       -4.757087260593589
       -2.020919799437061       -0.126613723419546       -0.804825599059820        0.053752840946174       -0.292927218627326
        5.088463569333170       -2.343376202244960       -1.053529144496795        0.667325346128680        2.284652054784714
       -3.855293591599320        1.888452046925675       -1.765265270821547        1.191682013961123       -2.464301622912339
        2.671844972849253       -1.113129657185158       -0.326599139009255        0.792764102656286        0.371221320230990
        2.733020359733998        0.201270168025278       -0.857011732657967       -0.312426049031265        0.185132107532313
       -1.907589182324247        1.287908804189955       -0.471544496049658        0.619003380913046        0.336709500693189
       -2.035248197622987        0.196309417770343        1.582244050015333       -2.112593505884849        0.609126161287700
        0.620997278962333       -0.533972747746288       -0.630188561722802       -0.269819000802334       -1.917013579694584
        1.021340823428895       -0.803949964954608        3.643126799937259       -2.547805802374437        0.294489742546852
        0.426532810446916        0.219265024866784        1.555687081032133       -0.055883019522648        0.212700222292833
        0.745815919476471        0.510126086555411        0.720507483076579        1.026195836316812       -0.152225425819849
       -0.126703766516590       -0.814057730400869       -0.491150378002959        0.297726945085745       -2.592720787797270
       -0.390571331461787        1.452918607891865       -2.494321709856050        1.172384763694593       -0.339590328777928
        0.029367953564403       -0.630840875948307       -0.174847545780976        0.013683882106498       -0.328337234981883
       -0.564940274051426        0.102403931724789        0.100873015795597       -0.835140363435269       -1.335717463380230
       -2.124275658361297        0.140611897548651       -0.865850215079620       -0.995472225960348        1.787569892524916
        1.199526582277744       -0.688080962638939       -1.193415820409229        0.579673548638001       -1.588381298654666
       -0.820760902520939        0.541130427161195        1.019710916170038        0.162258538058645       -2.402385869575606
        1.135049656989578        0.094972395004370        1.403581850999624        0.246855969406794       -1.909914547653802
        0.675544793468307       -1.402367586867719        1.215643447567839       -0.306256737107059        3.631206330403193
        2.678408523487147       -1.792251257073580        0.088164617954841        0.122716000954985       -1.517521454461424
        1.160301209871179        1.053214137220894       -0.497734221389161        1.113365897824300        0.664118178329481
       -0.931280025715151        0.939989305644512       -3.079255790158626       -0.903449064366032        0.336509812836412
        0.349282696533493        0.080604250874578        1.448854672200865        1.495722551824303        0.539075207970449
        2.400246525594519       -1.394092504540901        1.724586159970857       -1.152411315484053       -0.205823689158048
       -1.151617345010443        1.563118733835287       -0.543699035081766        0.161548204827378       -2.471034752019499
       -0.002949990690927        1.260898767749014        2.368902872053175        1.339565420961424       -1.687652880865565
       -2.782303042924808        0.235375880622752       -2.423985264896873        0.598213256758994        3.561733950560003
        0.053090859579412       -0.000869315659436       -3.267977310149315        0.883048320357283        0.061865803713884
       -1.032839613841643        1.186434924463865        2.030259833147987        0.668047331191240       -0.742464683451129
        1.690871606294212        1.459586103017129       -0.677592341956802       -0.343043563985955        0.155571297603799
        0.267006246227726        0.625512782816613       -1.622764748189005        0.897627057963492       -1.189486284714200
        1.894618819052312       -0.739306538761762        0.567034962144200        0.324868033234703        1.594809914856035
        1.004236115900280       -0.038935392497437        1.121935671069165        0.178703497133178       -1.216458357124865
       -0.317395398193947       -0.466844620119676        1.418356858829551       -0.726755627496233       -1.531095791264514
        4.182437949305643       -0.630599148470729        3.609137011648423       -2.041287247265434       -0.392679885942716
       -0.194068123035733        0.061115382174874        0.266174221683691        0.582922696042245       -0.308267590641133
       -0.235926609270648       -0.612655211876788        0.443571021148894       -0.247881608360275       -0.277994129993883
        3.552573066366601        0.033284651132239       -2.978953525608499       -0.147153569004272       -2.913994702946381
       -2.713906778948448       -0.797835081280626        1.976898300968196        0.399335076177114        1.098263549883298
       -0.081004595988375       -0.278900901774878       -1.391554309634163       -1.479005159038536       -1.479055762393844
       -1.501304156576802        0.541929585644050        0.884626493938096        0.420900003288950       -1.039988367342004
       -0.630721435239610        0.427455965075755        0.520887505951343        0.066385310957808       -0.578720111420999
        1.027277765481962       -0.507543048236664       -0.120717455243007       -0.427655288964094        0.886182156824380
       -0.699277254128548        1.258684210309658       -0.562706426441775        0.457178761204428        1.822549937676879
       -0.955437948005837        1.329888902135031       -0.244500617891591        1.347923689648490       -0.197884422658187
       -2.077609807642839        0.167794641638400        1.076674816528515       -0.249479186728766       -1.812435164669963
        0.143285777727454        1.071833197914319       -3.513645604335073        0.246093361874045        0.276848717697289
        1.399961502985015       -0.968652510800830        2.379098633378935        0.264881245742067        1.791933000936045
       -1.663145343650205        0.753511369849713       -0.172629453396598       -0.974835813096456       -1.700802790630219
        1.000325752935665        0.157151264770149        1.931089761634395       -0.728941336434309        1.816875720192568
        0.476218493201223       -0.913414741520026       -0.504020055495968        0.480410062512452        0.808503279939221
       -0.619532044980833       -0.645458533611936        1.386121045681524       -0.241674981568533       -1.116052927115576
       -1.389990597987931        2.256071455126425       -0.534538743544219       -1.828077724964381        1.931661015582163
       -0.472145520317487        0.551313163578016       -0.228697353754841        0.922641045095580        1.426391645844151
       -0.395998767087051       -0.349433743041377       -1.235249116348932        1.227343945177310       -0.464735437600830
        1.022177402057439       -0.663605131542146        1.379486607735228       -0.290317598658845       -0.959295580568685
        0.673197028143935       -0.557536713575420       -0.719800137254597        0.356013052579166       -0.058593914321785
        0.788927273678601       -0.751515510075266        1.926696115437142        0.548477914420222       -0.862752251739353
       -0.392784307190477       -0.060649372261073       -2.766752146568161        1.200499073124150        0.130560530599612
        2.071165026648231       -0.378183641112568        2.069488881889575       -0.938636309705881        0.273760250793002
       -0.071458340467081       -0.902848802450169       -0.511594672774854       -0.794479431198749        0.485785321575517
       -0.186572790398506        0.702052791995400        0.967719057817303       -0.954876663291983        0.267299294770268
       -0.091650393907974        1.283999488646416       -1.666118604161576        0.104325202980041       -2.121797464956822
        1.050439648609581       -0.470991017384659        1.884723009444755        0.514068283333214        0.928502568982740
       -0.702770420085749       -0.133041769604537       -2.091644909844467        0.454503784657974       -0.238090692467321
        1.476193952089828       -0.497606656257041        0.033033597509882        0.299781908745300       -1.087817026581152
        0.771289589582733        0.981041564547252        1.695790261255025       -0.312628436480355       -2.657996075695999
       -1.340950429391895        0.716329783503075       -2.014421047165825        0.368978927425380        1.046714081162410
       -0.996250386653820       -0.379336217223301       -0.357502706461888        0.179431696577349        0.367711709285052
        1.464930725090616       -1.300176879189837        0.145541482662638       -0.261731136161464        1.686649596803293
        1.933356690171801       -0.059870979379368        2.727971060084149       -0.033143951439960       -0.173920811945716
       -1.426385612247519       -0.234494436040437       -0.098104534044006        0.061012872451512        1.493084707448040
       -0.304903900587511        0.331146626546305       -1.987045692235101       -0.716231505726758        4.074744931656197
        5.103962018146518       -1.854075046496297        1.763951914944515        0.003317518668529        0.426601528189843
       -4.200645504661319        0.760968057900500        0.877425305942450       -1.028093690404349       -2.302473220815908
       -1.341276312385790        0.821388205128884       -0.795835228885385       -0.566528940860900        0.462718079036254
        2.447541932435930        0.402545668575672        1.299980770524551        0.779500843607767        0.882128779299007
       -2.034267203712492        0.128884878949638        0.917343553302225       -2.168706775780057       -0.155073935308348
        2.320382636045919        0.462218068035070        0.602778756120833       -0.002595006483510       -0.121604344050254
        0.743664683658431       -1.571330554078166        2.005132514733818        0.593687602331245        0.953233489404853
       -1.249736475532262        0.654535035455304       -1.091247286335197       -0.511299448316642       -0.527791179795775
       -0.018761697026897        0.835575225426117       -0.227955458054403        0.384044003780849        1.737418604112589
        0.260261712663075        0.684210356249260       -1.753391350247637       -1.030573958639030        0.711012581165292
       -2.633439852817446        1.497724133205089        1.872326864249337       -0.795975092752722       -3.530884213746589
       -1.295356804264045       -0.713679641867789        1.617135498987645        0.601113240004359        1.041221121835053
        0.243982347238961        0.011294281356804       -2.842753851190358        0.067921071643164       -2.044937715644674
        1.787370283275665       -0.067984645873794       -0.259608041381716       -1.060547479640503        2.091041361814090
        2.392198767854092       -0.671569183909254        1.303467572631925       -0.181135636553778        0.750912252915926
       -0.384342627264996       -0.377947286026322        1.683379198825682        0.572597795401108        0.402042265084507
       -0.539187127017552        0.371993507644253        1.078419212940222       -1.433789829044000       -1.113039856899291
        2.635729396497316        1.241361118510425       -1.625357330998053        0.844651932952912       -1.753175495435898
