      121.867978520553166      -16.710503419744231      -28.979849115786521        4.500431584530461       60.514883648098525
     -114.562715922770238       18.615319935781006      112.999450437836799      -60.580787794392215      -87.857493249008328
      -45.749879880247157       12.496629445108196       30.784566548924040        8.991253739457685     -174.746365140334575
      165.577286922913459      -30.377283471237597       57.936109102337859      -13.333054527431401      105.326356663790193
      -98.937277235720302      -16.108422438067844      140.954570180855399      -23.099440288545726       26.849208508520224
       48.115010952300281      -57.727458976303083     -160.411972141183242       62.140838750558778       20.115019651521660
      -61.307847347479139      -14.248342617121279       82.585047698297245      -44.680344772239529       26.701494054265861
      173.111567360448674      -59.741279684599547        4.403786986636027       25.573588570564056      -25.212508713740441
     -114.817898167861117        7.371800956281151       75.810439719938898      -16.685573561748548       -4.475405909548897
      -43.139282139877345       44.188725724593326      129.092546939570241      -42.313150383746674     -105.805667467355789
     -102.511516347010016      -55.736983069819296       -3.924937474037020      -86.455797837778690     -150.327503642050573
       22.227861687473368       21.085311986895800       74.476984692418455      -10.098937927756868      -23.625466099004310
      -14.534685668971301       47.798165224904992      -12.784339513915850      -61.420645743640371      135.600509571216975
      -34.358028346741150       87.140680422873402       41.211546145065206      -36.724859053490853      147.089122705255079
       34.152380759296705      -48.201646183966332      203.473612304886160      -24.186934190278212      153.395335502316073
      -13.607579827774751        4.213844189388468      -43.293806150497481      -65.607627169936990      -36.146297984450335
       14.934956045475822      -44.042175528452780      -85.167816546380678       36.672653382336357       24.723338367061533
      -70.382117104360660       22.435168084907616       12.351937460088624      -10.853064256185117      -91.973899328689598
      -48.225795919375727       12.456889215354826      -89.211479524592548        1.947142813362235      109.029605740104415
       -0.916253242005059       19.525951997099270     -141.110579701659447       53.619814228206458      -45.402670384648296
      -94.979194333269589       -2.782303691479940      -56.891872433142623       13.647355630226141     -144.173943778163220
      -60.864711086855564       54.174202673824070        2.536230769967543      -52.552829891861563      -37.136820638535333
      116.063523787437120      -46.022597250383953      -49.556701325153050      133.598924378962352       29.293888460406922
      146.633013019092544      -17.177912567455220      -69.857523985270774       48.737243166410806      -28.189273063185073
     -122.060228113513531       11.686032816769812        1.230262634315462       24.013393367149042       -1.753254138429372
       80.685399733004118      -40.439651520608145       76.962977835799421       -6.902712356838440      241.953922403325009
     -129.102318846783817       49.462604607982456     -104.594028391413119       -3.630639604002549     -136.482838146972313
       53.219008319210033       17.128449955519809      -46.961291902713505       61.917305016078394      -93.054189883741728
      -30.197179354235519      -21.078383753772464       82.883917518910152        4.137413216969828      104.671764591800525
     -218.484355216149424       72.401990032694144     -110.928800091153335       75.675050368036338      -80.278524396403640
      311.554454985485677      -41.814307416634762      -84.769592831870796       19.705710348084860       46.636651843049641
       49.690661261126237        9.533920665384409       37.752300132337226      -19.634779912851450       11.383092226568966
     -148.154772731518506       53.798933215702057      -56.326181922374261       52.554441153947302        4.364369231095214
      -71.560865628577687       -2.177362319051627      -41.593710656851862        6.762215351510196      -59.078522616019995
      168.188161736204648     -122.661196175887184      -51.732378220484733       22.379973688426677       14.395901895946167
     -158.551119854051933      113.515018584905945      -97.231057440261239      -27.121887521508370       27.422279365978952
     -157.945157094567435       13.278413548158722      160.786951270820538      -16.017150299643273      -23.573694011489064
       57.581867806159316      -19.523396471399664       89.952178270263431        3.286204611398083       23.157869395597725
      121.694044342328880        5.929925646495287      -67.116955754715519      -60.119057357407577      -42.652274052232045
       35.511229823936091       30.983136644870903      -52.052239077256353       10.453142597330103       92.639832432776984
     -150.257095603320778       24.547302166067531      110.801672638025266      -20.382324039262201     -196.118129981618381
       76.689147337271862       27.452646284293611      -16.571962061511197      -84.450533922270452      -24.383024412227854
      -42.006589101535369        7.792742732107985      -82.693402768413549      -21.537097605285012       98.737887143716520
      -72.470962339619305       67.962374366406507       57.452253188479702       -4.441713610326064     -100.548907801955636
      -78.097493159255990       -5.333238128675606      -13.534791854934285       29.547379978428623       56.821919919750130
       79.080948258509693       61.107045565726402       99.979244517746423      -36.110291844299326       42.144016272706523
      114.517012834517828      -21.492588350787493      -16.226560747201148      -15.985753236628012       93.993900382220446
     -138.716073070196046      -10.206002557677088      -99.835839943521677       20.192161355022332      -47.129364964382049
      -37.039196489429315       -8.907768969732786      -57.689711271273701       -7.150336469650568      -25.672684650782873
      -58.843365923721215       43.915323902565412      -33.802482523507116       45.906594189651955        9.061282975012519
     -101.285548923432472       23.913280654131327       29.926607003622557      -12.356122510439398      172.276914985954761
       91.364649690081905      -47.029235486136798      -72.030140321539321       18.204972192520678      -50.145253111792734
     -111.533533491726956       22.239271203771537       83.261674368592907      -27.911054925891722     -182.932016994999373
       37.210462142380706       -8.805002541291771      111.909509658439632       -8.921650551509018      -34.201069836781798
      204.290928225928752      -76.930714690400947     -105.194820462408927      -15.189345181180560       35.302071382105581
      -76.202590327530558       56.048287018999446       60.359178036192525      -12.160065968419930        5.121365320307086
       38.406619700757055      -28.868267670668462      151.961954083612994      -32.614838757856496      -19.673361261789498
      -32.771269420039133      -40.281495576959330      -65.116878625129488      -32.661136247140767      -37.307263225521453
      146.123059895902941      -36.084172718260959      -70.688839366715001      -23.847953252192692       45.524030796952715
     -147.631239172718921        4.974153062678006       23.687256322126434       67.114551421824814        6.904509534297642
      -52.472953177166552       22.544920443595881       93.698553021977631       -2.338680519766690      198.904555998820655
        4.476929307198296       38.252679961907049      -94.665807162507065      -28.430128109110566      -66.275440721339280
       60.684332843197637        7.263445516093141       14.131112636709478       31.282488504774829      -79.742391365312002
       14.982599361477135      -21.066860223904563       45.458133147847711       33.721298660621187       58.727217575953105
        2.381282828738575        3.178071790874533     -118.923986371103382      -12.853529308751821       66.739092554222495
       93.547486703908461      -26.286296385950813      135.116949811462916      -21.147142122523501      -32.412449933382007
       22.490624440681575       45.247984352794113      131.921235277371750      -47.763176128227123       45.451656082163950
     -237.149172528175683       41.522773516851124      -73.313656243249483      -22.423616230564853      -30.612824055218198
       56.941098491427994       17.395489501586297      -18.088410275880793       32.627512484357339       34.062155214716803
       46.497706581134871      -97.876646771259118       40.794661086564318       26.995412809615264     -138.511244874180420
      -29.906697674418552       40.849417510048902      -45.704349648836349       -1.563643208815697       -8.582157748123400
       14.583238049134776      -90.226764668265361       51.212600308765353       -9.882441112850080       49.266578085201090
      146.654709378868887       30.686939806799991        5.062429301219367        4.273446165067710       60.303915332149323
     -190.806831805132077       40.791436670995829      -79.333805775047438       69.017406038605785        1.359126988873772
       -1.123057120781189       55.272095135360260     -186.178434334342342       45.143617385262672       -2.028091379954359
       39.829422154518632      -40.146551966087721      -30.512880519653493       65.598406388615885     -128.814541077992942
      223.954899428383897      -23.062114913505294     -140.268337264444853        2.149700715405518       76.752642105055770
     -102.966711864463903       -7.440778799528545      248.090489610006358      -72.631224890332732       -4.034964284107605
     -103.849813010237767       39.798508907946747       78.813163405944465       15.653137414939421      -61.561845999614533
      -55.895170516622969      -24.157285349003050        3.169614292069050       -4.479049320314048        4.054673175045362
       44.304656450380044      -42.053237589757089      -30.241778476830248       42.378223049819354        4.103801519091528
      -13.203007306209205      -22.931338943460602      -47.687745027331388       11.395905151627204      -47.255475905597287
      -19.499088103502675      -36.568295162669529      -74.737032124226801       19.542160943053869      -48.264639479210103
      -40.042978649997913        5.337103554440659       84.230686042288667      -20.991364005376461       33.155900911480948
      -35.062441149377484       31.052627590694271       86.816960748234990      -38.844018229820243       -7.155924191427972
      111.803061830168630      -17.210560447810320      -35.238974013955875       68.925529222759295       25.891589236883974
       10.898242526160173       31.845315276100024        4.907566016362659      -15.894870435742542      -94.225844577080608
      133.238531423768791       13.214939774010285      -45.513854610516532       -6.108338073443052      -15.086023740297223
      -74.936549081957494       47.200531889976148        6.928694683576050       32.623378151041777      211.564742051701728
     -138.118081438034778       -6.514823855035807       20.215179264970008       -6.052298910004573      -51.196043638355164
       86.335558252790278       21.515251541381812       19.998247649397531      -31.120950318288230       12.579351225026196
       17.171077114276322       -7.355839589444772      100.411475163410060     -112.547851539964739      -45.299246817263118
       16.727549870375746      -72.847330654378339      -36.978745159563445      -15.362481240521463       19.030132547500227
       15.479035402095519       61.196441945043887      -13.395636878753146      -28.790385538119533      -33.509554721146685
      -15.388448334559413      -10.409789750065404     -136.113029532363925       -5.689338707543121       53.936903949930951
      -53.366250365040599      -11.913466190073430       76.659045072415225      -13.921243149192071      -36.098801235527183
        3.057979915787856      -14.966437825110255      174.847708273836332      -34.460933165022006     -126.321722704599978
      -20.931734305447488      -20.586299576354651     -162.876734259603552       63.004709247259662      -51.664469775183576
      116.381182462323707        4.994603065595412       31.436115987800964       11.975534694237856       85.943377056145934
     -118.360488492380284       73.502362536039499        8.905637709933467      -97.058314483374090      -29.711858195784856
       46.397921956722683      -54.872393912780609       21.511596968488998       50.751490753049715     -122.253395369055156
      -91.108299863792723        1.271449522502986       81.613590430057172      -27.263816681369761      -46.583844543966165
       -5.952786212118885       28.093729177054090      -82.773554725181910       99.788345389783856       41.079635779355399
       18.288216913290629      -40.750332941009880       16.877376184699820      -82.028545271209865       54.233833918732316
       52.288824434311323        0.019682222044681       44.406699920390771       78.111943274059684      -10.964876471068724
      -20.748219449052492       56.475023094158004      147.426809939187052      -52.473944198472580        7.096156597117437
        5.464781192164856       -8.314793525745801       59.610599778603266       55.222698250425339      -19.826506876475445
       -0.053765782617913       17.222245436080492       27.330936362515288       -1.855935233619444     -176.644302562409649
      192.045947350181791      -82.282489932922900     -120.487376779135531       85.159471170988880      125.446612266740843
      -22.382694679003922       41.637933110861908     -100.380633361187606      -14.375533267088150       87.200617392008013
      -83.724237897785997       35.111292257729673       30.183296931151904       31.818754400146737      -59.346955985305740
      175.881550818669041      -72.646367660435970      110.229804324766434      -15.523116752677621      123.340173555744741
      -99.841750384648520       47.375337533355093      -36.858933528344373       -8.472734092545688      -73.293948458484735
       50.224723876929630       50.408630488837012     -156.254530572240697       -4.937566757381681     -146.181878316145969
      -67.715916466036930       -5.551051061016250       31.396979491408612       58.367957392860561      113.108972099021656
       40.845058715359094      -43.904065587807104      -41.846824976319610       34.445473647160256      -44.665940158931953
       98.400904726923329      -25.079181428726091        4.727158459974386       36.520623646773650      -11.776035265439388
     -124.400453399738865      106.987601180834048       13.409486116895517      -29.736410054541160       38.356939402431692
      -37.944867105035222      -14.152841950358395      175.649540227992674      -88.270839580245578       42.046885102578166
       88.861186804445254        7.436301291589234      -63.689756872164125      -30.936481257335792      -32.842165548170428
        1.224432790718187      -24.912155305990279      130.089260648416513      -62.720066177117829      -79.866677019050826
       28.409856698268158      -26.712446876674793      -71.090896131418290       65.868791841996767      -56.057606191983488
       63.940196759869657      -37.688494777668787      -49.448487448984615       37.314748337299072      -14.385818413384197
      -34.498121808496862       69.156630611369337       33.892106107956813       28.863704176293172      119.659771149812613
      -46.094391179892320      -26.651911482198376       -4.182424254663152      -69.181025958962309      -65.685391171814970
      -74.639107145534624      -34.762513249252393      104.324716890164680       17.047636274224136     -170.035628652276728
      130.185058919145405      -92.560509234839785     -141.983724282846140       44.340409969017863       93.190181550491815
       58.587028173167162       89.597128821328795       32.165818970517108       33.063039517821558     -138.107106039932347
     -104.398016500333171      -96.359000581078689      -67.371703917892276       50.159167725602046       73.502871230506926
      104.728967314546068      103.533564000212138      133.269155639918694       -6.352304895294435       97.616302921246216
       42.996893834445423       31.695586004640116      107.621417700294614      -79.075099634655245      -53.895608526018414
      -40.262115546538915        3.996025933775653      -38.817289576480931        7.179758223059477       46.370057807346910
       41.149276507096332       26.868282431601607      -41.406640540435092        4.614133738423832        3.250185972394985
     -205.883570306201278      116.425880529114224       15.164583909845067      -59.163255647750397      131.079914919045990
     -187.114341107019555       11.310512894166283       62.549307327460433      -26.321595174547753      -44.762230251400680
      110.690700908428823       25.171278056707227      -27.612257523136932       63.788040460314036      120.693037475065466
       71.729294047300073      -64.306066878237047       71.345536167293034      -13.075219533759508     -125.039590349915187
      -82.954613385396556       59.376294701088128      -69.954338931894654       49.137332008426412     -118.479134651645296
      125.335120337994809      -17.088106031510705       97.591272468993864       15.942925452515095      146.099092550264203
      -11.759466494271573       35.709695128370420     -171.296437579727609      108.017101534654060       57.252144154130015
      -97.883757428175315       64.046592317797888      104.087514247334497       23.404926806448731      -51.903926384026249
      -36.483166142608411      -66.913832929566070      -70.618054752048224        4.607183673531160       50.381686245605451
      141.737751337322038       40.845295761229927      105.007056006098423      -61.935467531547140       25.152483190037191
       37.791756050412282        8.633251099575419     -109.956345184690818       65.019653715116021       76.827838555779280
      143.454358431139752      -35.276731940912157      -77.465672633310675      -11.062101823382228      -42.865240122236798
       19.623579588404471       -0.729662968962938      -29.994410702036191        0.171291180919356      -26.061213244253100
     -141.924334364936897       25.450262531160533     -112.923982709308277        0.181661973285519       -7.539441888530297
      146.765240710084242      -37.828410014648824       95.931331187586707      -35.641891920311721      150.382295081177801
     -250.638097177195561       85.318433844880445     -100.232291457472925       19.379660797882451       30.450815171431106
      100.111105948051573      -63.729308465996283       71.420085778157031       37.171981456598822       28.519949152397984
      154.235906559569770      -10.924576811325641      103.933731072959404      -20.206979788761707       73.279493550312282
     -155.967729978822462       54.550980669129139     -114.506170880886955       34.702740007296725     -146.465543447055950
      -50.050946162254853      -12.557444547578825      124.127575578251026      -24.555545484947928       71.819812466451907
       23.320034556689489      -29.203792808915082       21.829386291875046      -12.860603314365997     -107.835681809732634
       41.101262803106394       13.019527602427683       95.014458494424630      -63.757915973076827      -50.623377466200360
       18.153584748153776       12.172934255374193       -4.997417154041274      -11.534863961515146      -19.861338396670487
      268.680112065592823      -10.398921736454984      -60.560264663209004       59.415301315328861        6.002933325195919
       -9.726488889183173       15.157204867037867     -225.274802174687153       22.776878343593008      -12.194816292940228
      -38.612355915598741       44.186637749354986       72.464362077932961       -6.942255449916011       -6.939581985714564
     -129.304541965846170       57.080680753556415       35.750151634706263       -0.067254016195612      -46.775376851286623
     -103.956413732223723       57.870082142757674        8.915209142297774        2.400984727002051      -29.647816759047000
      -20.480915365960264        3.022817161396544       21.193001293074023       -7.007136388740611     -103.479427449469668
       12.295058670287899      -12.797556204567611      192.049179184809987      -63.149717232204928      -56.032070331685112
      119.694468166507392       13.906274766868966      -51.387724933275507       15.772339750314829      -26.722195287283046
      -93.069911987519205       -5.446984962607566      -25.103212148502603      -27.611505712788357      -59.047377243761829
      -23.078822284742746       28.357094111319896      -41.014733457290021       -7.652479213256466       40.085375517791427
       36.916188401006828      -18.591725662305134      137.356874131341385     -149.369623677591591       56.020554019594663
      -70.830772205843019      -48.638077211936384       34.278923222981462      -54.139330064090942      -35.913263485915721
       57.127628109232717      -43.197440449320666     -159.228310157287950       87.728483023612924       14.868848536266830
       12.417409795413064       21.659606932928785       69.139650067912413       34.712378677186024      -15.723081798794285
      -30.457553324056423      -26.642668666051485       62.840235696833666       56.329960303959375      141.565644094728952
      -95.241718970419569       54.169694678887801       58.144150445290315      -17.182403713504250      -59.272279174734670
      -98.270734346327174       24.863832939881252      -44.253408495846905       22.978669728034237     -129.716024861728783
      145.637710924933600       11.263233295444147       82.281647317911080      -40.493297869241069       78.400485186180035
       46.713758911307650       -2.740810023928983      -16.702103942519678      -12.038006789129037      -29.928619188946382
       66.212875443311859       23.691010455064557       76.684548520058897        8.861593779368773      117.505835728991840
      -98.982521216771190      -93.180148515080035      -18.675790745391051      -48.944604478381045      -22.419366533586693
       33.678619273712570       20.797553067809339      -22.956843762860103       11.999561837999998      -71.584139780949712
      -33.601001088745896       45.701647505425427      129.213994431523560      -51.370599495862457      148.764614966697877
      133.949760288697632      -22.415428856590879      123.964980374324682      -42.425219495594668      -40.549072635746263
       -8.013655433066020       43.948048886857364      -33.901971348203034       55.908307444871888      -43.099433764291142
      -43.684332035976666      -43.491938236880621      113.317011015769566      -17.090907376182223      -28.802393601288717
      -96.768793045021667       59.924146635376630     -112.676993853232375       28.333151685941957       49.540547758602003
      -25.509187136415399       70.637162953780106      -58.768700429271732       14.155449771193858       34.269147047366282
       66.548337081767428      -60.204317763079324       14.393116028596705      100.946583047563166      -29.173806480110695
      -25.076743341255387      -43.405156963578257       45.440335614597565       57.385048730289441       32.155989492652324
       16.738689084134073       14.273549140227120     -128.752899700160299      -18.759755822470513       61.238940096430106
     -186.576978960548729      113.058116911592464      -38.378923887001591      -58.119064333259637      -40.231597092158530
      -36.821384779589096      -42.405547188926953       49.060618997670360       18.719032222332558     -198.292211450651820
       81.811364248194423      -38.188627671933496       97.796257081039045      -51.139133988265506       45.587179051171574
      111.572978147184230        5.905388975355918       97.913833698146789      -32.249095955954154       37.158465679871171
     -150.240873741476292       19.830949529726166      -59.490806404584632       -3.261492113711181      -70.275907016867237
       79.817584242635093      -35.765869701173465       17.449822287961162       46.062974831787848      -73.224677633740654
      -10.535854488461178      -37.145651835573382       21.741964719774639       35.597068680523648       88.443749730068276
      -48.485887447291432       25.229733478207145      123.083310111553956      -30.375137926493547     -131.734878069381864
      -18.725253754161422       22.880964569060108      -96.432350309203031        1.999403732015429      108.331736075508061
     -139.832343928644690       95.272117288276348     -130.205763326017490       43.480979652893552     -129.409203031584070
       37.370836936658698       51.555433979094531      -18.850483633639971       21.207420382053353       56.875904702080867
      -22.829471964207531       -4.350277528444368      171.059833772174869        5.905636784976442     -191.255673853516043
       -2.890271226901231      -16.562541007705331      -28.333167175371770       22.572335058638245      112.242743386473848
        0.301154960830637      -37.119731707235005     -115.714963456890828      -13.590288510099386        3.798158452101442
      143.259837258768414       -9.940583635888267      140.891945645522924      -16.005604073730154      -15.925101663954420
     -127.387375432791046      -29.425701038626201        3.706570525743641       14.658057241368825     -129.117680982608135
        9.261288466418657       18.929134549708085      -55.748857033397208       30.186558112702027       73.847129811350754
      -80.523291930731034       47.940555009486410      -31.352366581010681       -3.273032982793878       -7.971731121018160
      -48.594905042002551      -40.704927959297692      138.665963374897046       -9.372791047011583      -20.319275905152193
      195.122068397607876      -57.500094428809575      -14.451423603485660        2.636899608640714      -93.798749351313759
        2.816041032028691      -49.866745366910770       13.387421124623105       -0.912306531268198       19.904515130782872
       -8.936301516963351       58.795546566415140       29.724477631027284      -16.201467481166667      -21.320028090498990
       10.102110943050830      -84.008430923212401      -94.615319727222072       31.244817622361563      -13.707743500198857
      106.369553063119497      -48.430302961905220       83.212797251369793      -24.842135964911243      114.789565839363377
     -182.777653599826067        3.949448939787584      101.930013009979888      -81.367479826385917      -79.464542736763605
      130.330946839699919       -8.161551035503914       71.729170886197309        0.713178663180164      153.526602711988573
       15.855830350473331       56.551363592614258      -75.907643960994363      -21.347697480400658      -65.106054938577984
      -29.336942000962836      -52.172968470961742     -127.377999567257902       -1.233398661883297      -31.974701501827525
       60.455866099101478      -28.699921158821905      -11.808198055718849       74.146343175360030      -92.893601389086172
       28.388342169420184       79.859646693855652      104.804052061129383       77.997817448726835      152.613847445921238
      107.358803682647789      -84.298242832426041     -170.670200660367414       -2.073007314197838      -26.553956953273836
      -89.587176760341251       -3.679020634656005      -13.003877946403252      -26.936991341507664       18.635469025304086
       57.019714427630980       80.799839082640574       84.511392083357151      -55.028835038827545       14.430244409402707
     -138.942767682571571       63.270120261702658       53.427982527989386        1.968791161191362      -59.213521856540979
      -41.264528110793087      -34.050408151227593       76.641543817667639      -19.798706647863032       70.038424185515481
      -15.616861397667401       28.846882944984838     -158.336588004033160      -23.246365748722774      -26.176253705538116
       42.997122052136966      -17.129745667177787       57.517820606057882        6.722926888080919       65.542211421084474
       66.449660904467052       -7.532037641177729      134.806672281113151        4.942815274317923      -44.528946596773054
      -59.347845258433651      -53.767893249878895      -96.053308654834581       46.372171599074527      -38.144337100132077
        6.383552522195129      -30.408180421356953       36.443662050158373      -21.979329705434274        9.037559935876351
     -162.520981222371262       48.407993422908724      -66.307301991622438      -33.890156618264911       31.813218549310694
      -71.992132629537863       21.456188440887079        3.621207981758183       12.343500932989821       33.501567063788080
      128.513845134660613       -1.242524918163994      177.348581731454090      -20.582822023956393       63.905905243227551
      -27.807309198455730      -39.035007812032873       63.139601198975235       30.379992520097382      -70.742468961432223
      -44.949602121367711      -21.676968825535344      -42.197388734410772       15.942914725824499      123.877830646037069
       35.582317424899955       78.380416048366726      -37.595643101810467       10.209298897168491      -14.307072416666475
       53.807072614258018      -67.056094742706222       42.906113331067111       -0.695781582977796       20.289176183187692
        8.871500059104115       41.662529828478668      -25.814868659203647      -57.126130709023506      -13.015964785337102
       43.123255713813023      -31.261954433975479      -20.583881514032999       64.404405800246963      -88.209120202870707
      -57.143878299003745        1.024010302809876       -3.702866265407128      -24.852758431667965     -137.020231139957673
       24.725487960608721      -48.556363874535322      -73.014990478221790      -27.033074433663018       42.815344751231493
      -31.226459178442816      -63.836433874564555       77.177648567288472       52.695315110874361      110.243406643034234
     -136.561838355786932      -14.094277355408121     -206.890027576703972       27.726639900509564      -59.769476382894815
       68.175086534598350       10.478377858904226      309.654410815701624      -94.321086188112105       46.292741225720320
       74.509957322662800       -6.714253660053845       53.060218652179998       36.809886685679075       51.538057819791682
       10.952483496176809       13.642475850147525     -134.001683475172285       37.283626994666960      138.503651916752830
        3.488928326664420      -33.943863109835974       70.257695130693520      -23.907640001298233       27.049570691550482
     -101.658602872818065       34.926199706564923      -70.400654268702311       14.920399297173764     -201.577185103498209
      -16.199098993238607       55.025678801740440       35.322614007093058       26.640943703767515      129.307942611003170
       39.856422374421918      -75.279935961901913       -3.410358471785281      -35.928182609298744      -93.600565237500135
       43.559074489617174      -20.155742065267575      198.201894968441138       44.505968831586323      -69.640056865547066
       49.401834067918287      -27.779570693562967      -16.151441106500645      -45.542184170996165       26.376924731172693
       20.466521512029548        1.145859980074326     -120.116215466034916        3.610055916039574      -58.923342548978873
      -91.978197954869003       60.316168276911853      123.789500021889296       14.117682504637795       63.763752391364278
      -61.507418468600733       53.411384972140617      124.743176098038745      -43.533649294988194       82.461803160560478
       48.621939950899282      -59.657470674391178      -45.726716751371598        5.871364350656203      -61.969076912057339
       82.624893262268941      -10.718093922210837      -40.322614946754840      -51.672258831996665       54.874659744453922
     -112.986248632209154       42.405933108655830     -102.680534869822310      -22.132254316670313       38.660287971922777
      158.548346122378518       -8.363796454833974      -56.408543030194792       50.668140600079958      -33.641191203425059
      -11.957913490584358      -14.821349080116500      -31.369043793126135       -3.628937342529395      142.923516964171000
       56.439414477046931       10.577152486862044       64.963072668128035       -4.608730159288596       22.351546037853790
      -67.704823487015346       -3.677991850458730        9.332761118665887      -61.236166088763824       72.556304217778077
     -197.170204878801542      119.740607888756116      -30.472604116269533       81.576772513121270      -73.488892006303544
       56.543097428423678       31.730636225813942      -85.945132205756636      -26.186533641655515        3.135660413648381
       69.885534516846221       17.467418309835963       18.050968416872060        2.291350199449950      -13.193716967338110
     -111.670191485964168       77.824564368988689      179.697481629204674      -54.583669986646939      -10.931731428928726
     -121.457693531181391      104.490491537071620      -58.734873048470469        2.658481325675272      -30.029011137636754
      120.422587164258175      -53.116697238073634      -17.096649922966396      -25.192166990136634       12.483220252237471
     -100.102970977461510        5.901703281069396       91.729240193488366       17.808252626399469        5.511154426440633
      -13.516624294414727       -1.247210013455729     -123.281019926685801       36.088858027007824       38.618957709379345
       44.604102735710377      -28.298830535708731       92.270839101196117       14.370349245185166      -19.725334642880295
       52.795503842529030      -76.436162992323034      -29.069111724981653       26.598103882908294       28.770881616878455
      -35.656927771673637      -36.167648265435176       33.233032937959678      -28.842104540624163      -12.017678758811591
       -7.474679996747449      -25.221722095310557      -92.295448408317938        2.718314884290413       19.693861388256000
       22.012367451253194      -22.279437890576833       -3.307850954643675       57.464703830359717      -77.844484594659960
     -119.501581472412312      -11.499368771324406      -30.344109556929229       12.481855838233404      158.217322336299588
       27.794766411873340       32.641054375905483      -51.874241922088224      -65.520647198065092       -0.145448117349735
       41.922604042082142     -105.357264153042550       73.503980409966317        6.955401519072275     -103.932887277572760
      115.369648488164373       -2.242867959040570      -43.307993060907165       37.466398455320103        6.057712068953228
       -3.290799589012231      -74.811098812744817      -83.083863872595700      -13.404752578401499       72.213748891356701
     -223.695765653342789       52.738153119654051      -66.741877305766835        2.732911542378494      -86.128998030675888
      131.007919644752775      -24.486101395514584       47.299377189384813       47.718507200050333     -118.601638877137432
      144.694069413558083        4.601887784477658     -143.926891687544867       22.701936758808575       50.889085343295385
       29.155976010821174      -13.963057674326842      -85.222888005906228       37.192360509629417      -51.723245660793417
      133.375098478231365      -31.836713296246806      106.316121672969814      -25.457330236746962       32.437226103339334
      -37.868616058545655       33.928312501121809      184.628612093164890       -6.628752885287183     -142.773715428231156
       51.613585787665833      -38.284990003322669       37.526423146073292       11.070373145126085      135.501185498254557
      -30.401786307379542       75.144502596959910      -25.946448388544855      -66.648304102398640      119.710275798669201
       26.599151581832022      -43.061216475925399       91.953685127762441       29.859417510628695     -118.383808944300171
      224.201885040382962      -61.532397461945258       77.518651573242281       -2.741995311043397       31.932682774615149
      -85.667385598846948      -32.770612904493568     -178.222886407061253      -53.121037757604519       23.510851575563265
       50.628504114279501      -11.095998565900844     -176.323396634598168       84.081055453244147      -43.426857355443985
       11.898115452805502      -14.919417858374825     -119.313676137988807       36.177414453543385      -87.426430888461979
     -154.827599837822675       51.891905894660923       46.259803817100824        7.374121086631967      106.593060854628362
      129.960809546859878      -19.899331855875868       79.239990154528499       18.841098227707658       -8.049320300797948
     -187.977665734510936       23.063679240321154     -127.574847900956456        1.473161783705292     -112.521295600133087
     -101.283499958120174       -3.534069639457200     -101.045890882408003       26.748004074932311      -69.796287298241865
      158.442067480149433      -67.423646208803305       96.279470357055118      -29.077483029185530      -34.714357763291169
     -181.413739434501906       34.927175703054381       17.997052715279704        4.522062105726561       81.302875646358061
      186.842139073502068      -45.230393103793482     -116.011894268833260       20.867977486146398      -25.571804209591434
       39.307419202604237      -16.077179543674415     -113.361131495409523       61.099245563723265      -62.708950082844495
      -67.100029174851201      -45.098249661650513      -67.813369317924867       10.986544385706322      -31.603569074268144
     -129.774990866810242       26.141697700754726       18.816533829551716      -20.985473178959825       37.828537050649715
      102.586596196174256       44.274550851183847       49.843447567222583      -30.376645088224436      -57.525396224045402
     -104.867852049376310      -13.074900798172852       51.461767482263475       25.724731320879915       24.417293047862294
      170.979918929832650      -22.644329381877299      116.691501332471248      -47.572353649340627      108.745666131723112
      -79.697325012189239      -44.729180851794034      -59.798406138823381       73.455011048334896       30.299940929734635
      -16.862231228851261      -91.388244467395452     -131.735363204160421       27.253397723422584      103.259525774350195
       97.623279258289230      -20.054234534322706       84.579144411582888      -48.588762121160464       86.445043568307128
       58.890925793913311      -15.426517929383264      -86.347806155873016        3.719122805468111     -127.305856108697853
     -111.768667048733661      101.791948477829266       37.702902070375657      -57.057371955354476      -71.831309721364207
      -41.114577168727990      -10.989684138353249       50.715739718091079        3.685072145414845       66.468617261978210
        4.826682521450624       -4.085281057689940       31.607999648725642      -32.150893367246589       50.246926661894953
       13.285254795480260      -52.232267575420089     -124.264499407234354        8.407903474515779      117.662817155027213
      170.269013492486863       -2.053052618357694      165.652519459806513      -72.134972240340502       24.359473980384223
     -123.413696658067366       45.312985506658599        7.828354401451683      -36.639871500083707       -8.130489080102066
      -10.861241446261761       15.360872050731611      112.719436728280215        1.751264768843963      111.474947966641395
      -77.445468590251139       25.926733447980716      -24.095710110173535       70.784312266588699       19.758100269664943
      -26.581728508098344       -0.296954951823512      -97.870806139043054       -9.284515166381819      -82.788657149216931
      -44.276372253943144       62.813755762290036        1.926805190518204      -10.474240871111613       90.549784465274101
      -69.792490127982660       37.881555361086640      -21.021842720265848       26.498611166581625      -67.853671572023288
       45.667135817711461      -12.206131840218085       11.191452084451589      -14.730198514949546       21.525132273228454
      116.423741268517958       -2.743130708431428      -20.997724402591174       12.621882737357955        7.332157245913558
       73.363828306569573      -57.288079482952533     -136.434424342696730       31.073324334293353      -15.210379442397150
       93.417480164849252      -56.249602070780149      -18.323166109777151       -6.356288095159200       23.368639108182208
     -110.536218847304184        1.328768209875687        3.435006619054517      -17.150529439381831      -11.504533114929725
      149.152476827355201      -36.146068663374741       24.671811942974642       75.997392579254964      -37.824729542255966
       81.259654004288905      -43.070213047909107       67.979915968585999      -22.750335100083653     -113.528514287810367
      -71.207035699297677       41.439796670568519     -162.736081092331716       -2.536730046041701       44.848576740123747
      -12.856326793838074      -11.513828909726955     -111.939166684784993       63.385207278009482       63.993395762496597
      131.642773463815246       28.395419788429518       14.342976159612052       19.452688598484826       35.296668235940977
       10.031951741823020      -82.533395398977461        9.461384352899014        6.666872318095898      113.891795277100130
       11.844064943951308       -7.663327242854588      -54.618936972421572       22.466606590856841     -186.966612454326196
      133.601631582727890       -9.810584923261382      -75.484148139455840        5.387708717296714      139.798491005617564
     -139.203557879847835       39.877394553969218       65.506489677896511      -67.134224779664663       -8.946695643271765
      146.032534181180068       17.030421364276922      -71.331437662759967       18.671557424302385      -15.086719326192190
     -119.334136906199817       43.549661455083537       -0.284055754883612      -21.168009011950105      -61.065988936016332
      -20.821266999230524       32.156095280213691       37.448097060364532       -2.776012110643114       18.202967078291159
      -25.962228006307821      -43.910029552446460      -27.105481250311591       21.532175793935565      -81.583844409931515
     -111.888734588499943        4.105531856608990       -9.686918200188362       53.620702414547281       28.882246843158281
     -134.629734545390846       15.902716434443827      -53.300442542952446        9.780043892182162       17.527293861456307
      155.967337146839355      -39.464052028710249     -134.579459679747828       -3.827500017179533     -136.888143497055893
       26.613067630402373       16.945289129171673       59.130404293333171       -1.460025379708456       48.110104454905454
     -117.394993766057425      -49.148576642294650      -17.567272751726257       -8.970995710619333     -184.864470601877883
      -19.756421551036688      -56.319603513040740      -95.165495704493409       28.122053447748662      -45.822834974503422
       41.092455779194275       11.253493602988467      184.447646368730517        6.827940639126035      140.365333622328507
      -83.623302732245719        4.949827904459157       52.947114141722821      -65.583546118456283       25.520424227175685
     -130.328295055821769       24.160609493122823     -108.261704198102009       30.060218408825826     -136.428517412494614
       93.495560455432496       22.568022947986957      -13.331803533444322       -1.441854244932285       -5.313029270498800
       25.239676994529049        0.622683950193040      -20.313293826013826      -22.495887867667001       85.445675955148715
       -3.886052531438665      -23.308898694630820      -83.507201323271957      -18.553396070921767        0.467704194251187
      -44.644101155073855        4.085715865151528      149.799079405180208       14.847368279866265      -10.321548419573178
      -72.778960671376140        3.895036067587904      -84.769982161233443      -12.559565510740839      -39.369036697213012
       50.668288566714899       40.872697438456257       74.844906610175144      -32.340418042372690     -145.329810625408925
      -59.075542257622082       37.284254927418509       95.178835392188660      -64.116220924672291      118.969719997783741
      -84.465817802620847      -17.695946604976999       77.281931255592724       -9.233672915780010      -84.634490622889544
       11.769378446204772       13.383259690291894       -6.601467616768500      -37.611859001979781       67.839955865198576
      138.198094036467353      -54.475325286183498        6.887780958720818        4.668140479523069      -66.273400968249348
     -204.485928860327220       40.428876141341377      -59.320277340360079      -61.935783494210213       52.261546458867379
       88.960615448958805      -19.799511211229426       -7.520438466020418      -20.759648675166957       98.417432496908106
      -81.692351111400342       -9.828093519784755      116.415463253819183      -27.349410205360730      -28.626217927617084
     -202.362153901200713        0.600612334514440       41.595947355556191      -47.580576743915252       57.067433785114673
       28.556338673985465        8.020935544825155      -53.161465503969644       -3.910363213446416        8.160432922864999
       51.943049330237471      -61.101752265623723       34.022664597813602      -16.507693633839729      -61.190918536801789
      -86.688116920944708      -37.513684838939163     -143.645607964377007       62.725129084159796       -9.975119284598463
       -0.295396932712605        8.343804755595057      126.573906542734576      -50.092086413766495      -18.618229103450119
        4.786974049171055       -4.329197138933056       49.684379325301613      -42.416267839159694      -55.558141103102152
      -58.407036422138397       54.007039900257723      -65.490873513717403      -42.122880001420761       55.669080764549996
        6.784733417388343      -38.443967287003787       16.493828643796022      -25.565667547481894      -18.347910116374354
       31.812826134636921        1.178655651851398     -126.933788745908345       31.252843590530887       29.347680201116621
      174.459356319171292      -73.171762239451354      138.834014418748836      -53.645323528147941       75.020363586327065
      112.105833199916916        4.935994847155814      -68.398731296207714      -16.873406108938724       90.660025774708416
        2.417190006718101      -57.901672325941895      -54.275415809513241       42.711843647700235      -20.380754336268343
       -2.783452921849528      -56.506169390642228      -37.582110304489078        0.027513235423442       85.641077413107951
       57.500450171264688      -18.842905766730020       59.278295007343210       19.109554090440909      -53.317523826547273
      -28.211941656896705       39.968565943147738      -43.406627912637866       16.291352665048517      -60.788500282457541
       86.050376921124752       13.403880869013950       51.757520295880006      -59.352540327973813     -135.158552268656251
       10.380915377148209      -13.484688253588372     -102.145703255049682       60.975624698821200       24.068587096352143
     -167.127052208654590       11.419523397961916      222.280670208760739      -28.530538524797752       46.570001235297738
       99.860298694526307      -64.674896287947249      -58.495169817989698       56.760339347066413      -78.422877513291468
      135.993910435771795      -32.468675873544690     -184.814687439704272      -61.743078326694757      -18.699270121022980
     -137.382001110975011       58.480626889974310       22.700389824881157       16.810411110357972      -59.468492074093909
       -7.207501901943718      -57.447189546337043       29.260688034509105      -66.453616881673057      -48.604539594027614
      -70.919764982498336       21.505356784388088     -138.130765934272745       42.609755703698205      -12.200935959008625
      215.042839507254513     -110.904272163738156      119.647505951983746      -52.728197512229926       32.488524608666346
      -20.581353679217933       15.871257610335524       56.567475516453776       10.723766174017156        1.248143148348475
      117.922505695498401       -7.315837015019133       78.166863940532281        6.176394833676605        8.088735760971511
       38.557497738327299       -7.970693452806537     -187.886218467712354       32.618373242736780       25.473998874859241
        1.834377485686385      -19.061756600580694       16.736833243973351       47.366048460494113      -85.843651228457944
       93.013160947268418        4.338576818909822      -17.696800460892618       36.171915195926140      124.105380705309074
      -54.872932211335055      -50.946210900902734     -140.086760985962258        6.752888286460998      123.256027489543598
       99.009727285064713       65.246068506087781      101.361900540819320       10.792970753480668       60.581505769978001
      178.759190658457300      -62.972625664298143      -85.669198566465127        7.740773852122317       -5.095892605914425
     -114.281931517021789       50.052506376240416        4.570491134792920       62.919194956945098     -137.846561895699040
      -23.297889901358086       13.371696922535989       12.044205334688789      -32.339605313407056       46.055720823549130
     -132.313211387489503       27.776591584667720      -32.987321452093234        3.107843177323796       40.812553352508900
      -30.214640037118293      -14.658238385719004      142.557161441401320      -94.974271704740644      -24.436389177752449
      116.778148424349538      -17.264806447816269       21.937581943637550      -16.075533486725654       56.643120965248301
      -56.933992329938135       63.850925591785973       93.046683688869606      -19.337596689021581      -14.657852165486169
      -96.446170690584211       54.726382871078357      -71.726093194834462      -46.814603854976959       72.779476372200989
       -4.062839389410471      -60.474288053907209      -62.201074528494352       29.085329573388861      -46.265843752442436
       32.907217697731717       23.991922970260944       18.506145514175785       29.156667809553525       76.904183994856609
       41.514579822326304       16.127946017337351      -88.353407798293730       96.748564409279339     -118.547283266405074
     -114.927627696526969      -11.366625057583239       49.851375707997690      -33.111001793364231       17.131549343491404
      265.665724915973499     -120.358653673122276      -63.413231072797430      -36.575336122905100      -10.674575245295506
       17.022671163439266        6.369662588105416     -101.225858603036357       45.103032455344426        6.321938788687071
       48.316394123961018      -49.164929392526240      199.710724162357309      -25.349420807732820        5.109832860488638
       39.322692716616842      -11.074175570914827      -50.870288811603267        1.021558729321891       39.645984262500889
      -87.271484424626621        1.298130208085049       37.022370684051239        0.171332711795308       -4.254726497852784
      183.427655765134318       -5.837757196108238      154.003249086333255      -22.065800341324259      -12.016721904130840
       -4.427176202197427       25.110503472910541       -5.976159620382028      -79.730091968943682      -97.978786400705161
      195.212802790299605      -39.061675224436406       36.971962998599217        2.608812641178431      -68.479788732111416
        8.454494422872852      -32.513204876543739       -4.792947368948395       23.710023103021356      -93.496652802308205
       30.908006671648213       -0.036955284275354       17.647424564306942        1.825590787237246      -28.054876721822463
     -120.175367089909216      -11.172046345137872      -13.070540416015378       -9.268345247566705      -32.293304676854341
       71.637961460631544       72.600620507381734       62.847990140677446      -10.826781771633978      134.176276031731959
      -61.127497705483506       77.602240186641964     -108.635688526338157       22.854021494507652       70.175424241033156
      -87.182628827814256       47.385630031284329      -54.396416920599847       55.654158849122801        2.704513464898237
       67.755049995796881      -51.251685743773827      -31.897571071795060       22.317075201100284       45.221401437944628
       -2.343446243586174       -1.576662332713284      -93.421890684196384        9.600155163685466      -28.177100350755367
       78.934263478814557       14.645506788040452      -77.550377973820744       48.827626635167796      -64.550643502534697
     -117.886939765195251       12.467954729528808      -94.073486890626000       -4.535469214878405       -3.137292154127910
       -2.478745886975562      -29.164366358872378       97.134356719496992       10.963996313507364       47.799748698636826
       20.419524699698336        1.043627894027354     -150.701947201447098       25.275519795665335       -1.280213921787895
      -70.441760594727398      -10.635068338359218      -44.452724244154048      -10.911321698103064      -64.845218808238513
     -132.896807437866528       77.379060349411162       69.484240722331947        9.112415490632070       64.651118080562370
      201.980160620147416        2.732395052397376      101.495250153666731      -66.714304879059569       15.820203921087217
       70.131981768659884      -68.250803008001839       18.263730763839632       47.187075092892364       56.181060367569593
      -43.809936790785038       83.437560677187520       38.474624139793860      -24.417802625243571       26.404003430011088
      -17.190555609895213       19.787320918438699      139.797589025422639       22.281359003273455       -2.946628300506383
       26.315612425442325       48.131955497438852      134.319229713865695      -27.560662105552183      -26.347454636594655
      -64.402061231823140      -19.729327294722044     -116.530178258959111       20.849120011593715       45.207945745144627
      -11.995578985008141       38.992163162838644      105.123597878880119        3.314629061392312       86.257759964945862
       85.638944032119284       18.627587863029781      -58.327935835246329       22.485596760251823      130.418374571580017
       39.981466177148711        4.014822958346289       65.122639429691972      -44.570622301034362     -179.299911818639089
        5.046224282809765      -11.700298848878992      -83.768752488995730        5.041228442629450       16.418667820175077
        5.263706512297442      -31.765056746002724     -101.444936028332975        9.224926755823670       98.382405605988822
      -82.068498344608599        2.862063516835714      172.658308800310834       20.730513216854437       39.896663611009231
      157.483716576059123       -1.195733212012113       44.256337738138001      -65.162248418914828      -26.135882132711799
       72.418736366482591       25.128856706970165      -37.540763585408691       45.617330205537542     -103.279287721239299
     -184.289558734722192       39.362563788481488       83.751667296505147      -56.741002323916895      165.949580336193634
       68.570833420473662       -9.174307591787148      -23.769771966216378      -24.024571560163331       23.229720161847798
      118.997330998168550     -105.233457855464891       41.307371028921821      -11.976664546800533      -32.755474421389614
      -11.693607932099763      -16.325347949604264      -34.238749395427980        4.060905286411443      -63.515518013844563
      -69.427593694456263       23.886975476012598       -6.811143416999392       59.003604962887955       -6.805285271371790
       41.952977350696017      -27.079451685045775      -14.086848360567052       24.923867629625036      -24.096463569466355
       86.496210307640283       27.205138783477079      160.955160379757643      -15.740128476567913      -62.989104098353643
      -31.410030322609096       -1.960656118366446      -12.517903799331805      -54.400191595158070      116.079772148120739
        4.572753396207013        9.534648410749941     -129.172000194877683       61.109651792026163        2.893286404749302
       74.168201632114418      -75.263664782335098      110.863066405042659      -38.896850668863415       76.380020076077741
      -63.774690691910472       42.182187436306542      -17.899703818310709       62.358062208110461     -125.322434278094505
      -66.359488797177818       -4.937177964203086        9.023984355171869      -12.505905846496848     -132.290582511725631
      -80.369601798734706      -24.549191986324509       43.988155071859438      -26.495537894707482      -34.989772715213626
      136.379503364497111      -23.639882680338424       96.878823374096029       -7.762988875422352       -9.913731503890608
       42.540073194200033      -49.442409565951763     -176.614063378252212      -27.161479544793355      190.353532000389180
       48.410429092998093      -51.453214424385372       61.900281989129198       -5.348982639397259     -114.914952112285832
     -129.071488139983302        7.793993083971513       99.694174614183751       26.430223087048063       28.678997989482145
     -135.179429116124425       29.671853064641731      -80.638944810254401       -4.325961494544488       18.207698865400499
       67.932918239716244        3.135117106171622     -185.256903577477516      100.675571392683608      -33.486248372213900
      187.957770835054362       -2.067530730246266      -14.738516947229796       31.309421018614287      -89.702134608207103
      -38.873298013905270      -25.028119693007440       -6.695266631347502       24.830572619665276      167.598664648969219
        7.165816884203135       67.016655699805298      -54.455172703109845       36.195412868039064      -87.051490781427219
       10.320110801628783       13.701680557097957       91.616454944360314       17.652609372049398       47.313529865523599
       14.158027821879084        7.757309558232775       75.612047566468121      -71.972210423543814     -113.567016897937307
        2.752159937057496      -19.147348393448826      -37.248432223375282      -18.376459246748912      -65.892287730672521
      -12.594267301001647        7.352071698513718      -55.416681582135340      -44.525549629118721        8.767445376018959
      122.962231324421069      -63.946268198812184       27.618893952859647       26.571303140044460       18.391236660090634
      -17.228321834538662       -1.913264573120535       66.427433426239432      -33.909026818619147       27.023379409454364
       88.970750522533592       50.314837357274918       21.888984983330879       51.752824227741115       86.308707191940854
       21.681902993410262       30.385391140721890     -103.133134562139020     -115.011721018716671       18.803746549041872
      -72.152126701997176       13.425201268297789       46.640960349939462       57.334833933689723      -78.163120109584995
      -14.694878280033251      -13.838004963964716      102.027039128582942      -66.159167185432523       76.076280380094005
     -162.073733607186142      103.961164394882303     -129.147279698859450      -61.197267310036196      -94.366162908707651
       97.936613101608486      -19.209298023597675      -48.824024912529637        2.416779072906481      -72.280854429306160
      -75.460321043216268       43.298358512689937      197.716435942793225      -68.840607223594077       22.131266078517672
       56.912871807763572       25.294040525460691     -154.354822116185204       60.475110483505652      -77.408673147346022
       -7.816489106904971      -29.773445970368492       42.687277808365437       47.086030399131722       43.034983778650194
      135.631001107617323      -23.020996497708122      -66.300121983004217       -6.119430208200368       63.685916741988450
      -51.353050522753811       39.813703377377330      182.095835449900363      -52.608299964938752      -13.574093138731305
     -124.726700923057948      -12.960890082182383       26.630893649585083      -69.738061354795292      -95.912394769240493
       15.038411960279598       23.748728259090583       22.040179153490826      -12.809331213092678       14.977376540650381
       -9.770841664952865      -14.868714099582286       14.357171784997741      -49.776593087823500        4.446370614023733
      -29.360545661394493      -18.118916959406864       17.745930359119434       54.663523434246983       64.463672328333260
       88.340141321071187      -17.650063640600056      -44.590267610468480      -14.506755673299098      102.992124012995774
       -7.264866981024898       65.289872601908201      -64.214509002853944       49.217291031182356      -14.040887061407417
      -54.582242323631455       32.588276913880620     -114.334670135612683      -15.088236701404847       21.235217908281872
      113.076445203871145        1.366687580657639       19.306136190755620      -27.306020125844675       71.759138721662381
        1.476043191715676        9.774852771067962       -8.691729735852631       79.577310372410025      -85.038763356556714
      -36.166816003597816       21.828092602419709     -121.977306196138400        1.141968253347194       76.602592996247083
     -165.416699621926256       23.140086823678082      -50.138036467649016       59.992996051712218      -11.063426816494232
       24.517733953546735       16.999290146858744       61.266437582605441       42.080481952707963     -160.543902372624331
      -76.636947836364740       24.144934401877045       57.867043129219375       -2.984667959802936       30.227709654046507
      -10.875505342470520       24.466751475936089     -103.077652924851236       65.729294770228393       45.563918447701546
       98.092455017612181      -10.321658218030260       78.693925731429786      -44.497357998852898       91.274526713070898
      -57.943239068610239      -20.924734640808424       24.398223921946652      -16.421753405194345      -18.701947214336077
       20.372994169908822       49.769392368435199      -84.960119129523790       53.240134401935769        6.167622817848410
      -33.896786968253288      -48.353439695815794       10.733556965355151       26.145620087757873      -54.270966977262432
       15.104481874473333       27.045616447088896       95.602850208408626      -52.857547743700081       -6.553991224177573
      129.112120795667352      -76.996652665970203      -34.775451114062037       26.018376211291276       74.422537860689246
      105.695302204617732      -11.725815946184202      -92.734244416551377       22.378377045171675      -20.373611684689678
      -53.935132017826859       50.773988714434815      217.617341671661194      -73.792809737883360        2.664342417185813
       12.821887012616967      -90.343306551372180       46.217312434723716       -8.718927582411604     -122.568357852117202
     -126.559115049101507       47.254751971831162       53.630315327643402       17.405075840078485      144.370297370895400
      -11.237433642621449       -1.301428678263688      -64.624585135304130       11.649594064068381      -76.881282817468744
        8.944589469799068       -8.370517213917122      -31.682620219716508      -16.648921768970848     -188.608651710044796
      116.033064126479900        3.969910487083402      -84.277959512527161       30.510805910201814      178.171274921039839
       -2.006215348435138       84.589936560776081     -119.299818687315536       44.030642572303407      119.538213979698824
     -147.475145405431732       68.257457576048679       83.600178468157097      -26.496129820292651      -23.887947171707083
       69.568864902794218      -35.325160549776250       36.238070956863027        2.571564643342588      -90.739042984677198
      -38.432205281980856      -30.821228081066351       -9.003353383664622      -16.451461151818663        9.189982204217950
      127.021656526681127      -22.463959599374334       37.833148681440051      -81.756457784910197      130.134305947416010
       66.584523550241656      -39.689637362667135       72.296322946244601      -30.525590960809414      -42.616398127451063
     -149.378331109518570       64.820839355029818       23.249968063432142      -85.111252252836849      -21.845277054404633
       12.917032933603776       19.410907961339149      165.496252535426351       25.877901848197379     -121.398986666017436
      -53.493666129257008       32.886907030910088      -92.592982925837632       25.429728042012634      -40.854089021458449
     -121.526389371735377        5.363409796269797      -78.636082419890215      -13.779912399890280       56.875378087251370
       84.631785087595304      -86.209086103076061       -6.930002396115509        4.841361520230091       69.339020951411968
      -55.287704082541396       16.011166054812414       46.731988755292640       -2.964076143777622        8.966164223076625
      -49.090504286733463       -7.784783120215581      120.981930365544486        0.122179471858830       10.480901005599058
      -11.981603484918546      -18.303830802182581       -7.911133736022307       -5.578801793847266     -104.674060183713678
      -62.934121985375185       40.610931271038716       28.948187352865066        5.358958552260391        5.186820789241952
      -34.237268704764645       24.157510118526950      -36.542941536654425        2.486679412795545      -93.568081571258404
       51.146827287590540      -28.435831433601734     -101.533142678441010        9.438739914728700       -0.451091976057436
      -40.745854202790397        2.172890169700313     -116.166011146186676      -14.863700929963054       31.501824858976867
       -4.625114759675478       -7.796601064536337      -48.424087574643863       16.388396306255242       30.910253745107951
      -37.208330101036715      -17.462836158771776       72.717631136757447      -78.466362482401152      -27.966086788702128
     -156.443045473881824      -17.308042752608568       47.793795747931249       12.518839224648191      179.795583960654824
       77.957347967781715        2.236550545129757      -63.306603762883505      -43.402017760605226      -94.948976300648823
     -103.283741541052493       28.712914247435418     -181.734020554444612       10.828836365048639      -39.227590967838253
       48.621173360628077      -33.225615290062983       34.907334467061695       36.615648089152835      175.875340575421546
       -8.159817032852127      -29.808760601008800        5.387068838126052        9.002135559295162     -143.902945329552068
      -19.649713392153600      -27.803364808959557       98.586342812452415       25.510165387557116       13.848771966478168
      -20.790082075060614       12.920185174257757     -147.669870389923034       53.432262362987373       25.305553685294882
      -80.077003185320450       85.511040039460127      136.976158253163845      -30.548323167350045       62.815828912552227
       41.281347938001900      -27.466097741572479       13.440999958912965      -18.251542989911236       45.028852430186539
      -93.202064544884863       43.618076925401269      -33.719009332318038       12.551367533906898      -89.995227121416050
      141.315022907399197      -40.233783278922857       50.685377283410773       -7.474532178281459       37.660966115621783
      123.997840174448854       -9.992881441896078      -35.585683932066530       20.669768680124914      111.838525188323970
      165.356245524494426      -53.287351026174413       49.031280390315381       47.917171241489463      -77.525929622138591
     -190.010953671074702        4.406590475554212     -220.733823163878185       -1.243663591966776      -35.615361388992675
       53.992547074046627      -29.814412594884040       22.453810570249807       18.980291722869676       11.188310500555012
      169.320579654797143       27.933597378497364      -34.942086285652486      -26.252813828850847       60.294658795658364
       71.204732520523507      -48.469777829708072       17.045283283763165      -23.912168163489344       25.931390579637739
      -57.909149697731536       34.987915745936043       67.490838835565015       20.683513303258618      -94.521386607841634
      -71.815863051147403        8.638639591723789      -45.225122115041323      -10.274899256806114      104.520660249494469
       -8.868327579929352       35.476055682764446       10.727119523116357      -34.579838424568528       72.322088242822730
      -89.722481288344895       91.648825649042905      -10.305373301340140       41.060112604878199      -18.646140327796367
      114.624847096155875      -80.145567788767622        3.741048662867855      -35.784504874591946     -223.752465889222776
       -7.104805525109115      -34.695911581374631      -26.409640623516808       22.949355812338187       37.234984598386859
      -67.566278640410189       12.601509553777039       32.529323301343666      -22.687639639128605      130.607339906547566
      -52.744620099353540       -9.939194510573428       14.682454590722060       21.716577986249341       -9.957256673767393
      120.829777978718170      -44.299207225956678       53.577623398002331        5.903224055231023      -79.027059876517228
      221.989980169808007     -107.635768674800744     -161.184662499812106       77.584890346049491      145.197447062711859
      -87.542203150189380       -6.483438526436347       96.289935760904314       39.080982985050532      -60.111471878404608
      -45.416060214753912        9.958859062897464       12.905739713312130      -60.244594390765918      -33.515720297699261
      -26.383890954297907       36.995492818476144       89.644202255421021      -24.400190659535625      -39.565122475380377
       49.941176888374692      -20.761303370267303      -75.604065964020648       87.592542161417541       95.994812829284101
      -45.056001425685210       41.298931018516939      -49.192767603450761      -30.336830059823502        5.473810818113908
      -80.024809927505672        6.269314357021493       90.180990077401148      -80.861809526232975      -30.479057432994267
      172.174382039209434      -46.243606949591822       30.541743011955841       18.872508485826234       26.918483992694942
      -34.369079235312519       29.920028807884393        5.090471058666779        3.176838717563650     -157.887897342460263
       67.176095024756918      -43.574160930105805      -44.133178167906095       36.006700817630922       59.549397622087490
       -0.031650081312285       77.922273980323666       53.818494055494163      -13.148759557456211      -44.884074327762043
      -45.484833771521657       -1.785699987572633      -45.135167965026213       15.266537217942004       98.278139337968909
     -104.359919394000656      -22.969496514886867      -34.968440683701104       16.587680114343442       61.983577049054674
       39.181626201164732       16.279445081560265       40.550657136983759       62.313027377510387      -14.080152657846298
     -126.998829568963117       48.455583962068495       59.071003556549478        2.476592635090598       30.835427109688418
      -16.144627403825961      -50.572347615809186      -47.935748620386434       -2.274344531862365       24.447719539009825
      -10.532712269777257      -38.134508396729288       -7.306561801168972       32.717098746770773      -21.737532126318712
      108.284485489836896       57.479172472040361       62.855159800054210      -97.121618322374459      -89.437973972949621
       50.485404751247366      -52.481787410599878     -117.680813406608721       67.243671239333807       -0.570692105460068
       82.054947019821711      -68.361036124352282       69.679069774902985      -39.043229926854778      -62.923681396118795
       90.185136206670251      -21.903164366859137      -93.013661682028541       47.663757910776972       70.378417638649864
      150.257373743855965      -52.457666216330516       -1.393686534803794      -22.500617365965670       98.115531691393954
       -2.179903823929041       17.355308237620797      -55.577926607604901      -16.410049670786670     -101.521315731326368
      -17.719478045968767      -34.817246820436019       10.848120014754615       40.679690517960942       -2.284364677346335
      -78.790821914335396        5.258458502609557      -46.727332015553657      -39.041605441694713        6.623063821806986
       76.975098314058812        6.802520919393152      -78.854459063288914        5.649780146771759       12.243316668962835
       -8.759897623282104      -74.705942890161438      -51.212149607830646       -1.243272251801262       55.105224848058853
       27.663566234661495       47.868208468989977       92.114102635379695       14.928363759100490      -49.495594581542150
      -15.246513214544935       13.968684413192676       60.508747238459833       70.194250984026411       75.035022103051588
       24.061372842636263      -51.787049944970725      -29.465061363431964       -6.670701236025263       40.866983886809415
      -21.410137245732724       10.967167748619238     -158.399100044673730      -25.940379387600878       68.271198610052124
      129.243619335217033      -47.538972071233161       55.251226109165898       21.251229960390720      -26.393848997666765
      -40.757219719611847       43.757331690858635      111.169950539433557      -43.130498757097939      -18.970937716272061
      -25.387501881049346       64.645219680337021      -90.067234902145827       -7.132431366095780      -23.002736439700854
       50.244507320522970      -20.275150952265548      -88.732825802488662       15.831301858570866       85.687777006779470
       -6.030706401946055       30.050838638037440      -55.697173557447023       -1.264163461985952      -77.364268539042257
        3.929660340891006       -0.863429578803973      159.112517383611959      -16.204208332423281       68.991307018681624
       24.183268717331870       -4.897147391226958      115.641439129451356      -19.277896981945734       46.786554402351292
       46.026440115699913       21.125663615134759      -39.620961138627351        6.019202986270665       28.607960659771500
       45.682301031519039      -16.008083609091457      133.281641104453058      -84.958901509424237       79.484475434391840
        8.533400687261341      -49.966171175772629       44.217151197896023      -32.205021952737717      -32.222886024854141
       54.500557113967780      -22.099938784733201      -46.568723468171548       20.250428385772690       14.861083521922236
      -87.524143839583772       68.156260751100589       26.948931694917405       -3.194611996925880      -23.441515445843365
        5.513074834225481      -25.463827929666103      -56.993977816360953       -1.794332158024209       16.995926709781692
       15.618107740490061      -39.111888437134397     -129.726110840981221       -7.552956867794101      -14.323801883038728
       88.802851394918946      -28.470245911802824       76.109206758680656      -37.096979149684593        0.248180635636526
      -99.585257123156012       31.308062918228980       17.846594565109097       69.728363231735813      119.423560770749759
       40.815060047576765      -39.234252108927009      -56.171824732587659       60.909445234112646       72.287378206697724
     -162.698105220668367       87.834888797189109      -90.572096909935468       21.042157294571442     -126.203497322826919
       36.962852710339874       26.764761141440296       48.310299562344760      -29.162653016097060       40.976048283346991
       -6.611065148198624       20.056313235520442       74.221993496640550      -25.785653191287622      -13.971248354895428
       32.331340053662970      -61.171305170157176       74.454564819520414       30.973780979508362       59.256185357985679
     -224.509954791142349       56.543869563795404     -108.565155749404255      -38.095519668867759      -13.056339405381161
       39.437060006362032       -8.078826306836191      124.471878320629898      -21.126412164559941      -78.382942948158558
       54.252483264463834      -79.608396536771536      -63.949606945014587       31.190457953203655       80.158302537762495
       52.884657680504958      -18.477500020232856        0.301132523988787       49.519787981206740       84.822289250334919
       86.940873464838177      -74.548356358393633      -65.204223332846468      -81.106375164521950      -93.655377395966752
       30.495977844568340       50.121132542418842       12.251698291456389      -34.141658147873017      -30.553701748252834
     -129.250881978952549       35.520241958411795      -24.642196360880376       68.430922631560037       80.351127157270895
        5.812371823487086       -9.010852249097660       67.905129736746204       -1.488875172219493      -71.817611203499496
       41.122944475777352      -10.708671435411134      117.425367480702974      -12.741274506880305        0.429280513064970
      172.887504184104955      -50.181392442770331       32.332891458030652      -72.314018510538062      186.134895296321417
     -128.057588893911742       86.016157350135657      129.714406310960129      -44.701063812574404      -79.305187788190040
      -93.887398080883173      -73.739120756287903     -164.834446393119862       78.382394949965757     -223.664512861399487
     -125.193973030227383       31.093638342440656       -9.702359484617441       96.602508379524934      224.397202787498543
       52.574921237773893      -27.589326304216517       33.859756046780745      -12.935510009621705     -186.165979062304416
      -14.840037290513997       -4.565400784364474       88.652192861828013      -69.435984148060570       58.035482619952127
      215.951909428481258     -105.048095832474061      -51.838873521590600       59.825170100873549       16.868519362609888
      -46.347331277615751        4.294280690480528       17.969391903074659      -53.028782900470020      130.867546243191811
      218.948416035497615      -78.851664293894714       73.401856480829565        4.050472611334442       28.242013634305991
      -36.950173576257789      -21.658789717832732     -192.473091621147375      -22.316438672119453       29.548500668028250
      -14.809389267456286      -86.270852364502389        5.821211184115691      -32.378635578254418       55.956412921610635
       35.186086969392875       -1.936951781752702       45.353415209467244      -15.401504354876332      -70.074681305391294
      -59.810675185279656      -58.018079034324678      -14.658912855738969       -8.005423791100297     -136.943204410962238
       36.025860110521265      -56.128287379626641      -60.217285981511310       60.749773389445814      -80.439723605381346
      -39.480098928587985       32.551626175490767       44.298130072252860      -28.492037304341295      -50.724894154114786
      -73.757289843096174       18.463024675180375       29.513406216690719      -70.196316736449333       96.540134027193901
      -62.041760678545657       26.968800741732842      -75.092580953505006       -5.862070054841576       29.355644292489174
       51.197809209715700      -13.173954399482056      147.412324811072722      -35.214932098066960      161.048268779049323
       73.004569813358614       -0.565266851281095      -94.377154121181633       77.065700009121571       21.382282552544122
      -96.383417225454266       -0.433936017730191     -152.796096177830862       24.743918009767313      -61.068267396086618
       94.964192360875600      -70.207889055096160     -121.924584991848093       48.129045457538126      152.901286385272954
       22.283876698631236       51.299070674431455      -48.422080413586308       -0.054623250551130     -102.182806176383252
      128.586403116659682      -31.278330596579579      115.750154698052057       62.163091329647486      -69.205511481151916
      -57.046422072548474      -35.723191723104172       58.983531243529761      -40.140303536958768       74.418675866525987
      211.156597699967136      -41.361282016134005      -50.466847277302080        4.860399347273273       35.056678435034492
     -211.819714154176381      -14.750825287509931       38.844839994550952       72.717416199321320      -49.467404020422876
      190.326947625955654       18.607639286154278     -110.714999330452542      -58.934750173287156       14.010084810995769
      -33.187414213543725      -25.755503063055894      115.373588063896150      -42.867209945786101      -94.619641110834309
       70.390582004354499      -55.430695011365671       23.276382170128564      -14.171133601105007       23.924443577116580
      157.027444713956385      -79.860648315432414       35.835967672322937      -60.691985828826986      -54.540911930157954
      -71.992161517269281       63.634219836711580       -8.599910316590561       20.949764893019669      -34.639766868784598
      -98.153304915644171      -11.513804224407783      187.720462336555045      -48.398804072445316       44.063507504907342
       23.873675905995821      -30.829966876023526     -179.016638211941768      -12.946084367264266      -47.415626673702050
       31.527873284017236       -1.933385072556230      -23.922572332062725       37.415503851305253      -45.487973517422297
      107.435276227112155      -22.172263160302435     -108.720290780949639      -20.655704116450647       30.628386808021492
     -197.941017253964105       71.062589303215375      -57.582625158530760       12.458130175890403       60.173487780230502
       29.180978176477769       59.835299124071831      181.291870699344031      -32.113288495826396      -88.877768235496234
       29.749800078275047      -37.395505583725651     -176.449945353070120       59.769409352156778       72.277621176318775
     -115.629018141232280       82.379573683527823       20.467514302650166       47.312887665393575       80.082706150325507
       55.988064830471579      -57.041627273980133       36.280804624125714      -37.881922418508758      -43.439462864833189
       39.347402252261801      -32.986953149890638      -37.515082032124916        0.540055924758560      -48.215647257290215
      -72.224331718480386       55.525609221985242       45.180253390360406       56.999511084034381       29.535414276436807
       35.869948557583506     -102.301002414396720       61.466110161301359        0.761698762500207      143.889581528973821
      106.545812325323880       19.073775665341753      -59.058835079383798       11.365271918783188      -69.994739757057303
      -14.321489453132351      -31.209892366911056      100.895029845251372        4.620397136584232      -20.412098637813425
        6.854500598327909        6.912823268970088        5.646615447627554       51.260210304484048      -70.126801147447949
       58.140647466093931      -64.023923978792325       -4.823267854541445      -17.900412869327763      -31.121865780732190
      -57.957148566285163       39.262321366413886       94.546649201097821      -23.947031835246687      -67.522190909542019
      -79.643504194170760       74.274776143428781      -84.147058106174214       55.398073569710967       12.125566785749610
       47.789521577503443        6.315554976438429       12.361016877772220       -8.439228649521677       40.981338525020178
      -65.266019991999286        3.901209256037740      191.828214556121736      -33.814529228976802     -112.573230582127991
       -9.237774377058038      -59.096200965835827     -205.070680105686705      -48.185567791256602      193.727138451558801
      -68.245709171890255      -19.185145266133400       18.347869211684525      -70.112748512548919     -108.473421097892199
       79.404053520011018       56.406664413396655      179.291514114341709       32.004376167013739        9.299603655471330
      -85.339075727470927       13.241276612177966      -26.071378142524473      -53.367463766102880       20.794369619272310
      111.357647303654659      -30.789131583616761     -117.981315006561729       41.062275454224554       76.240327031623423
       77.042660608723509      -40.678483351763241       27.089527023821809      -25.384897821808256      -41.212207166751966
       43.082607255000859      -71.995646105432286       69.098454193651008      -45.964838318014067       53.960302932873034
      -82.907748873958312        0.257349543067776       29.211399096999141      -32.130425481458971       98.125371125363444
      -79.092176786306737       32.711985788547423      -34.050641260882344        5.949684263061254      -78.354246916677340
      112.223870808713755      -13.648082519051579       53.146817204612532       34.111073966388574     -104.409173387800635
     -107.524256643118790        2.374512674502979       56.684380227813854      -22.403313120789658      122.482613241304065
      114.152608368268758       -5.790332095673887       -8.921828951631207        7.516747110862345        1.072065842882961
        6.601613984016517       47.141136692820702       45.086111908517282      -64.859796151847760     -136.189571343604371
      -22.843355807118829      -26.782446669360112       62.892623167079897      -21.926306107309514       59.329894906875822
      -38.424877156740855       33.950615279238711       33.668268881663060        0.007900585822261      -23.638322691712919
      -86.605268447709634       44.139505899792582       83.407278533818882       39.575716623173115      100.527336719515844
     -116.959903953265894       89.646682834742350       -5.097034058946090       39.067467185771349      -78.331524192847027
      200.687364436540918      -23.181257784791953       76.919359993703836      -62.279733401779218       32.935409051327547
      -97.697126062011165       -8.913025162242281     -122.567499770304124       51.913462350464876      -30.520936852328344
     -176.411954819810262        4.222102751377430     -167.868444247277040       16.905503230949076       94.554413271509787
       77.530524240203775        6.638425876100215       32.613330888464702       37.605466342958550      -21.343162102383570
      129.013737326190409      -45.163574141821798      152.925558050530725      -70.056363893920150       50.653008858167802
      -15.617250473866731      -11.308447058439485       -4.822064783394547      -18.457637052772121      -61.851352522618505
      140.637244679324908      -66.014959816039465     -113.590949187926554       13.506083974157050       84.125912609230767
       69.227258392503529      -33.191012794719853      176.934944928813167      -15.618835551681729      -62.932729821581354
      -15.846936294437141      -19.876588228656157     -110.634055565545765        7.089569191090455     -123.996105182039400
       68.657633136783573       -7.226387812711979       56.457919965054657       24.493666725342457      -13.633332741135714
      -42.282147606689001      -11.254158505292386      -18.095511215884454       -6.520949979087239      145.411938281989961
       -6.270361538733790       -7.092771248196659      -83.940311606327555       49.704468398821341       74.183003136182535
       58.332601467196326      114.835615589843613      -39.752456470903020        7.124636837565575      -92.523544890515240
     -101.417656072233243       64.106360794175757      -88.099834252266660       30.036800005473307      -85.334184758577067
      -10.639628476639366        4.328902395208191      183.042443556888003       45.045606938864744       67.729349641267007
       98.399771405038365       18.008519930296199       -8.842472024207769      -37.216131489806727       66.128767829408304
       62.721241591956378       18.676597252045639      -48.034510073887013       47.086755828956171     -103.513959917867112
      -76.034062473818381       10.852523084128746      120.332600215344073      -51.101328879861001       14.670477159501569
       26.287758834813285        2.893280679539405      -27.108821288936610       43.083622883153687       35.474381053426988
       67.872420332953681      -35.452868392030801      122.281200414373743      -59.557068737378074      -33.924877144949399
       65.272231556294628      -37.275724429650268       74.545926415435844      -20.957268875127181      -63.326455623194846
      -33.645843432495816       22.208779821217206        0.718347575059683     -108.038747885468126      129.441293562091658
       84.531402439917542       -4.598512182093927       61.987072074117791       -4.593856258761692     -176.161996722942348
       26.120665512594947      -59.298327629237150       35.169360766193542      -31.669708179050374       56.688527289760103
       53.664578164739730      -73.756680153102593     -148.692127570025406       44.844854096887609       34.064080543850530
      -91.023371027106933      -12.315465590039699       63.334937219171657      -27.971384337466272     -214.754476085308170
       88.718182877385075      -91.216332048235145       47.575487603933176        6.807390716848984       59.348339333064388
       42.508928962830488       44.379569861630117      -60.635881452896115       61.451632535103094      137.657494057326943
       80.464930238988444      -25.460374296411057      -63.335864275977187       42.339082954777069     -136.862979811686699
       89.092828550515733       10.620463989895079      -26.081135048850648      -15.218235966143389        6.846639502150111
     -110.063415759407036       85.182906424305642      -19.073636564606009       23.012607649909423      -29.858585120262369
      -23.820373671249627      -50.873960040094964       75.982922925241340      -14.754629452013059       58.283532673654570
     -184.861635967206809       39.614344810641512      105.265154970556040      -26.964393224374071      101.976995466635273
      -11.895115875683082      -23.287155392920816       60.816858192444130       19.079432342690524      -21.148434863145649
       90.129784879591639       57.641814426464201      -66.283045986998772       14.336711555440290      -70.057080319682555
     -241.595671718158485       21.442519362479150      -23.215204386233118       10.505444510837934       -4.786700388551014
       63.731741159131445       50.221685985747641      -22.697367819430557      -83.676014733539560      -64.879963636362604
       81.383619574372318       11.393070211142257       11.359405802142485      -26.795193612685622     -197.498587977267334
      -54.016623637000883      -40.922962708577835       39.544375305068975        6.449214134316633       96.292000395316919
       17.692567211937046      -31.111572183145277       16.254295171000884      -62.611699490415369       33.768017677021369
       13.849566433413166      -29.744123609214913      -89.205270453362559       46.732555637489490     -146.144450874630905
      -13.271695867965601       14.779075169018572      102.977574647270245        1.610622778280815       86.533764596837386
     -118.981616868121151       -0.651118425361346     -100.159433850408021      -30.357026618132437     -111.400950810814763
        8.077218831151711       -6.695147344417431      -17.729665178119301       31.053139659861227      137.826169422892747
       61.092551921818234      -53.774009190523536       32.267435769587863      -46.247432740009032      -23.714891894103062
     -232.645090074163733        3.369371956711713     -154.099781217100741       82.715459972177698       16.573488193053095
      195.962285366869366      -23.258286688356790      156.189113738687098      -56.903978534258705       26.568095573759418
        1.806271472720247        7.612090188716890      -13.313210609630133       11.852482101349427      125.601727541767687
       83.701641551599181       -2.254883562054587      -52.868981606566770       -9.261426603361860      -32.853706752086488
       32.565018310252185       64.618346965193425       28.298946955328745        9.082250838164807       31.699212392215692
      -34.598476873284653      -25.819937465438603      -27.952702328533718      101.673709937876737     -215.610925968914955
     -128.502449812453818       99.903947971438157       12.190000010798833       53.861209616849813      -72.970126793157121
       27.603026178820731       24.952325015309050      -14.791171887258189        9.404718004664808        1.196829237515792
     -252.094488811650308       11.601800991121285       66.660897838331749      -32.117036558628008       99.986428943031740
       -1.934969306723244      -19.389424656117473       76.549255002571840        4.730382817269421      -91.531234653108768
      -13.805757105762408      -34.269177276496293       96.632706756049473      -87.093990595040339       51.274915219553094
      280.852097902726371      -64.197991048259240     -148.065354587300135       28.360754377849513      -26.565307882752155
       15.189458640860463       -6.191095551839433       40.341602497900602        7.133464316789449       27.255633276329085
       58.340279576817061       16.827594310545198      -97.088863818591093       48.628200890955917       -6.180640544664132
      -76.212459678526642      -57.891183047416988      -40.107435678453243        6.823509846399256       49.362463231222392
       -9.238915051219411        8.139019162629040       58.521426079726417       46.409637585859812      132.882887454350538
      -98.297050485384744       48.360258861396495       89.790262631425279      -34.285505904594508      -16.779600496288669
      191.306364836912849       -9.343152803263958      -52.447872004884914       15.618586244195736      -25.427706516981324
       45.044921115992651       21.322357433660063      112.520208315125274      -60.303569860511779       44.520622053184631
       81.384881493611246        9.586857282369435      -19.515447513534834      -13.885980698026353        2.221990451269803
       77.466842060536223      -33.935751720682191       -3.980796610142816      -19.093938912515256     -121.334237759168701
     -155.798045720852485        2.920450720491081      -24.067090142976141       59.331482070563268       70.656984617406778
      -26.790110296407040      -34.671310867267067       75.844435640193723        1.493440541317403      135.093791047565560
      115.649613418980820      -27.553058865991659      -91.487740777824030       75.049995266818513     -100.242064200216817
     -122.539243445222155       23.329039626916263       -2.484606021684360       84.141599720003427      -14.657370917639836
     -175.741459574954547      -20.669181369547900       21.138235554103453      -25.252949926750706      121.872881897629668
        8.816498777983345       38.941444594576865       17.658012448927224       37.725340595544850      -36.978076605677693
     -114.036678121628114       72.401405943163013     -106.807607443346441       40.111224239650035      170.546158211907795
      110.076581437777094      -58.185915581845975       46.883622954575372       79.195659109107936       17.118128546275830
       11.598821614534582      -10.018160411958576      -58.240420495463916       58.184598221509724     -133.304657817532245
       -6.500176940301017       71.070147503134024       -5.663755587673030       22.763686297621000      -92.241446637264460
       66.627114922989136      -11.670686259308571      165.547581363925985      -71.171345341859890       68.735616615527405
      -11.327137459230350      -12.689815165429353        5.530861805365420      -10.793408751983362       15.120533352476809
       69.017982170665064       18.990971573384623     -218.299988172537638       79.477067869670890      -16.538495835726014
     -121.523096585193471      -23.463815514725848      127.387744396509291      -11.559742832476301      -76.515498201258978
      -91.898505618526443       32.788069287175546       22.085579666932038      -24.820460193770415      102.864417091929269
      137.292633805842542        7.931478259201733        8.287695171619326       12.121072366980894       15.359839463844470
      -62.194947879228010       65.235656156902508      -13.645057574279830      -12.831540395796052      -24.745123612115943
     -131.399225171100852       -0.408478918744837       80.164768651155626       -8.323086496655980      -56.522413082459607
      157.173087936308576      -92.436152951300016      -39.498471441644675       19.808652539698425      122.809408366183888
       61.661719512283945      -21.594328616997675     -163.849691583246539       69.141696716391451      -76.850309101419981
      115.161443010691841      -16.977349656522339       60.952367329192548      -48.642031495923966      117.495492534841759
      -42.704810194538297      -13.299227693133318     -172.070568820350502      -17.646468019531628     -110.814507868217419
       81.300983896791166      -25.503630757926992      145.290165155708053      -18.097862304758728       -5.128022689517783
      -23.691462187681903       -3.111158977575512      -34.768120053241041      -49.054802721127196       -1.845397317611776
      -76.019936605622874       47.673046620970588      -17.557017237040185      -50.775559345611271       88.480925593493282
      -93.130141576421366      -45.167221933181331      -37.138585918142873       -6.741934611743965     -131.732047896215136
      190.695248855304811      -29.903344520010570       41.885671649929435      -12.297835253449525      129.463481856675287
      -14.991576550724385       31.724530195997719       30.551779234856628       69.622717943726059      -91.365317823347866
       24.729195383343960       28.534670931285230      -82.720371685209642        8.140149162348180     -144.995703844084630
      -82.302228810634119      -54.341014323459213     -124.726845383741789       20.515960237879330       84.331748184880638
       78.323127559038127       14.593384422320430       49.384829734307637      -44.380581357647010      -26.770599548223025
      -11.552404715206039       -5.257176183580545       59.583084816670173       64.969855819506435      127.244195062806085
       33.290163107015999       23.697358504007955      -60.982781721699880      -17.769278547297169       46.065397880496207
       15.131271685189946      -92.906791232655493      -13.070604009261254       67.555646878438210      -58.225072529150879
      -68.961841183224095       43.865617708511103      268.706040556942753     -108.966990233885255      -78.321897891484085
      -75.234405112325973        9.859161322011911     -168.770413864328816       22.086523959843309      140.247847651801209
      175.348854373324997      -62.974828966629033      232.572833008914841      -66.117060014202309      -72.667687670697958
     -139.390412608779229      -21.171215412359235     -141.294068214208977       -4.514813263021577       55.861434148884761
     -128.009904826506414       29.863287135050633       74.593573208419372       -5.967126707126418       -9.153390730738806
       85.926528740119991      -39.481724490953177     -168.205238281185387       33.902015282627758      -47.149279048492204
      -27.395487716330507       -9.932308569428137      -54.594887170394010       34.929171367902413        7.979801526367576
       21.678067925250346       87.984811838078556       37.503265204359309       -9.266848027622306       51.415219001900432
       75.111995768217454      -10.859007855379714       -1.303096411471341       17.192944658106299     -153.370790156904889
       85.777520938777442      -57.621271885999441      -94.843658797132207       44.802948631158735       40.951938983005071
      -98.705742789541745        3.974691335812075       17.413408647467278       37.694418939038691      -56.430615856146062
      166.162350395840150      -52.056540461020809       60.211029159221098      -17.669206098725333       60.768634416196036
       85.600901153834641      -68.915764581595326      -14.237216264079050      -50.077942828086833       52.437232414091589
       -1.257781063348588      -12.773062827598160       59.839770803653430       -3.248678747057458      105.181101476170397
      152.871732381536248      -63.560741698542671      -21.466266537203325      -36.512144115305595      -18.582059996217385
      -79.337009699935635      -18.500221037400429      -62.258702997877315       -4.702983752712386     -156.751109897645335
      161.152377026803151      -12.860503256733045     -116.623042752385430       64.244454596834515      -19.685477433136874
       71.236264127369154       -9.719592032209174      172.371724426649564       20.428716448908496        1.947610325096684
      -73.195403271683432        6.017426480166450      -63.307632649796659       16.339416625226239       80.853328968651994
      -60.699845711155014       86.403659329420307       95.870494292787797      -37.588799266631121      -16.750834388533285
      -34.384101424587534       -6.434447414519734      -99.131646957054329       48.602462964642221      126.573441231362409
     -190.328578177500333      -30.738544343222376      128.700058498503125       -4.390571986778610      -14.397789961439409
       11.840315399218072       38.855069934572867       46.327382199860217      -29.696383866082069     -143.029068988623692
      105.431314254671705       20.688529596698015       69.916059834633060      -15.022078308931082       72.836356448890797
      -68.000146337945736       14.709322711450771       10.486227847372517        8.346992188642046       17.264479649878083
       35.857739908027888      -65.517206712276263     -210.822499390743047       78.883276604659684       87.573892808671303
      111.843489454349012      -42.069621707641645      146.244083993433833      -70.172950697581868      -54.062906561689168
       52.250747652964556      -80.469779986054817      -14.750672525921614       24.622984726955018       22.547743737933040
       27.623069992152505       28.600741509671824       38.298166850550707      -48.457517033950595       65.273787313559296
       44.088745153293772       11.369656064724575     -127.246514344120982       36.876478113137665      105.584895762725452
      -26.808242693591289       -2.845388830755035       75.853506251283619       11.512340641007071     -208.461833905760784
      -44.467165882155037       18.122421739269015      -41.173734502111905      -18.319981930130240      -42.337342485617008
     -146.935482552135966       84.905613289215353       -6.270412996523199       -3.420842887932573       30.049818241295203
       -2.622744728777726       14.631650542153199        0.402204923523110      -55.752311152127781       12.033845766872647
       54.128950003147807       57.862966533966244       34.119170279371602       63.091019560424279      -67.804084652101025
      -16.632711084763923      -47.715850821388706      -75.132365834270260      -49.850055031109768       -1.265732623712855
       40.506243771921589      -25.668503747388357       15.130559836061455      -57.359335213257147      -39.563298866360633
       51.145046538932618       10.357184502551654      -18.066852732186398       54.863933807076783       17.293608930318754
       26.065676520166672       15.135389193559543       53.323737302043568      -53.206428831297664      -59.533393910387787
      -70.290688631392428        7.826710736151185       -0.621844176806923       16.711732862084840       81.391169811012290
      306.690746667215762       -0.340764736664408      -26.782445307099486       31.551108817580523       56.578439887977204
     -159.358352562612595        7.837142615744328      -14.896718632947357      -16.065151604082910       20.989417007882363
      105.393909908262700       54.739824949902712      -23.569778789282086       40.589970942092563      -23.083268322744434
       86.279783456299938      -36.155541124359189      121.020162783386155        4.432182266242982      -74.830735222774990
       77.371931470593282      -88.801390404362664      -29.025886566159627       16.680650055335679        7.124654441355891
     -149.882712729974486       46.885779681850806      -89.890373236100302      -42.917119810136860       42.203741017716439
       37.867378920254467      -20.785259653777047       -2.556180467405337      110.950871757264352      163.452053048032383
     -138.648649587826469       -0.844559862945746       80.977072256163794      -47.088699325852943        2.617537651533429
      -15.703756852151644      -74.750578139093605      -34.839763533387156       20.487028959086683       68.979120399719832
      -12.256768256156745       -7.102747492137521      -19.731351133767866       11.921529891472764      -32.108444439624812
      100.514162002359257     -116.511225379159654      -45.821076982711212       14.192874945535358       85.451359721067178
       49.738321350945625       -4.645762926283417      -44.808884498227691      -97.458175780262152      -51.159228652329347
       13.522250715456508       65.657801743392454      179.958242351599893       11.495824507560831      -30.566569863518449
      -52.283136628245657       71.015244309918685     -199.887584056983314       29.757879642059578      112.267525483185693
      127.370747909994407      -62.308942225083591       83.500591686693326       -6.343528995491291      -24.790574050397446
      -11.234384942619904      -71.193785650117164      -31.313093757904163      -28.833957491179593     -169.211513527123998
       73.206476650307550       48.985375867485686       99.287575598668880      -38.991842629285593       56.930004010606986
       56.260388663418233        5.331538262540509      -65.461721335297526       25.818977218723894       23.954240192802761
      121.738319166744901      -53.252458870172944      -46.852822909427850       41.495609627685070      -33.479686481687324
       11.388485338922601        9.500285466968403      -30.268401737932855      -11.111965252432974      -37.371965062019008
     -165.733289864431015       19.747967571005812      101.286562171005315      -36.106868398196667       59.801848499928653
        8.784247072995257     -106.669830067876418      -83.220010321881801       67.749867661652019       31.241416981140542
      -11.457811692722307       36.357184214121467      -42.262418590994621       -2.493631061603824       66.725403440630799
       30.269513623649434      -80.860633456977666       95.133110303568984       20.619461774309599     -277.863312621121963
      203.527789902803875       25.824948333015808       16.936326823077362      -63.824644870188287      -29.542557294620849
     -114.229976985575249        6.779087231613947      -73.136752857379747       45.610575792632538      -73.705176397959818
      -11.296658394679067       18.621083487975483      199.240141840761567      -25.149714442258993       41.929778591896749
      -38.549056205977543       83.240824720803545       80.032253636436408      -23.902161421283335     -208.138148873697247
       71.161463519636627       25.343780637733204       23.881661869670030       31.497756560082056        8.394208447931090
       62.785198709521516      -77.897693428525173     -218.633295979972075       15.997340198265164      -54.296550983591217
       50.809669481967525      -25.802305846221905       59.005433148792868       21.444323984271456       18.080089637233812
      -16.782971256245627       36.188562807435488      -46.433208403664466       67.535643726539334      -17.728967158694516
      149.003318350228483      -61.616783638124261      -70.979783289233552      -92.814168904768039       63.905919078717588
     -130.821687577265607       83.144161527398225        7.802018853580777       31.622266835520694      -87.723479293591993
       94.999845730103061      -30.255364591749405      150.932729343878151      -52.708290848905477        9.122255017556895
      -68.400881162458560      -25.504860543234294     -127.326248929772049       26.944937871890460       98.364294503827878
     -121.753838527309881       65.832019865952176      -11.939070278661150      -11.398526206620019      101.178053430087118
      -73.368900992210897      -22.207434641813403      114.698933909870732       10.537154684372302       11.594645473812449
      117.751466226976106       -1.285138777626601      -14.766747838324111       -7.611824977803360       23.642013900914598
       69.802573176068435      -38.362859784876626      -41.591002949292871       35.554908312250042       59.707196903946347
     -111.136001384851156       12.897308149455890      193.498205032887029      -52.744296406561169       10.408253131316838
       84.522180925917681      -18.519556842747008     -181.590049285024946       21.092656880175173       50.474209291547176
      -19.302345370667044      -38.128639232120918       90.971398332034155       -0.540207066717499      -29.865398261151331
       16.436797963715769       89.911136662105989     -114.691883560701399      -23.159938352112771        1.972505846902223
      125.419125920909124      -48.845205848877718       25.009011162848523       23.822808709703732      -33.463421428745761
       79.084783195059771      -25.654142205653368      -21.811058419467699      -39.703192012679466      163.599712652042001
       39.319359230116305      -12.480536365074565      -29.534341902055985        4.913473854913815      -42.380970551710128
       67.212385060439956       22.635940987566784       -6.260383299040579      -70.952765689793424      -34.762926362497744
      -39.851440333945135       23.571459743672634       84.199620470180193      -31.561656966759617     -150.067740674383657
      -44.047436297143427      -25.372722520129170        8.750847745250431      -25.788437975866060        8.503002140162479
       83.942116177434784        9.961706765403234      -14.587389301337270       25.768155611311311      -27.725987591897198
       41.504601974312010      -23.053240255687271      -63.982486591808261       40.095187319233133       24.821902922489020
      -46.881618005399282      -52.427946981184768      157.416044507929371      -60.854178118785121       71.182958476355608
      -60.900908043797507       21.243227722368406      -90.295125839700106      -29.208081940295859        0.097733006671315
      116.255884483531887      -39.090626907755400      132.788425577103254        5.089851645264452       -8.206739091217639
      -26.930007722839235       -8.532977297665163      -29.468009209116548      100.461973243710901     -102.177580519927417
      -65.096205405035747       23.511831002366751     -114.176304022751594        8.234179904913763       17.117439156277797
       15.398719073825767       23.272281828748710      -14.589791578808512       -4.100468868203551      148.446423953003119
     -100.076840162013283      -76.130495968328731      -16.433255703078558       28.117491867232495       91.267282521137361
       32.989924960841236      -47.343159727153342      -21.114890801856586      -29.602660290926789      -56.413208871528930
      -96.236768130727384       26.648019389086482       56.269422780469164      -10.722889688537737     -123.213773233376742
       90.295690392160708      -83.077561001004824       65.861222633969092      -15.137982361715098      -38.213794440850990
      124.905557468921572        5.227526075227382     -103.312230345793836       -5.591896769087676      -78.538721336973992
        2.636173934264890       23.674120949303838       48.985282743826097        3.541996609459356      149.568197157840359
       39.862785103270582      -92.232847562932918       33.224419138327697       51.330904835177385        6.352325657720359
       27.359512657458858       -6.054851519044557       44.698111127355496       -5.737861126197036       31.001851805209188
      232.584032977483076       30.109983903105899      -71.365206683527106       25.468989867596772      -89.321067797517657
     -172.731958966575348       25.073646856703153       -2.813175140276534       21.723809754031990       53.687293746012472
      100.110253722925009       18.777009436014012       16.340735418534763      -15.679349776445248      -70.708850357998756
       31.802591325842709      -44.192875423849578       35.204031473430632       46.166570529534525       40.922494234423496
     -169.428607599307725       60.089903664395543     -109.000886610703105      -36.960675750609404       27.133790141772273
       26.749542682931558       22.878402818251107       44.826512626167691       -7.112017260358278       24.011471005627314
      -50.227503435453905      -16.957448161974046       59.134633609433116      -66.026616333961186       59.172503832653689
      137.814367371878973      -78.316165857558886      -41.130725771933527      -15.865093800568300      -47.672870545028950
      -16.444172888819189        9.835010420640327       33.243484554452785      -22.650187664156764       86.251363354630783
       -2.095688074915658        0.307052929019937       55.849449766096321      -61.093507050212359       24.323369564608633
      -51.371368404895435      -17.469316430144154      -97.210270105161044      -18.951866019810666     -155.326635549627582
       46.045534467488693       39.576574559715787      -69.684097263616593      -17.503131111514705       27.464032183791787
      105.470588712542124       28.594508551445216      213.285520453981377      -31.009942113440740      -45.178982409343064
      -16.781739535793779       -8.787267033195212      -37.415891454523404       -6.707371991628264      -23.986585206591059
      147.378919376385255      -20.026293425309650       62.829086136088847      -10.309350501409369       20.479319699046656
      107.570559976823432      -35.400531864319348      -63.764415340110602      -57.310105584449971      -76.006760003588298
     -166.156050459688458       25.610504045034173      122.484233094982216      -29.673832298145957       36.436342276809953
       60.623645594422598       16.632750854670515       23.681323704487742      -18.750823414090441       69.677988180373944
     -157.074216271911808       10.724655083117359        8.718494208597082       10.479498292656283       44.877789864823995
      169.884092349920763      -53.081968695447685       71.836109980427366      -88.086403845799452      -51.948053433958940
       47.939025860387531       -6.631213166907099      -25.999605172296022       -9.751385846323780       -9.647452767183859
      -68.491023275343110      -15.795901233547148       57.997144777817788      -12.365441053999231       26.067517747284846
      -21.566282674694282       65.620064467878848       46.717441679940052       -5.259737421002848      -84.034946924299391
       92.294525289846746       10.646171707289481     -106.957425177543044      -17.053006781130442       38.638737183422997
        9.643153504729556      -42.504929833176966       55.615094042028979        0.333393604383796      -99.087793400346214
      -68.617543150159406       58.094879060268894      -26.974136391901361      -49.870780628730671       -5.454035076361310
        4.717282396525209       54.662667477318863       62.261623452422214       21.499327440698043      -79.828777059154334
      -38.279759118919280      -70.975977131140922       53.972367513334746      -69.322596568598058       -7.213851802907268
      154.793805635453822       19.040837718879867      191.432634826262870       -4.478914036978688       48.180089193932908
     -242.406286243500233       16.813391276587964     -142.962606138881881      -14.681587400834319      -30.228513536186281
      -18.048762749408681       46.576383038579991      203.315238414269260       14.774828498149203      -13.421118686487517
      -19.605414063558264       79.596927059642852      -51.389311342491794       10.560154724970339       98.914486324678478
       -7.915935756379228       10.296127825805758      -87.622886083725973       41.051216097090766     -162.619153348856656
       -1.247854927326690       20.182980317700700     -116.435547848305191       27.610263178729607      126.662348615173386
     -142.688693211311147       24.897352431363579      -63.578361261589258       -5.319707580745914     -159.821689811966365
      204.256898476102691      -21.204451283292919      108.566305365668725      -29.279715129201296      101.530462245435004
       62.573369869854986      -88.862598875199652      -86.172869815143017       18.300374564353810      -59.968947692053021
     -121.430861631395132       30.596921392541514      -32.524836388232202       -3.162464694419084       17.753830139377474
      -54.463937043103847      -16.255437688284481      -25.111599384730411       32.116834162335202      -79.311799991758093
       50.098217212854692       26.053287858081685      175.569855938623675      100.593689824072825      -23.917101876706436
       45.584069679660800      -36.701967277288084      -28.090668077388347      -42.426539624341515       44.991680697671839
      -96.762852937206176        1.361387497552377       50.196022964013615       39.859847119263343        5.292932537758340
       81.164446855571157        2.967352737662739     -188.961991600954462       43.212243749595913     -140.094697607659583
        7.812462300305679      -75.646129878748937      110.593797722956893      -83.149534836572215      115.621076110226056
        2.294174403481154      -39.882511703668420      -55.590593793765123      -16.250255730051698      -17.775231562925072
      -55.421836436313392      -16.805563749609085        3.669737509932419      -43.149502661606036       34.289021606237363
       20.970732341547460       38.604552527551114      -53.955146973413555       19.441522004410004       24.978589620512604
      -19.819488131717627      -54.787853325430760       30.574358635139788       19.499775299880735      109.982337950497921
     -129.959638275588873       56.770335322046279      -26.443728010080985      -23.632590086132879      -63.180219069156728
       75.968567843766493       13.019287415177381      -83.027141436365923       29.002200506801643      -61.840936372262398
        5.159935470636538      -16.416451216187248       58.895387279322506      -21.984391052032333       -8.183760202302437
       70.039175344901665      -92.426767500305573      -58.691212298965524        1.301338487042018        3.600885275801251
       31.714074248110215      -24.761860751686200       14.023597781094448       33.783168521305775       68.673052647177528
       14.385625808452769       27.443810231161617       40.296312465219032      -23.840308387532431     -187.095739505435887
      -73.512939224630585      -47.461588495616056      -78.492800790304955       86.877260450430654      144.704618993241382
     -116.893514017884783       41.129090245559517       77.447372067106130      -47.334064180618725      -78.951944723271026
      -47.981897395757819      -51.649580466969752      -93.171980220989525      -14.333980425636280      -44.427376982278822
       92.884071215253954      -30.486854917797491       35.030027696426515       -4.473697576575486       -0.137122898383047
      -60.836556561381059      -18.632897768193359     -245.825739419871780       88.748195475263898       10.954114401855142
      -16.734541565654403      -11.108044379834908       76.559739649590298      -23.059336355544911      -23.681101223343134
       61.439727463330620       20.464667020259142       38.858893734408291       87.935402823697117       41.098542207234125
       38.892385375485645      -77.840210467790030       30.770978651523922       39.387519715658406      -45.658079835092316
     -107.797825908745935      -32.426720775075943       12.181298005484656        3.309828104623609       31.030838891241000
       77.392677253266427      -53.259198789443566     -160.746511637818600        8.674533726152060       36.186474914629954
      116.660585316493140      -21.907140946829216        2.927346798745650       29.392542089302022      -87.366264577376100
      -20.575940128752812       11.273180373167678      -68.435814727388362       -0.059415981982596       13.767908960127690
       41.217256159792250       -6.767766861754106      -36.272253206695318      -25.077372951066597       88.003139815566470
      108.193638128427551      -16.745114727721269       67.233460821982490       10.570189945248648      -26.821969169003918
       75.399212895279334       -9.249171593152706       65.489722391845746        5.567801350519663       23.321690987609113
     -175.204379919708174       13.235769948716960       18.148271753409499      -19.093938030190962      -89.754270874332278
       19.959915257257645      -17.015751321063384      -29.493250670516762      -37.164174232962466       45.278695633125373
       -5.402088842441524      -65.909520501761961       17.810664245807580      -21.112890179416322       44.741759803032480
      -32.819187844881192      -36.372205608456085       -6.678764609034257      -17.289417423722927      109.906811911824775
      -60.220099390954957       30.079698860997880       -7.685664973460964       12.124810146140264       -4.162237214279650
      -80.385937653988194       64.685445953242208       56.320684815690470      -50.469775978226870       80.443567810629617
      -12.322948730949994      -26.282062304179746     -103.511164721708639       -4.130182079969370      -24.301700138266074
        8.089016230827069      -14.576989597686502     -120.183745824685502      -15.972573080340181      -94.320537659817390
     -116.805927544441872        7.228801762658811       24.466373835734053        2.982376835513318      138.421094559857352
       54.575065713853654       32.612877687237805     -109.353909397481644       20.366912785174403     -160.700185451737980
        5.054697201671544       52.347256244820962       55.519972302813997      -10.510213447674397       38.115506862394334
       26.148874419864590       11.210593940463788       -4.932016773144647      -58.995877289304666       63.394840531864212
       -6.033276423550395       41.007541989559272       10.352076838996814       10.430168904537556       86.561411346495746
       53.921708786800785       26.095190891218024      -78.261450530977811      -80.250658532204895       52.145520230410561
     -212.489997258733410       40.804047304647327      -76.840729726783039       36.246042804331083      -78.772032171400738
       42.046570712133381      -16.741860340501592       16.237315767932447      -12.986172390869388      -44.883361060474869
      122.758894908962247      -27.962226880160674     -131.810758135204622       -0.914332514883978       70.489281387804638
      -93.826792341250410       38.497539932463809       82.797327897414178      -39.360497145236820     -159.500978855589011
     -114.875994657392951      -46.587086560154447      164.992439959313941      -34.727918194038452        3.808938453419800
       20.562291567202763        7.391508545461782      -59.018479911664329       23.654764907780439        8.447808186148841
       51.551694221104498       40.274706867848046      -61.904842407901704        1.247813184605621      -32.369507838532591
     -184.726229782517692       17.933827690809004      -89.230150346183720       29.600473669621692      128.783262192285179
      103.256120263502666      -15.210398542961350       41.123328035653309      -32.953732906160290     -129.890539589595107
       84.096001203931394       15.437615961830415      -32.778728575744871      -22.216931415291011      -27.575556069118477
      101.683104698703190      -54.246685691557232      193.295878052703017      -52.231738302192149       63.330385286753902
      113.970659901429187      -57.720268987093071       60.931795182763658      -18.425797080557981      -36.704658777151344
      -45.698623462658183      -13.500901598483752      -62.461813975941119      -13.812907870080986      -45.984478317456627
     -137.687249525475778       56.217730515835854       12.528419304548260       27.146257048034116       39.116764400963767
        3.068750874088198      -38.378131292960710      113.336289134835170        5.042594171874587       -9.019350701318052
       49.797915788918345      -27.641598719200786      -47.068832381126093       45.749279117077329      -60.140344884424913
      -65.987229437164928      128.254949694167095     -112.928919007816518       -9.463832293076292        4.622329380047196
       74.331918974328048        2.252683181581718      171.289113532462181      -74.970089185488902      -30.614947881615382
      -50.422077705461547        3.170728745344620      -75.873511711531478       65.670789782301981        4.699354750003044
       83.183726494998751       93.005620624533819      134.555308237170010      -11.979494761261872      175.035894363100255
      -52.047332304124978       -8.147142689733586       34.108777626703969       20.043914671447112      -68.305237028816293
     -144.140981336244465       39.424038105226920        2.144691721102823       -2.029001925427310       18.083247693198711
      -64.233434729197796       69.870613683502015      -29.692404957655643        9.590605268703200     -144.024362939783572
       24.761423270102778       50.657712576967697       61.222685892653914      -41.203931345533519       54.695381008131015
      -31.532701599353068       30.506716233994112      -30.030054814875207        7.626163239407327       98.204324709903943
       -8.923788384660082      -16.372752138595875      -47.336822356467039      -19.346741551360083      -48.445815699946792
       -4.751053833984336       -9.597030200474309      -79.130284984472823       -4.585213313297009      -73.328445622346010
      117.932629906567513      -58.124699151705904       -2.427930993039374       46.847052842400664       31.566734636029668
     -176.901369717983016      -28.872126254553912      -10.138300932094792       -7.878728624422380     -181.729183166653286
       80.755698826734474      -28.968180866087476      172.884250865432392       18.564970673984650       46.758011002909498
      -40.630775981913388      -59.814693670590763     -183.564387118728519       52.443470489621468       31.621116737494638
      119.148437456002853       19.542216804680912       52.691218113711798       38.175296844050273      -37.577161183088229
      -87.797694671064434      -36.450034162782686       47.778087431493098       -3.301930123760474      202.961508356897156
       32.024763373507625       50.981642563018099       74.220820043906812      -46.404216571855287       41.932098176362310
       34.770099505567579      -14.218853415280453       65.385616335834058       61.308471797777123      -62.899024317114026
      -43.495362715038439        2.063116727811871      -81.702870999013356       -9.948735309472010     -178.270364735641948
       48.872431214452199       19.493652048018149       56.346666300261894       29.015096399062898      142.968900938598466
        8.026883526255963       25.849230267535059       15.504118761291373      -39.009494188112321      -56.356884463126747
       57.082571407110535       -8.725556076753486       -3.592538846826300      -56.097868333289426       26.849073946733245
       26.706337044845849       11.735380771730574       65.013151994002300        4.327293447744839      195.428224431190898
      109.444570257099130      -97.211172900960833      -26.029832763309962       -3.378971189674575     -171.103290440786452
       42.472143522647386      -34.092250076897550       40.424210713002523       22.516816083410660      120.602322191610483
     -108.001405827754780        5.023277522824043       -9.734913842809167       41.753213442607155       20.172636194957615
       93.457768745666840      -23.284629797198200      -12.959706405335305      -81.821503250406522      -66.250604593108577
      -18.492110667333613       -3.028154899139440       36.809591062432432       49.683779599636637       62.602369917633808
        9.309748517153889      -17.785238824526235      -32.506447705374768        2.643223452138043      -41.137203479477080
       -7.511689581263898      -11.527583646737146       84.980063644296777       -3.589867993380759       43.131822510430680
       63.378374195912293      -19.213343686226441      -33.958147583682845        1.205835246025591      -85.935960999425092
       12.602486305168878       17.353029853643047       79.224107279855147      -49.714378378802543       98.373864529546694
       84.427403880532708       22.443664585027058      -55.757501684718704      -55.807967021540236     -120.529897135703891
      -69.980710820158151       34.535444419189858      -35.628223518712460       63.670126089396064       67.858082703582070
       75.191792954712952       -9.427788472710324      130.784230616661063       25.449994866515784       52.828601859041079
      -82.666122215134962      -73.330706987243261      -50.814056169408538       40.234878762802801      -61.958145535513566
        8.690538658568121       22.393038278907468       -3.489015747034844      -23.230831173618228      -82.440195471582683
      117.809766934473160       59.718932123158240       63.039623873537998        8.805432326843221      -53.763267388220314
     -143.778834312516977      -13.135188247600318      -70.856271756548949       45.175842718551557      -20.180366744695668
       37.352351992379042       -9.847277463746885       28.390444664109978      -24.505223297451899      -23.660627328668841
       51.201373459986989      -44.957318877388126      -81.226282877709750       36.982919802184050       74.483943793494660
      247.867200581097165      -29.791743069191448       22.191730798700497       22.209865695180735       13.199588417599395
       -3.400752521260461     -118.017181579997370      -84.734061055034473      -20.861594891362934      -46.869331112377516
      -80.952552894388234       51.520952367071125       44.646667818073986       25.820831955978303       91.837716532774635
      -47.453665914427276      -36.701847131373469      -85.482488781443593       -0.242293354708730     -234.243152704748354
      -52.644711832331346       36.191366967043855       41.521950902029943      -46.177436144505030       55.223302079707935
       56.608590738893227      -52.260188573169771       15.464455295332115      -44.926227924459525      -52.298842998775690
      -15.946678047008945      -54.838656050520598      -47.528552886281076      -12.088276525515672       68.330152080355859
       -7.826549978313337        9.070819919182764       40.496865370500700      -70.771067709795346       -2.159218913378519
       18.489244685918905       15.807639867781466      109.112343311532271      -30.604852199310479       85.585066489098381
      118.872752680213111      -61.866208426397456      -41.513356554946498       85.289663367697514     -145.913811635180878
      -25.748898649018951       13.152273364043879      -66.124698996297823       14.384210470114137      -23.747188471948455
     -131.464457998855323       15.624211903698713     -152.551703319381119       74.210071926616763       22.143406411246247
       37.406695298227582       29.891318520535489       55.618070223949637       18.123281031121557       42.783526061352674
      -10.224362727113121      -65.928051885677704      -69.654288519771271       33.406146697006150      -33.021570834635824
      101.912297833698617      -19.757324343293195       -3.234268974183039      -72.968969185562329       42.269197387564098
      111.038925431309622      -50.819391719232051      -57.169050201345314       40.257683906026067       35.715895470851024
       37.085381358777077       12.229304153755386      -17.889177394102056        5.798489237934566      -59.964309264813927
      -51.804466939906469       -1.167982274764115       28.455682181712017      -25.809635102485462       22.277258661064632
       55.231969663095761      -30.119988806706242      -42.153728739708541       41.298499916611078     -132.486334900370139
      -11.599724293318292       53.060286324166803      -11.005080291568435       19.349591967128884      -23.144028701657419
     -127.994048778046320       28.545739295551769      -48.566206493047694       43.185930431134189      -53.676661653807123
      132.293884132283921      -39.575499193326699       98.950720879024843      -55.593407222650789      184.623378143308202
       47.252230957359167       14.834011096595457       -0.105909463851532       -7.540485697116424      107.941721281482344
      -79.247116031016049      -73.496538288985676      -17.715578849055785      -12.668922966110712       23.698305563267468
       63.153303063336814      -38.139327111498226       13.636319932203911      -74.241134250689569        9.707527774931515
       50.040185296329668      -34.973613675142950       50.082932206298345       89.143058903116341      131.533513890920375
     -106.721903185761420       49.415516264959699      -47.235034165754634       45.364654721423086       -5.343126010259806
       37.044693282511517       28.092358297317922       -3.872107065294694      -29.583238036366119      -79.172344362640231
      -91.840273453110456       35.335866931315401      100.090209355601743       -0.111799230382396      -55.384654176528514
      157.543145709027385        5.856774500034274      -95.714517163458751      -14.794926094471041      -70.645879167159691
      -41.195891397388671      -11.613507423462766       47.592011656774169        4.921489869162885       42.890959370297445
     -127.035882710503898       -1.521100470328160      -36.374966410116890       40.533935072655900      -86.934991929563267
       56.499250556248917       13.807077374388538       21.280563086241276      -35.995637309581433      -64.879340491232696
       15.194590297801916      -13.875499881496770       70.004683979746090       26.699829579354734     -134.688438394080578
      166.453557362404013       20.295224476470000      -39.716391423757287       15.535992936375541       25.165589970741209
      -46.662567806818075       45.211996123757331      131.071723052035111       27.687125986891495     -100.225682304662286
     -106.394887513284587       26.682874346028850       75.714928959450020      -39.190731332177322      109.275656427831805
      -11.182977952148491       79.619024454768308       93.142294364456461      -80.854119056467923       51.292177594494532
      -90.459688263306631      -49.225980072351945      -38.788179917104955       15.451491289893008     -135.450630948944820
      231.595562062735240      -55.618004670579573      160.854304310234681      -43.834630454512528      230.410922586718783
      -84.042723223217209       55.470720135992501      -51.151072529037336        5.197362761151893      -75.545458194462199
      -86.405228077796664       37.964494191669715     -174.670583948551695       40.555187293661739      -78.260538133731274
       78.661854215694390       21.212613459004942      -72.995943000445024       56.418192612072865      111.340940662303169
        5.567841877053727      -58.042031128986984      -17.232029130861122        6.657086083873914       24.691210892051060
      -21.643011708865526      -20.196878192273378      202.731195657667712     -129.504666968779588       19.008577311168690
      -98.456892528081184      -16.922000836382519     -119.266201815108275        4.756546208470358      -95.720371845102392
      -84.625121586660484      -28.256189281866732       55.593104776760590       11.452923372211641      -64.043981911284718
       71.999633268821626      -19.865849853640025      -29.861053741506723       19.753924000387087       66.619980998083165
       33.851956905788526       -2.410556884243314      148.956006181000873      -13.179491224462865      -20.960797055808495
        5.186757290981110      -38.299331702951811     -117.286457412501903      -10.481521540903838      -23.502573678734866
       55.604460213151370       22.391950302841462       40.664427205757463      -27.205947594673091     -122.377677988935815
     -141.647335375393908       17.427568447782033      148.504881523853072      -27.294325813608403       71.556543253877109
       72.642540227381843       14.981295787833046       -2.158769036490219       83.276869519865485       -0.792738587835202
       36.731190533763581      -26.068767281816594       61.796851315421641      -44.986638774081477      -61.784096387584817
       42.469679719398442      -43.863131549863162     -197.225883383282508       68.026258862518830      -26.871720993214446
        0.568714364616413      -10.209835378498374       42.857502805237175      -13.630076209928006       35.460390645460699
      121.465896993253835      -53.926481431373610      155.352906413126306      -11.017622006882645      -46.598427570047356
      -68.488614903003423       81.499037347317000      -11.832612338221697      -22.480510055258559       -4.281793497620245
       69.315758969434427        6.448698670155715       70.415581691325329       -7.201669432173133      -59.364136165567778
     -116.894671795717329      -41.325762326457067       12.517854201328381      -31.698419587184262      113.570618057430082
        6.630299635167820       37.790020329773625      -59.894552832473380       47.958884267311646       75.765528649439233
     -111.581162029007388       41.572968172286856      114.783731576895875     -103.257801725186994       18.686641635981516
       11.924442916803418      -14.611145114669023      144.928465526104532       -6.702019480070017      -63.460047948076159
       63.205188932388687       -3.134950044484235      -37.953099514168564      -31.715827347906412      155.738699833906509
       85.709304366135669      -20.560204311401172       -2.713544466744607       55.985077117356589       21.115776858656126
      -81.226713782735473       42.540727106990225      152.948441572946393      -57.203742134828843       91.320541542955809
      -74.838661160533704       58.463684568734870      -99.230503676527277      -24.439695131234398     -103.425373880327086
     -121.487030210961251      -20.908966396417330      -63.722777103991199       48.957611806611943        5.638507334489555
       13.908493596064986       32.621974242481727      -59.719422197530690       12.234673710075706      -83.932224307876581
       68.439077801045954        4.375996805045721      -46.295887520599550       32.329550248241055       80.001849133454016
       52.088684598286086        8.009729571820397      146.511768732943978      -31.127836119239209     -119.847063961180794
       58.492181699550109        0.412087208592185      -27.661118316930299       35.440697395848915      128.062332756240778
       14.530179253399735       23.438394369595731      -42.415665034411823      -10.288274095220439      -75.419273113135418
     -125.786479648735678      -33.312611735520072      -99.082696871612526      -35.807146466533410     -156.754835422579561
       30.789334621508068       18.867707096058940      112.301884808575906       94.949594516391059       82.217490164918786
      191.505472069273338       -2.452956841992280      157.884179010462447       39.029577787353297       22.733575576806899
        5.609588665503982       -4.740497136454402      -77.588483981986982      -23.702115283631684       55.433827472577384
      -23.348016177919394        1.067322453901520        2.665801310752111      -46.492199252827653     -105.108960087271839
       -7.747982197010281      -11.227792280807087       95.107074951733011       21.195960751176067       17.913692569961217
     -118.025412397325553        0.550349491185487      -95.848755761357623       42.056808994479077     -116.522555516918601
      -96.305028082646075       13.529921930749392        4.420167745942792      -33.985282153128466       16.063290368815490
       78.550074434209108      -46.479480065422095      197.026196099601322      -16.947919392245996       76.273195833733794
       78.024090818135335      -69.226468150298430      -78.018881828525849       56.739395765843085       11.454426906240894
      178.760565033906914      -66.917529897501026       81.694421145115058       -4.758603497226935        0.739819319587482
     -124.990400797130647      -68.298567966400086      -81.481118307118109       19.955203105967396      -84.443296958031794
       35.701015196747100       44.335931755177263       74.749281803260999      -38.157557853252641        1.497336920943246
      -89.993484133022463      -16.250833303837979      -31.369169165169065       49.170664710937828      -52.680824957658821
      177.724112706842732      -19.284592525778002     -108.730801548789401       -6.789350351048081       57.193796681333886
     -116.079878337990252       23.929346082891762      -17.707828940282287       46.276189717505879      -46.369760958459153
       41.383561209663533       26.391179859548551      -61.647189171278079      -13.328645632898898       29.833469612835824
        3.200032952533907      -34.655802858982440       42.018453264263449       67.513230882634829      -26.589295149296643
       61.088419116695462       -7.291504448908229      191.824864694036222      -38.430499531167868       84.201812927744754
     -128.090491351952068       61.502415160846127      -74.142703082808026       13.101979199710524     -121.210914067701935
       36.246745582801061      -28.729791126750889     -102.095843794960203       14.889875260249861      -50.951869502139978
      168.205308991680880       -9.991418338465568       87.472355675469544      101.821136854132988       67.478413769073867
       36.245779107583537       32.155940313592723       28.637920575083154       51.297124842780583      327.734543878147917
      -66.889738671770459        1.706050999061884      126.367476418689549      -42.897762869254450     -244.306041840141575
       73.022830767882240      -23.310490193695262      -30.433185039876268        0.511888039736332      -53.689648005083427
     -112.511304105792505       39.286960089673599      -87.819621734801814       38.926669771997304       35.005324295617463
      -39.661677188027312       72.650298065684225       70.160589432506981        5.830962087344819       79.517475351556484
      -65.864702209493757       48.655808715142690     -107.480923128707687      -29.845876598256233      -96.561369007213187
      -45.842357609869076       11.763818361312746       58.823112126041664      -57.005463451999837      122.442621896373623
       38.925935896219144       -9.624467588213900       58.665232287194414       -6.411027792845464       86.253989771360381
       65.177103886022536       37.769462019696590      -63.362504476968489       48.199347804586971      -79.595060640260613
        7.703943894770983       34.926528725057779        4.379219326398382      -55.390607248716250      -89.347521190970852
      -37.200414714696009       21.674453115743262      -81.338248692666596      -32.643847372402881       56.895381487736913
      -65.909269122157951       -3.669147029753560      -24.404410068486907       34.359375269894173      146.676285732882207
     -106.632807795977811       65.746558372353235       52.323873141604359       15.690435936261242      -42.818787379850917
      -34.685926873312489       12.543407078846604      -94.492054054869357       20.914904662777356     -112.267341424817360
       46.621456666182574      -13.302978511721991      159.997216770219097      -45.952194515089360      -72.013570323177618
        5.066640235488141      -59.746246692733067     -140.843366950654740        2.410717255757978       21.293518975239870
      -76.143247922152639       -2.282895994592571      -51.335436793256740      -29.704334277063623      -72.371320748978562
      116.184880800799931      -20.852465079491001      -55.798536278432096      -50.237597576755668       -8.695817276567933
       38.481636736753487       15.599085729108710       77.217799306096055        2.772324364934727       52.321394669060716
      -29.460876458611018      -14.497745252725274      -44.943206097096848       40.596547275023433       47.362134157731994
      -23.712216945222291       57.471925296888877      187.650569523092798      -92.425170390553149       55.091054647353197
      -50.020730182067950       46.778544889144655      -16.585611311974770       -7.672441754372621      -98.949609344172003
       60.737235290189098      -71.711169335225364      113.807445703628275      -29.536247950547097       -1.404227711788799
        8.235796841046392       -3.090765807198044      -88.795381659437226       41.772776937727343       50.670486723860932
       62.843357957917682        0.968932815083006       48.845208954205013       73.629120471088214      -61.526389121303495
      -14.214545620164513      -15.568726134316606     -154.439728074225258       26.651558976579228      -32.334935818534404
      130.691323649394207      -40.506014870108352      -63.184381428457598        0.287298701344719        4.008018737535560
      -92.212441462183008        4.997589731683874     -132.294054029534720       76.293913271527614      -61.091547314552649
       18.663776694938257       42.640916654322730       -5.443986723870977      -47.262192891742785      107.573838755795634
     -138.100179032782563      -22.868114245771746      -43.033506012300045        6.216837497660533       44.783225277073051
       21.880123450507355       23.670141340015856      152.312057876238157      -99.223708004309501       -6.593459922468974
      126.596203392984350      -31.542083363800991      -34.898313645132980       55.529821661090850      -84.767935799241741
      -45.631787066771608       37.276163280570323      133.966154564403723      -81.474849818143497      -45.933294704121245
       47.251949344701799       42.049749922013746     -126.785114258174858       35.415851605456574       62.977250720847259
     -122.184328910456188      -55.974649873441955        1.250649610839810       12.431758769061615       71.142350298443063
      139.581187886952279       49.374905278495945       -0.928831326288659       31.165397642161174       34.782264948288145
      -15.224257013651247      -27.476615793273194       37.924994440261436      -42.905100857351805      139.477230404866077
       -9.943751366681655       43.208478902586172       58.409820316681071        9.814290499140167      -16.363792950218215
      -37.315203558683528       23.221857148071749       15.237179122264495      -32.433986279078979     -145.178759818547974
      -78.226821857277017       41.018976142073441      -30.382858151337160        7.722658721485455      -16.487769449186764
       63.416939182984628       48.652789721999468      -90.819252666225140       -0.755444953480716      -57.831141870673733
       56.505170454474261       -4.327767917571890      143.741697888216919       19.713763458756208       92.985815427552296
      -59.846515921727793       -0.577982436436404      -87.088946284480755      -43.201031570596413       76.675810726374266
        4.060543520962411       -9.198682066940409      165.907903357319981      -32.935288442966488     -122.431500492853914
     -153.671506123405209       69.186260572654078      -50.579083263008727       -2.018467446267252      -13.520781071233051
      -44.581589474178628      -66.624713213227082       69.497062953610538      -25.423765732435289       -0.568703011558238
       89.025881037778916       30.080995717987857       65.376009377566774      -72.878361639743176      -29.828769686028231
     -110.844093209094808       -7.043864277457513       34.284148351677658       68.029550072264925       -7.342862917713464
       84.556170367150031       51.327235667800871       37.409216133043294       10.926684279525514      -42.329932948532814
       36.703738673637936      -23.976544724617060       79.068500693820283      -37.432042095989708      -41.894311313575976
      -70.859330960991670      -28.900497129601458       80.387649452704110      -42.692400444614648       66.985710751995512
      -84.416152642476447       38.387080883553814       89.906967391609498       28.091333162417669       91.135789535451948
       19.259628718911760      -58.335826622269593     -105.995790919376901       47.186249969327278       72.366627781325633
        6.193063946323726        4.261288938988263     -114.165313136830008       26.334643572445632       85.721326285491443
       88.084186399659060      -35.514488814160579      103.360898863118749      -87.764313925393026      -30.144890712476624
      -35.961597286062883        6.145065823632325      -16.020629508816089       71.952096502628279      125.974173125076803
       49.424151614652338      -15.312081469630622     -131.798858843506991      -15.416751112566670      -78.759309052215173
      -38.465960830552490       30.748944685236673       43.609121465253430       -7.284236954433307       40.956171416915659
     -136.090479578901693       -7.686387095884736     -171.305260073868624       -7.430841658846639       36.505601930709922
      100.114103937887037      -24.039060060397315      136.303918791360672       20.154467237419937     -117.039950325088995
      -93.988216361400632       17.965712801990509       43.307966038159449      -51.446458341386759      129.844469429887027
       57.336021004919921      -34.343278536162920       14.078786916634661      -23.334982104207739      -56.226040245953854
      -22.504852135617728       -7.733894513038961      -87.912238166187294        9.510182510872795       49.452416654357137
      138.043956846463772      -72.783951185533780      194.695236915790730      -99.930605986004252      113.737498936180941
       49.249241308809218      -13.613862357544775     -140.364659088185221       14.524744604937780       34.475869747346209
      -42.937280266357185        6.623668479248937       72.042032308269057       20.068152559395664      174.089174215707374
       13.115121379563044       -6.720527660559064      158.330778392680799       30.299725722819986      -77.034049930242588
     -147.731300769782564       65.538080333667736      -79.506297266067378      -14.301105494924665        0.726915013454781
       19.235140915575784      -39.752662908898962      106.965513331413590      -89.665990271503034       27.566257366958073
       14.832285966483601       -9.268757828060984       29.528491679242524      -29.444535672466291     -101.059115556212433
      -86.761846976058408        0.140549664504799        3.430427562101089      -44.293893204681105       96.670509637966362
     -177.543381201613670      -13.131395300882303      -77.380716831143985      -11.323404882171122       48.727168049846142
       72.740752798226396      -31.685749937537363      -51.581522887610134       -2.468232129635328      -18.561824633151236
      128.316098078737951       34.097095929224757        9.623118602193520       -8.174678357071134      133.588980747128431
     -201.239892687808464       82.854138946114219       14.702252618978969      -16.224092613157072     -129.400851728154208
       -2.455984283090607      -41.504346963257888       74.705291886761529      -30.855654605868029       69.463434612737444
      208.956811878127212      -76.144987475546841       57.454223745392653       -5.817289182807272       22.087567242928685
       11.114102044086746       20.525920511907202     -173.925961748381468       67.748696642309483        6.772243603665742
       -8.048826543944177     -103.130871685562198        1.901803069070199      -12.188740734861364       45.264196587495611
       26.035971749512541       53.434885843881084        5.847490030571675      -40.683303823705714     -192.643839139154807
     -156.441965711575079       -1.813633918750152       -2.619017662205463       53.844440193254009        7.062355221943249
       57.931615227260075      -40.035369634666033        8.853102192523021      -62.352218296328658      138.023591472738389
       70.510790991281937      -45.143604633570916       53.584329572787780       -8.034294226902983     -114.860866336349417
       35.163770766377127       35.930727969997591      -57.407818967180575      -28.251989322322679      -99.184911323236832
      -29.192898405053146        2.455977055642993      -66.506574849125727      -39.384917562869674       52.121315036151465
      138.246457765418199      -22.911041127287639     -108.706039376343213       48.379459979086867      -61.634132766037659
       71.835006565111172      -34.784842028104137       -5.488595845827310      -83.632194813778369      -67.401888496152310
      -34.718162505697002       24.923386842488732      182.308733970396588      -66.651192571784165       13.238630011496110
        9.842379018329680       13.938748610876276       31.361185373587855      -56.901782676599439      -55.276930022791035
      -96.878874985705863       57.416935528604050        5.367808840071935       35.779924794072535       50.985147043506899
      201.056294301917632      -73.423530334132820       -2.667273770721862      -46.059484049684215     -145.720106719453042
       32.720463076528787       -3.830317412027465      -51.721596567503177       56.490845242688181     -157.391136895793778
       41.709980750853958      -67.598685713276751        2.808922709501432       -9.421166138974449      166.561192371456343
        3.364695182393280       37.551995898464767       58.380398822015906      -37.640086904911463        1.813586800802769
      114.489006796419574      -53.444103698474898      134.965072549177791      -16.326477850570235      -14.144312450497882
       38.012677634985813      -30.365116866677774      -21.080551304692726      -26.208466727533668       20.528850820850227
      -46.991235144273773      -25.931963147639575      -71.784892146415601       36.945447126826807       40.352070287887258
     -144.482890749860161       57.557056648250466       84.093888160671085       78.630094780070834      -85.363814062741397
      -72.732274366265187       16.204767896423657      -80.330258938147352      -24.845927780671005       19.105834620714013
      104.013903143804512      -53.210229333019868      -66.657547629670574        9.939124656575203      138.391133712752378
     -158.143449819182450       17.583442480967598       46.202495492795030      -96.113820154237402      -60.338165113304413
       87.847887537116208      -10.455091193077486      -73.995530103986539       33.054910924465766      -51.493946272665653
      -30.815655231786085      -72.953217689142264       46.800175017034078      -18.311666274066809      135.233600054710905
      -31.375525722103426       15.475078581236341       24.649904741764288       30.643264609768607      -50.022785854522041
        6.968070488300907       39.184333778609826       52.160850782933096      -15.339143543903143      -59.766222507505546
       54.488309521171573      -52.208736412554792     -118.345546233597432        9.795369584724531        6.439944395835989
     -178.944044457098897       18.271545871567259      -94.860798749241894       29.128242749339915     -105.013464763822000
       16.992151552005282       26.225498997950304      135.460532290121364        1.811708567423635      -64.566431212045941
       94.299227170036161      -43.406266933175608       57.373343692561377      -14.416223021571083      107.405101994295876
      -48.083361553698815       20.058766737269540     -176.239502994667845       85.679678039496096       45.070096195481462
      -46.419539404464430       32.855891768714194       79.231876547104903      -50.511803904728879      -30.103441581750474
       -6.428997707336408        9.800757099808926      -15.887775964231663      -10.821215499477576     -148.162869808609400
       -6.160518499239990        9.693989025785923       54.058890752573717       14.203498383823945       74.087501373598215
       61.349419225387720        3.816646882189807       46.054615810367409      -17.742972520370511        1.504473659306289
        8.598747724388575      -23.592865364118705      -69.966041408480109      -34.050277308166599       32.730434764735016
      110.121870737614088      -37.522152240523013       10.304499269497898       -8.752660395743501      161.186115520949443
       74.917618384644399       35.181316168501986      185.556977447785300       43.896140451553421       26.359421090786839
      128.560987945365810        8.071773451219574     -110.199264899029515      -17.545812309053900       73.312335757009564
      -38.977980820183156      -67.665382632566434       61.326055189210344       25.806543301013612      -50.854022500917672
       84.573410232370094      -32.442715814201279       32.055915534966104      -14.485682409765818      -44.985430000914697
      -48.745206837568304       59.404173976068982       24.311708181320746       12.592957051719154       12.583569381466114
       46.364794266637489       -5.604644089182695      -18.603400544178957        7.095272598543244       53.149642512980236
      -63.615180876778261       -7.840813160756379     -202.367062567067421       63.697514299687612      -77.632721006072657
       44.081805858098797       -4.816871948999948       31.733034772225995       40.647738588302694       -8.868571470649750
      -15.322030308274963      -41.870395277957755      161.669026307274834      -53.889022967556201      123.621239581912207
       57.054565930622246      -71.041582585476704       32.261708012106354       22.754839901207198      -13.459301591657470
        5.136800816331275       80.590552960360455      -59.398085449637890      -44.892823977009030      -91.691811717348756
      111.089678928190267      -30.935255044413914       83.695198627288974        0.307752863749795       40.533128068355552
       -8.209776953439004       -6.357266631978714      -43.681366024872538      -17.732706597393609      -90.245479706538404
      -54.163117938834567       72.124574238165138      -43.295496851618552       30.121612736283303        2.629885923788041
       70.577745303873314      -67.061472042182686        4.201908125052642      -53.259953513599037      -39.138012431372573
       42.357682717826513      -17.212995549754329       69.257959885224281      -24.898891426556784      122.407348777454359
     -136.074549739071870       50.310995914379696      -20.589455072045642       70.059178787238508       67.406560400815735
      119.709906404023926      -72.606415847587073      -44.907711902242823      -11.690524493245992     -125.721815964705442
     -108.745677333583401       69.522223954474200     -103.414253301289733      -49.215456439764445       15.350399552263571
     -131.655369501714716      -67.789531453701528       -3.964511767915497       -3.224008674840762       31.680217565534328
       73.320240993390740      -31.112088875877586      139.956359645122689       -5.305602930510259      -31.650312814910428
       32.877799031142779        0.696092368381484      -67.177803205333461       -1.692410277697066      110.226066212775095
       95.940008171591430      -29.089650293513010     -179.457744163881529       18.218956380817961       23.604719371636691
       56.536989469116577       -7.564943707664532       51.758507492544737       14.586277176222740      -60.325004805523797
       42.373013509488196      -86.162022829761682      -45.505831045698756       -5.455789103806763      -13.333264692077242
     -135.720322062165906      103.947608111873024       33.439870128317267      -97.434359891460417        0.185437200830352
     -155.993179758276256       33.456145339892828      -23.644099685636757       70.745784119208210       -9.932283004528275
      105.045910402810435      -20.335759641714784      -42.160790308128135       75.654899206278245       14.841002339650860
     -128.463849678225500       37.392723868913002       43.400803567853067       17.650769497543887       48.946419086210952
       62.367739478133515       35.508814746197245       25.097729384880608       13.452156503688729     -119.722789020466635
      -33.515624438996042      -34.359815296035087      -28.375476264907558      -72.185059021498731        7.726243875418088
     -181.277058162669704       54.885478165936568      -51.264971324913532      -70.212253150071959       27.552370707996317
       85.289875384579759       10.074612673415022       72.247343381459629      -63.522450955274074       35.881609342428135
      -37.632954283798441        5.195641271872441       65.288350924858250      -36.705803671996257       15.311283782656254
      -98.426456357482266       -0.814743977930487       19.008920239866345       90.994568635310770       37.921351166938571
       59.427026201023423      -55.526182146616300      107.446033414566188      -52.294457169059534      -81.913759313728235
      -39.992540228959328      -56.905411769144628       41.190942935783283       -3.780917953965120       29.452458252596774
      129.725811588659866      -64.101180407295558       23.326544711170076       38.199740121806570      -10.071903526933935
     -101.204675031378528       62.075049649010104       -3.404118311495945      -35.272136328245743       34.405107414732036
       20.212153482785276      -32.888575999315137      -38.101269441549476       10.376708895951431      -20.917412715964549
      -11.907815595863859      -21.073481153332292      -95.062871907355856       15.694255405392164      -14.719562911536453
       43.150044484281260      -12.046346745551356     -166.356592978136177       96.128363878508381      -56.742782558598641
      -16.019706479373138       49.032788298071097       49.508693479991507      -49.161921712888642       33.492818672204990
       16.214014597684628      -58.261200563165900       63.987597515422244        0.200402294083759      -26.204557645814095
      -90.053500466206629       29.449664571243403        9.342979353697967       -6.027370732591461      -20.804109624102761
      119.897309629197565      -35.370306656205919       32.686218168963379       -0.781043210306477       86.932953113165325
      -96.050248654742816        8.772190560760349     -162.488170794098750       31.405463519303705     -106.539428267298590
       78.983705942225185       -8.368127288224226      170.877727982657547       58.150418512067290      158.220042885516506
      157.612515296151145     -113.874495626796318       76.740307959748279      -17.398275988498543      -10.569571999699942
      144.379422882783331      -82.822195603303427      -21.720876359748161      -38.436565255945133      -18.452833565316887
      -27.307020851049447       38.674342424376469       49.566151497519392      -19.997649300924337      -46.669329520947748
      -31.857655445402564       -0.254939312016909       12.892689687201822       79.188728896383168       73.587813880053929
       48.614203127148414      -54.501926932351886     -100.210126137984815        4.082526135789356      -66.543820254739842
      165.772955231756072      -10.394630420055195     -112.910736044595268       76.939632366032669      -29.347756585514428
      -92.701320663543029       -6.524864961021396      172.898306762826451        5.564986884591736       42.757800869109751
       83.909457701489401      -20.469527745797070     -163.260420920341318       39.037444986646108      155.794159039735433
     -143.663447831973002        0.329307252886923        8.703964619314476       54.718100072222512      102.390420264941895
       30.129472884745415      -64.933026074274949      -71.681357202420628       83.310948449099655      101.822579306237870
       96.328163478752003       68.785863398857970      -27.086036185329103      -51.281083615944020      -83.391553911185866
      -91.778664310150646      -28.801903674054401       41.712480321613157       18.220802753428558       25.011299257346128
      159.593952488368757      -14.715933909036490       36.315090883386887        2.869261084880760       12.611273875565660
      -60.130971163327040       10.837785112082987      -13.556455534612004       13.881272702910874       82.138525477074197
      115.550955029199443      -60.612166094942751        5.795701778899221      -42.873617511254260      -87.560168510271964
     -132.965922841019562       38.075873842420037      191.922786235301999       11.716593978646484       19.173573765753265
      122.325391969558169       46.345275998717092      -28.076071290502654       41.362876487598164      -25.865658574320896
      -83.352804826395911       29.511452128218121     -190.172916518954224       -0.476277608386486      -99.218336542803002
      139.447473168400307      -52.202062168048450      -17.853308234664780       61.335786647436869      138.591535358679209
     -155.891086955661933       91.873283160984840       99.043596464212627      -38.695630550955890        8.952179256800994
       59.856551138066870       55.029736129277701       -8.597961433852758       36.748223737563087      212.594538228510686
       46.479635317613344      -55.591626809202566      -90.423554450332233       75.204320505167900      200.105591196239288
     -168.063041793296094      -57.168738223652454       30.832086181811128      -11.425148771286596     -146.334640631576491
      -33.572921778878381       35.845587167794406      -24.533916872514293       -2.131756027501258      124.789048319720848
      -43.591820866249812      -30.844754265759679      104.392010315876874      -40.188708634513404       -2.920947474833592
       -5.631630021408621      -22.468213872201833      -76.090929723532142       -9.198130798644675     -107.663839362766282
      138.882623498001379       34.122276776570352       92.469435183558275      -34.851320601094955      -25.025939743879931
     -194.790357657270363       -8.881882693799598       57.621288413005978      -95.450504634709333      -26.186783564692888
       36.200459719516246      -49.715176196255840      -18.409822345070655        2.302318187350436       -3.717768614116010
      -33.957045016404244       17.093007259934243       -1.395577746330286      -11.546941471815678       58.382200498528896
       96.047307840739435        8.049547770203860       29.936225489415030       26.044110167471271      -22.133739383168049
        5.477377859811102       32.455920153998775       84.234577749861714      -65.420282238150207       89.129017805353655
     -131.505529908016683       11.428106999457038       30.900208969235916       30.209658283616495      -41.067434686326436
        1.319453550663838      -11.812478584022442     -105.019753771070555       65.038873056721258      -70.450886451097958
     -177.949764546982379       71.766735736908430      -72.594216090106826      -20.844888253534670       40.587633747299108
      -93.619748371378719       -8.904687036358402       80.969827688338086       49.807612467886941      -18.487476058498906
      179.722229724271472       27.555082928771171     -131.515716846187701      -10.050407568703923       41.112022337715651
       -2.893680628033172       46.653127462378336       48.877571432402597      -37.825387046117733      113.408092176265157
       52.393341100446065      -39.206411101398544      159.490020084743264      -66.697438369177746       65.106158865615910
      -87.619119146299738       82.681322250162367      -50.604313675267505      -42.222437405275763      -95.226427481016415
      -84.310382592549644      -16.194335929667716      -10.897534770094364      -26.810751752735456        8.414519677581335
       84.510853514046005      -50.332679852252795       71.954863572924140      -46.838789173406624       89.611228742084506
       22.714272822649225       18.509326171514260      -72.460458289981815       47.496791062799126       37.182647613097728
       48.896040225078593       46.088698939420965       29.905735834783659      -46.769523666708636      -17.730051685361317
     -110.479989207483811       35.858917625034685      110.870498167572734      -34.467846802491501      114.481931676814000
       48.159825956224040       28.866336919165050       40.939563674965271       10.688582113721816      -48.565602052522443
      -35.790421841926722        5.394750344943330     -136.194380294916101       29.694962602814527       65.192988758683896
       46.890784315307428        8.467995350819811       -8.694540376554430       -3.410253901877250       60.765921658590585
       85.404251765350807      -21.274014182022700        6.827673470549059      -60.672575273592990     -139.667329921763354
     -226.867278781174321      -26.033956778365749      116.491599397992246        8.975646850326100       -0.097651041041438
       77.938120003704384       64.421728943274871       15.805185303035952      -10.670637895791964     -161.450304580315930
      -57.534754792401870       12.452016691920521        5.564837242933962       62.314200355345839      197.704466967773470
        6.705239676209954       47.409538917874571      -64.812200216970012       77.878196874430103      -22.088398781791287
      205.765482162872274      -59.440012330563867      -47.919236484367509       33.230544595847334        2.169206421840123
      -34.735580861624761      -30.030542915922695      -33.113471405558570       21.648992397742987      -18.158814310878505
     -133.469686566553463       65.802475978547349      -32.105214914599195       43.585079639559915       68.176172920561669
     -103.746992501892649       53.192577349430778       34.285786402966082       40.990293326904492     -172.612446930507133
        7.391984212619013      -23.613355438717477     -135.448167125174592       51.128079339783717      -53.372980720971334
      154.765124169507459       -6.507662232265446      -28.989444232372254      -30.388332559057929       62.825539924569220
     -115.561600150612733       40.597393567144216       53.167270649793124      -27.246857860523310      -52.415478419085048
      130.479827997593191      -35.829984775579419      -44.716234719505522      103.088755687082781      170.691685460713984
      177.788510343059500      -20.784610243132239      -50.819296670384503      -14.427573838097997      -48.558442296524106
      -71.559987622243128       60.848295617844123      -52.142765635855753      -72.202512382150132      -15.182215422771403
       36.030946616168094      -22.352736313398577      -23.805270589779852       20.895480791310899       86.308998526844519
     -104.696502686795057       25.426312617152057      158.024228668001740      -35.622195253483191      -63.776130601131385
       77.390928927605202      -13.858014021253240       27.892843616575483      -21.689450790371911       46.373784563182731
      -37.268476220732509      -32.786346550351155      208.494812924571988      -31.990469416110262      -53.941803016189695
      -57.204167666192198        1.843615607758878      -46.761623234190836       57.802815663096609      139.786741456436317
      115.056231884541390       68.779636971351664     -111.981062104259294       52.234112703545478       70.585208691252205
      -29.024435539827312      -92.570667552345611       30.607493198450467      -17.737051555278022      122.406313142967903
       88.214632907117490       17.144140655868132     -116.296443533124346       -6.565580246119484     -163.878391478888858
        8.445574571741796       58.304568318168847      -37.490610057571409       73.565252766575910      -81.554821987735195
      -23.026408057232256      -58.991528680616675      -66.660105158743093      -21.408878005415062       -3.638705577140591
      -68.045793494832068       17.204059848040931       44.634437371621139       34.170500356505656      137.889902590444052
       17.186793134101073       45.951951963977223       72.897627142177583      -44.710895618116538      -31.839989923718843
      -48.468772763760470       53.830805187503898      109.723551492095112      -79.857515726108360       64.495802122126207
      -37.119977406777238       -5.420912591909854      -76.494046152902200       38.990147789567985      -22.843308274213587
       95.553424633181507       27.663562882410197       61.035102697790236      -68.728508429926194      -70.645578570053999
      -85.692219876127453       -0.880167460521858      -24.016811749640748      -31.053041243642738       70.917255901009028
     -144.006077369323265       46.679778115528300       63.343743033073778       -0.390701608552059       15.261913896317951
      -86.022767541129966      -47.452783220078317      130.347904762061887      -15.438075643896855      -80.284740469760081
       -1.838563037305098       16.065033911531302      -15.675627653463925       -4.224473144240480       74.835099627120456
      -74.230099216090025       -0.044702790508179       37.773747003256148       25.341694656904043     -128.248858578498869
        4.968882388398103       37.910382946038851      -63.456927711731268      -73.596388055210682       59.638632549977260
     -111.424581379587096       -0.746985486974424       -0.352022836465742       23.818783263650609        0.550706326595781
       63.464055479920788      -16.515598013611260      141.019415242541868     -107.777837554768922        2.660916177474556
      -96.514192343169313       67.580522216917785     -171.530855888152615       58.251632992420035     -196.001958059313239
       25.386598888720556      -30.867578223066179      -49.037268427419484       12.440625943654178      153.071718288177749
      185.344231327745376      -12.289731551929489        9.627455527736601        1.357798959928429      -88.020534325298229
     -214.581539852718379       70.891320196069401       28.700256066074612       17.402101366992103       11.004122273581151
      106.069390687006958      -25.262608376667409     -220.417083327152170       50.804270858771652       76.214039032949998
       61.952176357863479        9.373551682144246       73.473799879866974      -16.175697792568627      -66.364053995051975
       98.769352693673170      -56.729210405975394       19.760640206854905       32.509664117761687      -39.174953489882533
        7.303705140348478      -41.464849562787577      -99.385955918404093       -2.839078051108585       64.026839863564177
       43.867775569206039       -8.909422204492019      165.386596502631136       -7.978296315364671        6.277372078831180
     -119.125224964177733       40.579212230715406       77.788611681810238      -23.474599561683828       50.605615531421073
      -57.884896508747488        7.913714025401970       95.827577306878354      -50.073780688332313       50.385920792417934
      148.328851313276743      -27.628364221953326      -62.460168330195224        9.165216169488602     -118.667076534884046
     -100.305063409413734        8.012683670323138     -136.495580945016030       75.775910948975763      -79.314858826491957
       13.566958013375348       35.077026977168941      199.162661487666043      -23.287636184902567     -105.102909032625803
     -130.288450363132682       48.412418387672908     -117.327297250505936      -72.535944241099244       50.376774758500673
       -2.571599199960696       52.394812824432101       56.445709641221626       -4.545446849652962       31.323413378893790
       26.133387779624762       -6.738008669107733       11.461674578053758       49.701520322020293       33.807943879824570
       35.376204016376533      -10.482862195610434       89.113016644959487       68.017405152500487      152.210829977096239
       -1.502917906290004       26.719442382828881     -188.100312546219811      -50.408159703061237      -82.290480945084880
      100.257194209889747      -33.763035870210636        9.747209289714913       55.734260547370518      -17.083467911771489
       34.921351780044517       -7.373549882390467       79.702931035238564       27.566536160098291      103.691699146888041
     -126.269550480393988       40.222437721429486      -46.093992602256321       65.248247650265043      -87.855060921380485
       60.992624686694711      -55.409293155994469       -1.213857940864582       52.295543246165813       56.915542866489631
      -34.849634682378010        9.070168026484337        8.875036251509181      -28.862204426308004       72.543944613034924
       55.110457549116404       -9.657514911840334        5.593696447764606       82.134210862962235      -92.704961549950667
       -4.458306099782626       27.989128602468451      -29.231505493278643      -12.289579521660894      -85.273062332099869
     -168.308916369078730       14.150586617901002      129.299220962296090        0.110408662529546       90.991605084794386
       -7.803635270983196      -14.647922187039258       30.266668204955611      -82.421442278829190       81.123795842547523
       66.814611346667945       -0.077956505807133        4.248751036816352       11.316394785426832       38.416753189967544
     -102.723513176774219       36.491007485674828      -79.894763166280242       45.857652593272562      180.804585873602974
      -29.746585409590690       39.157550212851781      -73.660102935924101       46.928217116827952      -15.559447339912182
      -19.408345475911219       71.403896470842056       19.597962547293950       33.831879283587632     -112.090352149998836
      -21.008741291415514       21.149359496240361        0.980552561947305      -55.458432395893830     -183.217617805162348
      175.040316032698371      -26.998116840111386     -147.110878505781415       58.697293134517757       84.692020497759543
       -2.151298613499586       10.933781911455071      -19.055832091316457       21.192177796552919     -122.978067279104465
       -6.620431286724035        6.872634036069342      -82.912808707264759      -20.791876617433893       51.094391758495512
       18.525228943839096      -67.449518111061906       66.175618024762798       -4.234813371460851      -41.523532738160213
      -64.092477619200409        2.757587166445256       45.369599469289689       19.967667849538039        4.861534805981515
       90.164261658311403       48.299707059125844      -37.764860445637879      -15.189755181537128      -20.754493681064556
      117.061160349803529      -31.234862562821526       38.901901656175625        9.075194313729259       31.344501756357932
      -40.661717104100106      -23.016995774783183     -131.493986876041475       48.722870782023918       84.448652798045785
       58.971806545457042       76.778713310270916      -71.133002168871258       29.261803126403819       -8.506001554879246
       26.359027434504885      -36.525950813457236      117.332810074106860       45.762476062410450      -73.038678927083808
     -161.347215543108035      -19.537685911512998      -31.967516196916453       12.969097754961926       74.615285136652986
      -14.545402936504303       41.074067985308481      -63.311972724950017      -41.473376540284171       30.049071000263528
       16.187266926546172       58.541251221794106      213.370856173435868       -2.869210086336474       37.036213618351155
       30.794822243158595      -73.515754990463748       69.758648248283407      -13.006572688653909      -64.076318394403813
       -0.437657447289613       -4.152105886868674      -10.520976192250059       18.512556694018429      -16.696972910509121
       89.819635656209726      -71.844238529683025       50.849917492847439      -20.639061129323000      -21.396199148604474
       19.470050069934832       35.027683495659261       62.658354993233395      -44.842975465428459       -8.366702175524500
        2.535947756601796       -3.113035552005108     -107.352225152996894       71.367272559594440      -27.056389184813799
        9.589706920006385       15.445366262955417      -76.840145260776367       40.347029684111192       81.732043383207468
      -35.981797863197272      -14.437518852808594      -28.120237931539275       17.405417954363006      -71.057664869703387
      -39.215491151584089       26.254738148702863      175.381079561473854      -11.146936115160267      -10.924344217495234
       20.582182853153675      -57.496521736186352     -164.010748484042608      -23.109368934379766      -51.826498858230671
     -181.076634959938502       43.278071889027274      179.816069936569818        4.168869549815814       70.212859622694282
       95.056451323577633       31.849803346775506     -140.406035184859775       66.661183476909713       10.252720018130674
      -67.337606992123952       15.421907174663648      -90.120206072766663       16.963196866914735     -160.661714616764897
      190.453525000875885      -73.156158285072976      -28.207823847020325       39.874529014101704      -88.393252831602041
     -102.841300777897331      -33.377904913736515       11.129871572866247      -50.552037452498091       91.146341322159572
       12.827649360174089       42.041587232002996       74.356207445839914      -43.165219725998156       44.793380110341971
      -56.767477694461647       10.955118981676524      -54.354579693648560        2.048922022401627      -39.814547526240482
      -34.075564878860064       33.675548222824027       -7.280198073793471      -27.711784088475547      -14.789457541324976
       -8.557946021410078       14.706309310094415      -15.167941042847843       32.365079231532654      -32.781624481952804
      -25.378376342387799       19.530770052196090      168.050916421161986      -52.333856579279761     -128.023768646617668
       71.496092024944360       31.263910680841267       24.530144671254657      -21.924740182137569      166.267676229486227
     -203.983547730876836       47.072092374372104       41.174952720855714       30.597805032002430     -186.351957992358734
      115.364110429567020      -24.699156870255134     -136.956186168164237      -15.811485057330968       52.380467896108513
      115.622041843978849      -25.224468758010495      -59.465281252393453      -18.825772108111270       20.477895550970519
      100.968812854210555        0.726692601718392      112.451712174979193      -20.880592573088297     -209.648380095778663
        7.501708096708992      -43.686303151798576     -264.671631494803819       58.563654614443344      -87.777587153329151
      112.599013198345673       11.084799968107678       80.970448677319936      -38.842821153249197       60.188336162605523
       -0.834542934906400       17.984644950830596       51.526925214784370       14.162433416366092      120.196258738919994
        2.493809290292512      -40.224135285014164       37.440470501535486       12.706237035771835        7.980707985676939
       12.466382401167344       -3.745619354022014     -128.828300279539349       44.643122592239187       82.413083313652450
      -41.993792503111600        8.133228971004032      -30.534912764592544       22.392064439370014     -197.101218503730962
       72.089848515861561       22.787376623524843      -84.248501154917918      -25.528091632515501      173.242190642493085
       21.128925248622977      -58.025802035941062       92.672759297865923       -1.027181414842262     -166.638883686725109
      -70.493653053331002       51.643960813669544      -67.077404707819852       -4.537060500210743      -29.560577202678708
       65.771411435825115      -60.286059110445883       35.340803135083760      -32.847901844476397       97.696349134383354
      133.146965236432635      -63.229318207864843      -91.777558597829554        0.286840747105530       36.029387622259449
       -0.647590099114074        1.992562730220492       36.909373137308144       36.057550190986191       16.572935236210650
        6.568129108023797       29.582723046822665      -43.078524969585096       -1.150277473560273       -5.005821958447568
      153.871610486500401      -48.159637723296278      143.529674843197398      -17.932953172707155     -130.034508773467707
      -72.032778700236463      -13.526745230523753       39.704490656738379      -34.259269815555186      -54.704308821568439
      103.781092294911929      -24.422854316011332        4.045805936972838       97.447288594136467       68.004894179305580
       -2.741697441904484       -3.280942559094687       80.021551366583296      -27.901878948050214     -173.319988109844360
       59.741857115608788      -24.308768129459288      163.292338984655430       -4.172747281661267       97.944200011301163
       86.414622068640909      -41.696975963832998      -65.176237662124393        9.158017305242172      -42.628945006420928
       92.560913857325076      -75.794350430829823      -45.324944695209595        0.470597555164931       15.337830844595739
      -50.274923129578788      -26.637040623152608     -143.795980968852774       85.872014479804420      -90.569451623121395
       64.737416623923451      -19.198249743881473       63.761194422306936      -23.367916142254803      134.833232642470335
       10.231083433186516       65.058475554413590       67.541889536446917      -32.993013811189670       28.966581813405615
     -297.432423445234804       90.037905254281910       53.403142855011033       -7.329303097776581       48.518281194286899
      -38.715500875706873      -57.573531747336609      106.820636678380964        3.773194929066534      178.941195223376582
      175.531598917173199      -10.389120212014520      -62.265519120080732      -60.750818657186024      -53.899037141549762
       14.551427793801501       -6.558579893537967       61.906542117964008      -66.220104249064093      -76.468988447134407
      -48.270362537795712        3.045915165064861       88.838524957152572      -48.232027470106217      150.091993743871427
      -69.985453699025001        8.346513089907790      -69.689027763271895       30.556655682121697      -42.636706953650652
     -176.788697440621831       -9.784915183474505       -8.413262846971985      -23.908023920476374      154.409918377587957
      144.711496925975581       -6.940153869997613       14.688604164325355       16.427688251484845        8.545749838540909
       62.460821730327986       14.180512020849362      -44.557846310502313       48.053498425568634      -11.185355466890297
      -35.002954388790080      -36.825800307738646      -11.777546171421507       14.622083187569965      -47.917468642129194
       -5.217803003302824       39.254936023731446      -49.529852584871968      -31.906085424856371     -135.022640257595583
     -119.549997866284201       81.755377012109633      -49.129832410103823      -40.276033381700024       50.310696899717819
       48.684839618314797       26.725929297798519       85.016399423119111       13.661813873993182       -8.457443490297091
        4.283764980164121       36.476067566010975      116.979594187141757      -13.655707262324476      105.193296807173851
        5.724878856616375       65.641485120870669       10.222871937934492       67.289380202342983      -39.761774598618054
      138.904845723335796       -8.763279331896522        7.986736287519399       15.308836733660511       30.739032555009164
      -90.367805992273190      -39.382259961166980       82.252779717858388       29.879585709920775       24.229266952998081
      -71.495824241618607      -54.267370975375975       89.164184549684421       14.538206498727851      -23.311549277829947
       70.997895292334235       83.336128671807288      -59.999895538803528       -0.725038462471695     -154.880996883881465
      -97.157180137431226        0.742141419321584       36.164727251917903      -45.073790861790634      -33.119123440725595
       68.005343258481204       82.884622849762877       50.574067240892042       73.727702663313082       74.050358603144190
      -32.569224446137603      -34.982249208525623      -68.074643826979639      -25.208534807135987       87.347368719657794
       -0.141704425338543      -57.119605948772531       20.744216166242861       49.938359045719636      -34.819164581912482
       21.059916218712644      -34.808885634600365       43.007931903152340       47.260041692608496       98.761351613981375
      119.084323637424760       19.778024109347246     -109.828307226302400        0.259904404510710      -12.694035201537913
      -57.790666052228282      -45.287216964584424      -62.760564991425746       53.986741924834234       19.578073235930948
      -18.079874150515415       57.037716016083024      -68.248785162154206       58.810626599449982      -55.451007919817663
       54.899274425327093       15.147122070486303      -55.242007459400106       41.738803343821068      145.081612553788034
     -165.158238951112310       -1.852799856585184     -105.874230431297221       43.456181656865475      -90.781527939540965
        6.262183020586427      -47.943682387113448       98.380408108866646      -37.711399150151500      -95.837599921733016
       19.096424985819176       13.495284378945300      -10.130384141520231       44.780020510912891       46.616151949686284
       68.315013501418449      -26.406326662628334       43.845759844179355       -3.965725449507001       76.073756462431149
       49.587715628720474      -14.951830873772129       -2.199787038755713       -8.847275736703066      -23.090981643289776
      -56.015581827087729      -34.348756703275320      -16.104891959291486       12.927406910908772      -20.910515629961647
      112.210718963525338      -58.248449111666048       72.129582654092673      -12.543907812004759      -18.618290765008698
     -103.213559563816872      111.707109020483529     -120.584986635373269        5.639591061996355       23.633682374364035
      -56.461166295558932       -8.671418764834778       20.944262165706640      -72.555166669851147       -0.389809180305715
       28.054220702366674       16.400673379300713       35.199932037117485       21.484794899715016       28.350151073585295
        8.598917978737667       -8.975515046059607     -117.456100034765868       46.551196716818012       83.158153588438154
      -88.116795279136042       29.576943594349945      116.870691896826230      -12.592572327824991      -11.775276430895365
      -86.354437496405339       21.908797739247667     -113.944675386252641       17.739331430014580       69.489842516623611
       -6.892785012674643      -42.385617644902652       32.944444655771555      -60.071710095000100      132.480345799781560
      177.894629319112823       19.783600217854524       12.760516060168083      -64.512203960546117     -158.955124060573723
      -86.848737222882164       25.433197214535376      -79.506353965139724      -13.511312862751890     -148.261094213607294
       51.473088106386648        3.018599693972958     -125.840119674455593       97.560202913045103       54.408730338824355
       60.407702504978786      -17.756921101155370       17.688555963397683       -9.129641597588300       -6.525344927458736
      -18.373672699338652       -8.336998245396266      107.990043682857959       -3.900871964811119       14.237002113877297
       57.521399377045952      -65.068257807425027      -63.273189336491008      -82.936609822341822       81.742433581734403
       -0.139754291497689      -30.854827612774098     -143.342823404064120       70.624573588425434      -41.747838983647753
       -6.563696908843252       16.920578143193424      -64.014002651491253        3.326585250591985       37.192279165013019
     -157.581042211556081       61.525566936740475      168.107403691842876      -56.285460518337437      -22.881706791178257
        8.885170615162053       24.141392381332665       23.166375253917820       -1.143455238428899       39.452681997375855
      -66.698640695957479       31.263967190011137      -34.200470728949512       58.993678484609092      -68.430114612062781
      -32.370519648353010      -47.182385290117303      -78.458859318763487      -26.059484090086830      245.779823022505582
       72.163607876612190      -33.980644378804072      176.406186452641464      -68.779710187688465     -189.830038109686200
      -70.453413446302079       19.764663731210295       12.779815683966381       -5.975862694333443      -18.339928266120296
       97.435578712041163      -26.282869198814755     -158.953757023656038       36.946104382536355      -17.512843727936385
       21.733526157628454        3.620522677615440       -4.715611168737790        5.589943980160773      149.541994840245053
       32.472180636951862      -18.671913240215559      139.507335397331360       69.781887439548157      -40.353251045629541
      -52.243034556245469       23.372362950418122       26.959914776667802       -4.699754658914211      -46.401684926789400
     -169.468098772977328       31.069789437371067        6.011178094419114        6.292487103786067       70.849826896492431
       75.619358145156795        3.886295835340912       15.639347023759846      -71.662177917731697      -39.652131825431681
      -81.467890272386654       36.865119660157355      -93.695181527477189       72.582786840056414      111.069409017314584
       41.649088388929741       67.503495354710324       67.701314786813597      -11.652213132913959        6.148320246960782
      -68.531515847924737       29.943694697354001     -204.896534256356375       77.880193974074018     -127.195987379912353
      145.148198393040531       -5.494336798020308      101.170954064285723      -19.037814515467858      -65.591907521482611
      -20.933119261429646        7.359076904215018      -42.647204632099665       -8.468842935920510       31.847620121438933
      -76.533396173498247      -41.320479837747421        8.636758412659706       49.127862535207228       97.332347578857764
       -3.136618321668515       33.309314652517557       26.814298223291960      -37.635605374643397      -83.062572973174682
       70.071278969451939      -34.609497545092722      107.902528868931441      -62.122031064909457       20.133552633770829
       59.413846106040786       58.441224278014438       -7.436247279181079       -5.831621608876155     -137.647898768803429
      -51.220517107142335       51.995715961641039     -195.862432510341250       23.911446890611767       37.084212485218842
     -115.565769492986703       47.861207692404491      -94.733917429202407       26.458292318756790      -14.210061977459613
       -1.155584366053017      -14.335422705436740       93.592898360414324     -116.527635649914373       51.319904805018716
       41.984314467447106       25.005007400664269       82.537465279499017      -42.259817106888619        1.490154513718243
       51.344864709789924      -21.113198430988959      -11.293112228948576       50.415873533523069       12.519921670944784
      -61.897024072873975        3.952357010179101      181.242094615628531      -50.686083096335999       65.512523842802906
      -86.925169495241192      -40.785254913509334      107.403125319223449        6.298809099074502     -130.806492403212332
       -4.357380669616549       68.045179345173139      -81.391423069677316       74.963874053593187      -58.329303570633428
       80.681028763589623        0.218925269933234      -12.953059844007333      -54.680826038948034      114.613653533022401
      150.147696808820172     -116.527379825595844       50.205898028287152      -18.258591979673806       82.237504339705936
     -173.102528013294602       27.164099902901942     -166.244011295324668      -20.330847907927893       96.847147155627127
      -19.930032462346745      -48.797348603675140      -72.247905173393121      112.139510456815515      -46.424214237887782
        5.778113729380254      -21.628784094865935       17.499780504016272       -8.477794228343347       46.927641106631434
     -131.132467383866441       -7.361627671419527      112.174176359403106        8.348109064704737     -114.659149990969652
       42.627380559498917       -9.649670848748082      -98.053607400304173       33.736538264056044      -54.342523615700244
      104.485180100408499      -16.266334302534503       28.807981909231351      -22.809031039342866       74.096161888370915
      -41.211006638788973        5.773540411313229      -51.313011275885799       77.220093767940668      -59.952287304409545
       19.153106130455033      -65.029347644478648      -43.491349999911151      -57.001311303240627        1.342739019416282
        9.785659072038872       63.817347760880985     -293.691715936532432       51.464938184666565      -18.488469467951603
       -8.792895275707085       15.333796391495273       98.616171637280218      -10.097700284831072       56.521251041741579
      -30.041348817595757      -67.833071859024457       -9.542331778299344       12.309956618508203        5.152216469342478
       66.543343927430470     -101.017772386898301       57.401699137467581       14.383111258505298       34.933322174791712
     -116.212333895439144       55.497443033547874       55.245860245082739       37.730502608506598      -36.232855686555737
      155.840132243978587       -5.105761805271915       31.143049494383035      -23.062172355467201      -53.139150827427251
     -111.509534499972176      -10.469831156377831        2.878583524690354      -41.296189690333172      -41.335495792976815
       86.403382774897153       30.642588557468969      -26.077174292713892       27.007513327240890      -52.490545633689287
      -79.208628439631411       31.064607492240700      -44.813840920092204      -92.446460320073243       15.272784903854127
       46.081778742900113      -19.274177716020144       -3.946171766348953       10.429438092765587      -82.178796250095431
     -150.167538287296964       19.677786064066247       58.567250510268039       45.662062322458382     -115.981376718789861
      114.462456964893917      -95.482039083944002       79.531360083703660      -19.731685844488794      -57.158277296594733
      -41.824924948663295       41.502850226010501       26.374266738155999      -38.737593262605060      135.220694270345717
        5.495571180781465       39.599895661633191       -6.778774247396862       73.811562093143664       53.281421577964096
      -33.595762079593278       26.501897765040791     -103.249290570994830       28.811558026750824      117.980574340042523
      -69.557478530424945       64.052488089312845      -96.339447000843904      -16.560447498836517       48.238048821580961
       18.748251625526741      -22.523975078390208      -33.531910691863374        9.319027320172149      -13.085427887679714
     -103.106091843647178       -5.032805046648349       46.227626209016577       17.706563714038094      -97.797951059811311
      228.151453324861933      -27.564247514397135      -52.288879365758447       69.271826879270847       16.632738090082807
       57.363901081706359       27.061676650622456       47.121975710766613      -27.936601491966055       97.245532473400999
     -110.136531780860381      -61.525984435309560        9.875547008921457      -32.386135674497069       34.153988889614219
      -13.540736738454612      -19.048359349472570      -62.759832573059221       38.640853948718558       62.672169086067385
      -10.283970788533116       29.144259884628607      -16.810461349056165       -5.821193126021516       68.165319774172374
        2.040915437406139       47.756479717048379       37.841337876657768       10.266848103260697       -2.583246568506042
      -97.036185462030303       15.631357781390415       39.905535742131541       53.932388127428773       -5.369980345396145
       51.179850157747993      -10.903005811083279     -200.288310666930016       73.982817780100874      -51.554338894324175
       14.719406591332628      -33.475667978827502       77.063726346552713       60.802933719614956       64.181515871652081
       76.228335012990698      -26.330381986989057        1.500615582525416       11.793740168265629      -50.598464000783977
       67.122003799544473       29.754819821668523      109.883805882921138      -44.910039335361176       31.546386816746356
     -247.824944832003865        5.910862610802760      -70.293162940008912       23.901561926847812      -16.361662254848511
        3.170162416840998       -5.899592496325277      -16.836961498269403       -6.691368744289738      100.093417989536917
      186.518850537774910      -20.347633635955422       -2.429336677375645       -0.211229343912836       -5.487030589755819
       65.407495478201369      -35.327021378720119       -2.932988187512263       -7.037552408660757       -1.674559669739738
     -161.480124794505002      100.534182573360368      -21.652851862827440      -22.970440596524526       65.350834286831642
       29.025068920274869       25.289996929138130       71.364388089839622       49.406764774663820      -11.397866404571381
      -40.986964682176485      -27.554663325861380       65.362757116140330      -43.164302765139361       22.437548607405052
       48.376851778508431        1.573745945159889      -73.487962199770621       37.989446468828667      -73.921210221785600
      -24.125721947519743      -31.736076344266817      141.331082264276887       21.386403037851888      -55.316275973922188
       56.218079072941173       84.205013107195754     -143.606884690054045       48.199441168927265      -54.154204938293198
      -12.283810924215006        3.596609832448902      134.720329656853693      -54.461121827951075       -7.422247696891970
        2.600525131582317      -57.506640560410297       49.737643037184419       78.201583893232467       -2.968670603615523
       27.074950853754221      -12.980763395770545       -8.166220226670907       27.790493808993933       -4.713797624196136
       27.392281214703146       27.382607330568899      -32.705222285797142       30.149774919845960      201.315331823231588
      -68.841131822410688       33.052503084261666       94.300928563810672      -27.567845093005975        7.276174023252849
      -67.109976116736178      -15.973709609736231       41.033210724956945       46.423353973240715      -11.851316864408240
      114.553075114153913       -2.697895878655989      -99.918645431040858       43.987227557271481       43.880692607181338
      -18.413884257485353      -16.722942240711053       -0.611593895858777       -3.232306700027540      -77.509199381686585
      -10.693067450011471       -2.966396567228701       20.305439085499394      -42.292588340222416      -15.502019631905677
       79.783256823742278      -16.682204199380720       30.283677308534656       22.529502750228890       36.916189961371046
      -36.765659906429740       28.896939776625896       80.909393178342825       12.429227411933235      -43.161727489209724
     -148.542835051099416       -9.918959142433478       -3.426086369646793       28.403960678457580      -53.385215340380988
       61.761000197475980      -64.020000346632543      -22.891309475779281      -60.609446401527286       62.427552983874044
       59.613453211415091      -37.402648301182495      -73.121150176344187      -57.375758213404701        0.448462590101435
       29.024137382576285       42.331879987785364      -75.422478613967044       46.283263922728175      -29.455788921304936
     -203.424471923682148      -82.748851794628678       78.118752207788532      -34.876457466393539      101.574121384146380
      -62.581206971291323       30.698667025710431       95.416509708739056      -40.097596309737135       -4.729916642070462
      163.904327879223615      -42.716903569051695     -153.177023144958326       25.540086529605432       38.511592875433799
      161.509075519511754      -74.967548352992679       27.253457078704063       -8.714174680377647      -46.440973076661741
       14.976526943671967      -52.273033738861507     -101.207890975598090       51.688178334919492       64.605314548533215
       48.092299360181435      -70.538875498239406      -41.331208930338761       36.733214745381019      -54.570116811687889
        9.973842890575968       40.076418171013366       70.681375997682437        4.983334186041526       22.795902717351062
      -98.114412037874871      -68.499991331970392      -14.324649733449126      -29.141989644793650      -86.691905928840654
       36.609952671062800      -41.795174331035426       26.768723865450365      -46.358428351446136      150.320013237530873
     -133.507287768726769       51.729159369508203      -74.576865996148015       42.311023702797428      -72.170785365123308
       68.772109783957973      -34.703181271772600      101.635296792544537       31.137028911338618      -70.187417396471446
      -12.291504285738762       67.054150026415257      -43.092534213124431        3.590922527339731       87.026157724539473
        6.655247984773559       21.282454671936964      120.498314674202291       -8.595530466492528     -107.439703119642004
     -146.461731212389452       75.140344690645634     -104.227148146713787      -33.878102422705972      -16.525005275889480
       21.637886118109012       28.956709219879244       41.518720795308894      -15.777355932517288      -29.778509867389367
       -7.134033812185254       28.189495768361404      -81.823532136658784       28.643958887182677       21.902314164393253
      135.251083291902916      -91.248400527220369     -132.657219753717442       -8.202490766782324       54.150574185446857
       43.184346404182968      -33.811593500164911      -55.664608448001125        2.081305202937169     -110.867519456216897
      133.228868860939457      -23.741226992572560      123.413332513664940      -55.154153092972976       14.505211393495703
       47.404353480294922        2.656034406262027       74.531873094517678      -48.688171207925990        8.453236736449023
       26.851145363481852      -14.340252536804265      -64.365945894446185       13.460482589175040        1.925606977416440
       17.526147394121029       31.426511315933507       84.608632813722906        9.162015299600718       32.781209144983883
     -112.772777786051620       10.784378337661217     -125.856249157620098       78.306762539633539      -72.360876364792588
       51.025995842879588      -68.171676494767141      -80.231881402229220       50.753922754189240     -111.784552358266438
       -3.651031817503818       44.861510743107189      151.309767393612674       56.300184433009328       22.943588865533819
     -105.807843703525876       36.887791936301610     -112.131245269156409      -10.291318090103175       81.265706709867942
       74.714041851035461     -120.924002046510907      -14.014685503264385       58.915474091784766      -71.324103159487422
       28.422532460734537        5.736273280982055      -49.125396004339898      -13.052171292680752       11.361648024100239
       -1.425450496819641       27.765762103450349      -27.198309932830895       27.931360165254745       27.468829491363419
       29.907534732097663       -6.763391453797310       29.500952314692846      -88.076396054414673      -19.658554461772653
      -54.240758525558981       68.856378743365184       99.512606264386932      -46.994139550372658      -43.423647273556568
       82.863521724947688      -38.752508491711630       82.328795314124349      -58.007226519242849      107.277009285503070
     -134.523162398246058       41.042385945210214       76.408513732534786       23.192288173566730       60.095954736154404
     -199.117676772276212      -20.359487273023905     -107.144204627547879      -25.795495294772262       -4.800102042624757
       49.685978948445062        3.368141118311186       23.704942165227006       34.564172987099830       18.548377435035771
      136.705998341636473      -68.688505437676355       90.391542185521629       15.794560238900267       42.639107038107390
      131.292838619689064      -20.304606784118334      -15.832212078371358      -33.244481411233039       69.094655470778022
       25.701753032514201       80.125078417576773      -34.783782363533142       76.895125092507001      133.289526911618935
      -36.135867715643819      -91.468158282952075      -71.739284648281711       25.953189290345300      -29.737821478681752
       67.104936185331027        7.549570126513671      -71.751402515691183       29.063680278907899       29.662400360222779
       -3.779492877980931       14.690085692399554      109.490126213328082      -55.134414015676647       57.658788027016143
     -133.616680944049364       -4.342849484520753       18.841441311966996       -3.516539992414005      -13.963395495728554
     -160.309630859203764       68.329377581738186     -172.396182443601788        5.800662669101321       90.538752358751594
       89.256292033506668       30.817013853393085      -54.193980006512433        7.662727948634329      -78.736802061090401
      -42.939974659115514       31.730286780976133       16.838160367240750      -10.633815008554190       37.733074436633871
      100.139397677784302      -86.287675533603306      -11.570363459127124      -70.677269140986226       31.628157934023044
       22.996392978854633      101.056508904831887      108.867759553760763       24.692171938193464      -17.359848567987441
     -173.409276522996748       11.249875752732526      -26.251724228638285      -73.278572280197508      -42.969289527178923
      217.619981459576337       17.533500195987877      -19.269230349415235       22.346284708009915     -115.968693606384178
      -96.355217945804071      -30.899812482424604     -105.764552935186671       60.442584554640881       26.876297613732987
      -20.538806952089306      -59.299928025405983      -16.061943714185787      -20.552486303516343       57.323216747906834
     -127.377738884309551       35.610516003457619       94.331605235040200      -70.309274917311583       -7.963571971995497
       34.749146376828264      -23.040910308689082      -42.860504928527469       66.978341751413026      -36.501833261045192
      -30.776026121983502      -18.406640935174220        5.952682554600200       28.416605074233395       21.504847924585576
       12.391721544867172       43.956095728672949       55.999833435076461      -77.141835623251168       -8.217180511495409
      -39.811236698509404       14.903242979540948     -153.738958615200829       13.851544496991373      -78.620200924467397
       64.820434398917655      -30.017967473486099       57.328170051071623       45.199603468081300       37.747925509424917
     -112.885292930223855       20.762782189448590      -92.288192914393491      -14.936653524285305      -37.233095306561786
        6.126709405862141      -16.292470463712132      -72.115320367157778       52.641580723804566     -123.220338080681330
     -142.626990984787994       57.081824476717408       51.003466436161020       -5.915558154084713       41.631833828364982
      -39.247623040745630       12.363439886724473       28.215974782213980       11.393401969390844       -1.876247679915069
      -36.689395192124827       39.558749770215641       48.411050748741161      -16.830296740649445     -147.281234472679643
      248.676866575205935      -23.884304618061616       51.578293749301906      -17.406917350055526      -24.852509772452855
       72.356005749990132      -18.002419794534482     -101.962915926682925       31.115241468142095      -62.111825515425778
       45.330385893850512       -4.508363570811723      -48.001364392949192        2.108586737645103      -69.684428938284981
      101.629338447119196      -58.449218479801850     -181.173849237375549        7.509306149084559       28.198734203969089
        2.186882798943478      -23.445598688821011       50.545194237268802     -101.398041568134246       96.411829077403681
       65.107402252953761        3.317280769456735       28.330930880656265      -14.094047994563264      -12.875319487765150
      -63.298459826522325       -7.072248183278737      -13.442216831591722       73.128529175551222      127.974880626869293
     -112.751355201263763        7.020299166359288     -110.397458606819740        2.897022481111470      -39.117678611237224
       64.281256039860949       37.761091963692508       69.080754028505623       27.869890765766495       24.702022837162442
      -13.113714900190860        6.716901550874757       64.345642440011773      -96.910965219280797      141.174075971534393
      -80.741631004575851      -30.522527330395086      -71.133706113943774       11.459064199129145      -60.998965467148736
      -35.535395122097711       11.634922282738055       78.016566192001775        2.016993495460500      -55.012593761388374
       22.784612125922571      -16.148299068368747      -57.583889467927122       45.930819283277849      -11.639264641530430
      -99.790181961440027       -0.686343383591891      -90.238891402957066       37.851713849157363     -117.585161096154209
      176.006804802434260      -71.011015259638000      -48.484813803152520      -12.619060333532627      152.215651867173705
     -130.818986031825034        9.548357371324068        6.081345732448793      -39.739191090648362     -115.452780234486170
     -117.862060758803764       54.243511903380430      -17.532728068168151       -8.982874952066508       91.855292362232618
       37.409240869671713      -22.209987820735929     -115.205536323397610        0.307047135191676      -49.199855314775576
       68.690265484806119      -23.453446488151034      154.691269090546314      -17.833712331189830     -152.379579151500167
     -242.450774500923558        9.718640955060291      -16.093591979167833      -39.756871184122595       21.778162966810761
      -76.553561001143763       47.604049478190667       92.590704416169729      -29.492298470020174        0.673174250839339
      -37.390424284354310       13.557438599937646       54.497294006501384      -77.505671694822979      142.502635014281083
       60.682452639300337       47.233938709797826       82.283004909476290      -17.640203442761113      -68.652375629228786
       -9.191740720640299     -115.495274870820822       97.495093346318214      -14.348961172040607       -6.791460390133597
       73.008054802022045        2.911351497019304     -116.124821553775789      -56.796950391145515       36.956309610243189
      -60.909689682950713      -15.394631513871662       84.258768439275656        9.377872804004678      -50.350575210912744
      -44.339455493243257       49.892441148287375      -82.412940141866500      -17.341240604977948      -12.029337956488732
      -27.107007666557166        7.121670182916970      -95.334720566625421       53.683728141363233       52.738678873418515
       87.402515225350214       23.479982791080609      -71.482674723664303      -27.369418920895949      -74.749178202797708
      -49.316453569372008       16.470613455522795      -17.474571312762500       38.980934742606507      -26.403984058502576
      -20.701808087007141       -5.637790506453725       85.554222848562503      -48.805821265832094       10.925751960461303
      -69.612073607502566       21.384183915328023      -77.995145432360843        1.007379284528254      -47.190100950567981
      -62.091702810505787      -74.555489463647319      198.155420541986928      -39.799092636070078     -148.850817466495840
      -20.807501533636621       21.348632436201520      -75.350006588173997       23.488437791527218      126.438657240565092
      146.232622982769811       -2.721171909017565        4.958644089880642      -17.478308020706947      -19.154839958156725
      -17.343183188771746      -13.788713999957874      107.188882869297075      -34.882366871196048       58.867784627682575
     -133.014718908256157       30.032921872377340       25.950907135906636      -32.095493981449152       12.854491502969260
      -19.283502443337063      -46.578016631730101      -23.061301054359806      -15.004133920203278      -59.832148860263445
       26.064077702709447      -34.556062008709077     -128.278798064676238      -12.610791278212863       23.369834219292830
       40.016502148190270      -15.481297451943117        5.254593560142124       33.484167753111024      121.076565749631925
       53.778774398305075        8.704517107708210      -50.078993353467553      -34.787993494873227       12.207081162326199
      -19.028492938376758       31.025028422473138      108.151370832752207       -5.033854579262560      -65.958990543928834
       60.590178172089949      -55.513763671818943       44.442885662632747      -69.799832664193715      119.287278574342949
      -75.051261892260541       53.636007553345181       -0.755243030108283       25.997253351438939       -7.404040074785718
       33.165293291374248      -22.875910421757570      -20.926713081841655       15.829667145419931      -99.602248530598061
      -38.403185523918246        8.123649923728003     -123.250866096693542       56.689007712568312       76.599694354264287
      100.400525985623332      -40.360799079093788       76.764033856239848      -14.016049721386155      -36.742232798344190
      -96.855577500794155       28.124661508861532       38.921938904775629       30.758133452408703      -28.682112012983662
      -70.967137998946455        4.306430422246984      -39.492959496708202      -19.575019341207039       17.565391586498325
      125.247076417884330      -86.195733849001016      105.809934043073511       -5.799100057139116      124.799126792827280
      102.174484234030132      -32.272414607765903      128.627981811198055       -7.614647766981766      -63.061407268116092
      -16.352620112861619       24.174716605534670      -85.082315911502533       31.885174555614935      -43.104996003598615
      -59.192149237058921       21.673658782448072      143.600400827650788       59.276663446995322       21.600685326474075
      -60.365277908123495       -2.444069648030960       -2.343722939896706      -25.988560638805197       26.653539559951049
      -10.087746276660781        8.301832946647727        5.349971747073202      -11.325297874582555       77.650469576563722
      -83.506281111056097      -30.970810838699641      -22.118971394629678        8.616598625143878      -32.171446989347828
      -69.366625780443911       39.686150915875011       12.478123000689505      -11.538591825619038       33.298468931208753
      -32.563804748170583       84.460442922256149      -34.991955631972317       64.490574072790281      -58.988462177057684
      123.978749272662867      -31.988964896151547      -87.676570943546238       23.004313014965941      155.030439035653842
      -39.633912442129265        3.675366171385369       23.569347194481377       50.604303776145223      -53.990464448480246
      110.159629707816507      -26.740560489134978      104.294720115801169      -40.097105036324685      -71.271315208439532
      -72.600837345803896       32.458100885259753     -154.126297617886422       71.653868911190912      -15.493563904112380
     -117.288139210002043       38.834647393011622       97.288427143847997      -69.094797431156792       52.234307763849813
     -113.548333740800075       31.206384449666011       67.597427076909355      -56.316400446872350      174.751068390982340
       33.461894017427973       -9.160908712844700       91.921809750396434       48.296190199062842        7.683603400646300
      -26.437657693643580      -15.660263252511674      -35.370230737402885      -39.922206345048245      -10.692296092818484
      -38.178961428006524      -22.345938756030684     -127.468667211240771       51.491951508409691       78.641082795954119
      105.000074137218675      -19.650014582663232       48.172648603507497      -39.524571373452488      129.174211879073454
     -122.217390036100440       27.064059463536786       45.642577441647390       28.548665056391680     -122.425689079468043
       65.411145448650529       -6.529463293420435       29.739346556698827       -0.722890749911445     -124.932142772515036
     -134.674363775911303       84.539598846783164     -137.036237063568876      -24.989563261167003       10.066887620396363
      -11.573959628077555      -18.859577827568916     -154.866735866736491       97.463292244253779      -25.446438595756572
      134.388345459243595       10.277591082045985       50.664791227172195       58.805476198195976       24.748058952538869
     -235.077059248845330       47.316403373019263       24.585019215355015       14.131985374259225     -113.528495387643034
      -42.283219883251050       40.849584852402124       54.271356553923404       -0.035806281775376       60.909892842231542
      249.628557869078008      -62.224177500406704     -179.142381124249596       71.931913527355150      -51.484814321934685
      -30.859270814672598       17.169618832033372       37.217172229737479      -12.897820925528640      193.446361034262651
      -29.404480589190317      -21.171557362102053      -61.948792628388439       53.114369035500189      -90.426680087145499
      -40.608758905972756      -16.171594671102383       75.828759039788750        0.717691517374942      164.656225789593833
      -18.154097559664756       64.449314339516036     -274.056299156355919       48.806347422274570       82.633145532828976
     -178.085999549490282      -25.405654594662273      -32.378699943660628       13.639906707374136      -39.320888760770671
      121.428947398450717      -28.508072682152935       72.521071469592357       -5.511171742718078     -114.549832945921437
     -193.343715656017281       60.829198012563282     -205.642937512339614      -10.151315697470748      -44.697576778508285
      -46.120803785346943       56.838088542392541      -32.215766069110416       29.201831918272276       53.621556848020226
        6.787002287497770      -35.433781464553142      -56.538042756192866        4.653933056371991      -67.990181704676843
        1.059595219391153        5.350731721810538       48.366299436292508      -46.239395278324409      -95.286192753573886
       44.056120946647603      -30.821552806622261       31.402534081106310       -3.490327148667583      142.603364532116331
      -19.466493103515869       14.130388395390924       -7.783134911071493      -41.746168135207469       62.951678186674108
       62.119597377367079      -48.884765112180958      -51.634845351972032       32.498871652067500       -9.292435170686502
      -83.923564328190949        0.707746944960348       32.970996620669091       54.226101857945274     -107.151063097635756
       10.006256664679835      -26.802366078438236      -71.282064398161296      -31.705902229466528      134.106605618759261
       78.795455425310550       21.669710609707703      120.605398177535434      -87.778797920899905     -115.048905119964658
      -20.441361878370337      -76.486147530970044       31.912951375651712        9.814345790133324      -16.684805833499077
     -155.666756679175506       58.159074630347533     -144.540397023809959        9.938263798323451       26.342741155043143
       12.702510165177317       47.230795599590707       10.125793378833526       -3.035738483310810      -50.603718636409390
      117.389292490423799        2.493502681523352       41.390223259984019       61.184091383493268       58.649397790368361
      -13.697640693295977       33.086240051291547      -82.400023032265125        3.329940886124777      -30.341658170239874
       19.414494883582073       -6.270976527990083      -74.162968642297102       44.919422941178503     -245.572503640680566
      -90.965800590555574      -26.830100102450292      -34.815290665842163       15.111020258368175       37.586213842504236
      -79.726382497252615       61.502684306188286      -22.088167614318557      -31.746825560852269       81.767429643375849
      162.403375602946738      -62.759723399778025      -72.197532197761419      -32.150903194462579      109.925687870543072
      -47.146220652907004      -27.526583590082300       -0.247769006875025      -62.719100823858533      -33.349355591871472
      -61.815284111467520        6.732050764589832      -86.483661344819026       78.234132753919539      -77.513962638100892
       11.357346668386157       12.329458544347418      -20.062274689634677       -5.486411298924288      -43.989525742559564
       85.861219979448720      -18.899921648986773       -5.367596466822736       28.508305346250896       95.804857694316723
     -196.224921608775958      139.393170940345385        9.386986951402189      -15.297509213595010      105.200254008556385
      -41.780328482302259      -30.846360119316003      -41.988321133315715       -7.509058320985704      -45.253393271826340
      -97.633439314717535       61.127228976021804       26.837815599481065      -81.550689559124592       27.147682830849220
       15.261322754886386       58.307761698488598       83.577970613062689       29.149386525494407      -15.254913837953572
       -6.641573708278758      -46.010311765971402      121.908652045608207      -33.874070700594324      -59.921311543337737
      174.651357044756452       11.264272177287374      -44.875905589993572      -19.746459049943827       43.421089411207291
       31.563000322439930        0.844265598814401      155.095743625549630      -91.104065183659856       90.803306103801788
     -179.858528933363374       43.207831576088658      102.784435352092686       -5.380946280927309      -88.451535480713702
      237.725119449578727       13.759858725300953       35.654110329195738        2.914032758105642      103.741681493507627
      -69.119672189664641       14.318312497495866      -15.681254213008906      -17.187993701719723      -92.203278620222648
      -16.096011189190474      -24.615545419647887        4.738228367958137      -44.070642680577947       54.533222695652405
       54.029792218983062       -0.914626513152657     -210.029418454702608       23.405243593476442       38.759152188769228
       33.088659015273841      -17.888232081653619      -12.407528878814471       43.369782120465366       32.517082145987885
      -73.570713191305146      -15.343794639824695       11.263571574675471        3.665984356333168       10.998866920622632
      -29.539822026466133       -7.877203616972837      153.340072610589203       36.227318237528756     -138.979631819358502
       38.656122104863805       -3.820907735973932       23.301760411283361       28.433041311530552      120.885699112925451
      151.710743992739481      -66.765394975365993        2.696848503300394      -71.670129184401119      -90.249776987989947
        3.686979709561509        1.204492578978901      -27.224727776864167      -24.632061076891095      -95.774402088932348
     -115.072359964500805      -12.510773647330167      -83.777167981661222       52.972222677653207       57.250843867748110
       -2.167580112956588       51.638992145729340      -69.830144453590833        8.026556586114911      -15.961491197815624
      134.268235993739893       40.811162738400739     -134.210579074904871        3.097519827777058      242.602505821549812
      -17.987624673969943      -26.292234103605061       90.966794136508952       23.403556707848789        1.519690728115660
      -63.288105872473004       42.375229826889523       -3.325930058597153      -30.931551862547693     -122.273459469519068
     -136.198590282915291       29.467166091950283      -83.700184638151143      -16.329404807949910       31.428955365252634
      135.237731660284936      -27.668933797462479      151.704444424906995      -62.325757168558468      181.337898059886300
     -192.453415899133944       -7.499085223741548      -42.920427252211283       39.458556194974605      -71.595947291165970
      139.783896336704117       23.725175189039195      -46.988671520517144      -30.841867388822902       24.431757533336821
      -37.862344997234715       -5.378790700013734     -129.542161981106943       37.908531895806163       38.258757428104950
     -111.827813770662075        6.853082025058707      -49.506919988415881       81.591167208333616      -12.454983456459763
      -74.858068257300786      -36.392591527619857        4.213741875680469      -78.228883746262198       21.928732005697842
      119.366936557268971       13.616267948220569      -16.236835795759657        5.014160407753192      -28.363384291739358
      -72.461073329308633       19.923810678853968      -56.388720314106315      -23.379727349007275     -104.511650192677862
       18.845619390807435       71.334224403336961      107.762337466313866       86.882655176125922       32.927989023248379
       29.754005803513998      -14.254554632000636      -41.041318512570101      -11.804652509610088       -5.242680403268972
     -103.236035309440382      -39.462596047858945      -68.430850407917077       -0.826776197490286       23.213626513034097
        2.674543124017717       76.876388076448620     -117.402839191226036       26.336306174424678       11.772601608132172
       78.981581804027712      -42.600609120796477       89.715624483815887        4.061647942897251     -160.720699238122876
       -7.183354099335145      -34.490763801919904      -11.032511823256460      -45.780824661543193       30.284439656852339
     -107.788284846165595       -3.055961460614564       90.344625702199536       -6.057457062211806      -10.031774946764656
      -93.073567917311536      100.007308476423745      -61.225598702803723      -16.245124819800054      -57.091846748165153
      -25.533570379880143       -8.606284763966626      -75.262291989120627       48.652716705630247       -6.822040685832095
       42.702151581643832       23.668514667567852        8.293094088398030      -18.537389690976084      -48.161553116774044
      -57.468301973004074      -26.887566069233458       49.978870914296202      -78.626570452559875      173.162098665875874
      -30.345430361729580       -6.613856920795497      -30.962106637413711       26.850710334035462     -118.777365739188795
      -67.813359534353495       18.313395351147800       21.234707006513176      -20.338225385568116       68.668059270389719
       42.477546757081363      -73.916112504430146       29.229342780238600       72.163603295143972       47.117442146388953
      -90.727163022468446      -24.245284710767464      -14.823425208376390       44.362730028847231      -15.857095443799105
       -7.015104505695790       30.259522710445509       48.897274510656516      -25.051996731213542      -72.476133378507356
       49.579991171602117       20.163358812708825     -142.703245056675314       46.465329193432545      155.256316329090822
      -74.273303364462365       -3.221395537031798        0.979432211499062      -20.452282676134129       46.511418637210134
       68.043774823201915       16.098594895129473       -7.418798323097977       -0.485082932866781      135.294950768670759
       17.697434092288297      -81.717152447868230      109.842226606927312      -34.366927073566949      -15.701605717676864
      -38.472448344499590      -29.938788192611518       12.843048941321760       59.706363955103804      161.228334870880644
      -32.913376149310167      -26.358376865730293     -101.979682489083729       28.302850281685050      -65.153936065672255
      -71.373226055520902      -30.552535348346858      -60.967725765716054      -11.549508436089011     -122.363821449653756
     -242.237887548982314        8.099109800999930       -6.998059163202394       -0.858406186609161      -29.919476068944196
      106.063972985239673       57.179623876165266      -38.941834301607109       51.853728136041816      168.361067102423874
       -4.869321760071045      -42.986162330374050      -27.298591307086767      -31.905215075091974       -1.477848874551800
       -5.298366455726673      -23.101596551852918     -113.541618284050671       26.906269478008898      -30.557550881660806
      -57.121409912916199       66.799884195850836       68.763338807935355       29.890982194733656     -185.324243628611072
      264.491603966757566      -24.617172290325385      -15.081907596454331       -3.320176294231220      167.881709809504827
     -117.196367318830809       22.900656253012738     -172.933991819786371      -15.806043723005779       37.348561701018866
        6.682731199785123        4.983009636709522       -4.464365545138717      -29.005290721506718     -113.874781503805366
      -17.828378132501424        6.675806479780822      -23.739063376275571      -23.974586392594180     -114.052088334187275
       33.241869678579874       12.339852097996074     -123.586699948983139       76.080462891706460       36.380133580688351
       73.401804587029176       -9.202870226226729      -79.859380882210402       72.315884180452287       63.557555846110553
      -13.413757586236821       -5.762693807877523        2.437373253301847       -8.785578851200768       41.541305552648446
      210.628398041175643       18.298917473216221       41.561401475801205       -4.860428412108375      170.438618938956040
       44.808603072889795      -77.531949696673095       28.669161884742174       56.623462497716019      -60.659830607404558
       35.512028625603065       21.386677833107790       31.448908573713197      -39.087503663109253      -52.201151279732940
       21.282729722257884      -61.918248835249756        4.967420179394408       33.912828895213536     -131.985400846909698
       37.978750821808113       22.312663575859162      -30.443625796123321      -72.860184133973732       54.105331535266536
      101.092550890897897        3.479511761541001      -39.758597204894741        7.935046321581740      -52.033003188289982
      -42.361539690329529      -13.542218671186371       26.779008034554710       11.744634250017416       53.333868884626696
      -60.008566221818086       10.324865362886765      -60.584051988640134       12.234378343116477       22.059386075087200
       26.092036162694132       15.170107897330912      -37.341586079097539       49.201908332849655      -86.100172756815539
     -171.302967989636727       94.413144283385066      119.651388700649221      -89.817714824439122      -53.734254524470991
       51.897806184010349      -41.013058558937161       44.063967760483081      -52.534087975025642      115.266708995604944
      103.367534604147451       16.297075285848589      -62.988511988177940        8.141781635041898      -53.631282292340337
      -95.970912019356291       66.919343009535396      -29.602550580993110       35.832733425293810      -35.137170698648923
       -6.728773615105069      -12.544924886114133       -5.766353311141100      -26.579177073128154       83.780618289324806
       27.779885541888731      -12.170716627001712      132.974077377609177       24.792359492849929      -45.216268073394097
       58.712246460568778       46.949122112605771     -113.879077834846768       37.181839540913970       90.935932337681891
      -75.936866738100136      -16.989059505559659      118.365666171382159      -19.834943315338808       -5.687284821326497
      -11.964876614343158        0.988256172487031     -126.365991696960535       52.549055120449090      -85.392158114686850
     -153.281292927447538      -11.240049802545338     -219.010110973975827      124.622588324241022      111.932559687119124
      -71.821896377391013       16.461402892640962      -93.313377957300617       38.555217405690151     -165.282151825755960
       32.701772848930162       -7.082250519452673      228.899675432431138     -115.307195613095999       32.476250972389899
       85.667720212342886       11.360249142171156       -7.734997494403688      -29.588457344676780      -81.453115306444801
      -41.336725605058852        3.171795190429453       73.691169199334453      -37.155423234884005      112.745282387398717
       29.240201087173759       49.253487931653652      -22.895392023695006      -13.249222043912740      -77.901754321855478
      -71.200126845232276      -39.580561739962455        4.912778486724744       35.494058717248727      -29.933428635220796
       -4.226835108790469      -12.560818270507427        8.444026095819593       62.803444726488834       -4.262078256914970
        8.539226569465983       19.201212656406362      -33.768047326506370       -0.223437992949940       90.412815769943961
       -3.129430076593140       34.725229846145425      -11.951314686401131       67.625485340928080        2.296649813410753
       68.428666659351762      -48.184283387387168      -15.227893973886017       67.058380736480046     -123.064323271562145
      -44.821305295630822      -55.113443372823951       95.579326252242893      -40.971874166143337      -50.231933741898395
     -102.745969675147663      -14.423979853498784     -117.186107521944862       41.732832896701161      -14.200197755118912
      -36.539156871686792       43.180069977588055       28.673938343976030       -0.421345519673335       68.769126271078989
      126.312953653737537       10.466784775429206      -91.795905696580235      -10.229634974704192     -103.024249315331090
       43.018505980221867      -18.136192744012483      159.388785234920391       -2.471967368135469       38.236299874079322
       -3.115313881361258       18.269441343874675      -23.747530156654175       65.755760492220105      -50.857065149734971
       -0.886042116645047      -70.944547857296016       42.694971595874435       -0.502202030689903      -26.944253129466411
       11.761672235126692       93.792514927057042     -108.349363962921160      -22.989361498266181      126.831939634991173
        9.564830540269943       17.179329550657492     -104.571252493336360       10.917453349064669      233.941651465145497
       -3.565616384672027       -1.743600692440560      268.497286596414369      -18.770550124778939        7.197286665771617
      -19.732797343383989       10.627154083888867       35.573551234189793      -11.372208512667145     -115.995218010459510
        8.623081705076356       19.591977809671153       12.811330605492248      -46.189102550717408       25.154899289976743
      -21.022491811082144      -31.842531141735655       45.919774073998127       27.357347923045086       27.297727489068134
       77.162958942903074      -58.225763451609900     -154.592819006416761       -0.396054374804405      -43.011330438687082
     -127.790099264679441       29.640969525353920       -3.087725676461258      -60.457233590739115      -44.342659189924426
       33.355078203188008      -33.740259534595253       54.214538154452605      -29.272570700625653       54.878602810339913
       37.899101763674253       -9.174969936452847       88.984373219381553       17.057563064186745      -10.418439583830633
       -7.522426952171056      -39.890661938324456     -145.904529534112697        9.811262166184937       45.602345086885713
     -197.451675165309041       40.127221123251189      -64.997929183038679       -0.839875554746675      -49.351531019175404
      167.909571981420868      -32.461030760413408      232.498199622778799      -36.341408288615391      -23.279634378421218
      -69.308928047841277       -8.870074766364940       49.145966517274985       31.618020757177838      -97.119747249118461
       38.876055346067581        6.210860519170379     -123.361405587001158        9.510075507767745        6.952679150143014
      -84.948299511178249       42.303569794896866       45.417780736524826      -15.114613113372354       77.270224065831698
      -83.646003513273783       25.277040336741564      -11.024519929977805      -10.068822331000206      -85.886011655941388
      104.170585192971458      -31.926606059279354       48.744892002686527       35.549194920340341       52.542960830666040
       41.947670349788289        6.390109988033807       -6.269079428380866      -71.853364044487762      -28.051210046664607
       18.738092001690269       15.500963413622268      -30.073377940976162       61.229018548086870      -12.656403545017511
       39.428609680809735      -24.462464551478245       47.359672831954398      -17.196979663851000       50.049148363414346
      -23.932316784679458      -57.502738539786421       14.909167921178202       12.055619415362527      123.943609545303133
      -87.941970083630423       32.290221137902179       -6.864655120051697       -1.749805470143553        2.233807807942966
      -87.348417585446981       43.417490074494218      -23.423743575628450       73.919642239714719       54.479350091390550
       33.689738087216249       33.224532758791675       88.011591185434540      -38.933602655196246     -136.484918450334561
     -106.562610691785054        8.209032429226021      -43.101174562717901       45.774611239283516       87.561809044270319
      -77.844962002210067        4.789546385578151      -60.179701094285804       50.560275100467337      -59.097812961997072
      173.554926120683461       18.633388340497479       61.852077504024962       -2.121129839051045       63.813089011083356
       -0.212610819161457      -26.995736664944182       33.954453000872086       10.966566590311578        3.116425803840719
      -53.797125084125412       15.364568904950014      131.563503508052776      -31.453711843854141      -56.474866909956589
       -8.884144770693988      -11.359090618844551      155.413845392555459      -28.560079640228565      -14.933953158144380
      -93.080928999068718       -0.355464268465711     -206.509692232288501      -29.226142894237025       64.521741233708482
      147.582232528468552      -30.171635831261078      215.953817319699880      -12.309002978726591      -41.386515451237116
      -40.354051775430591       28.293788576711908        4.896438791384553       34.564770160651030      -87.362683364014742
       85.123968779487981      -15.176996574395201       97.959833823707783      -28.012591399185240       84.868271070951806
       53.483211576517178        9.989407752150655       28.981171329276318        5.221317605895920      -81.866140554729370
     -134.993739475845217      -28.747738976811675       21.898843452829677      -31.162863919662570      203.216910811461730
        6.341344325347742      -50.437281158201621      -69.392728527948805       -5.748597893619456       33.983564400920393
       19.980529114835594        1.820801344598731     -215.341385643274236       63.736417556089279     -159.483085569339664
        7.233453479063701      -96.404091150720589       66.662193159317610       31.773859764567117       70.737567363940897
     -111.190509363626091       13.801736935750467       53.238781707237287      -19.517900196448920      -71.025672258818659
      170.898715552614618      -57.974834715728477       15.107846785524130      -46.910969159170982      108.914700347267456
       47.708090961579018       36.122544714469271      -19.425905764953910        4.016645769546801      -91.535425028164696
      -69.612266737617730       80.555250416674340       42.684846850220097        5.665515037671580       50.875046785412508
     -101.552470006540062      -22.529711828303952       16.327242371640313       65.176552125889486       -4.570991648587666
      -94.717585901876177       -9.208477071122200     -196.764007748702539       90.015495686362243     -147.680424001256483
      -37.362420400317397       36.204827685035319       54.388094464138433      -88.335263342498934       89.068929739052578
       31.797974852891677      -64.090697303083076      185.980412268975812       12.615078968427321       21.143056549348877
       49.766364023387887      -54.871779377421525     -148.435776431462557       41.318357957548606      -52.936187674285982
       51.386909527210641        6.191808761742725      176.261125900613820      -44.086423345092619     -169.135359513531114
     -141.775716158103677       55.704010203769457      -93.056632069999296       99.480927745707064       90.790677918856119
     -112.676700202610476      -17.217902778242934       27.604690099474478       27.959876928573728      120.580129558413589
      122.807348697352367       38.022987046956814       63.160048020292422       -3.421176634797377      -24.420696388117221
       16.090647954801490      -39.558975628694391       -2.531240407417318       -8.277648153114319       -7.842913349564686
       19.169726433085799      -43.580449181511739       36.864510139163038        6.558200019416589     -139.336802615805368
      -69.116713611628626      -26.754879529409045        1.782815560239137       23.918921673278700       41.321081575547673
       42.149593184999510       36.696379917592793      -33.622180368817325       14.905508318253386     -147.578615458961480
        2.495962836725480       30.531786838996524       92.541600197150913      -50.856652673912585       69.963055242271722
      -33.287059861178065      -44.315619663176925      -84.114057971218799       37.057042491912448       24.241131080160216
       -4.108726632366335       38.196926509565195      -94.161433054665807       16.293810878968969      -68.674482294151133
      154.254992643852660      -68.668960033401575       11.410263992267373        9.340711302581340       12.931191531647841
       85.107881494379512      -23.642103993098505       25.565724556765684      -33.695190049225687      -54.856888180213694
       47.459334249333459       55.328918045012884       64.048668134724522       25.337549455018447      -28.243281025214557
      -25.400012755860676      -22.695266445548757     -120.673259187406643        2.789516970887113       22.690303620634811
      208.745986787502801      -77.151583365362256       27.905761871300115      -53.809320528389797       20.677109911510758
      -48.990830040740306       54.077695846219250       30.023602271721270      -10.667871608967218        2.320987739614621
      184.087666772335098      -18.803218471436086      -15.019675160589950       31.360747093052300       23.212462214278386
       -3.255340361078843       12.218060401133464      -13.636682082082155      -12.530554518816373      -63.156898414684242
      -18.068300407542115      -52.021824246633734       84.983224688503654       20.935775784868163      -85.763853841065909
      269.728616512658789      -78.791099757627620      -56.316897997978558       51.148003262276220      -18.048390431395443
     -121.080900252980967       28.605573775568320     -100.902879297805399       43.360382716320110      158.444441719201876
       95.624155790807123      -11.630687701971212       50.933008838618434      -46.251219019958256       27.647192120976523
      -86.641842568830668       10.072747728018417      -75.929378489673255       19.195744198484419      -16.488398363795586
       98.974730048535250      -17.936853174604774     -137.283182101360211      -28.841708587954447       64.189978417595270
      -97.303481635722321       -5.735901625748705      139.427360406890074        0.713108790775938     -108.157182499113432
       -4.619002065900011       29.994350470273954      -56.422188455294524       23.080268923496146      -47.143755082772010
      -29.957915130504144       -8.129142263576686      111.676171664950388       28.319675285194396       12.872678465799449
       40.095037383106330      -46.213406846010898      -70.866849646742537        3.296882988870421     -127.801610818027768
       22.351949220423009       41.053697566029548      -14.855827641089986       -7.690668335133156       39.267070257452701
      -83.284043346948152      -54.164651509398560      -55.273224583774898       -6.147421187742746      -52.543133443235149
        1.943602279763473      -23.045081432652012       -5.076607014233848      100.275201690692725       16.034064611599852
        1.123953842139578       -4.536828816322258       30.403479693565163       -8.872924812274023      -69.862766328162877
      -13.656551182874768       33.092940613261362      -36.237136415456533        4.027159541102329     -122.148610217589933
      171.460945557382189     -124.257914009282302       26.372925448620911      -14.645859050331739      -56.324559876154225
       50.941981889720161       19.980875869812930       71.934171881105001      -23.543160814056119      -16.944418155972429
      -23.820279647860534       -0.291113613334463      139.669353445589650      -52.623514585584040       -1.191239606994484
      -15.654654117122805       59.903741964709390       92.046498046569013      -83.143216953192962      -42.515761304692901
       66.172903081367124       17.714321494456499     -177.118290804053942       49.332996347555891      149.644489803803253
     -217.168829332171157       52.505859552578393       52.546242296588822       19.984622226032755     -137.981739893475947
       63.852069321847331       20.438342719926972     -117.622779066858186       17.886110660620865      -15.622820936592122
     -180.864062649809597       19.154880917221668      139.842617446474293        6.453058713738504     -119.313674214057585
      -66.779496755060080        5.564509343526121      -54.767511112617242       52.285493665209600      118.032445428713757
       68.200223145189483       31.566272850265182      126.015219009092064      -26.536117550800025      -49.010975433261208
      -21.968115610125299       34.729783575695606      -26.389682455681339      -45.276543975886561     -215.819465082671428
        3.430020203384418       23.103341272572482      144.955125960466717      -51.467297238693739      171.167663086860443
       -2.374283745654003      -74.259546712542019      -66.448363141602115      -23.774539367892295      -94.829069578053520
       77.454155290734548       42.395737111547334      -34.797428660146174       36.091098353867821       50.356829825054177
        5.065200183162943        0.087311898134116      102.974994101654218      -57.541905226357017      -55.488344279777202
       44.116163705630534       40.397881024215863     -114.410895028976284       16.717079325244242       39.787621316733429
      -32.112246738592120       63.574934782693227     -141.441407238386006       43.762229309264669        1.238350044130794
       22.856712587238238       10.992723288968737      189.442150239459636      -31.125725583864398      -13.110337113590068
      -31.253408401131850      -33.154891815727765     -139.228296647144504       43.616161290524325      -58.622157021048473
     -173.545505198596857       36.003161495847920      -58.573018404530977      -16.216008083095399       -7.963695475712999
       65.875549091547953       42.032825896352684        8.370588885132621       61.840193606450853      -17.136409786837653
       25.465410858234719        7.825195585047242      154.969140962103268      -43.065999052940576       86.477516257982643
       68.816840514253911       15.810886279978531      -40.358399160039880      -20.871328918198120       31.447579724432920
       79.237171213998494      -11.426932376701435     -100.872866666756650       10.118392961218429      -17.994240597197351
      -73.171674360802911       46.640258928864476       33.647057716711885      -19.204882933742471     -190.975073216974749
       72.770074849803393        4.598063674706945       75.761598181814989       58.671565261278332      -11.848508840124568
      -32.550785714765787       18.852190723474187       93.779441154641361        4.464148156041834        0.846307253432710
      101.926929965824328       11.021095487127429      -56.495309044991671       32.936624471860803       28.847262200642508
      -22.399003116074589       13.832789119217583       25.902859879337647       58.756653736140215       60.065054685847954
      -95.613945943237837        6.323566418433069     -166.926908251032813       50.112562148154502      -12.696396829200497
        0.064000348977687      -93.596049784152868     -155.359966400263176       65.470396263416760      -93.197471852565570
       48.287478813555161      -25.125481234570785       -7.173327389337006      -40.876064231679131     -205.691084523776397
       77.304433191860255      -23.993838196523697     -106.417669127118415       49.181747678300752      -76.146668434498750
      155.860224688889048      -33.051177922794409       54.101998200181860       -4.439776150033830      156.553689859509092
      -55.053036015157339       60.677546682945191      -94.877939401558123       22.536643024398945       -2.002799096360220
      132.332651786744151      -82.560317943697683      -11.075099952959128        1.615367565478914       75.077364405994075
       43.209175896462320       10.258440805070929      103.998004446170455       -2.864120613336796       20.433457666590026
        4.687512640266550       39.156708980394548      -25.445950189651441      -38.178163730266157     -105.664329841606445
      -44.730099663562754      -46.912171062769765      -58.403900211262624       41.258314060276305       77.699258657564755
       19.664165647026202       22.753215272680908       17.739572749530883       33.066384625341847       -0.666433069147994
       16.619181301505009      -71.608570645660535      -10.562538249359273      -37.979331538804587       -7.670616993700659
       21.947954830339018        1.167083312998482      -95.766723620665914       89.344384979529863       43.417372377783806
       80.339938335922795      -28.669255778392884       68.021626581420421       15.031489274422608     -133.435511130004755
       30.128337771932689       27.145882117342488       17.988990601172329       32.352785094598346       62.811932727677060
       39.111711033132082      -16.487682307447187       32.515418595901664        5.068475979451402       11.204491530130761
       17.030441343040007       -7.014928343410729      112.843752845527760        0.044928849108905      -14.278613244866724
        3.038120185353672        2.051530416027646      -11.660137019318530        9.748766074358320      -54.455069364457316
     -155.891164547332380       38.988080103981105      -34.200961156161441        0.586965081618395      -19.323969014586741
      -61.627283144221074       10.168987732678373       50.866750420546573        7.867628059274649     -167.753890666734293
      136.980135370834944       -4.271999291964140      -36.018964352916370      -18.955620403514800       48.876646802777657
      332.955862035377947      -57.848382254169969      123.997684589209413      -24.699517703381005      -69.573188864023706
       97.298016628407481     -116.867746388547303        7.267691345289637       -5.869922981575106       66.636432245349397
     -128.928242327960334       36.171554857961503      -27.441972338541980       49.686446650245585     -115.606958314008367
     -196.729724718995584       -0.705355876121087       14.009048750998625       66.841972096885598       18.691276240710877
      -40.722432812995287       -6.226654819304096      -21.209027168826978      -61.155559352505229       33.723098134334698
      -91.902540231394610      -60.654968015391596      -35.332410503242095        8.882895823199350      -21.317689992209861
      136.710830353947330       43.925290786612649      -56.397057839315892      -22.660311895995022        6.289535435407736
        4.655272231866073      -57.245232783899432       63.424983336500105       -4.342792327644372       -8.887593921252178
      -19.088922833991379       21.574831171085201      -69.772449396941610       25.013055746800319       80.561167509443052
     -178.184239343947809        9.760462429339197       49.730368793166356       11.085615660456263      -75.396528540967552
       64.600883760308662      -38.780464299563725      -45.230377817944792      118.248430282317102     -137.741001607116004
      -76.453708940778526      -50.657144521666183      171.525379103799253      -54.091718275971637      192.047099591321370
      164.412970334476256       25.550839355669016       15.933803812925261        4.018191747397728       12.176791488625788
       53.009307499546075       53.424031663750910      -94.921434547573980       73.131998163519143      150.557463826953807
      -68.053563507422794       95.828918775689914      -60.498387786772454      -16.530504911921000     -189.581280275604911
     -134.796666163383691      -46.504911404752903       80.301063953981156       31.121877583389949      -32.983978344708639
      -71.474634545398843      -20.721713756221501       -5.326184654112151      -13.436911425956964       10.647527269496623
      -46.586602715041060       -8.647391267672537      -74.913311485586490        1.994111763993981       28.806140198480918
      124.166520135253393       19.765554720555247      -29.985116014523800      -18.660025594042054      152.556165076109153
      -72.003977826559478       -0.316763639857676       45.435017655006085      -49.694406368941792     -104.053131942600942
       43.121541267567835      -85.816007625605025       92.959001522938763       44.251635179005874     -107.677263168341540
       52.811641001479934      -16.250195416660905       88.027481357668364       11.221599356644171     -111.698589847839031
      -66.455345196137955       23.927374092301481     -139.723090772062307       48.951384354582963      -94.159084170010956
       53.751375979658633       -1.208243740039886     -111.656601802164360      119.777589790217490       35.365702831231076
       43.211282399669166      -28.316275044566712       18.106207273408160       38.154994400521154       24.011028808666833
      103.551447015287209      -57.206201266157564      -47.401896190350527      -54.488541353487818       37.610600077573643
     -120.143041590345135        5.031521403336875       42.229461850660222      -16.631019224586982       90.538047561483481
      115.743661001053667      -11.663692930616499      157.273745432534838      -13.662426013079797      183.634865145505245
      -84.279464684767490       63.702585762870754       28.577978192944702      -84.690906680146455     -133.625202082635411
       53.147562081615483        7.430940586122258        8.073059006693532        8.866837085311037      -66.497422681218310
      -54.134947041655586      -48.055376711632356      -45.699915717754372        0.218776185480543       40.971123351597505
      127.243403627635772      -50.063068253128797       37.073374247053756       -8.149236339336881      -74.092760756647721
       92.923645624413837      -11.258716663943957      137.876955013976811        4.548205334101223      128.883881595647694
     -133.155808883627572       53.758929265538562      -92.391258029982552       -7.982323281152540      -23.016367677488514
       19.464257389715648      -39.143185127898363       -9.471504919174800       23.322938151669568       -0.327080630220341
      -51.386777967560832       68.840672983593805       25.433885946636753      -51.594352657755245       28.328498758515138
       64.571786270494002      -44.801024519668211       15.678310491059626       10.584694832001286       72.025860091057950
      -34.447025722961044        6.148560341979529      -32.329267283995897       -9.320092479865941      -34.976932246681947
      -21.777175229704465       -9.790254434148229       90.744404608102158       -9.744180004628925     -113.087660446155311
      -17.696221846197552       42.071433496858411       60.923288311579789      -46.924009617171428       21.933885896799261
       -7.494486385416240      -11.112494734243880       57.076441437560526      -16.694118761855666      112.857162561780513
      -47.707028120319862       46.794723425374713     -141.351576391423976       -7.672361907587472      -86.173859605353172
       11.807945330344261       -6.978159074465650      -99.506296399048153      -25.248033637910247       31.161581969562103
       71.120144047481119       49.237856547539110       34.111232845645418       92.949243364983985      -29.189721563623102
      -20.652755323128982      -72.175286450643327      -75.322872368620907      -33.122424684359927      -53.447964706060951
       86.337162859822897      -21.746016888331287       35.029697296291204       -0.727361541127872       48.266865898232972
     -137.370227931481196      117.920626137517544       -9.055956812236026        5.085372286773939      -12.257452542735203
     -103.532344445263021       -2.399233856070952       95.601863322472482      -72.886443764094238      -48.813546547091669
       34.337013620692872      -36.354602680861390       43.355030757962375      -13.675867960592250      -26.795502970145808
      -74.660206441683755        5.515781819106754     -158.589163629214795       88.022741968043363       13.214189473272922
      146.424760463137630       -4.370056268159056      123.092829293465897      -58.954902183829560     -100.998199776066002
      -50.367041397248833      -37.336575495982174        1.262687737796424      -28.711155148366920      -24.762048762774345
       -5.356806489830245      -27.498850238426137       73.686263075231068      -20.143568829691255       57.329342552491916
      -36.245581678382749       34.291144447649778     -145.754170702823046       57.263112917706557      130.586156419508114
        7.955793842783930      -26.189957691784699       42.203282891842974       13.240967556452862       48.801973866417818
       97.328304490456560        3.501149925467095     -111.800884686505199        1.268368616755753      209.836289063427415
       33.002547128982130      -72.461582214514735      -72.745261610952767      -52.688371034498118     -111.202956830545517
       15.008044137380237       13.497235469815514      123.892420839187679       19.563196976474064     -126.217874123580529
       35.687573906264063       28.299365763070607       -7.783242350981127      -19.942378512348771       -8.396180280080461
     -105.271289096936741       17.201930143994002      114.402273935431509      -51.107028009514529      -36.880197650167730
       20.832443249152782      -23.253329209321251      -40.834943696578243       11.499591608527272      156.393328235515611
      -46.079233031108465       33.964959161838145     -109.556264885518900       67.959394638182559     -122.971841320546048
      -33.775633014603940      -24.737688736958706       20.942403021873744       11.398362688553339      -19.534560813549696
      117.142795287461979       12.992154827572396      -68.098673463419345      -13.037194584154598       72.197063973846056
      -90.869945726347183       55.702816213821620      123.377646295274602      -42.677635090067930      105.325107360914132
      -60.897825354079067      -12.749203873757159       55.023585446338060        5.140691744190979      -29.459443195961011
       36.734027475698277       39.231958243436601     -100.499916270248150       14.085232362385431       27.272927103003710
       37.500119207128158      -55.482918342429528      119.096227223998895        7.930197237877152      -20.739887166552805
       64.900630193254543       16.326125404309675     -125.110385889021856       -4.616495973778005       33.114490757410735
       33.200680852152303       21.622273644362455      -93.615548257697270      -29.640270644153585      -48.679117586964118
      110.219664709718231       25.931752698444598       65.295282931801694       32.653882083706257      -24.207813067540449
     -155.486107218303687      -42.533649584864961       -5.679257848480278        6.516090240886471       26.213185435807322
       38.580407123199073       28.762368182890672      -43.358194642122946      -24.668506521503911      123.769897475263477
      -94.713634552177353      -11.233429797517180       60.639847654512742       13.435079845491277       25.661199639881055
       78.236901815919083      -17.195676021465605      187.003192999115157      -45.049738983662628     -110.695828711237894
      155.022741185787169      -31.283044699338699      -52.606261518394987       21.520399544445347      -14.440047757057778
       19.077297554097004      -25.906961341249211      -57.615666904969935       -4.206560134317883        5.727342141257356
      123.114337944688415      -19.691260927906203      -40.506982506823171       15.535865021673182      -32.436625647705249
      -43.877362680044953       17.242205551254663     -175.013068019287687      108.542395238533985       37.816293694343159
       59.235306180893168       23.882449361701386      124.789239971321166      -41.488390711743115        6.285664457577593
      153.668457802602489      -60.206769012319000     -117.961227193330387       46.063816385966270     -116.800494032172836
     -126.876430008202348      -50.793988058974854       15.706478114842366      -33.250355117498565       95.609667933148884
      -25.049606366381365       58.875069838755223     -108.443218514540149       35.622173743115432       24.333030510305989
       75.752358982705047      -22.770776337217601       22.000607592332798        7.282043027362242      -77.633180534757471
      157.380526709541243      -16.984355921356382     -139.310562444902871       46.173458561813987       31.506040933413246
       57.840300129460196       47.829709974541501       49.141950668104997       19.300720232088459      -15.539493432988460
       47.011257923544989      -21.494869771396363      -66.180395932632493       13.838809011747344       80.907856141859853
     -132.510271966563096       49.170560388363796       87.842936605779627       -9.783692158358063     -215.825424187560628
       43.537618823733631       19.062751891074925       87.994352726948264       35.907644184087502      132.025063558990439
      -13.550536809855481       21.182913044396493       13.926031916650492      -38.312994936062907       15.657043168039444
      -37.547782371669527        5.558004522056438      -45.787013528137685       55.315788706044728        8.276843983939360
      -59.959213311872176        6.677456402375412        8.479616154593556      -43.527463404683793      119.695307705683476
     -144.324361963866835       25.663144368109268       43.799691513206852      -68.625800240672163      -40.009426525024210
       76.525602908680455       12.589969586081015      127.879988835554144       23.904662610926451      -34.878857428829448
       81.262138427902102        7.936550639418123       24.903229208173077        8.294836211853958       27.070219115474462
      -51.314212704582822       17.697388610481401      -63.357597172601281      -34.979403720485642      -19.676115519921169
        3.425149963494056       -9.425507833728211      -32.368902439048000       32.508742628946280      -74.266785615741000
       22.423301329214965      -50.816591573354756      306.542927126269944      -17.933677860288135      -63.225591640078584
       71.305576771526901        5.590659994321751      -54.767426961060082      -28.494460031300701       36.642344710803705
     -113.207800548891285      -25.006900119607902      102.340699425971948       -9.291812162137790       49.186277984235588
       28.422742525701818       64.788658313662069     -128.002762488380654        4.687716875423517      -38.499643450179221
      -27.165845207077378        2.814385922650219     -111.867087070038679       59.983127381408416       11.920907297321577
      -63.360810386541118      -34.868417852018972      -14.658592832857233       25.031526820605585      -91.530167899766596
      -35.418555647730408      -21.248332374904230      -52.982362999074383      -20.117007464442377      -71.754980966271049
      200.900805313647226      -20.526348038048134       52.751997030260213       31.588722120312390      -25.722021992295346
      -46.603440505513646       19.507000233954198       -7.719510579041160       -2.712993068278426       50.246841839198375
       24.489069011978081       35.332868517038790      -22.290133346004005       38.856360941873383       16.561351307234965
       -2.407622816108383      -10.306880764464543       70.532427371472096      -45.436853868181473      -90.028408333195912
     -160.750108172740966       48.237492749112654      -19.778820592210177        4.775867635787071       89.387875216603547
        8.252547132135600       45.662814516861289      -35.015819366089431       45.998740710811497       70.605207642856087
      -45.157293333804937       44.442339405751937     -135.107014291969534       35.646607796185450      -46.789810368953255
       16.809076949686460       36.140215674179508       38.281267150288770       28.679930672816514      125.832889248181829
      -68.312944309663379       26.555084280958418     -106.597790569261434       14.335157719402932       -7.989815137925915
     -164.189468070289649       55.193731772419902       86.459005489208224      -84.878034964854166       38.411786785215803
       59.683210220770007      -58.583134528759658       53.691542494763645      -31.799220406737543       67.770705880790516
       75.181610660442246       35.067548908293283      -67.195525225619164       -1.909951393446358     -114.445283111713522
      -38.164359474893701       36.250066641485446       -7.754143133344432      -43.000865908704768     -273.442240314328217
      -53.819686408283523      -28.997806848877914      -26.774825287290856       58.372701779753946      110.832046189419898
       -5.464474177213844       40.348744572502007     -109.064728348802049       57.111720621941593      106.117364543812300
       70.733476236690294      -25.393448251021667       39.467056980122038      -34.165528812839220       37.409582581342107
      -58.855888860225633       16.370055130535530      113.435815757953776      -62.555154578603641       40.257979517696548
      121.709406757354557        9.775881458126323       79.450560131819003      -49.172721692476259       61.459794489924654
       22.698531438693827        8.133507068976924      -45.516517948179242      -40.271451550486077      -49.505023129438257
      -17.933654372927030      -39.627760055938573        0.853403586633567       18.840006606259728      -52.214881327023392
       21.754278890247889      -54.407367870478296       95.823813055811797      -83.730034035067305       50.804966757666634
       10.875763096762620       32.552757302760014     -133.617404552595957       60.027947928143149       30.961161721255273
        3.299447216434479      -56.055259819470976      144.966748006956436      -20.559303399538766      -80.260918866371270
       63.247002901551184       -5.300180764176059       10.908015277294933      -72.638086569393664      107.458652777159557
       32.368782673843761      111.829514925695989       90.580793660058035      -99.461652575142764       22.873186161131763
        9.989756070605932       23.854829941076545      -42.901401395202775       67.207836729172698     -115.778994641132556
      -52.472808055958716      -10.896100459998371      -78.397755767472120      -43.574943914642283      -30.008703897346894
      112.764645032544053      -78.290678755933030       95.275514932639069      -29.862792208887111       38.366237876976271
      -83.051874590628458       29.077037535037682       26.248652972949341      -29.579944653863901      -35.034262527463582
       37.782687110602531        8.610795264675629      311.223312743254326        0.574740153753928      -60.958853960277672
       36.293624302090784      -90.546859310541549      -85.988856758719209      -60.398870796100425      105.628989689600942
     -139.401594097322516       14.587827775517232      101.190409878012659      -52.271102565121410      -28.333097788533575
      109.815488521790883       -0.339794894515904      -26.562981777524854      -17.693932805279495      -32.733196992227391
      118.486222828883072      -93.901453976420456      -88.482456718813808       21.663597988744176       59.082784071343802
      -43.078621209169150       10.848261184318803       55.273402784840734        6.348596011028121      -39.246648049286634
       -1.880709028362041      -13.565502310179673       73.689985232430217      -38.875600035187240      124.258801744128661
      -12.925812244919202       29.461632305816661      -43.393825708131239      -27.542064974202837     -166.320731356751281
       -2.073837569953064      -12.741739760675713     -174.736446283152645       26.046261101988694      -21.211323129135376
      174.367353430625769        0.305173437552942       20.917242902593106       61.245982654808195       23.288293462820871
       22.871651990542347       10.366692150073941       51.171813083003507        3.020705593761236       89.706550405301769
      -22.823449491712157       19.395970360565030      -76.377790279866275       16.419353659655044      -26.147979325151070
       11.666487034028469       79.378030091982765     -103.600692069633681       -7.047153864040581       -7.295737650057841
       41.656792915916306      -43.590030837114867       95.662982512660491       29.483311511407521     -152.137129078822937
       82.170161019861894      -23.159392246017742       34.844228313821503      -34.272542086633997       50.015222466196249
     -176.124365758504297       50.718086730861309     -110.935802142950877       10.515657104742637      109.677716615407590
     -112.680495818170087       80.310986671944633      -45.816195306818102       17.906979204673707      -77.835255982438767
      127.262570275780490       14.501629395660379      114.046852401210728      -35.108434228775515     -116.112305117848592
      -91.320485484810916       69.733972616993896      -91.645519237226324       47.686245442793961      187.993925944015501
      -39.538483137639538      -72.836681081848141     -122.799634969968494       14.734976284692287     -144.400954847063190
      -97.343003599738523       22.558131258196582      103.201641357206796        6.674297072661575       89.776675378350433
      135.634992441288091        5.783933594964652       44.364347382271035      -26.946633671045852       70.257785578357741
       46.626181356220982       27.804298601287059      -55.935348488561736       26.171704511776177        2.024695927441512
       11.793969206118119      -32.007480484901528      -25.541276751334237      -78.876800943484454     -183.892825599824107
       63.136799776428489       -6.054290246390957      160.369428517417276      -51.404326299450162       75.267950334155714
      -16.592832618496207       33.492917618673729     -128.207022477321885       12.095198955794663     -172.698823669868688
       -8.581998509074491        9.170558261280306      -51.936054337175882        5.194688480289947        6.975283831052221
       11.746984140815771       13.381956841097178       21.980953069307809       17.487242512854365     -136.937235628831189
     -158.809666306064599       30.727046332066021      113.057543817938537      -40.665649877630443      -16.934000056701226
     -159.072983189949952       50.132797563341498     -131.386748071363712       65.656574845471340       17.860799640676579
      140.239207666302065       18.460581266236805       24.481851957540503      -31.762717259655886       -3.555498701302466
     -123.761483049599732       25.916718811907138     -138.374891868922077       -2.708488866639367      131.025902000835600
      -82.150345268616846       18.792753251348937      124.940206825419367      -22.855758571050330     -198.395915966793098
      204.482825531458445      -79.800240984532962      -58.768946771339138       29.090523076947740       60.988012293266735
     -147.944717491541923       11.663469859568721       35.006824980900042      -50.008755434808307      -18.987897066550634
       28.038292269092125        0.213104587844149       -9.862796441642995      -19.326374621009130      -24.740435586059295
        6.945960088628393       30.081731742448348     -200.676030069719786       66.701289014813753       -9.065680905013473
       50.340395770955212      -38.926896739014659      108.606701140521579      -70.032638696356372      -36.526972730773139
      -58.865492227062482      -29.489853325985582      127.872405582285609      -38.094535323741596      -45.394051671930605
      -73.003652598270889       37.813064347457185      -48.522361703237834      -55.559452499279189      173.077722279107945
      125.700067079305967     -118.728030375187444      -18.461343665534528       27.498978866534515     -131.855342835611737
      -81.516272999091399       23.578128152538433      -69.780063886637805       26.242562380222942       69.305648076842758
       41.513470544870898      -23.026340337970282     -131.309293972017713       11.592559018894368       41.072186158758143
       -4.660192075488776      -41.878561917845239       20.359644460001235      -40.262007898781768      -39.780243601593227
       38.894104512764329      -13.942209783077459       -1.692819035223573      -32.317213702841599     -110.647962295756372
       -6.648754505715803       28.258141023573373       89.939773820696644       11.402760876387191       78.557482369960496
       58.204992051061588     -125.296776413938602      -59.415056998806811      -46.150820115924176     -128.925049037978653
       27.249592904418840      -10.774755457448869      -93.846375148308780       42.050313542455761       77.963872943390001
      -19.533672593360038       70.488181968418871       82.463701948311737      -27.117071699089191      -35.885702730093513
     -110.894915164074845      -34.353871258369061     -168.985879763951743       73.860189518813769      -73.061102829133915
       11.351267686770486       13.230650063059626       22.164484461059494      -19.632898113024403       89.755534013573225
     -126.682227767433048        8.912444166688344       28.216276061240102       10.982677241467870       32.187036078819538
       66.030142148472592       15.403175402879073       46.215419814830980        2.842915665629947       27.392143701570575
        5.323328602294375       34.558721589353972      -50.580260054935572       39.557387482773017      105.345099995303073
        9.506806233992446      -37.899484628373294      -76.015914052522490     -100.302572929171973       97.465066231746349
      -30.766687717497035      -48.045994677430627      -34.612250097558700       37.806997677681281      -13.850810321070171
      134.076475809891264       12.151170983505359       44.863311869555616      -62.679718943349194     -159.708677805062933
      -83.984204032001060       20.143326366997361      199.609862282974888      -53.297336406478578      -97.388026773368608
       66.667670194154823       42.182740101262354      -80.534668271393144      -26.160762959627686       59.757274819877537
      -89.042777193386186       57.181043577677983      206.034754079707199      -47.074155832293897      -38.032096469002369
     -125.332100796112357       40.487479681627399      -48.491259368421964       -8.046504611414742       36.987468751881011
       29.159204390325236        4.614020764421500       66.877310969137199      -31.868383457196305       56.878612247070592
       26.029084201955285       19.542296186668779      -56.581361225131744       29.617196970917252      -62.329194634509200
      -52.407922672601764       30.133765708751337      -21.956199057406575       -1.018358178694984      -29.019847011319332
       -2.344368863904521       10.078587722048219      -49.546982391555552      -10.504778780362974       91.723758289662626
       86.333457070647384      -51.691350105564098       54.221428149671169      -46.983143683526563      -25.613939247739776
     -138.276991545464625       26.409712952139348      -92.385000336347517      -10.081145403218855      -53.619171263888312
       30.507916478164063      -35.560136783565817      200.434527702356377       37.972401523682613        1.323693910826068
      -80.443317253742038       23.601076508800720      166.993707283363790     -117.068923603530962     -129.438839185724277
       25.500588068806223       24.886468693316409     -140.670629609463248       40.046551803727972      131.416303784504834
     -102.770128811150570       -3.544506154725985      181.497162253160639      -46.991061191338858     -109.833139483624237
       37.014820406761991      -53.119842175429049     -144.529135141029485       13.841923295958111       -5.280353279526125
       66.804200659489368       61.061958788720965      133.580686862923955      -25.330976167135809      -85.302960016707004
     -209.321387077213416       16.848877038404201       52.655484348245267       25.607001790125832      111.162598400687386
       52.071208048851595      -45.921224015189253        2.862576641545462       -3.063576947071999      129.050855974619139
       76.114247797867250      -19.172443478045135      -59.603593865807021        8.841005866509487      -60.664479833833596
      129.522985874366185      -10.241021243945058       -7.354114379711444      -20.290904732769839      -69.358938578148340
       61.062339303044318      -34.137950275216760      -20.840348672686996       42.225740251528769       99.569906731341220
       49.303358104451803      -85.220305452478144      104.713822492799437      -54.891765763926188      -15.444219061920869
       46.358265986812242       28.399276767293902      -31.460966138570118       -5.706815568844749      -22.435221002992378
      -49.588783909566288      -32.743888990462558      -28.732448516706199       -2.050291747007607      163.765195246014684
      -26.656214232178471       50.046431042603089        9.605688722593563        3.837810080083831      -76.338999646734663
       59.472319772495062      -19.869706769990881      139.599959049658395      -11.070415203038074      -68.922289770150385
      -27.634905301731688      -11.255443482188483       39.583122910883773      -22.959190341785352       -2.787934316194467
       23.976199019484678       -2.106408205108712       72.714907732129603      -31.824124742181322      -17.742015999475218
       33.763711764002778       35.829381125884318     -155.745220336728323       22.197615555827490       23.716930638236157
      -28.278985819493673      -42.830644819383103      -18.762876883029634       -6.645978226564110      190.429712487725908
       34.253851789729822       17.497235816014896        0.262967802693845       37.893474392279067      -78.627365069599563
      -38.631371822083437       38.869324456173757     -100.875791869746877      129.766804409231497      117.769953205721251
       -3.223088116567999       74.100248886394155       44.969241492356410        9.797566711274252       19.982152401324008
      178.748235790248174      -52.932726617409877      118.383226945703754       13.853750463753425      -62.311848187453748
       10.910029718991963      -20.212965176933984      -14.576648421469125      -11.555192471404073       -7.410456133327213
      -52.671297954071257      -22.953607556577438      -38.677131140954252      -31.664070976490475        7.597973258396337
      -24.428339515332450       71.967362633245457       15.133223213936288      -54.905640484218480       23.494069677485122
      -63.906840279658141       49.070698787054432      -39.482732097981611      -13.854649480921690      -91.570534024650556
      -87.081469092476226       68.000623914040446       18.819313391458920       -9.999575707520368       86.387453541969080
     -124.876469827281937       -8.615252679903959      -25.375310499559514       31.062184761430064        2.200178520370765
      -89.388111743624378       72.544762948899404      114.142408828026518      -53.963503736935778      -72.183853049834440
      119.273857129153384       -0.952715454828056       -4.717576544901202       -8.833320729663507      110.085670882668055
       20.213086479443383      -24.695668759730481       49.788912107641977      -58.344014618274855      -70.493095688219015
       -2.202449483679055      -22.125219010095218       45.490768058353730       -2.870188550927567      125.262104908230398
        8.521594907719949      -15.347854011835837       21.980272977587880      -13.685746266687623      -21.502249418740366
     -132.129369243247993      -13.827762491576202       31.934943006433748        0.887376698418883       73.062182781664262
      170.102189798953759      -44.824270668024695      -13.682965666568460       -2.081022230266556       91.017214824035534
     -113.382022423556876       83.247305092842623     -101.446097413178435      -15.026646675399210      -16.820211100696092
      215.188591822722259      -37.562400175981708       18.998481974774013      -46.724816995283071       95.724450642031556
      -17.925262809822861      -16.782300708465080       28.324169128894212       67.915681119105116        0.114657238638249
      -61.824117456271466        0.121684060444910       49.722556704866136       18.068948943442155     -103.674677301773855
       46.748081251146957        7.725315002548209       26.010802874592795      -65.397521954510069      -61.572268758158948
      -68.048091049163290      -20.875908916863857       82.718394862588909      -51.930389727770638      137.071793355543122
      150.369932494031389       28.741983659988904     -100.995962950383102       25.535040999316767      -32.655490861741377
     -118.515383191594651       -9.498606200123799      -97.392718664021487       24.255473998683595     -108.383784259058572
       76.106647611735085      -39.190139300600691       24.603075055616877      -24.366203295321771     -210.461750932607828
      -69.461532325133533       51.893410892860302      -32.506479479179866       21.747890552592196      137.621563325977235
       75.771130839590285       14.175137328165313      -14.210604472533548        3.036429933013927      -83.398962834203047
     -170.991735883329113       14.867831296514449       93.174004697798551      -63.799813085317005       90.401821212399526
        9.624034877616692      -29.622084239790542       44.586121251767075      -15.884491642822761       86.098253137316817
       12.895293937644386       41.348623862650371     -167.723345261505358       42.644261858411269       80.335322345490809
      -13.340165582869499       -6.962388280404751       94.211041336563468      -42.704439605590693      -87.270663220746599
      105.439255962797191      -32.013719094650874      -15.322277878273212      -52.360912972533193       -9.073919682419165
     -331.510379583252529       38.701141372029653     -128.128005714373614       29.619476942541940     -157.942916694267097
       10.333743283063445      -18.706571657879813      -84.083397489636965      -12.484319439233680      113.893917309431032
      -36.805612344413504       30.795204672283596       32.059572867333536       41.497463526670366      163.180273166804540
       98.550614275174652      -88.422528672083544     -108.834352393128697       11.418288914835095       47.275590758029253
        6.448031167429382       41.293950034610930       72.023730466272141       48.560368819813590       25.793890394785866
       15.319644782086256       23.049907386188828      -82.991524998361641       14.335688714935557     -150.823302710612893
     -127.106142336470697       28.117873624269073       90.078777792256275        7.949941254244813       83.687013190379290
      159.084658053223450      -35.753744058424218     -114.694540554657195       58.161692789199961      -31.782730937770239
       92.314955637545211       12.452438707553405      -56.779615025145468      119.983860559557058     -112.241691802414095
       10.823204341059920      -85.731826065236461        0.074016024026429      -12.255929319806345       35.221004081065757
      -47.350252580604860        3.233809428575066       20.096923313739421       11.604081254026335       83.857556760761696
      125.974666345115438      -16.474146392798669       51.947147556205330      -54.401521341366383       55.055831562893232
      -65.054781566713444       17.054244179840030       21.952411456026567       58.576671837172917      -25.053920113770417
       63.398294156734337        1.492665918694965       10.825155613556959      -20.138838426816140       18.658235430223080
      -37.963309334950345      -32.967672832696280       97.977430429624732      -53.461533890915184     -104.647545616628364
     -106.992381995575954      -34.050062566449185        9.738790587739324       11.959050052881986      -86.381865675171866
      -10.080707598107756       42.379380425588145      -72.208652588455294       12.020952044251606       65.109247674517860
       38.873498043686389       12.482431753930181      174.813250240541151       27.114143931979960        0.693939897951395
       77.897713664582355      -26.069904487116439     -124.310611974512810        6.765377028497508       -0.710501818606667
      -21.676335128900000       28.502668508031615      -59.778129307819334        7.159277664737608      -68.124403081444115
       -6.510633948810942      -26.344760238705490       22.489536430705595       13.206555868224608       87.817932972765902
      -11.020917858019510      -30.501404948195333      -22.922284154281208      -19.767647844368774       96.443888509604392
      152.527348271847330       -6.446202283738794      121.665980512256070       55.831547389668927      -62.107311268825100
     -102.301293357927491      -18.215450200637385       58.631777167058907       -3.479013514906699       -1.258633891901880
       47.105850175066699      -44.113224067384820     -173.233757949350917       70.497581697727469      -16.328231681129925
       -8.779418878903176       67.517900056635071      -45.496820681906335       -0.651102027810776      100.556738581309219
      -10.789245317559194      -36.496923329703314      -23.783839506318557       13.632461306665705      -65.946145971312461
      199.258498425688089      -45.823125840519410       -8.885450907622271       32.146272049000856       30.265305597688410
      -46.913789639906810       67.800713543524438       21.194504350567630      -18.798884017637079      -20.682798640929683
       44.970621265882095       60.499529705971554       90.219537619435343      -15.874412835669293       -0.761402605036398
      -12.992015467100156      -21.504858890157792      -38.238849910681303       -3.191695040622514      -73.599050173765761
      -55.676669971340388       -6.884741055976959      -62.479881981432271       -6.548258203142334       70.491064452136428
     -101.254108771892021      -40.292835095799703       41.475950577446675      -45.576906526826896      -18.352544395814235
      -36.455631392670270       95.406354886580203       65.919714301067401        0.935340779760264       -1.736972826059334
       84.633314326589542      -16.860369888131313       98.115850246923145       -0.706300134748811      -14.245922685775376
      -89.226220556023023       79.130947489670362      -48.678279060921014      -25.564613078583928       35.230194855655071
      -40.691592032223333      -10.046861732605265      -41.661531817895174       12.044004600338942       14.915212430884086
      -58.698684530458571       28.279324781662229       64.758886417180705      -11.600109576245725      -24.784466820700075
      -76.835506905679281       11.753111012162499      -21.902048597789328       27.969008841356285      -89.464921937074152
       75.431374705457912      -59.074661435795811       76.571667339603991      -25.981573239597516      -12.973592837571053
       -1.295106198488115       78.363542577932975        4.746589174539648      -18.543527008569828      -93.867881286437694
      -57.110775135808332       47.997994406778417      -76.746468847387291      -32.406354388884417      -23.770569564643662
       85.774545987208057      -41.269901613487740      -10.785395980353170       -6.065450899048161       -3.783782707848617
      -20.932937236899384       52.528632648907760      -84.120562047317534       34.861230696209574      -78.277445650687355
      -65.957992090548657       15.698058201006656      -18.641938089299153        2.741376579364580       58.055551853449501
       14.815044031123319       11.900813986855415     -133.724914881314248      130.857587641849420      121.746945259613071
       48.061884856689552      -55.276855810758803       -0.231924333749427      -36.151588060498931      -25.795920970907112
     -176.617615661179542       85.981010842001609      -61.467805419859388       57.677038084802760      -90.555825103283496
       88.854526554345782      -51.853071415448426      -11.855733068401021        3.358762841575621       94.316100175066566
       54.674882817764860       25.202265332829391       64.440096221692031      -64.727055996694247       30.296488906058027
     -103.979773938447522       63.178274111457249      -80.763751001320358       19.365989463263283     -115.266972670180650
      -11.495521206245824      -58.599425310245266     -117.717756121021552       43.148140997016071     -109.034978305041449
      162.958920430786662      -28.556149315001683      107.034779004081159       31.204697149359490      -99.327511898207888
     -137.153499497598602      -72.690568449531312       -0.385702972505726      -63.199367202532848       59.802205122159997
      -56.342235801265687       37.779311546737297       50.574946653451363       68.943567227501333      128.656388459904946
       13.092647134070935       -1.678801966737452     -110.192404398091838      -31.715571531964294       23.381622514317151
       34.716662365280051      -51.405975325718977      125.246087075435227       17.826539851283751     -164.141288866661938
       42.623777627044873        9.858199719044917      -52.090200891390175       28.099292031065207      -10.472156443266188
       75.836084980231050       48.799682938928164       49.094601933163126       47.379625003277674       -6.834624314364841
      -75.350302109574201      -13.878272519548410       61.388076915106708      -47.678336783052082      -43.254963809705700
       18.021591945929000       13.598590963557699       37.770992440389847        8.780390951549087      153.448809207218574
       20.508924597081169      -11.678077944546974      -85.928431769677559       49.867520797564019       -5.466331389111728
       62.874053215478227       24.731922226237689      138.653519253302790      -81.725635446448280      -22.725332988531942
       28.404111935970352      -52.914207189622346      -85.301724951865666        5.799279661684285       23.827061783864551
      137.449383269000720      -27.376736209929067     -130.332762239227350       55.496415475354276      -49.829244964138994
     -123.400403054415648       53.870039130240500       24.818563562727793       11.604512268933687       54.940783687460211
      139.296813620107514      -35.242079654653828      -15.785210563741922       -9.908947430092475        4.775204505906040
     -110.641905555100124       32.970852932634472       96.504309458779971      -59.326108929502674      -66.094343511314761
       73.194219535072847      111.782016826481609      -93.044744352627774       56.913584533143741       65.563838110836741
       13.864205454940731      -47.119568825536255      136.984840455664255       19.593633206649638      -62.714026373419372
     -110.100468451679802       62.099369374612358      -79.001490016994694       34.944301045675708       54.154733631375549
        4.709397761484438       -7.037137412889781      125.600204824071696      -40.976677216082393      194.957997695661447
       68.749447338224243      -12.994845219398956       -0.892883201401479       10.368166291211271       58.699910648106602
     -126.576615140707858       88.748841851829042     -155.255323344738628        1.558432804170405      -73.127906318143005
       86.236680938912556      -14.721861919303141        5.475171148170856      -33.666616779727029      -27.184614495770212
       56.412497505664540       -6.837967927604571       36.293798914195442      -30.409245386685747       41.270990028906027
       -5.878460566366515      -34.804627986654395       97.112874968923137       -0.294257540649398       -6.873606224978423
      104.028879542496028      -26.194331122012613      -86.313852531703205       -6.554447986137187      119.761118954891899
       60.755737632743326      -85.126404791636475      -88.640696322293735       45.593318153434382      -95.302771584085619
        8.437964822953200      -26.568086097742622      115.958554675466260      -19.721936085169908       49.500595505781021
       49.014141322590888        8.353248901718372      -18.534484097184261      -18.520304681573315      -14.029185808054436
      -50.871937443025026        0.911900741460725       11.339697842056951      -54.193655146183808       17.782641351902122
     -159.048764233022581       59.066467597558422     -165.477223975505069      102.398083100100280       95.242137486739722
      236.226799912706667      -12.391262325611581       71.474853787116530      -52.402330133697113      -77.732525582739044
     -167.517990133195951      119.606876509333020       88.269111106451291      -44.780862593045285      -41.329543248912174
       25.450122327392808      -26.401396792807610       65.701396057770836       38.900580968530299      109.508482599375796
       66.458845958665009       23.840530090077646      -32.783354548759441       -8.576422544263627      -71.104632058484299
        9.893439391382685       23.200564602763642       -2.508609085172502       16.301311093262047       77.700372626592767
      -92.662459451616215       50.865114351378615       43.378072786975011       -0.109587125206665       -2.345056779770658
       39.625784170183458      -10.676711454960952      -38.307569800494768       36.581521196970129      107.479119689707105
      -95.707251487171533      -15.434303280466047       32.480026407748653      -35.130398991105302      -99.135214421212069
      -47.324244486764044       -9.595056077550430      -60.227999785681327      -14.467599386199355       66.066519031712900
       59.069371488005949      -25.888587910659059       64.831547553929269       -8.327278930376474      -42.910359477988877
     -138.463846227920214       64.022666260076747      -25.337891785828418       70.150164740838733        6.367067894173003
      137.034303654459507        4.340957220919102       43.308963269314155        2.951620889428380       37.236676656388461
       -1.610465724682006       11.083253107440997      -80.025688719728137      -45.382595317762942       19.731161839227237
       90.817777453958271      -11.417827914378730        6.250610063176658        0.774583964711082      -75.679443439870852
     -173.388111327013689      -13.225138707967089       80.671241994165271       39.514976839706613        4.986098041282731
       28.924967996888828       58.284405532829510      -58.603870254945697       41.438619521176825       84.798878159506614
      -28.334601985820772       13.760179389685311     -119.083806540693487      -57.223037871203459       45.241297254988844
     -102.553225052111301      -58.763916809535168      -59.389239288887183       74.906397408635428       29.451975608018042
       -3.516042188155585       79.888519466878236       53.706444097064164       23.094735354861868      113.728479212142688
       -7.527426164535615       59.575827065265905      -64.938915085639110      -58.638213389074970     -136.531568544863120
     -173.456937961790203       35.162430493753504       51.696557831862492      -27.463326864675427       67.598314878977448
      175.588547312867320      -42.803935576967170     -172.153004495468082       52.736654724141403      -53.510910404372197
       18.354929587258816       21.474133687405093       65.458542875723055        7.815913937547540        5.491982961432909
       -3.311777881077026      -33.405812548952866      -66.569342638892692       32.088947691636626     -106.780210510422862
      -13.248052210609375      -43.974459605955275       54.832841774918521      -81.167548899340431      114.186372202544504
       62.599526620061191       40.289290858013430        2.969324008637659      -33.841760758739127      -26.990580470392892
     -183.477815357395798       78.609503807729013      100.570613421074981      -44.316133945767376      114.959461750008472
       72.876985561968411      -51.057434161605642      101.895713703178046      -80.867482593359384      -52.774917972930623
     -109.137831998472848       55.492630959856044       69.603272721869203       25.628442303412783       49.844021164118296
      100.901339275515667       29.329197003112775     -178.718304274719884       66.298213034506048        8.307731250157383
       32.085879809489875       54.846259806586758       97.942733776554462      -29.281451119843414       17.250639156551077
      141.195482620491248      -86.501239081804457        0.404838488906972        3.363887900273443       -9.677719512375772
      -28.564291129229417       17.717049262117939       85.909072546978010      -40.898395156086259       50.189257130089814
      164.727367003688897      -40.904707416902696     -175.717711616651002       94.356486314467716     -114.869310904463262
       62.402759832667172      -28.513229774892810     -142.752529848720769        9.328503929280004       41.457899453946268
      -12.146631780067695       14.179340067302348      -57.712979963715298      -13.598074137664653       10.429945188125780
       66.393667425831410      -84.671518052006647       68.328886434296990      -10.701991522207377       74.346581665497510
       24.413747237250384       -9.233758680050753     -162.168342866753164       -5.954852143222124      -60.373266977451557
       12.903840444816151      -46.279770678660341       20.973218705520718      -24.420803518206530      152.361419674096311
      -97.607684225216857      -10.444038247639723      235.317109719593958      -45.625768350302444      -51.178024659854898
       55.206964965770339      -62.335344470031558      -98.340997629568491       59.151282372204598       46.810854678154548
      151.606357966039894       29.712761019658245     -122.272832084346135       99.265709921963122     -103.251171165661248
       23.590148490507818      -32.450154735850809      -82.814157586589417       17.008232985920987       -5.895789358885574
       41.680528523180129       21.037721045124613       67.847894995818635       25.466895798930974       25.618731274255179
       -7.010271770539439        6.874662773881614      -51.928914789085198       18.952667669012389      130.135524590957658
       -6.149568195437071       -9.346307104677406     -195.447090789476903       60.975829991139882      -38.176121694054764
       69.582156565766979       -9.245151311330483      111.605157706100613       44.861491821906746      -39.093283026967264
       42.049664039314969      -51.471008367630269     -142.756343758697852      -23.342720232138468       -4.568887251099833
       -3.185765456497162       11.761068088849422       49.386670264928860      -60.203382928493497       56.496703176815991
     -125.282055349842310      -22.080226974212003      127.871763548328744      -51.108420291593646      -57.705579857976282
       51.745148819098894      -48.645838708563204       63.852331895973755        6.890169741174421       45.053818795330457
       82.545094823467906       16.013600123858840      -73.997444622336303       77.259640811906394      -41.727665212816781
       17.978482877907247       11.157584889099471     -118.622673724266633       15.142364939409221       28.141091644246785
       39.400026316798431       21.602813513866430     -119.486700507747386       32.370236991009037      -53.372835351250828
       33.780294409566324      -23.045191310806860        0.360850865167203      -25.909825014102161       99.154343868215093
       45.579472478978097        0.742999139328610       64.528481003072571      -16.807760681073102       16.307593249387619
       -7.641920483866048      -39.856456986724204      -59.352498536907362       44.738416994285387      -66.888095033911611
       37.690828924761789       18.124332035352882      -94.525055436187529      -49.215000429423633      144.504233669071994
      -33.969468060767113       16.554678682507213      -61.628983780202070      -44.477298582359523      -61.394795330250524
       47.093962870528451      -45.988307441184688       57.684093054106917       79.383459628813640      112.810688970574233
      -37.001268215722604       36.684111765924811     -100.353402739728466      -32.755900455524497      -52.297295643083601
       -8.768219984744984        6.795422172627538      226.266362403415940      -71.155533988787212      -71.747055389543817
      -26.408778051117650      -50.539738127377674      -67.794641771816345        0.705827753839655       91.728276180856014
      -28.882511895256847       37.949019832764442      -46.833457590885288       -7.276043976153952       -9.154177032592296
      -94.898043715283265       45.229431554186107     -105.666157368711339       67.137185524681996      -75.360049997487934
      -86.627941323737943        7.369234280428233      171.329382442627974      -19.558656855629504       99.062485442915332
      -43.459907093728546       24.356823999091120     -164.142665470785516       52.320460314249111       30.687881258441028
      149.320090030501632      -33.861500988542240     -112.992837927746749      -51.605312986968002      -76.664068753672538
       21.727481507975806       13.762462164956348        6.100906626761184       30.537457329883232      -18.287289405255361
       13.403405393230226       24.555454988383062     -114.233872008797221       61.101770552053409       39.897888094490277
      -16.318528919359622        9.140516980504344       47.594152980550895      -68.481441628215890       24.220593479101009
      -77.797610956672955       74.067612989581775      -48.159369027077581        6.729911258369294       50.015956239114409
      -53.386142336131662      -36.369549029250663       32.863598854556024       72.682645095790861      117.447882819964931
      190.179815873425440       10.010108000667804      -16.502316415169744      -10.542688452038723      -96.097843769569820
       37.008127954072826      -29.511281844942470       26.698284886886015       34.975059481109987      -29.373294549775835
       29.425802014235231      -33.635976597286991       34.231321397538814       25.751295024293047      -37.873636096858327
      -45.365547406451000      -37.719945434048313       38.245540425285490      -33.192103159686660        0.935383678359774
       67.677660551254775        3.648733014729549      113.800454149595907      -12.998587525697289        2.336770474081641
      139.658558201450234      -21.899716568822960      -90.234995408224805      -44.409068316732963       17.601594339961835
     -207.220381815150830       75.986790237075368       72.434497455637654       12.935297312770500      110.563529384703017
       78.723928608410887       -7.718455620147539       84.137557034345420      -79.493009431564346       34.691083746287866
      -77.323097005687814       26.357008514818308       58.467624362413986      -28.250567030652579     -124.200759634005621
       51.828093047344268       28.416699941352135       39.942870876699239      -35.189672489434116      174.877396908061030
      -22.166174853999816       16.053881816293632      -46.774141318224345       47.001268094996441      -88.176839757006263
      -18.410817913841537       57.378262151498511       33.430641482849289       11.567375754691923       76.189022286041705
       70.335184634944227       20.485045991077804     -214.304754328818831        0.267900568381642      -55.722056420459303
       72.340830591873086      -17.733524565567134       73.050476541895065      -58.040376183932942       65.527143853983517
       65.690315188007645       -7.866932252271841      105.952071089259348      -12.755881863630618      -15.172538347568771
     -217.270153375235054       19.282654550382123     -143.679137212781626       41.708041656311728      -87.089536143264041
       37.224515767078906      -53.655026007348255       -7.171102915242766      -16.182713176900059       -9.752638304181726
      104.689844187679554      -60.717134435606226       73.532042659518737      -76.459588001539430       89.113964842620632
      -52.735662693952975       17.445657980044039       51.816218122321885       32.007692234249255      -67.890836970277917
       40.920326637427479        9.420165857510328      -45.496601441950240      -35.103450699887595       76.462406587358430
      -65.255361364134160       55.063459602543688     -231.011628374187751       64.357515200858643      -29.311349577573115
      132.737067481586308      -76.030076978106138      -22.407748649187365       84.210708862562740     -182.581295955117980
       91.428758755749243      -88.177320533717946      106.749131578039282       23.387418130310980     -134.455844017742237
      -14.455583043599322       42.967691390217595      -16.926992308831608     -113.184067171489531       52.898149210942414
      -60.911060655383054       -9.612580714834476       43.826658138558933       -0.880334187828847      -34.575960968468543
       24.812299630418607       48.121065393985738     -128.815346279497703      -32.417982735986875       22.418360976347252
       45.770295702217034      -42.600252491433501       62.629163164888695       18.113237666648143      -11.110034648691617
      -77.941842166498589       50.318678883139754      -86.722288128907394      -14.544551775878608      104.638196613342217
       55.731695388941631      -73.633936878087439       -2.575951091839387      -17.359639394863351      -26.799151647576025
      -16.852891637411993       80.377310798013667      -40.265225388861886      -26.404590421476605      134.879558026041650
      -41.588048106172359       33.121514010568987      107.785773203235252      -25.517289969811770      -38.686225520262383
       52.020262336291253       23.511480181639943     -150.336632671170861       79.081613619906420      166.943678325603571
     -211.615159736994940       56.413252603755808       13.364916035799460       88.203550312293018     -109.107048899922333
        1.540322489126822      -25.674929500745193       36.076690878845312      -32.376955198204854       -1.234515327856772
     -132.190013966177332       40.463154335423255      -40.950391906622997       24.102534649173453      -17.724395095488532
      -33.785476462446645      -32.403625265018853      113.514459449380169      -22.913388311084471       21.238411080058711
      -15.403938027515901       28.634239241755214     -173.661133005391889       51.531882705893345       37.330860678401827
       83.051887866266583      -63.190085630756180       87.460839219652129       10.598363021957020     -109.231453761958463
      -23.087873377484147      -47.748566873281234        1.815500152911942      -37.960875171367469       -2.046865917327424
       12.375459520538294        0.899386960729295       66.399238023537634      -83.525847299784928       -8.081709831573647
      -34.842430089059725       33.908159714112202       41.146727485806494      -54.558595175789151       20.699607201340701
      -85.676546346718965      -74.377651291398720     -103.016219906438195       60.194177710508995      -79.868985016299092
       42.471200565179835       -7.338329068530210       41.714197993031846       82.918865946323464      -17.628376458043814
       -3.582303694723842      -44.347947747113338        8.108143296473246      -42.741322537289896       35.639602388464304
      -38.205754452549122       41.318487123257363       -3.365085701585635      -24.659450723420118      -21.912114587981346
      117.367612789194581      -30.031277776381962      158.083031369249113      -52.983127794791486       98.571440346121136
     -227.260727962150895       17.726243677496520      -95.879137334524600       31.831788740103079       40.809800432726725
       41.603431492981272      -13.531291457339414     -120.965931691662675       63.312679711911194      -14.811337934875985
       56.009152930382449       51.717996949542858        9.022604221085235        6.394554975333525      -14.824570135800409
      -50.208215670628242       34.681350082298131      -59.571390731802538       98.934108924023391       62.020780293091363
       53.814802870708775      -41.830832025530810       48.548820854347582       42.825367855998159       10.180089910130024
      -64.135867224766557      -65.232461723080760      -28.179137260135654       28.888247575151254       52.677916214927698
      108.266513384640959      -32.270879839326604       56.224354820734561       23.959595929600205      120.996838895651493
     -104.660633761247951       36.694852072331784      -76.413301233741578      -31.045226301420794      -87.627057712645851
       62.331743471488892      -20.882287258057875       18.201616189211368       -8.292409334121244      113.391507077047208
     -104.482569859193532        9.661485023159010      119.118011607903213       16.746418969313922     -107.898400587860962
       20.953822172704538      -21.535834269059766      -82.821515888550991       17.117167360444313       84.856938893603882
       46.553396016418439      -52.439780163408081       80.954532575969296       14.483094107027167      -68.292603918285636
       41.235368273835952       -8.487434154120411       47.637743511870262       25.816204291727175      -26.135098979556762
      107.390728336692831      -32.193137093271957       15.385413874915212      -35.917710330903567      169.492032087995199
       86.351019843040788       -6.602938110247634      -44.362997099434423       22.843754141927313     -139.925138063306861
     -145.945402341495594        9.073173036130241       77.842681414921145      -48.495594208590397      -24.276437459096076
     -105.539515767031560       45.489699755536286      -36.823591494934320       57.964445815455079      -15.394213621620137
      -45.767250660645900      -42.103251415961957        3.216065373575812      -33.241031905622613      -10.266948106345419
       97.072044765402964       10.279621217005312      -36.139958190367196       64.916325890285023      -21.764498986424808
       42.216432898652592      -15.372541166273995       94.115646324526310      -82.901163809575408      -44.838379924598293
        0.325651610474486       26.942839126965698        1.245530626108303      -50.176389842523015      -97.722235715663246
       51.356671518089364      -81.733157744222254      230.287569557548068      -16.346243135793351      135.575630019024516
       10.215374124881301       -7.292500280755011      -83.168293317346055      -36.545423324795799      -79.718094853389019
     -190.292419951628403       41.259041818245095      114.605406513829877       52.229642620635438        8.079068533207712
       84.808159497144231        7.470623877004087        0.490272664138205      -53.344692784948791     -200.716443151402927
        8.351194043825103       15.082249568322446     -213.581029611478698       98.198715623671305     -108.419681105309067
     -111.517716822487216       55.491596676600018        6.261517024221242        2.120270270082510       72.754609815042400
     -110.213937668272806       45.660436205981362       -8.960856926565269       20.422544910729194       51.879044545768316
      109.149402237151932      -16.332759611883219        8.875592743405800      -35.684522657638944      -70.446665081346737
      -49.169917129499019      -10.969066038258548      115.437282606940826       27.468905043602213      -29.667064596623778
       29.559782721256855       21.948810467019229       35.730848238360117        2.594381416350935       39.042087318523372
       48.987614845813624       39.357812124499375       58.862197368039752      -78.057594935332091        5.658227024965180
      -60.308043305148999       12.002498985330774      -56.574151238917487        7.177691133938333      -25.509168055941711
       92.189802364357405        3.613787471733239      -33.505414577705423        9.433339383945485       12.060961670539744
       69.597872930299829      -38.666656916371394       -1.314128908520893       22.836561840056877       49.058874066011299
       10.650956315482293       29.750964353525994       -3.375856542232574        0.329623480039249       11.542842248975962
