     -144.514050928516809       53.183388830785262      104.940143729769360      -23.116248184402707      -52.889389242111974
      -79.142570983299308       67.759831462086979     -124.595735024630926       28.127648327033111       41.036777649506554
      159.558744943685326      -41.378246882642252      -28.926695275966146        0.989269809068879       61.956648585997840
      -83.853983170693155       22.241962060655663       22.896667560042058      100.273823162524323     -100.148192018010548
      -37.426155972790198      -26.401546932681743       13.568845172297381      -84.805636523697331       54.500578168951712
       78.150328306975283       28.769008557967872       66.597065768013366      -58.508918930266951      -74.760994534861595
       89.467975662021800     -118.973591042219255       57.736941603737968      -44.904208640341594       28.351730080447297
     -153.920194464282474       -9.901309937523797       88.855203135088914       21.943148999340444      -21.073478168819989
       63.814492280536527       -1.847306909613134      -91.333438715730608       34.248561040938021      -95.753340807111385
      -46.190409081804660       44.728213991873552      -40.187681431577211       17.537947780321737     -125.796338104040217
       34.417273532803279      -38.166398841534281       90.916443336585942      -11.677383509801107      181.571870131594977
      104.098808435763573      -34.733555459920503       74.620393479246559       47.272136346665711      -33.113951517300734
      101.064196114684577        1.336338856517619      -28.759450203936314       83.286591604323476        4.084121482634833
      -74.871217549232384       61.585001098997346     -152.013106957180270       52.492902974347388      -54.934215797907918
       78.042480419495760        3.193829482190894       39.181686361843845       10.420985129936566      -38.745608954658778
       18.528052224747658      -39.650389697798992      -65.594026909511072       12.132276090342396       36.551990824113716
      221.499410050885587      -49.097793343512762       -3.373110864176112       -2.084832971640559      103.120438678696630
     -303.557322609784649        8.904632189277448       38.979314424772554       51.344382318833375      -43.401647275608290
       13.830524258830113      -13.733122203480107      -43.085694084726647       13.488851340671292       30.120073802383835
       78.079478277121794      -75.117482561431814       -8.541061861369217       -2.475798974285418     -127.827461129498516
       71.396690009602494        0.879406853226883      -22.054752222175310      -41.054568504810845        8.522188054098645
       13.856785530644910       -1.199911995585070        8.035622368773790        7.346656548156837       90.819225543020593
     -103.343612173075584       19.043116720994195       93.832577484659865      -44.293238858323669     -168.805775080194309
       -4.800756323886519        8.026875558587346      -51.520452214195174       28.922812168339163       44.476541977613806
      220.179788731698039      -99.548965550908832      207.505082635335071     -123.413283962517951       19.847472450620938
      -99.526429913369853       26.198096489585691      -52.228796899421418       23.149135842428979      -24.497638911859266
      -22.274750153476258       58.126594749348861       84.808658238008334        1.280137176071016       58.480001168982440
      138.080788917295308      -25.607561826456354      -56.983406204780245       52.607498758847363       59.417627889423557
      108.775896663519987      -55.925275353899316     -125.172227066718506       21.062867315871401      -63.373251526341882
      -78.939749316326441      -64.437195744204089       -4.955694089708918      -12.582734008137734     -133.111985126267570
       36.307747860747675      -58.060240793657755      -93.265616815338888      -30.218045955864962      -36.968840308528321
      118.430011896137032      -21.314117030210539      141.701085011795499       21.272630945280618       32.577108716560993
      -98.380428530322448       23.995817625306014        0.112094503017463      -20.178327963542305      -38.066704173082108
      172.429062297350640      -18.945559250112506      -72.576195682523903       43.216783388481538       40.567722125244963
      -53.174055234203252       14.241523798449318      -65.202902935705069       62.884327056957083       32.841090819148022
        3.499280346044954       38.454092640454526       40.480253891721603      -15.496710697392633      -44.944096740900399
      -20.762087526024121       -2.297930499592817      -13.223171235312705       79.354775910461854      147.043647853408686
       30.731436979666029      -10.241561523603789       32.918588241976309     -113.626299923774653       -2.967508752949977
      -30.592465800912802       -2.373984508230117       48.216969982896792       59.647547629107962     -182.576038846856790
     -102.920502423947838       73.047638635879935      -35.585373656182014       12.243092653400236        2.566341731599849
       90.713245985780304      -37.361040704916384      -33.263303470760484      -25.030067214988645      -72.200748560054080
      123.390296015933671       -4.715648635649831       61.258758767008743        5.987513461419050      -77.724222218996246
      130.849512174521919       78.741493153953101      -29.166258477498467      -20.130368223864526      -24.162896419063340
     -162.614643341099764       -9.873932731375399       -6.373208961474623       31.868035930891956       49.503416464183005
        0.419775279070010      -35.915745498542911       57.361784970265234      -19.344097467224159      -14.881189984327040
        7.314043162597955       23.044441293615264      -93.429280682315451      -36.205165595716615       32.363844288183472
       -5.700191962650723       16.782431945217787       84.400875968586703      -17.886614569088874      -42.154752559983066
     -115.728740789266382      -37.807144477945123      -56.983125512069250      -30.090458188375564      -25.900612236642587
       16.033824907133859       62.870835791299392      -74.943292933500615      -31.585625548899738     -102.811071826254334
      -10.376192302576751       57.239216211724411      191.180453642345640      -57.152990807475575       15.487260882629732
       97.106083003816437       -6.468880465673505       99.802539899462417       -1.398068719158647       68.170053438181881
     -208.991635890985663       29.125675647775665     -149.142316111466783       17.959366853126664     -193.302938670858452
       95.823830245785942      -15.106521144707804       98.872593119600310      -82.891630648834408       31.305749566271338
     -151.896258017805337       87.812465528735842       81.087731772895253       58.019458341401098      -81.984934016133465
       10.443257091346233        6.050891105279070      -10.854591813461946       49.175327675196293      146.439461254491562
       45.279196057036835      -39.058947511782293        3.364348603095538       20.217712384345873      -72.385259334901008
       94.868286801172317      -48.569222181042662      -27.474450576132714      -11.305310265714095       13.146821173878887
       79.896618113064918       19.647844635353291       51.240849731805447      -30.854031495503303      -28.422944154414179
      -17.077563445124309       -2.033920659105467        0.679770216189094       46.125793171373701      -80.218273124518120
      -76.202682202739169       12.758051841309149       54.051103994286670      -66.751746819669080       24.338986605666939
       37.019738348243045       29.439599663985089     -192.949102207104971       61.843829570028717       -8.860239682440399
       -9.839796039233693      -52.967151846626443        3.206150216519931      -43.690316275677134        8.459860501092537
      119.754620179685574      -33.351622284325387       88.006818877306785       26.785608121119097       26.840965309333466
       18.624162073371835       48.646877689949498      -72.967673250088893        6.898919054339526       80.513203869137328
      -71.218208731337512       45.393868109130437       -1.410377849977198       49.863317985322340       46.260834036341535
       79.690945362994285      -27.995614863897227      105.300440701050491      -47.131829091799915        7.994204827657012
      -40.176138599932067      -42.164962646805073      130.374145359358266      -23.119938391659897       70.008186449602135
      -68.867501186162599       32.840969282480479     -154.432536935401771      -52.291221162168874     -214.221563961021872
       -9.577451526933764       13.487703003334236      -82.163503844266032       92.979015566201042       -4.024385536254380
      181.460633419384436      -48.545153881500916      -23.672498324488441        0.617309213530138       18.964468446485906
     -186.954147503140746        2.762053845316098      -78.397869226207391       -8.564592393431811       -8.805864075212307
       52.308656402748689      -20.372371019509053      -37.707754965864325       -0.829411153853303       90.902628799325328
       70.208910705557301      -37.212295810779679       73.737623321082353       12.266256290803181     -177.846187243761818
     -110.905625268566254      -29.369674865043034     -138.446527081855407       39.643803541216393      107.467930561886632
       82.995842053776613      -21.356173152519514      125.442078276189577      -37.237977020457230      -86.677544287761165
      -72.024164689456100        6.550580060543806       51.932134896613022       47.988401276729761     -101.756365725570845
       87.412645882459628       26.600099495938121       49.529345199151329       44.132073330013633      117.991499128173686
     -121.169927430861165      -46.566851794836680       28.783662014204928       -3.621009577945357     -174.966320222207116
      235.200283193551940      -98.488534259865048     -119.576477356975801       50.873400272706391     -113.353630012477396
        4.230730201542441       14.398516997645034      -14.000244960067265       12.121110017772921      100.973245799556977
       -5.708434174300247      -30.015857795536235      -85.897977676810939        9.924937251650460       17.063143869478136
      -29.410783457645351        6.718488927157249       56.381456709517742       38.666469390759744      -55.259727463268817
       24.896616151129113      -27.537962401813147      -27.090739844096110      -61.535938786136256       14.150288313144316
      -91.433757587242468       49.290044064342609      -84.147074580977829       -2.542243867231208       10.788544616634168
      -34.771838687388758       17.072358903568954      -47.653636890285519      -18.633206523683505        7.410113822186925
       82.680115413443644      -87.596881883575449       59.407176566817107      -26.736865626317105      -92.521818281076833
       63.589508112872309      -27.064535947352898       93.820964514500929      -32.288230954620708       46.771864499556898
       23.946381927508160       47.370901558708780       39.416571827491275        4.966421791982312       78.116868421085513
      -42.543214170797903       22.441995955921620       84.146676544906313        9.402766471995994      -10.214379517878687
      -48.337282963883951      -10.796302645993279      -49.297894281204911       29.890570729486416      -85.133938398395259
       85.222013373707853      -28.135151449928642      107.015316578543079      -36.287629256058082       32.442416805681574
       70.217243966154413        6.244102110678694     -220.697730853026087       17.984921155115945       50.574560692309568
        9.866094155039901      -84.284300993727513       21.788118866424607        5.382678323705840      -81.895172344745944
       73.595680985352772      -13.766613680848410      115.797313561640905      -17.672713440626751       20.566542524767005
     -132.749483027999730       30.494576805988288      130.204508843820662      -56.837694779422598      -30.853704397592036
      -41.779628386636091      -18.877429117698100       38.090928624078799      -16.385296921383809      -44.962469808402780
     -194.315488848918847       63.715249455528145       -9.731437544271051       -7.552911660725256       24.326467501483066
       39.732437351941748       22.797958895115002      -59.870504301384457      -30.693563717848551      -48.944396352765970
      -47.150579438010539      -60.344507912404396     -112.920364229465207        6.798963538932859      155.961441867384934
      -17.961683049342867        3.793967591867072      -79.753174313524994       50.909703291571233      -46.071070033403252
        1.643220370405391       11.985403744408782      151.667743064283769      -16.333972984614174       -7.180345368688353
      -30.031493458871857       24.293394595666879       -3.021987156028377       19.864419151325674     -120.830625928017994
      -97.299650262952255      117.765652988784367      -69.494460692437031       15.982085543287953       78.599278699366906
        7.614008821578341      -30.394495158785954       37.090444379051107       68.422742338434077      -39.691991255642009
      -35.276225793338320       25.142514311770874      -87.427423943241806       -4.219802203796863      -77.770014491435461
     -129.993704425620791      -28.145409965937674       59.338442461909032       43.397921954014627      -40.521531435448637
       42.108670335642195        3.130552629603327       57.822545850294595      -96.664750742274805      -49.546056441289984
      -84.085476678470172      -19.140228020195266      -98.704640702439363       22.213256829380231       93.722894195714659
      -91.009208685895842       33.575452308990961       63.855388881986471       32.781703194570241      -19.571571739005766
       76.419607984783298      -28.756605295774026      -91.046291403077461        1.477358006624473     -173.309282937099937
       19.750982495206244       -7.853251155819462      136.817585591767170      -65.278015242548207       -3.808127650884434
      -53.053770271777097      -44.869580007047887     -107.436954794179996       57.919516010175364       27.085996133283768
      -71.025452575117640        9.576096456979533      -30.279385640640243      -51.309186814421402       -1.858245500332262
      112.264670327379619       47.186631358188869      -73.913189095234600      103.082375063322857      -81.601057050792051
       49.681099084263188       56.870595408931116      -47.573906336516835       -3.204776276010642       84.775506053290314
       72.655948975464952      -78.208603107469258       69.865127506959922       30.383873676646971       14.542516647428153
     -271.456737254046914       70.034160804878411      -19.457035268976217      -31.532282696388528     -127.798937594812656
       95.063110926472461      -20.261700999799732      108.761426178097125      -52.464645929738367      181.312430173064570
        7.780844918694224       33.560374571589271      154.726419056630164      -31.985985259157278     -200.353107332467687
      123.374186945121565       -6.468144193103889     -307.278323180884627       60.009896213345712       58.324045011634830
      -31.313493149785266       38.030998096316523      165.567075154773590       31.400942023548957       92.788233086674396
       -0.275204902483827      -25.823048514399641       96.413280831554331      -92.718276828613313      -77.788937862646691
        0.704641382296875        4.454767914648047      -48.404821986368610       31.609903350459632       68.839026676624513
       35.839056455076651       -0.832948393690018      -21.120045293805834        7.536295506666073     -139.975388738293390
      -31.100447296507056       14.009115323681666      -58.481315483831551       41.387058366999518       48.038511563198618
      148.302655526758741       -2.954519618317297      146.943973149965132      -52.272459761173145     -140.443418765348156
     -153.079742742892563       -6.242605325217785       37.127867978287448      -73.235067621352286      142.872323561954659
       49.745217303080238       33.033459953087082      125.335481133064889      -58.682201363599283      -95.714387969067801
      -85.314925519502069       47.593883584024340     -166.050776167827735        9.917650163369265      -94.581848380725546
       -7.887841005409349       22.737823753236540     -224.758487955777611       24.820704044647005      -24.998434483358206
     -142.295643284268664       -6.945253330982462      119.330857146689851       50.988478821706330       40.223534620108857
      302.735990866279792     -140.745564674105594        5.381833220853391       42.081958177243230      192.456143922141365
      -37.993579752954190        2.063688628320062      -15.087769565580407       16.073630642397443       31.812903277753133
      -90.943207226405477        8.103472087077812        6.606171211525693       30.774811503273110     -108.370526702191796
      -83.550973005033825       -3.611723149462466      129.079332090254553      -15.421435374470210     -146.346561469935580
       65.193825332364085      -83.773643254033857      199.453468635916977      -84.568438473786429      -87.913866637117721
      -81.441639986598062       21.701443794354965       -1.613166945853564      -13.579905087174174     -172.867786156373143
       27.312003905081340       10.484692338487491      -83.145170996688563       57.622886056993501      -41.815876755902146
      -45.220345670613014      -36.253420635890230       24.542806981771253       26.207443480706328       50.584480198066814
       52.475638453550538        4.066812497185147      171.814419422659569      -92.358577362974884       59.929573204279755
       94.814270895418289      -36.268321666725811       22.097916587823736      -14.779575819453767       -1.661719389690401
      -25.047577507376388       48.138013863957511      -70.099479472332519       13.866371950163437       55.049818458664348
       27.389547236110534       20.751352744475639      -23.243130933868805        1.946473439722088      -71.504369813866120
      -83.353600298149146       30.863068877814428      -32.365366108082483      -13.042994530593299       -1.667739829948249
      -65.246548441658220       38.726325174539262      -26.122212556649867        5.778297906910208        8.916092869129294
      -90.079300625908132      -20.033086030048363     -210.837040225971947       69.754073174691555      -41.582088540295338
       38.991175106121396       29.253735261880092        8.661457692852126       29.410331624971761      -11.877296883299273
     -127.790119875808088        8.668264813613138       69.556122084096614      -37.407727914915775      -48.458129692045212
      -21.971231706875088       63.130429313023861      -54.518866533389883       42.934759589729445      -95.897189142639860
       75.940506308501952       49.187196230438040      152.838504251500552      -53.519382151563349       68.417654723060394
       11.388000351343946      -26.079959492502827       57.183949833030177      -17.912828334939977      101.638699127933037
      -22.487204471139179      -18.026794176287911      -52.684184050842283        4.394616717953872      -59.467346965140734
       39.848432495243458       21.070100685839520      -51.632107127923710        3.933363356570205      -71.773199416864045
      137.135604534528426      -32.064679625745100       91.491258182010725      -86.494403788663760      158.968342369192584
        2.648735739742954        3.868322841328366      -26.021411249697088       27.809938157732077       24.394221338920985
     -123.636224852415239       -4.014245676565436      149.199839850223896      -13.206740238236305       28.245661861165857
      -16.725014235258779       19.536469240800304      -50.270293392781802        0.544005551678934       53.428074498456013
       90.947399410990471       48.848076479187782      116.467888503322854      -35.931318802061433     -116.214581924676764
      -97.342609809551348       24.608279951327322      -49.639503434642073       20.966232082226433      -38.003018735851384
      105.283610144142060       25.483651525793100       -6.424246285083822      -34.363432428782481      100.111044755347976
       46.726896875334454      -24.164386568004492      -30.093969399554460       21.332478785222097     -248.506215536456807
      -92.104543536268935       -1.342447151558455        1.362336893499859      -48.341214570093825      232.587333853769735
      181.592060246571862      -41.581803309492294        4.634094418157491       80.026655324873687      -14.516983305837682
       79.644795657458118      -52.233496925099367      -91.296421439061618        1.332632926640349      -67.834720901072146
      -66.370094128560680      -43.855862640379925      -10.269757381848700       -7.642187295737818      -43.484976676868577
       68.954623086021215       12.748155318675661       79.530615503760814       11.778006024748201      -45.518997816522976
       39.042147439141360      -35.334619215012331       56.430470221893508      -11.583401071332821       73.636332103166154
       45.071110048314644        8.443015514373897       19.090584875367501       19.553797362812677      -81.833855462593633
       83.402699855289228       -3.197095398710839      103.160960649949971       10.238807275969517      154.758005333382130
        0.887918330234383      -10.011529077311058     -132.256460740711532        2.025039597814355       78.409047704028410
      -71.908920462104490       45.229285346971530       -9.654400008261003       44.532599187100892     -110.703783069390070
       24.511494517786055        0.746496306798988       49.197879553926391      -48.740449137804767       87.071475328848138
      -71.728432221749102       12.020834318819324      -33.744119866575737       -3.885146369234492      -50.375115984164403
       21.376250396738875       28.272028900594545        4.605074611474006      -35.720252720501506      149.199991092408993
       87.442384042988820      -62.827878171463617     -153.881835643360745       39.312767759122941     -145.509339582089012
       42.988056604960164       27.139993105984960      130.987034909808500       -8.780961730317783       21.237007539023903
     -142.892518406772552      -84.767294694017508        1.609798800598282       15.732541941203642      -16.586586917136007
      -14.814791711311271      -26.272977771646016       -4.101288657424330        3.159551777465291        3.223658372439468
     -101.967190492005713       75.755503791543958      -14.054615709016648        9.865353700053722       15.190263925488395
      -11.339632239933380       28.864392983170571       38.981226466740509       -4.531209673814744     -211.713423531358330
      108.937689214985539       98.922615031845723       39.822253986618762      -10.227424893569546      -79.444551083394174
      110.919660866853363      -45.458663827643342      -96.060477150615426       55.961690209790873       31.546528515152488
      -77.013708239215703       -2.261205683433973       -5.497992744572640      -17.438650227821199      114.745114468207149
      -16.472097880220247       22.999859666909479     -100.069022438750210       32.583255004598477     -112.717593515915226
      -16.947864666704174       86.091901437789303      131.898014618944018      -26.617771053334192      -30.059113841693900
     -123.083185052276221      -88.187997839264611        0.009091255080314        5.525655059080825       39.921927495114041
       82.713246079101367       32.725602479797949      -10.996841940105925      -44.812343377201117       67.046410838161918
       23.117931180296679      -24.121615650209851      -58.979534701032669       29.666951158651322      -90.787989909712948
       11.671758199225138       41.523487974189429     -137.826422345990437       14.156822842081260        8.453868699590368
       80.899552763756404      -56.899831682120563      237.901616566285327       -5.474229082291759     -135.848287160013086
      -44.777928152707894       -1.964111979893701     -184.145743923105869       51.235880113069832       42.926166263272492
      138.768410070809040      -12.374188872886313      118.681537759264174       -4.929153716298601       42.865361318331225
     -120.430622886061840       52.545575449254514      127.115163432489382      -12.144360146171666      -13.566652622828782
      -31.214692556014661       25.211043205591707      -74.331305897847173        2.280118671807593       20.418417798726200
      220.346554535207076      -14.740751357358477      -28.038348141071740      -12.658931192016102       93.676179086076274
      108.921879404699212       19.058773132846991      108.969531338626112       32.927699517363081       15.759719442372980
      -13.794703671214368      -33.609106634198184     -104.112475291687090       28.215988783203528     -187.390205024858233
       78.311739297241516      -36.327815231384768       10.186718166276757       61.147546215507880      -50.067559867650402
      -11.013399028948726      -23.134017187626910      -40.023105895724633       18.269076620217099       -9.785372933567308
       78.427332167629388       25.937527882119944       24.828140272882532       18.349837729728787       18.983626522979158
      -44.420731547250973      -72.346561966411855      -60.052800816376774       23.935448698353589      120.419297485850890
      -68.419638596338928        6.704078607738506       97.387471749762341      -13.439303811210621     -249.217140327592944
      104.346332727437940        6.448685353080070      -91.101377795582138        5.098896890106209       -9.424679265007841
      -28.909305209700104        7.769866076291732       81.581615563569272      -13.583144669747064       96.946011975227265
       -4.237263338777697      -29.763468156296376     -149.194410478670704       15.442842162575698      -82.394657048209410
       60.518718584658451       60.431873131057145       21.598496377311783       70.289264462309390       55.108535476423484
     -102.481047600468287      -50.876155058329040       73.257048785386516       25.681323198158839      -29.904865140148811
      -47.836164207935219      -69.035020658500855      -60.396202413100895      -38.320834268802173       52.592870961470290
      107.164326775780538      -20.688182846174044      -96.872655638264050       15.014368062634819      -54.281465275232556
     -179.467174649661473       42.306742741056823     -240.291411950353847      104.105863410791258      -57.782448380372742
        8.820277174727533      -21.272268472882164      -51.561996053100827       59.040506593572928      -19.522437151934572
      -29.104251951711436      -14.893021188900269       65.432388236007228      -42.078355792367560      -26.968568269016078
       57.111661750640657       30.175487418366885      -30.384130225986773       60.833815170817118       52.248165181504177
       -8.550552727322398       -8.532832545457289       24.260229852925182      -28.238815170934100       64.803195260822037
      132.319692014680442      -91.467647082365588       38.006014401543908      -21.179620706897989     -105.560413744793067
      -93.391073431469067       52.742880639269451      128.248374153225512       13.388656010061254       42.971650338303412
      126.044012665970570       18.192500193966143       -9.332126188680824        6.678033572510356       70.145558555394700
     -156.031315720504040       18.127372004781648       42.398203129408010      -37.446944902484191     -107.457088222360454
       20.371738808790344        9.630826408197638     -229.836765431254491       57.325179264100832       57.270791321046637
     -157.742481536039861       67.839459164266913       13.599236224882958      -16.074979476587394       64.423903813094398
      108.713835873271250      -94.750879508788117       79.843018170633769      -22.610212419645638     -121.010458084309064
        4.063167099353406       -1.861231362183171      -28.325682859780358       17.626149957861827      -75.657329910673639
        2.661053744634132       80.818983852147142       27.293972417734263      -41.435887791187490      -19.036429701709501
       81.867448619787794      -62.144124967592660      145.172508211042469       26.133550458166873      110.592341948693146
      -85.342972213613550       -4.773143916613961     -181.739096541331577       -3.488786460358942     -116.222255321208848
      -59.326675337711137       30.759525163915804       93.119890309951757       17.696140568588746      137.387765558804290
      -14.647793502503774       45.596164424441348       87.580299243735141      -50.347929125573948      -34.863319406893986
       17.267977945715128       -1.430074311798185     -124.843317014242174       62.942321216937074       63.371956939392661
      -52.636720211161084       -5.550358939899262       92.517416319559118      -53.589424005819225      -75.155821817459113
       62.270455766373338      -50.903807303913666     -102.377792834175992       43.817229426672320     -100.409033335399400
      207.614849372068193      -19.294644434702864       18.953953853346640       19.345343839565000      -81.253093790525398
       34.464127520302725      -98.931840779800211        6.996669029494635       -1.649002408168095       58.511178475541023
     -117.039845559828095       44.492411147537283       33.087020933429621      -16.627058067325628      -68.566656409246747
       85.324263719784867      -20.788508817706191      -23.938443365492805      -45.333257752713649      -84.392550939961211
       68.160996555411884       -0.534730229457004      -34.163375618502705       17.365636040755920      140.635558414958609
       50.018622858860354      -65.594513123995114      -53.823854594989648       52.564142603500706       -8.635273781914131
      -22.596567556972275       -9.082842827720244       44.390323295336245       -1.668713321886985       39.679021218923879
      -36.473045641710186       31.641631986730044      -77.716562983427892       21.635842221699576      -10.093712513646063
      277.621922379034459      -26.074055552011373       48.052708818763364      -74.521317600202835      101.058015465438473
     -257.301302629350403       49.138603927554186       11.921442746276927       28.181557225655197      -19.134649526526683
      101.438967223155572      -35.012661598819804       23.093953133825757       28.007512462806570      -30.734120920510112
     -143.406794835412541        8.007245654034197      -34.549396507468927       10.828712078643965      -54.481164903082885
      167.697008837292373      -11.138970071175628     -106.406376714865985       -9.614081032612473       62.630430495415695
       -4.622063671028180       35.665359042870378      -56.820937418870862      112.672118947194193       67.528266723277511
       32.806893351887439        9.943977212831463       23.379925641178154      -63.545525127215868      -35.803018209237841
       74.336534651132851      -61.633237203120835       27.574408379643849      -22.580245829871192       88.529521820554208
     -147.846886609752886       29.158733786903845       -9.238242449469690      -58.917756600177960     -133.690709520882109
     -158.900099773488108       42.361456259919642      -78.204090189268229       32.713274534559439      101.418999865531845
      132.241339363571313       -7.545188435707542      -57.715344580600672       32.566853664546194      -94.127821076340183
       87.060161512136304      -74.289084405927099       49.609486315458213       66.541764267535541      -22.693513675029912
       49.822191424246476       44.799949292311830       -3.221974503542315      -37.654505467258666       75.637132281581188
       56.031359046203676      -31.987656737275159      108.845398418630438       38.013491509799877       64.565537614900123
      -12.837279386690460       -3.745184414139460     -109.579595609792008      -40.705434987396870       20.298285382386386
      -41.266428319067742        6.178336506796043       76.099746246980601       48.060897992978248      -27.460432748621727
     -148.594602554695825       56.742480723584180      103.411427882833635      -87.669688444921192      -64.788107629952762
        2.461822506037465      -23.582502115688470       60.592719869790727       -9.523101227080636       66.829082036008103
      -11.736750093335653       -7.656189857180284     -190.530270795509068       33.546668784832036      -81.180879887291979
      114.012580541919604      -41.906672095985506       58.893665335718815      -23.188954616975828        7.729701985562721
        7.004734837189956      -15.152552015087311      -10.183245354950845      -44.464625673931216      -73.972759535656493
      111.612329096951356      -33.962909490648315       88.693651872414193       14.225638028205189     -119.374128189856563
       -1.680099718304930      -44.905756295348795     -153.630580610532661      -31.770737310543826      259.267220947465376
       -4.998362032977728        5.241261750010669      137.967844165275864        4.708280985670104       87.503365203861833
       11.942573866601894       23.449731611472149        8.305470218410944       36.422329527237380       45.353392711495403
       25.740140969173520      -33.497488441750846      -77.081661853781469      -44.902136099210615      135.348225702108095
     -156.526246352449192       66.157803442623504      194.269773748437899      -27.747672278213503     -120.567695908571878
       97.131256590838305        9.664629891109891      -71.978170809219833       -4.610049792145832      -28.571188425102086
      -42.026716404019901       54.315424144679540      162.904342588382377      -56.848152214009815        2.677825810899214
     -107.168455068094048       63.834571666839992      -45.136194615942770      -70.478326988931315     -115.197690780788776
      -84.258601503924538      -25.239600725988339       42.672999549383924      106.747972277198443     -108.870497485095569
      166.526096167731424      -21.433851203907459      -57.462720399428484       -9.056867314620821      103.386762617423202
      111.174236656471507      -11.684825693827861      128.088842635402415      -44.642637549897650       37.542571923515261
     -158.473414984408549       50.333917138537380       43.766232059205869       -5.660696017285733       22.996053687833072
     -137.394791609370770       48.568698355772291      -65.642569350503848        0.341698590209182     -142.156063840503123
      148.587175788470631      -19.188942868508374       85.353882318768640      -60.272525325945388       27.518281530161946
       39.869836143732684      -21.610070356205899      -60.285463236573797      -41.834572552187559       17.172973453465691
      -64.756378204006708      -10.512986414499229       -5.609425973432703       87.980352521977480      -26.731892225831565
      -25.759577210391161      -33.051551989056861       52.900866578408802      -20.367172988959982        8.539387118503848
      -86.216235616601523       44.062664892485849        7.790363139344488      -17.458522613715918      171.525907836901212
       -2.380470915672258       -0.611463627647031        8.571576101351674       76.020749216881669      114.814369265454943
       49.107455764735256      -40.643338060344902       34.690161150962062      -77.564170261753603      -59.420243882037560
       62.608712889182485      -16.188161492703220       11.468109805444588      -53.308800332403187       45.537272878501724
       26.175445547677203       60.781069871739462      114.891218544673222       -1.780523856505093      -38.563199485596698
       16.558101179430679     -111.771968012337197       10.796193179483991       35.923444550472382       -2.319193534264156
       41.550920164307790      -11.212121180310429      -89.014554023798567       33.217334198204234      -14.957618024899309
      -32.194413634104400       22.320901690900122       15.708075226514918       -7.921534319416785     -106.831909137004089
      -99.289082646766332       14.133874302301344      -37.916302745298040       -1.350918072973763       59.120793313471509
       96.804002431070273       46.039041202174758       76.926907295044813       -2.589545688632410      -49.132724872688442
      -62.553577769431840      -28.423741907445187       59.110338351342449      -33.810361759364525      199.646828410165455
      -75.100510434589879       64.818832922343077     -112.813171792208962       69.144891514534834      -80.319738255322136
      -22.311777185704905       21.038174795743405        8.234654527951129       45.351334900887686      -30.060017459410169
       60.867513987535588       12.982005319280228       60.501352336408139        8.429616569441443       12.837634310134922
     -102.754801951446964       57.500320344649786       12.090167829770202        2.322297401380019      118.631475203315674
     -127.605631699220964      -29.424977958121247      -63.485591898204781      -81.525146508520422        7.155389234520131
       10.940262482520621      -37.102734216081373      131.901844718885712       -4.811209452118363       -3.815980269733273
      110.186383542207295       34.943771925177892       92.764445023407575      -19.009774691729238      -35.104146246852686
       24.399949825022855       38.815868168562766        6.788533290909188       -5.753457485165914      153.954503432031572
      -57.926642072454257      -71.506384132459743      118.621078856747317      -14.450372300148874      -40.594844737741070
      121.630953822829028      -22.367393206721090       66.849946240401167      -55.121973274819815      -63.665411146275176
      -10.202029919913871      -92.766467416176482     -129.915962548619518       18.827971267125513      -54.809333510651769
       76.623051775140738      -31.862500574797107      -79.363858460212072       30.541472187107544        7.508212095313138
     -119.476157232437785       -1.965263387277383       -4.541453532237028       -3.263663422545270      104.159114963302613
       23.612650058308930        7.410738301558267     -245.858395700875150       52.153760842059420       41.655979716328474
      -38.801658099915734       -8.426150964318795      118.614781769234455      -21.568973008205759       28.322735337761287
      108.992559248136601       26.296354593673374       84.367365307660478      -36.231084542538156      -69.888723035328908
     -234.091734734369567       44.294107863832799       94.940026563877566       -6.177051328429846      -97.158394331818229
       75.842520521894173       43.629975548031403      -93.464951160104235        8.100848025736680     -101.120992412268080
      124.464013441781475       -7.333998341314204     -190.911625334880483       -5.135437237119512       73.838732151814611
     -124.216063446413756       75.214127959172245        1.255908045437555       24.312429739629888     -121.976250892869913
      -49.798469330869075        9.632895732544796      126.422547255451093      -38.047219382457392      -17.461579505672237
      144.629277369339036       23.770715161259591       41.186708687748812      -33.295020591444853      -21.455311981428121
        2.089018180409093       40.684582534875780      -19.440007557820699       72.179443952881968      -51.873038541314855
       18.022333788204097       -4.930120503604141      -27.647469675300478       -6.206543477046560      116.681122695858534
     -161.095848048494901      109.163556122497312       40.697460125286646       18.106063297193110       -7.403077172309919
       14.410649997448253      -14.223201823180233       67.687728207199726      -40.304074345712202      -28.276381905618759
      -22.394361356637209       35.812452843114613      -32.878203056766893       50.953141371732627     -103.286326066691132
     -112.581844511804363       27.398325943212527      -29.679800110544480        6.437635123097370      101.472378126148641
       -9.030373987098402      -77.330901368330842      -33.962918592422547       14.529676934513850      -68.656169021494136
      125.203871477806928       24.712109638943559      -84.771851845693064       99.139495438399081       48.590249901875275
      -10.595944279031908       -8.582180619360704      142.100542680329085      -25.044012969776531        6.893863331364803
      -56.036629254165980        8.705761540349300      -42.586446180895571      -10.390278263320019       15.297834598301456
      -66.642973281083101      -54.105402503320192      100.941080703439781      -81.273905208069223      -64.932281414784413
       24.679957664999915        7.444853034222561      124.810415990735578       54.640979729031528       12.331000469884835
        6.507201639670114      -40.127472893032639      -44.619306615369112       40.820318559566346      -12.102824727851553
       82.600185066319455      -47.881616999697513      -35.815641880840730        2.360325700622516       13.681936755532531
      -21.218646482724711        5.869266497718897      -32.433393443210605       45.201180970340829       59.730478472660643
      -92.092212043872479       76.346969995147319       38.563978715340141       -4.501966263479506      -19.011086643073629
        9.520023454701649      -49.340096501890415       43.553330916328306       13.374760697455153     -103.678648678351237
       30.836235235944560       -5.840593531068956      -30.134196848286837        6.018773153077873       52.138931656175373
      -59.263497504825587       51.284472959825585      108.061613432653203        5.868009093761381       65.890341639531840
       -0.709262475680630       19.927359472098509     -194.402206245049570      -40.839446608522550      -14.032420198533545
       11.680556100031163      -17.771600300347107      -24.140940595291067      -24.476286938272796     -123.331134257813204
      -19.740369766115773       86.742987322499289      -17.324460606283978       19.076453980253710       57.740093938729004
      -99.678287612100405       -0.223687856490319      122.283213303204590      -33.058159532795180        5.682622458416990
       -7.169949387002316      -24.058823127458275     -131.036900314482779      -13.398371345043602        4.316939014900273
        3.858803720787221        6.228249562692536       65.865235739895908       23.397494798043478      -48.409378480938749
      -19.105227662590305       30.384215503545914      120.218903304469549      -43.242624916934275       25.265052208937245
       71.525039364600289       -4.717059021608524       -1.325922866591187       17.516642843100623       32.568693594973084
       43.288486387128209      -20.555503531060175       50.656152377984306       43.827258882883832       33.883733640042877
       19.463660502526235       55.767489603978326     -185.910473623100984      -34.993884478222938     -170.205810633551209
      -74.175149555465055      -16.656469306946800      -42.634671637033449        0.462326098460816      109.885871820614284
      155.309555911878363      -28.058412503800088        8.228150166955849      -22.593488914415385     -178.950601893754879
     -179.081090148920850       60.250044789640505       44.665684221978594      -80.377887755935092       39.252228386086443
       46.244703569821255      -18.899953674134753      -57.242412560162599        3.979918255226914      102.445886550728403
     -213.249228706533046       39.945102056832319       35.416528425815407      -84.059206359682250     -107.438756864119199
       27.704709959588616       82.320180457408441       -7.762449622951515      -52.621483414883365      104.142141611557122
      -20.112068135941470      -12.308828170621256     -199.340370422342943       30.305917576344417      -25.402680356424231
       -3.196398600090257       -3.606997908520333       21.913288179978441       -4.518734938887850      -59.815579300013255
       39.407796599125774       28.211412458059719      -91.573972041988199      -31.218685617065436      -15.580586933471393
       96.746694001636243      -63.922276305284448       11.143722015158191       -1.825956983502962      109.146360288341469
      -63.485706513887344       70.414757509144295      -53.233701561283027      -25.517448585594572       44.491297388575546
     -223.752524399246624       80.424678717160759       83.361387914173619      -42.215423206615775      -34.931119846224092
      123.421896039143206      -26.074466061162568     -121.065760081358789       71.530656713526284      -45.837776872608671
       -4.541536409034522       47.321241819669126       44.344343663872188      -13.252953753294774      -10.026759554693689
      -99.241284797375599        5.723983696457623       55.082310786815938       -6.296821212907356      121.376963283251939
       70.980409166491469      -14.784927343076948       45.787917675569439        1.245210499143411      -65.631103737196582
      -52.035829539165647      -77.562000554423079        8.221690324556844       20.450638727865819       65.412821140290518
       57.586248421758668       11.384359741043705       17.689136858856330       38.284675815788844      -59.869109730166706
     -138.817620955376839       65.401104547189831     -152.614872766233617       50.933286580825317      -14.149289431212196
      179.599189078230609      -38.455162156189431      -11.568234595641481      -37.525355726975825      -66.078459399824439
       30.052377816020538      -68.967748793213076       84.987109558061064       14.996077917275089       66.559459545172416
     -219.233572616442416       97.403448999241164       11.842449455435640       39.935515952811365      -42.422111424620709
      -21.641470761586412      -15.963063940927562     -171.599244762424348      -57.869394546594911      -48.984562345795311
       65.103372406229326      -71.498885941012190       94.696807944117182       46.381658230556859       10.787133098398499
       65.705767939153120       33.921358397494345       82.679856332293895      -40.965044230261526      -22.172827967699451
     -140.331224713904930       44.762944010614845     -105.647388488962861      -20.754901239297681       72.359221227611911
       43.932881080450031      -16.677134097443762       38.940751001799256       25.826938763037351     -196.491967527962146
     -159.982458347475784       52.979674273088172     -197.106063346652064      -11.912111706326382       96.917503488627887
       87.706319808458858      -12.530563475272466      105.966134150883718      -24.760889620909040      -22.738889130041251
       -6.979997591173012      -49.750236193403332       80.018700811212540      -41.446903911368878       24.710674462753548
      -87.729420665831228       63.066886832314758       61.393065270994519      -18.067874825205312       12.681425781450891
       -8.726736526603673      -45.782530494233697      -21.141367554992460       52.135001190869176     -107.882702684462302
      -29.149279673495823       15.588447301257762      -76.535533442947113       36.879969591643686      101.079670505679573
       -2.511864293064455       43.870957347189126      -40.176043753941642      -19.266994269545112     -103.761738165158619
      -10.532490417694357       20.512847202341160      -20.224423903954992       11.652818257396186       -6.877508099592510
      -82.804325314990479       40.264432157722823        2.040042844935051        7.532877438757054       24.214814273717909
       -7.759787744096775      -12.637802900494373       26.937085873652833      -19.661889314520128      129.011994263440187
      112.063717607152753      -36.085754498405372      129.458642763807745      -48.922277823527992      -10.451004175428261
      -52.735942972656048      -17.198459639194642      -87.750892267599994       30.758646556565470      -47.360360611507488
       69.815751579138094      -47.519252467366954       19.794693685565967       -7.723282981100465       21.232543068123647
      154.025312736512063      -45.329330464796165       -3.918809296168146        5.865007855111801      146.355512290068191
     -173.795213981902776       59.977550833191572       51.634079469159502       19.268159025896033        3.804727661054474
      -52.237038736047523       65.180400648633437       13.059915521702766       61.733119397139745       48.878336323884163
      -43.118778540321664      -38.372859842137267        2.484586731308731      -58.465893153935880     -169.920010558198186
      108.417549305219225       66.067536302782443      122.025248529556094       29.498902066393793        8.894039788511018
      -52.417558091268447      -32.797138308539019      -80.943740592369139       45.772856783521377      -62.747242965765871
       69.204067507327139        7.191486029210312       -0.440423068161215      -25.465106859899180      -72.725230100393517
      -96.581896913035521        3.325882599933879       92.004861897089185      -43.048915706610671      -89.122323001135314
       82.923821580708221      -56.408468052748397     -137.012703745446316       -4.595968229435320      183.484103494968309
       33.387658084152790      -17.216422397264402      101.257665961814936      -45.901442996026880       23.661602412522530
     -127.665284036643342       49.842866197418644      -23.224126315720714       81.500306107324789     -105.865344979158365
       10.948499124363646       58.259618871785051      -66.835111769026028      -61.630144783161064      -34.917092742470373
      -25.933642355608836        2.379107606658959       -1.026352755670561       51.766047587399562       18.160564474628146
      118.234244355691828      -68.091273027634543      -45.036279432308852       85.736271316991122       76.968835139494445
      -91.675770720670869       46.234942820112387     -101.949480835947654       22.578945447252046       40.772687617288028
      132.680163025067969       13.143082529487259       86.873552783251654      -12.836302574394931     -189.124229607682508
      -78.273752078085465       47.395343548554017      -14.622200602310198      -34.596731944998972     -117.654222945968982
      -48.656561368849488       22.805106749310013       13.655206857905444       25.855201512018041      106.974040330509538
      -92.516375403119966       44.052977749620858      -31.390561663774044       -6.134100359796731      -54.061197052812204
      -57.100539984846975      -41.361588734540419       -6.398893235770791      -97.108090708064069      -36.897520559187939
       57.071395764148818       -3.526621484822078       13.120364834514547       74.181377862835788      -49.781680314896185
       96.856451973044429       73.196792777817166      -52.162172062099295      -56.970770772321494       95.040054991263702
     -161.869967749750742      -27.204914373246350      221.593167624635072     -100.118173297669671      -11.479148963890873
     -117.503602001294212       74.228940387235497      -81.087486393683761       48.418275766334858      -20.334806177631787
      148.089750463157912        5.038862868754043      206.379918032572249      -18.470784470613417        7.858845114676117
       89.985612275301392       -4.608285182832193       63.706823498710058       -5.578756272536787      -38.920819598668103
       20.402991832385830       24.135701685504426      -62.134930988068383       73.922384728213771       42.640676496274992
       37.334278784341315      -10.856064529432714       26.106809032986568      -52.311653739947928      -35.853251476346259
       -2.401188094017216      -24.540270339359498      -40.599739077773627       -6.525510640631881       32.804629635498387
      -48.121397180397267       12.513676190580716      125.184450396304129      -57.387309372132577      -10.721183358923447
      124.693352877881736       23.164475678245815     -112.360271132682129       20.364498612670975      -19.909058054328426
        0.966957822069123        2.060757139929642     -111.404279027068085       35.578146178600861      -17.169541630643057
      -17.318210348991155      -35.895207477392667      164.576826257909460      -21.403428088131861      -51.110775112648938
      -32.428446793617852      -46.585500346545999      -50.805795435751605      -20.284691776236851      149.888018844108558
      141.772071098703208       27.957370644680843       48.048921226933466      -14.437831481855216       -5.901118531658900
      -84.695765255610411       74.771083287172431       47.750917007003764      -11.646035352246583      -63.127886195291723
       64.109442715970729        5.645346014515155      210.403067184951198       -1.831111959117225       51.393279513306787
     -140.258713445214084       54.141160069057875       60.865003262549003      -40.779437873110886      -35.853251502851613
       26.278295891599633       42.116202299565714       14.169045506911147       11.627606422845174      -13.486303264214941
      -12.279132527223062      -27.728814780232547     -149.069998818318510      -32.964474082041157       63.419991374896995
      142.163179556028666       15.203597552806096       56.142911287309119        2.162178676627228       95.284928712884735
     -299.705523677151120       61.366639517021952     -135.419296122085683      -11.218139507156389       -8.453299641532851
       81.384423238366423      -83.145216556539467      106.709039539440184       -9.717083054774958     -116.639435497361035
       -2.241617303010058       44.991731131025787       95.763047419482817      -45.053339656365125      102.487619425619712
      -18.736273766729642        1.120707416995956     -123.974837636852826       -5.433396995042206       32.819356119168454
      -18.935603357974077      -39.493367726494377       37.690935996072199      -80.270003639145386       92.293977174236744
       10.889409399887937        7.014749563668879      163.854168763604946        2.199276269680478       -3.712018964219879
      -90.105131575775886       26.841796602222367       75.405825833506327      -16.108786018016374      -40.565070706528076
       22.669598695886666      -80.290458032338037      -42.403557317923664      -29.895507674443724      -37.179154988793876
      -79.499501574859494       56.657357187221336      -46.551601591903491      -15.005581425395420       58.665259122284802
      141.348170099626600      -41.219424262054247       73.316123437793451      -20.537468353633059       24.766398601212565
      182.246680430881298      -31.403198445775899       28.723672394738401       51.580624110358407       49.843804413046357
      -20.611990995924497      -21.348186584705939       42.389037143412580       61.820489271820264      -84.728822220237689
     -102.770800071462588        6.046455258085361       68.834085653223795        5.382053374711283      127.403870869904353
      -27.900569034059178       -8.667089754413587      -64.925035185593273       31.124263540096958     -100.705219804878297
      -77.010510222922179      -30.962865898611888      -77.060201859260744       26.042118705837041       62.919029119505126
      -51.715738405713338      -41.362593823438090      -65.062232335221864       56.666577113659969     -155.962443051654702
      169.139186305616079      -31.397117740514375      139.430110094822680      -86.528607817429375      -78.595657855770781
       -5.776360317788986      -48.735997014975574       -2.262929622496226        2.910894682244711       37.006779298309638
      132.204302698014686      -62.656480875631779      -27.188168266681497       26.963937499304624        3.575236768200649
      -22.106058503093227       62.436892879739176       90.955450856480169      -32.450083182455835       75.518081132357750
     -113.368468425311036       12.798107232683273       -0.755271027191366      -34.960341699408190      -88.960464341001440
      171.233296590304519      -27.296511011319144       59.548230237677096      -39.687039942533076      -48.566075086930304
     -195.283470334735341       -6.667877408587848        3.418257984720618        8.277688978368165      154.313319682916699
      -26.168135848470275       77.847032622155979      -17.611637622650459      -17.538661601386853      -54.961117455961990
       18.293997472766961      -21.464337061922333       57.188160426472827      -40.355982781625414      149.392019011748260
       18.810096703707035      -33.668214205609743        6.432638526143334      -21.445708713229354      -85.968099635396797
       15.781115435315305        5.911260923049252       14.751539511111114      -28.041820178259396       64.872013406877841
       61.668119214831187      -62.461006827463912       50.129679603531550       64.762870234741541      111.070769949064356
      180.092248649140373      -66.559652683770878     -137.341051724154823       -5.380113154373232      -67.971175478480220
      -26.322057035475201       14.123920763507067      142.903173526715847       38.710643053690362        2.932948359131452
      -30.864233523610558       35.492055054195149      124.465568178975971      -84.348348976493497      -58.315186795063852
      -17.798424141462124       -4.233391097427924       29.113982231159678       44.264220065548116      -18.628840663278964
       58.615985663490058      -14.982977540704372       92.588011193259817      -37.463491190044529       97.450995546264267
        2.073970195511345       70.318432042503503      -57.200446887090607        3.344793528800060       89.567583727393426
      130.595804628649063      -32.917213238619873      -35.953360504713821       10.603941457607549      -39.404703724375459
     -126.392729315206964       47.150644159558738       10.365534941033314       41.716609620326857      111.600272780430132
      -67.276232865053217      -34.648508568686026      -58.604834634013883       61.161616161940650     -161.604707212867197
       39.062745494805533       -9.859782392828766      -20.760930423907855      -48.218651475400392      131.749663617445947
      103.103714374730401      -53.014618644878574      -12.379913418045708      -17.429693056386306      -88.783054453868019
        7.667779343400419      -50.992975963346495      148.864666311889351      -73.567847054201081     -137.729349027372137
      129.372860350950447       24.033898552140940      -28.893054368280801       89.957229472857009      125.859237491270491
      -96.844101548135882      -31.406664469924820      -58.756817439781145       33.854445961275871     -107.988754399323341
      118.451066230962084      -72.674107794695260      116.628908512246412      -23.887718451003362       31.149086109240958
       19.853639823569718      -31.000827449958543     -109.559946753720297      -14.477693726041080       -8.367298386026642
       47.386333106448035       20.698048429748347       89.633955949157837       29.216941841573490      -33.959769457005564
       39.793073945695198      -34.595139068071028      -25.829415465628259       -0.441008728068246       44.007894879333030
      123.021776531785221      -30.309234366761700       35.002178927817113       -8.276355463741666       77.073681783363497
      -57.775305374459215        2.746328306728821      153.055930725991658      -69.108744586268429       81.823871074569695
       66.861774213889248      -56.142824133818074      -68.037667793841493        0.771845698326375     -110.518913951359451
      -49.276831481429518       13.845890879537023       48.001091980394101        8.384283198102159     -137.745417890085037
       14.864388679986655      -37.148731591156526      -24.426695453659757      -24.368633869564789      -14.320070999841208
       -9.636484461510584      -67.380761499644549      -84.811831197661135       52.589228825016853       58.864397830484428
       94.498046313178861       14.292274688167215     -215.893791858223040       73.877533315347534      -35.187772699555133
      -24.904718908795122       -9.673627351360405      -54.513079162636380       23.841485470568660      -15.815237384971494
       -0.025242130178896      -41.679700951320335       35.237536848777168       61.006035199382090       71.480661324018428
      -86.812860926265060       57.932902217236908      -81.751329224226922       22.932146838383055      -90.207777216803493
      140.146331367102420      -65.938047263509191      -62.340452366961131        0.693224871707246       -0.730125326790160
      -75.226251241014097      -52.113179394147451       34.990605803278768       -1.172052497602549       74.159446573171451
      127.386906129953985      -22.005103130498540      -19.097455091959119       26.734377923324239      -17.181260084448688
     -144.142457893606718       29.433176300920650       68.248303259760945       53.700865360531900      127.292054308347886
      -42.697392812591900       70.275329967821349       94.455822888914383      -55.673986855962880       14.296505747003737
        6.837332034169896      -83.272336908581053     -135.939523694673710       35.427447880443353     -101.506539581100398
      111.953158468946327      -21.515890594457165      121.043724466468817       12.481046862543298      -51.677541906597241
      -82.506948041313706       20.017941871187436      122.176252480442614      -49.272912537732459       16.053743761079303
       57.915270740935881        1.462661519004061      -55.802737512393520      -41.806999758231520       44.232291315356051
       22.389172982501091       20.071980073952297     -135.740886000746002       -3.607519490336305      -89.368484836377846
       -1.706072319045661      -29.629814045309807       97.936636730376620      -62.178650483282674      -57.055275663453244
       -8.931876446366152      -88.758940087518269       70.583533056782898       -9.302326334828255      -37.377032774084022
       11.820413892384494       72.657926442120640      -65.848840625172826      -24.205705116350860       58.467033012046087
     -121.104244759511346       94.804833370949964      -42.890759372156481      -38.050290694488169       47.378734213878005
        7.892781806655343      -67.661182310195102       13.022436639615590       -2.065063527313175      -17.368555659579261
      109.678981248182282        6.319007694140772      101.252021477599570      -23.385746628211830     -118.706103049736342
      -21.604056941223543        1.288177141952899      -52.412010795797784       20.397146791659605       27.537541699550495
       -4.452545102727584       47.137692703528366     -121.112327909960626      -18.428101022373692      -43.992378623223729
      -65.164277921428649      -39.727174455729880     -125.157147036999859      -50.704073323896878       99.963955992931375
       95.807717857443180     -100.306388897491161      -37.864963345095546       44.278179259136969       30.785263824473155
      -42.752449399434980       36.703815900083704      -34.817157982679198       44.239835905900115       66.554075855974943
      -64.136379914805119       30.446405171639828      -36.198290035227188       40.957401399297638      100.847311380378883
      -34.991568586947601       20.645570782018321       71.786118597905713      -16.480920455360241      -25.559431646029946
       59.143482502263929        9.616805135058103      -64.125911920406580        1.138947945327188        1.724307767296410
       67.439945262654433      -40.519844226371170      100.332129534363631       -0.077536301943926       -4.931171873246508
      -84.081502866992324       51.710448281074818      -75.741594534017878       78.886901182873487       99.298314652474772
        6.415940973185028       45.784364435839301       -1.917423125470421       52.682239069376891       59.437307567305773
      -15.150265550608340        6.983072910642258       -9.096027252049558      -39.780301071420432      -56.786488787827238
     -126.225373813576539       40.930716069011368       61.492785707279971       29.283482133887137       81.052558939373085
     -113.766001922134521       26.234091930118588      115.051136743461484      -65.898355713109197      -50.706877750644111
       -0.039408906589619        6.426636767293123      172.118567142925542      -25.529085640591056      183.757021212798634
       25.705967586263839      -30.517415292951870       37.019502707389726       28.470726332980767     -108.244060464775004
      -46.323751941832640      -28.509261689648099      -32.674420546531664      -74.753951600343783       28.134945559822707
       57.128953303521200        9.461477257575973        8.974049253008950       71.628320678674655       50.032252403955773
      185.210456729890552      -14.514873139422667      -84.751277661724018       -8.878514429302120      -25.042851868585281
     -164.341586378662555       49.585421129130154      207.415892808613023      -37.978747977746352      -58.681762181172871
      -45.558427629143452       93.193814836516594      -15.073772031892435      -75.712009246217136      -46.955612156470607
      162.369174973469001      -27.749077461427319      -62.389958023150889       64.915871254601356       48.637367428245213
     -124.858908786524438       66.689736792932379      120.954071949373031       25.800961074454108       21.969164713578405
       -1.292130402268134      -21.301161317211676      136.469435814744998      -29.021906203120661      -33.884461994489200
       14.351919895589416        7.823547095716521       78.141108974169299       10.081820135328600        3.910802317937418
       64.564108026111853       31.620682628266632      -35.188665664549887      144.894706056543214       -3.067642851200672
      -77.144214619361833        0.548651337061952       53.421846985055645       23.552682980922445       17.511947715214056
       40.421344887818876       17.826103322606354       54.419117052631471       11.065335525137250      -94.335960947702233
      -32.011862421124157       46.076367347490539      -46.139654704937790       -7.950175206545192       53.606729719240050
      -23.360039728811298       19.511152542711343      186.014630103898440      -11.487950277567162      108.790287388946410
       61.309033527909399      -91.152684592442114        2.328253098845989       63.991355472385202      -68.154862343334514
       30.552985569778869       37.141081565430156      -21.116800079102660       44.749171578265504      -50.468659315829868
     -148.372466783526590       28.874060956905026       54.247304749446144       52.923968219783255      138.075731386940674
       -4.756737898699812      103.094780879921771      -25.581988516439637      -14.901976672774097      -77.882361725093290
      -13.824625014597681       21.527343546758523       79.567172201698170       -0.539586092624693       23.780778131691005
        2.497622977648211       -8.930064994613222     -137.240189672245180        7.606429127237202       16.810078578987202
     -121.876992210343701       40.761877924700109      -71.137422309537243      -42.915837557901170      -46.382438605698084
        5.892804407035001       58.734431619294590      -89.260734344653713      100.521409119144764      157.820327733812803
      129.351983835633774      -14.969077055374107       -3.251523917513381       53.527435540168376       41.671448022563801
        6.434488063760885      -45.206993961318602      -65.845847953352759        9.897768184938460        0.937245048232203
       27.908069027307249       -9.462377613337116       60.563600910449637     -102.172115357027067      -97.624506383637694
      -66.804460400636714      -28.706144704659827      103.153521585920373      -16.396312030316086       13.161410817245313
      136.219053737860520      -16.902587329342676      -94.218514651191200      -38.791849926192022      140.484566851210900
      -53.714639824480244       29.001240798969004       23.169180004159262       26.410135929403843      -25.733769282296279
      -39.134657338322299       56.030848942190801       42.165571252646451        6.152113433154551     -103.504362291448331
        2.310433310168752       -8.190336273620034     -136.943594773487064       53.720690143302967       10.580411336844833
      122.769505694571123      -75.487377798861885     -100.255748981760760       21.106159673743008      -30.026872054213879
      -61.918261716245212       75.801085779309290        8.187040722830064       11.775704814959191       -5.830183615455203
     -154.032929113876264       45.479024152698820     -103.014717407628225       67.651747621345820      -76.087762493014694
       98.116552703412239      -23.113382385099687      157.707907552638886        4.474611778851665       28.567691294670571
     -191.552946529600547       73.188384733573528      -94.127650318621534      -12.632907237200989      179.089377726516545
       23.531179659160593      -17.273484532300770      -54.813974935646620       -4.861361584336072     -124.089354371113544
      120.434886003723193      -38.796987342146622       -9.446555364306839       13.314074292582188      149.185921349784167
       34.023552849082819       -6.654353889398459      -49.211534842902353      -48.354258530299866       24.040139588626623
       95.016662556758220      101.459410153354028        6.896220814684340       25.981658003009656       62.809280567987301
      -78.398350997757206        7.905815382903575      -44.197788620120647       79.392018971364820        6.107295179674396
      -47.924102414010790       26.519094042946350      100.616035447003114       88.970814892281226      100.079492893883597
      109.972731904469086      -27.424564305998953       38.606568912155439      -82.543460828657700      -54.530397832227933
       89.400712494159109       17.516703782746831      -92.167279463462435       18.080692668813334      -22.884066365967641
      114.637060746838529      -24.736069484803714      -47.042966581839771      -33.309871998252767       11.868042620731522
      -98.036183469179349      -23.638428103472481       60.042838420783141      -21.342137641179775      -33.057755996833102
       25.443912257322161      -37.570905796210823     -142.513747523580236       35.592292475244300      -81.866402657067525
       13.736930290818840      -47.237727537611434      -33.447980622495372       10.047731279073620     -142.222331281090220
      125.712907709887162       25.044977910733468      215.818286661759686      -13.150092921364497       19.756581260100290
      -59.912849471576493       25.626889306623262        9.497907280792525      -30.963288981428438       43.862315541283330
        8.404980934524101       41.977178701057326      -29.799362338639977       20.061122075031317      -15.027085745986222
       21.476572599959066       35.259625141168677       63.612953432618724      -10.717334359619732      -23.516008144592252
     -180.877317224663955       19.143099037135208       52.919283554991708       29.544404821572918      114.541086504096810
      219.583264646301558      -21.280706687019485      -39.901607973611853      -15.760931254431627        9.301131871612442
       27.143030140230991      -31.492461123863890      -83.423040788961671      -21.649951062201239       49.941632282508479
       12.901392664081554       21.362598230221199     -142.989443714928541       21.084319872097659       25.928216250190680
      -75.540739254766549       61.247978960247785      -79.456274384412140       12.791967395957245        5.202667572891593
      182.833863638202331      -95.799637380869186      -22.200507011179354       -0.994337190282298     -127.902826322451219
       -9.857789261348865      -31.824131177289463       64.982501630283934       -3.024493036735489       49.304786041018723
       37.631202190142574        0.348277213519813      165.244428734015770      -37.472550738842983      117.301016465039183
      204.432084091662404      -51.364359967739553     -201.132457055729077       39.836094473004792      -62.156126510087354
      -60.882055544132072       12.160619066295638      -46.938089793621515       38.845553699877762       65.726305448438367
      -12.993701472793148       58.243400099115362       10.240361281550456      -61.993147962003960     -100.164825280169296
       28.545469638584493      -28.704606655805389       61.083487111841045       24.342869279763164      -42.448584339184393
      -23.563214377376664       56.307773458984407      -45.452769699359202       49.003084031855856      -82.380908565471941
      131.606161599737732      -22.890623281862926        7.328167527980293       16.954904432175983      -18.399088871871367
       19.419784393628273      -54.424480274475606      230.498830167343016      -27.134282697216229       46.071752755222555
      146.011209067680255       13.556835105104200      -64.264370177093738       34.938859675261824      -29.292859208579308
        2.389008971740023      -55.885127973200206      -43.828010578938482      -11.375383654487942      109.436396434804720
     -265.661862445167628       23.012775278674699       -5.561278065889320       23.717835964099336     -126.026255919398693
       80.441940583581896        7.720313680647079       55.360846433375116      -22.485238655682583      -14.475877551056726
       82.913798443789418      -45.976745812425833      -56.696666301299281        3.294806817735117      -33.734784812525213
       66.049705467544840        9.312111564334671      -86.096722245730930       22.381776034255598      -62.993416751561490
       40.081330226152616      -48.592651281614756      -21.053023504730749      -65.386609343017639      -64.807596515862997
       49.650291895080336       34.820485981587822      -85.869524278148504       22.973259420622661       55.201504051016592
      -16.170458273425531      -49.076241951837176       56.402079460508666       56.247062906783860      -64.061579283505822
      -35.153770078842740      -10.344602886485173      -38.195094828453584       18.004455810198596     -112.906155076651729
      128.629301119575842       17.984312952233591       60.560093896947436      -17.277455294574949       13.025789474931367
      -33.771368262382182      -12.089662185605183      -17.265041995853000       -3.391243700702536     -169.091898385998661
      113.985525199499492      -19.148855424931455      -27.826007364196641       -4.367389359148330       60.639449353503551
       -2.816889950657327      -53.251331044877155      230.126095692015241      -95.484921087922544      -95.779274580964568
      104.200197006151342       31.072525190735291       15.565372756275247      -38.592852475872022      188.102588928680092
      -15.387301497942303      -62.507446909618146      -20.563357438000121       34.759575443939589     -120.062885045596786
      -43.579893018311893       42.747357951146270      -23.552890574626183       13.869232949134673       -2.908274637037698
      -48.237406011945701       -7.374371754360367      -84.703278302355088       84.010384794826848      196.892037236583178
       59.581887475576792        0.012795656405400       65.632063168026875       32.171710690295669      -60.460712457086316
       32.611386550468325       -7.117992787143436      -39.500141153094098       -9.750566792037672       49.769988744488792
       -6.402066028323957       22.833614564713589       28.673037206235986      -29.165542625926456       34.631001066372164
       -4.755981000516106       -9.321700214973443        1.977268983371059       33.466736638702542      -75.209898062096528
       38.843203652986062       27.491091811477119       83.757628178708401       10.772272830959990      110.175468295264977
      124.786570853746341      -35.007797950542241      -64.994321658607291      -62.103827687393427     -111.222385593503120
       40.168587211990783      -28.680851217134638     -139.836744601968348        0.987565968545821       77.530302497219182
      -56.004944981152299      -46.825035459010834     -102.752570940171040       84.390610310462549       20.171580206450482
        4.733569740233010       21.734118563252409      -96.282089741109061       40.255145382246020     -136.775006262163856
      -42.563898808314732       27.557081447401330       62.373803267871864       15.944567253769794       21.821595568740054
       47.728274445537110      -19.334749869309810       -6.919550480004244       -0.791000725870300       -4.450791769939490
      -20.256629913054773      -84.199822937111421       53.145087505170068       -2.231052860554976       42.275529013017852
       -6.644172700917339        5.492427114185226      147.177820568546764      -12.395684182466232       13.797067293242987
      -14.789302607443020       26.706682797401822      109.502434154634841      -93.549400115283788      -72.719212354634251
       -7.407625333213994       71.313846456561421      -85.394975961233214       18.572186766336262       70.742801249692263
      -50.331384522295394      -34.220819816042514     -102.720900268530187       28.410447698494469       93.741562085414301
      -35.058950985206316        3.197132857383215      133.774076443091502      -49.511156212734058       11.472072784537154
       54.217821376666315      -26.192884677505912      -80.835935844815239       30.770232394288673      -56.339881408004224
      152.779870836335618      -28.408737127776934      -51.499854758487778       14.188288389056590     -102.298023723256932
      -88.430138322982955       36.170377685860956      161.683859466263101      -79.078168877069487      129.315017492359544
      -69.077044907176031       55.515931347117572       -8.341683854514264       41.063851175597769       60.653714206885439
      -15.101804223926104       15.857295123443020      -60.285930811322359       -2.391055457798092      -55.782269507525697
       95.317494238187820        3.764473666467727       67.223435557265319      -59.111831981901787       65.328176857138502
       31.983146213770610        1.447021321386747      -21.510114657555640      -72.000070849318448       25.649444155176340
        4.268796390519720       31.198716909983453       52.632160357115545      -30.363958088554501      -12.559155969548092
     -116.706314082650138       -3.500234613393162       28.088909872345678       30.406551704922080       36.878432721185568
       39.786026011657420      -66.809234472684821      -17.919379623043561       52.651863626066557       60.708433075511870
       36.198630982238114      -77.562268607927194       12.728363543898565       45.996042147235443      -56.356192475522555
       29.680178686645352      -29.648429839850241     -184.339830846939293       75.137143698231824       47.402926731136240
      -26.375029837144329       18.699498175256434       27.293991605463166       27.457529624519879       -3.277916646025462
      116.170425204449216      -18.169335175366726      -51.032461345647796      -63.322170550146893      -23.975565872720690
      -47.990470215071966      -37.939368065211212      134.474870662584578      -20.863619998198587       17.534267205465540
       10.610105834850787       75.583331640764982      -28.043611954302389       35.704612869561188       48.331626702002993
       49.852334633833763       30.156139925744103     -102.378653402256987      -23.068907184013867       82.680441064814175
       10.164089657832465       11.621170624006652       62.850738778162565      -40.802079155908118       56.985649478580633
     -119.396513530390862      -30.676718938678341      -20.418021068433827       60.903185830048344      -20.748798340530030
       -3.405373893327410      -78.851763131145717      195.421049855143394      -16.854695412073536       20.881940930972686
      -36.952369145169641       31.922748305401697      -40.138020222657197      -16.218748345752122       52.119374982287354
      -34.034365682141221        0.470830518540860      -15.667642834650215       -1.507023637766159      -51.824224386316104
      102.969009109558300      -31.130033981854126      -65.208002780180450        0.226220861762845        3.149839521438772
      -15.649237693663833       -8.351042323350336       96.617427089341817      -52.696353929347779      -15.962557962609763
      -50.373348203147785      -12.139532076784672      113.848779276027244      -60.104289683304046      -24.573327787585548
       20.723540242775304      -20.268076922419006        2.832024745319001      -25.012760331696025      -13.423472755069739
       50.768893396917314      -23.145792409662707      -99.626355018073156        0.181077949397245       -8.639525118589351
       76.699220643781359      -82.865725334211305       10.129973110601352       21.816655890012886       87.688553230370218
       56.456691489050449       38.980379111990210      -95.694379303061837       67.462075139912557        8.360433138934839
       51.457307286348744      -14.832910654572531      -88.932343085413393       28.151747249496822       45.059713558178437
      -49.117346897361948       -5.505399768354184       40.915221152302486      -23.633756713709172     -158.643180231445911
      138.288586319220371      -35.559385480266968      -26.057815775424334       18.626566744773697       83.873646308715962
       97.890932252862981      -70.717463887775921     -142.664804354624636       27.610750492503218       43.938931072740544
      -92.768079782386621       22.345211114831329        4.371106554740021      -33.800613265784655       82.231483114795211
     -100.739826971492917        3.133043573244212       25.108861881669707       51.506195155951552      -41.470737821617035
      -93.452092433047241      -27.512458424334707       66.471051564096712       29.169675187670190      -34.531764141593250
       55.942506744359008      -51.112306069626101      123.758660212724863      -77.095004966483060      -24.357257330877541
     -100.145396982009586      -66.238620578537891       20.629191965744809      -21.100134729120342      119.800289294642837
       66.295019484703204       42.073534582799425      -91.038281926598771       80.693367087789454      -12.744259473971612
      101.359954988270260       17.372003197728063      146.720902199496521       18.388291280111861        5.809271072309557
      -14.377016708733558      -85.628369511497098      -98.138078207855855       36.037179711972229       81.188986342911889
       12.385353773254272       34.596356001215071      -91.294774347231368        2.638707625093397       90.036248564487295
       17.919319809384589      -48.545786305516003     -171.599352159439064       29.994268263210653      125.015176386661651
      -88.137623443879065        0.676559073910087       41.096616761584102       55.491140546301551     -107.915553861256342
       34.088689615059572      -28.810279578940950      -34.522978389943844       -3.766377314125017     -239.233235739475930
       17.254043117932760       -4.084155668556757     -103.407724356618829       29.909666009438986      191.388982827872638
       15.311167660101175      -14.583050327714698      120.425069792431955       19.855540675427264       64.720986626312182
      -38.616276942889378      -12.462461127518679       10.128722374344438      -30.691662894611088        9.261706851140577
      -46.642987440778448       28.267777091003914       32.533902149793207      -78.454399707049859       22.389084666854625
      109.892500313666730      -32.114845269174651      -31.722758269968981       79.428153820121494      105.235605993918469
       37.935965543260316      -16.823205840662737       76.807163059709595       49.884215811618411      -32.957001487788780
     -119.716826719672738        3.735303450755406        8.486530886512432      -59.178535427525311      -50.388251197321708
       12.027170920095067       29.893573233082119      -18.207773635009808        5.340584793267976       13.290450984249652
       35.506283439905786       20.033968633729589      -57.865412385926689       -8.892365736542301       64.188601508920740
      126.206736774455223      -38.139745139505067       85.509249442677202        0.133725005397504      -54.424215077697333
      -67.350232308634176       50.861751338578870       37.358544585080985       -5.610156512102138      -92.505458737725220
     -100.281513851492448       -5.189725789394408       49.158633488166920        3.793267725683724        0.112070938537583
      197.999730455998844      -36.658572041907867      -67.759575804643163       89.470670277523226       28.210150326233489
      -23.345450052620556       19.218431326978827      -59.474267603291686      -27.294025046267155       59.860540421016459
       15.930322457959477       39.052133822496465       43.903035260564344      -16.243634882797380        7.646811740117688
      114.014551885351977       32.736915828574240      -53.037053236418934      -31.556524188078274      -95.905576554967254
      -20.938215434176037      -13.101412430445860       -3.199606547698527      -47.103336056585540       89.258369230347114
      -72.121069386004308       62.465644473665705      -56.200644450707358       21.787808642415644       19.002912070528875
      -97.451339999798279       21.829677066702530       50.310038004977571       -7.953550187621893     -131.309692876969194
       24.717819080582750       25.949366598425975      -31.365831818023469        0.252706001152300       24.910997857955930
       16.497088563606958       -9.922424534734972      -30.684941147440004      -44.566636988816299      -21.515411853953648
      -62.040641448719228        5.086294746600746      -11.949125911613905       -8.486604063631832      -14.683173932943872
      121.450418896590492       18.190606262504353       81.624477370628838      -26.460125858394473       54.567962054983134
       70.894522342344160      -81.150388180481372       -7.169523399355521      -24.980949363564811      -59.888999594204755
     -131.362630957791538       25.200193699060719      -55.368026459002223       15.163751049673380        6.405655672256131
      171.147284911636660      -26.129942630215062      -33.143910012331268       53.156918419095923       35.517603370987153
      -86.949267429281534       42.306064172120827      -83.467923324188249       53.097702564039984      -38.799534679668554
      -23.529610410782595      -32.217226762389480      130.153001500222274      -79.333487008562315      -12.652829298342864
       83.273504044961967       -4.549273457094865      -64.896810912512564      -24.919961962754112       17.855700320282107
       65.028070024706324      -14.892611162557950       67.555916276804211      -47.563015665086731       68.229748543744691
      -81.068476088865467       31.109189391405188       52.179615766377495      -53.310423719913388      -43.172510834556789
       38.770529671352826       66.303522042572055      112.048399516049258        2.999715181918600       48.087773810910313
       66.821377699391419      -57.905424004428241     -127.475681250108110      -33.977569194274238       47.541689733026331
       -5.985291418572285      -24.416768161161354      191.698631699270322      -10.827849888188934      118.480840760631423
       50.177927994419548      -38.989488073643926        8.909942799529807       29.894371391436124       28.759484851126231
        9.679631100446160      -92.954394371452622      120.530974777612016      -38.996204233722992       87.822498658846328
       65.942133909176562       66.390985690719219      -42.098793664849055       53.196409827288946        9.418638419217505
       -1.489553398270091       -2.451698091640846      -72.926231065611788       29.214701736020199       76.615761202125896
       86.176946353565000       32.067670514868674       88.460834769572742       10.519057543803289       18.060035974127668
      -84.120705677969127        6.513724069227324       -3.024114067761595       69.341565044215756       43.801427123933479
       72.699248374003673      -31.601262071568389       -1.934312324530431       -7.667007020944143       18.593949958707356
     -104.949796917324178       28.897882171593267      -23.205458164201957       12.072298081114525        3.886539440295148
     -102.526437894293807      101.919096354998217     -170.641117103750190       87.937342147202529      -15.983987290062606
       83.240570322345050      -19.635603051221597       92.548274880280260       37.575879514848189      -58.847747291951904
      -68.754702370293757       37.606200558781630       84.287552459390511      -52.275012177038498       -5.692346647698720
      -51.652736242675218       37.085136811531285     -141.123359843369002      -11.234065580543106     -100.469553372137071
     -100.886363690471228       -6.448829910532710        0.488408350733785      -17.408645989171255      206.888986210116599
      139.201730562272445      -46.482728543334233       -2.622259787327491      -67.174450852875808       65.855575945280151
      -67.143551783393249       51.356954456158952      127.864155745735616      -64.913062139165987      -30.955089458077456
       52.696743895196420      -15.165761765471034     -118.686576492747974       -8.034094926877776      -25.923213982494289
      -96.961705583599326        1.469109861212119      -46.652051568467193       16.056892487477796      -43.310576462322864
       99.123577410828020      -68.077596752462796        5.512703808111440       12.814586484469089      -38.584851632496182
      -33.172387100509987       58.270328825044892       24.439258590621947       56.613232255220822      -93.754120978262094
      109.147022562206203        8.709804493099448      -18.738304548772767      -25.196821465825774     -157.354831326008423
       87.841834322215476      -17.472894037997861     -120.372466533466650       57.666028489083743        4.029070028859256
      -35.879785348058221       27.385970706881345       26.071200347300493      -43.840391959127942       62.822580114380607
     -152.818038328322530       49.054568900953278      110.655087465159980       16.999874100058392       -7.585745690764695
       34.986329965912866      -23.794281182458960       56.975471303661138        0.253103250706437       26.072111947143032
      113.383027883998679      -68.836432374542838      -31.659619801756026      -75.562131240245847      -61.058465799361919
       17.040903679639133       95.938176008527932       -5.170187193824267       10.351128754071572       58.828275531150148
      -84.063567362060951       22.410573347268166       -4.608342912134176       51.450620355068054       35.457366113647232
      -64.799225121778065      -19.854888484100268      -14.061579991477931      -72.010569366642613      -77.543744629187131
      -22.194360426627732       33.315706691287957       -0.238962181958555       25.693023455628783     -198.737341731746284
      -81.131185867890565       21.288652028539293       56.975442157380684      -72.397943043905258      205.437368447595389
      141.455860494684401      -21.173366844725059      -53.165663928707914       62.155738636090433     -159.209291679375980
      -25.113275061074940      -18.187641276815071       49.893583555375209        3.599805833178061        5.001598702071284
       10.869828054495404        4.587875014375836       58.132459439895001      -23.706783895441255      -64.097311500745647
      145.943610586451371       40.821687365434641     -166.919334629612564       52.879639091500280       41.391237083721272
     -166.805537812456947      -11.505936695710348      -20.644715512814788      -35.020657412248823      -99.721198441222853
      -52.452895208928119       30.042302305962572       -2.334263500970589       48.338009234122055       10.494483355413653
     -171.496197960974001       44.968438075419058       93.065817562615877      -44.576623533973731       38.167251164524387
       49.093964061130691      -38.786473731021189       -1.712110842727261      -27.141187196934407       -3.071604346314984
      -70.164755756649896       58.952195393406924     -144.492256575330856       46.304619062184457       99.336915073755620
       28.492020549765950      -72.865812732951611       89.140932176910056      -55.012036684182718      -53.800311396284748
     -111.262490847867781       81.073507834722676      -25.976486457665761      123.009142593983569      -48.156634505679264
      -66.898133302603242       -7.954920502720101       51.118667407202928       22.811307941876851       28.879443792944350
       52.441345970858301      -18.661046082054998       64.360212557494947      -35.619176223656638       15.445691595826423
      -39.755813466342943       34.544976671444829      126.662522184569539      -76.600650968219327      -28.013632926473843
      -51.451674025747451       -6.907880050426092     -208.353158530883263       44.462177489993394       17.421703926600557
        7.553659320309827      -39.810117006586687      -88.333112500273032       85.712301770788173        4.262355782133564
       -8.721366998879489        2.594681637719386        9.819412534544888      -25.424739646854544       38.429526833159144
       27.968181640126893       -4.005569179399857      -14.654813546405778       41.087786653615503       29.899276353699822
     -125.196561677117970       31.916926828960769     -146.984377809414326       50.259802210788948       -3.257724539630683
      103.206830056760850      -67.746008565933735       90.968309447335173       66.236029142404391       -5.969292914887878
     -139.725604832705272       -7.440756447246900       -4.774682383800740      -49.417773030539543      -41.499237308946121
      -38.580924470949697       -5.489335059445690     -105.497099881484687       12.094508053235742      -62.016408476478887
      -30.652166737776579       64.688945553668930       -0.440405492844995      -27.353755050041723       52.446638571250709
       15.673766614014287       36.442538071426789      -37.208616927766961       23.178835550014796      -23.659817804913217
     -182.550678505212829       65.029179330205153      -59.764478793431394       50.637758981987560       63.908193680314334
       51.910419284026375       15.382539474625975       74.366737716044824       -9.677255365053586      -68.027607066259392
      -88.780115859884702       40.449726540950593     -152.046240352601018       23.746896010008296       77.076501847957971
       15.397308907166050      -56.807916244513649      -41.994278634319805      -33.587885848469831     -182.258600497276319
        6.459004486158779       29.337325509691997       73.334768881856974        2.614110596618015      109.691240535220999
       36.763447804652785       36.160871337600298       13.906254866995624      -46.842374226852229      -52.315412777672407
        6.200229276520468        0.778752549049348      102.885773144800609      -18.397592307904436      -18.681220338006725
       21.754840974495099      -17.290464135799198     -157.373137238061588       57.773422885966404       12.672842963512815
      -19.043504564992595       14.481525245995689      -63.192475472397184      -16.173590008142913       38.211093361087208
      122.283285567423718      -37.023758702847083       72.555236306989073      -41.381754190766365     -158.327222001544783
       99.958206417952368       -8.533322990990877      -37.692690145421146       27.659249696680757       -5.769197318194932
       47.754817093551537      -47.699050811496242       75.166435989336321       64.696285338223475       12.495067750387578
      -49.975481615164938      -17.905126559121257      151.857013270059042      -50.850850912560915     -174.901121088315847
        7.206281274885423       14.633368727907934       23.813533631953739      -66.350707919205107       40.578044094126973
     -145.829350982110554       46.841622922560276       27.369729110388139       17.166979365180431       12.250907001286874
       58.040758881821581      -28.750460715870734      -39.664823573896378       36.107774608394379      -11.619073464403639
      -28.897483987950341       38.409450367906537      -33.233335398552448        5.903242121176257        7.431940562876556
      -64.165032435551211       11.909570688833643       38.881215787915636        5.130518540015540       -0.313634043814006
      -50.870417572577587      -56.266769554911370       97.245971260128030      -51.156799457296259       73.845005502536921
     -179.516433111401710       -7.114190547693303      -21.269062983665805       50.112976298033985      121.466338925802162
      -57.888175632775997       17.540794233560113       18.789834392279470       36.327977608999937       41.283896179579109
      177.051427037809219      -48.082885400163910       -4.856832425077551      -56.544176513369464       17.394185539118073
      -35.615888719045756        3.256999601667045      -31.417096095034282        7.763871413029309     -170.875764000725752
       29.747319654688088       10.025005211321156       -3.560572768406121      -28.339542664756365       78.011337658236428
       30.002195025971940      -11.348301000712354      112.287133276673970       -4.241550607015219      112.942355558484820
      149.849965071015731      -17.094764024008111     -133.534364581494913        2.600426885454444      -14.923313497111790
      -38.107698527358430      -77.232335599001857        7.019186789414597       68.860381231448429       12.953206707990510
       58.236118545505441      -23.907311659961884       49.780637964894986      -22.374472962946729       39.455682655720203
       13.458560261640095       29.129398349905927       33.480342998436036      -44.869752455001432        9.679320694374065
      -31.646491144490394       -4.191388848600508      -12.367191887704687       -4.079503688761664      -41.233383616378710
       37.953722090439022       44.570528852768390      -22.673195756492007       -2.445293797972449       55.525871572741650
       31.538475905295670      -16.609990511968391       61.529348697436454      -16.851103816357078       93.833861036441746
        3.452124062467469       25.968891874084054       13.123757650966970     -119.724384090968755      -15.552232428909210
       26.462165586756356        2.932404883544518       72.421913577389248        8.110847666825375      -49.488822627964709
      148.308636746125302      -17.817333671783821       -7.893371032738978        1.884993476718930        6.942816945826897
      -34.629439222327662       -1.851113915762527     -109.871835374146897        8.388176842402252       40.121892931006819
       39.254493839629525       15.584275000771948      -16.562875702655948      -29.643620134778139      -31.263191330477071
      -31.605324735744087       51.469514579871060      117.695368206267531       -1.755260680015457     -102.302735026175412
       57.276812927096785       -4.658526366583484       32.770483129157476      -55.079534317896240      -48.503024028962287
        3.538839586820619       67.220996122348566     -158.074722660699337        6.255786040388359     -106.640936602214310
       10.549567313858699       13.760047768720678      -98.675089149599430      -34.605742356622628      113.432647315569639
      -58.513330194999917       27.407407894981251      130.174729970594370       16.137052146030026        5.365066993584608
        5.310755990402047        3.527730788400459       50.241604410382159       27.554465285394880      101.133801455340986
       -5.357638295391820        3.279026581269223       -9.533944378965801       -2.424794381221032     -121.620830554886027
     -107.361147645671011       37.885910596040389       42.761259802637873      -84.551474379152253       82.421012195911473
       41.737197690198897      -46.206450136608524      -36.048625486083353        1.323298575578557       57.250772160267978
     -158.561322870617374       59.444915453911918      -78.335636972011073       66.807190299956901      -14.532949948872576
      -22.320677953523017       56.353833782110854      127.448758836503472       30.586784907728163      -11.624267378609654
       44.091012179223966      -90.427820439248876      129.113468231013371      -39.361458752200988       55.144608209677457
       42.181928367174628       13.577909591583465      -56.514506323279818       25.220796542899357      -21.202380028951278
      -47.043905931828824      -61.787413194533784      -52.346727440615084       23.003929440457163      -94.878635541156143
       23.488557640231136       21.601873733769146        2.475453383312899      -44.686089946209854      -71.458133072558226
     -137.233130477535553       23.626337301849567      -12.493251415321527      -26.762827440838951      129.810819784357932
      -92.909974046138103       -6.441988737219446       15.743832899169750      -70.663285156520203      194.343358202131782
      127.408264585411885      -52.462549460849907      -10.820570410298350       83.417997763022925      -50.751400078336580
       -8.485556185172660       59.932968636060885       25.056082910138766      -16.840615167172505      106.361990238321198
        8.119424155475635      -27.701131446516609       56.557704488121232       -8.818492533288383       11.258693618039002
       93.021302659760650       42.452252262038527      -78.999854064405909      -20.540427023439435     -105.429543021066152
      -81.189208433478868       37.925603254551675      -28.902483009371544       35.461173316804633      -68.464360142847795
      -56.385594445614529       21.259478627525699      231.044239824142693      -91.364807067839095       86.109932423843134
      -60.958552541463582      -44.641335388245871     -123.630380821154176       11.644817273613087      -95.299145555173695
       83.117531894640393      -32.975784435190960      -72.748831080161381       30.174735162031435       22.746802593741567
      -75.781225993604750      122.540568286729837       42.653017502841720      -26.598059726590748       65.990946111615017
      130.110343291273352      -33.960561997590965       45.154657040188702       10.115526774516756      -30.672850029578949
       92.782390402428760       -1.740893529868708      -35.814715884375381       -3.344497554498790      -49.203091756138996
     -179.977104325717931       48.313533384971642       -7.674546326001296      -65.587537832297514      -26.916304886252831
      -95.022968950122063       75.479504885583111      -94.368578667958019       37.038852324881873       16.630064177603355
      -38.045696136603141       84.305027582893118      -56.161993305167748       51.470827395838974      -77.136247807228244
      100.759069753559729       -3.783637035850515       35.346268944164478      -46.951022680387837       61.104853121150335
     -103.752247364270175       -5.654472114290980      138.356212482616911      -51.430058581273563     -125.140869181806295
       31.082034994174183      -27.128212104435505        2.171481880263298       44.605010776267910      -91.436263347143637
        6.315675016083884      -19.888105678725939       -6.427707767267242      -13.368990205418697       86.039819182415926
      -67.836641439196313        4.941171448552720        0.247563159799663       10.594598796499112       -5.418604750009763
      -37.187921474144567       -2.190462712235706       67.160897884507634      -10.687931874852243     -141.965891094713271
       21.179520035989192       74.803939696166168      -30.339761699200903       79.587693869826239       17.223153220787331
       -6.769748519319421       16.966739371158770      -88.918347868281330       33.814745496519848       92.160037534636075
       22.132101067402949      -18.961134357731762       -8.903649375239496       18.709078517753493     -137.628279519028837
     -128.990854653398316       64.520737539708165       48.955759005323166       11.315765732757360       48.846398664597196
     -135.406560395855678        6.805814750034738      -96.014219348832228       36.629417760208973      -99.286221057426488
      -65.731564928567650       60.118822153385828       24.081855896708266       -9.181693008538286      135.543830168596742
      120.490290912418843       14.985434827406985       89.302956351608117     -103.149902660226800      -36.895073840725829
       53.148690719320761       27.240888296813580       41.895848044619250      -42.451231171830429       58.268544256061837
     -119.024395852043426       22.740447801902825      -54.353980930299834        3.785689519259609      119.506769773098796
      128.558838388578351      -16.253258309890612       44.408890004098033      -32.930145384589636      -30.208834886802762
        6.676185528452886      -43.491046661332334      -56.846321748572343       71.513709751988216      109.443327909749001
       25.825142380307504       20.299594787616506      -48.425763930406426       15.794814848379259     -131.908966167612903
      -65.602811455426760       -2.269141733868793      -26.950633427169127      -11.008353604298890       -1.586383833345653
      -48.256294400561529       -6.657123407698101      -21.429902413044207       76.927009076518857      168.814016120428164
      -49.469198619706951      -29.727635992830351      -69.809790442878978       22.954174124650628     -110.030709817289079
      -90.473088437014482       64.152109703612226      -60.632100362962582        5.880862083539236     -102.393957495725644
       -9.870002273992590      -28.961571035709234      -84.730299505390192       33.613392217026288      -23.457044704210389
      105.663727101024321       12.537390571062957      -84.083090676151059       60.190069876392336       -4.167773036523501
        5.662455903251930        5.514952982794175      -42.752548185799782      -41.592255186092402       47.377974215919345
       31.133656858209818      -35.652064463754357        8.334527592168978       22.297401908511148       21.856999337096987
       -1.502416910783149       75.586921383595083       47.525786360624409       51.398883911968440       92.753332936616005
       39.710045351085611       27.768883270008757       -8.697929571246409      -46.302451485977620      -15.127995718385700
      125.495555457200723       17.089604486312744      -50.389176872912159       37.276031873205397      -80.669085814148133
      -32.720476136983130       40.084208343656023        4.219348421181272      -43.433818328583435       26.856612799816403
       24.272075850186997       41.177160017903617      -15.421558834154892       35.777480322302608      -42.280430567453863
      -50.678363630694349       -3.463037708496296      -21.305689287047763      -39.870433027556153      -95.429152409506543
       50.683563487140184       -5.960973309749985      -82.726711164684460       62.624163700791811       48.901922816435729
       44.576355147825794        1.222953014044043       55.991579914908037      -50.033536067352010       73.237122429931446
      138.211711215425908      -43.037194529530773       58.030148409652718      -32.258105745707880       35.372960436086132
      -71.077779122437178        0.476969289658607     -123.894292006896933       25.167214621263888       33.249981163772077
       60.904095912567819      -58.689698839580529     -142.435836804919262      -11.616129263139275     -115.449540981456735
       38.486318284861255      -47.928143083110378      -35.341878205446200      -25.250323557019364       53.103166981258163
       11.789567620316211       -0.886132324947882      117.871931819206537       67.150660970512021       -0.193186595276367
      -84.521537099424407       41.033951949281203      -65.961436692562231      -72.521495065345093       36.379673485738493
      -84.834180852316891       61.663226840214790       56.760002632956379       27.968239693293821     -169.485229168411166
        1.377258829489076       -3.853404308292966      -18.233760563139050        1.090378819972354       29.734393539806636
        9.583834545326180        8.802951233773284       62.044293651154767      -21.509954672789551       42.816452848490137
        7.726276137763006      -48.243765965013012       61.649194737538117       17.382409756181016      -26.156331782685459
      -75.806634845864991       45.909991815106387       32.195542632215947       -0.743444438054484       44.294684076889055
      171.817597002324135      -46.654029759732751      -49.245447072625048       -1.869172909443104       68.151379489868475
      -98.571446676519159       21.204667850515388       10.946933894045966      -12.210594033067363      108.632543752063953
       98.166627518227997      -22.675968186038258       77.831914136361007       12.032990726195045       -9.558990551127895
       63.353858299613876      -26.206352200165128       13.346405917025807       30.314428964343268       45.600380088322076
      -33.972270150999535      -34.544630818193063     -149.147998702841846       56.922548316197570       94.625038725041776
      187.033695473185247        8.660330534452829      -51.850368432894626       38.041292243932169     -102.705407021309028
       68.240537765975162      -46.233215402520941       77.858833602408154       15.548870265787301       40.609486347666270
      -70.771106949306173       56.200071475973225     -142.210762661480175        9.050404672057420      -52.786689688558120
       36.341945753756889       89.947371185505858      114.121037757433740      -47.149744007892330      113.184158511018992
     -163.870819435596417       28.926035098438167       23.324110421502333        7.135165915695209      -94.824336304356606
       13.375666633293692       17.628246494443417     -103.554602140840501      -48.543616184174958      -57.371342600592875
       -0.185991909149845      -15.774887779352717       89.234702477505408       -1.566825513745743      105.140341573610442
      -35.812113031752048      -43.694339201817733       16.688160449084059       29.471989117016328     -215.746006715573486
      210.934033790780290      -28.486896816145368       65.118888435259848      -55.056521972899468       86.477740355264928
     -127.747685637718320       59.073712546977781      -30.550114116169802       29.276066335115836       11.972766684116323
      223.869086209211076       40.844081428138338       33.981854107810975       15.030395883935821      -25.782999970955458
       -3.677306464060136      -89.226876365810583      -88.382224216646591       34.499771710318420      -18.966430504312672
       13.024119167025107      -66.820488908297193      139.869633646399222      -30.744027217716493        9.294317164996814
      -93.085017067397445        1.908490364218946     -124.794085567850942       58.136757933036307        4.747003599849450
      101.370410584020149      -28.029333233649709       28.605048361951138      -21.286638319000783      -72.238770738062868
       -3.388663167511103       -9.663183104276948       -8.717623237925331       -7.192792950840121       52.893969191000956
      -73.145020590518271      -18.861413956889766       11.614860639761172      -16.557087234019750      -33.012087286418485
       33.784228403304873       38.517391982197694        3.644459369114831       -9.548511685400470     -131.805243202877676
      -31.738386858658558       56.948051352213731       29.701372442174961       -2.646955818694201      -18.893184291827055
       56.146527839097935       35.300890565671168      108.929228762793585      -54.259855930009017      114.955108646789185
       44.744442370772624      -66.374375410411105      -42.962952791664662       17.571004957256353      -60.346467623716791
       52.495311243292178      -20.897228309671139       88.835627624188476      -11.842520868630892     -117.508881154090759
       -7.500073561496563       21.088767540812977     -110.818819032096542       35.425932734127187     -164.025656432787855
       56.553118363962355       48.241349794373619      -24.036874206467537       81.794571479679661       69.241470580759383
      -68.997608284525313       -4.876405160869004      -67.181877766800355       88.080728337603389       53.228740093657080
      -86.960079028818313        4.464668260534780      -65.602479550966635      -43.597046275461551      -69.982888333511212
      118.709765628659127        1.719802285299142       10.074816753417089       38.065116526686410       55.775730119655499
       27.265358171465305       14.682080848822528       36.632904358927625       22.189638284808261       -1.824754735272133
      -78.644774109626709      -19.113793159462617       99.712767006171575      -26.645727341868401       49.410630028558295
       16.853626938386483      -26.765809369356734     -101.190207615858625      -16.672483350263803       28.987969093064091
      203.692667452010966      -28.404890139420242       33.453502246654871        1.242638877091827       28.973079877511264
      -61.380365037901328       57.305340094199721     -100.774355617624877        6.144084405388874      -70.796104924417293
      -36.112413276932045      -44.304597289479901      116.786186083337157        4.818081709696475        5.649718137658695
       27.491342957958299       29.666725483763297      -68.382833979382340       33.732561471961709       92.040220893514316
       11.820634038806180      -96.635107094190715      -47.799850798533271       19.188024735328074       43.040754957596313
       67.556281977207703       22.479046240833142      114.656603874933182      -29.605577307564428     -120.097981645017995
       80.531591872559119       49.280024176897676     -114.690358393068138       32.131608901651191      -39.851551859639180
     -142.499130022631618      -17.354652726349816      -28.329787886496536      -12.280451628717509        1.090361169935360
      -96.736099097532929       47.567779271159722       -0.293627665498031        1.498221321507511      -63.148618956897089
      -98.677839729689495       73.392720321083445       35.415353061474519      -66.441932735334049       98.852178630399521
      117.078408389731720      -14.794647709449194       46.897873104873099       34.107536806510993       76.243805131174256
      -30.269500557344422       16.177432192669258      -94.716007736534578      -12.641696439451030      -95.429853083315223
       26.130888718990182       10.143147415584464      -39.943718527707098       65.541776151374208      -14.529254015774935
      -60.479987586172115      -11.647343195970427       11.324571390525881       20.785048693994586      -82.893515130146127
     -121.770549041141891       59.034666181702470       29.775023729020024      -59.105781367427824       41.100843298832636
      -16.028001097930563       16.947867100197097      -21.237520760548538       22.356189937433598       53.934424207457994
      155.439896500998401     -121.455818917626559       86.697015838064615      -43.303649666760670       -3.538267003586502
      148.332573134294563      -32.257300409144982     -163.946685823250050       78.198809124220503       32.251170874671750
      -81.540947292295783       17.060069559684621      113.879134452888962      -48.923509340327115     -180.873794607409877
      185.769887806351619      -98.063589073281122      -85.246503238742079       -2.701554186079795      -56.772249395699610
        5.555606993757913       30.490042998722529       63.090859744661898      -50.323957956267442      118.758663478300178
       47.903598579998736        4.668570533990061       50.781870393374355       59.399202950772995      -23.356676313197344
       -1.393771253127140        2.546266860128301       33.865233712247978       84.147939274597618       21.329098911502044
      -22.478892494468173       20.869755771957898      -85.725575257775631       67.491310866468254       19.099041956861022
       95.157559221354902       -2.626288993421853      -30.431441701790444      -77.121059993821703       21.621157070257546
      -51.066788768945777      -17.605304616914360      130.195309278881609      -86.672323059381895     -188.992485535507029
      -28.303487071746588        1.228958496631772      -96.467061513955429       84.829410272540699      192.819706778860592
       91.063535595158072       38.073839410738330       80.864183347002424      -27.853435941430046       36.530705277958937
       77.596349977782239        6.379635599557145     -182.630276168652244       35.625280925434538      -32.255092087335839
     -164.077500941296591       39.943615247365123     -164.751430522964398       51.375021549393473       -7.027512542635237
      -27.932302725575394       58.701588805832323       76.989011104832400       -2.224782411176053       55.034868688277349
        8.566508894167953       36.891933385498085      121.417011374352370      -23.142108093170791       -6.145773384479084
       24.462934026028840      -53.439397139913616       76.044114997085416      -25.891906921668468       27.475506198464352
      -10.898435449454059       -8.594375690074370        3.191415795174420      -37.376247202608710       23.325412770757964
      -13.241285710162414        4.967801475490029      -15.947676958965479       59.613869164688431       92.500768374798469
       49.512635757578451       27.047355384147764      -53.539815947054755       28.861898447215353      -91.485011627753522
       27.604562517978039      -57.068106266410638       87.995620481976786      -73.107800864330287      139.077737005255074
      -23.045550516814778       18.465627933931792       41.842732368477549       73.347791418014353      -83.249578720172636
       -1.281876394287109       34.875948400510929       -1.644530561975769      -43.421578112736817       -8.650889491996047
     -163.910804463010038       24.230231700807142      137.473390814746779       -4.165289896464921      -34.933396608188730
      -33.310280851887036       76.143580072708858      -73.817633810285145       26.882657215030267       30.660482501696411
       36.762188864347884       -3.793740047998747      -68.870377022857440      -44.326260163739114     -101.651796042406019
      -81.533301043070750       25.735573978290507       53.706443373374292       -8.750489735233657       27.371197301746218
       84.246387121676534        8.214903157286733       91.665223837864204       20.598453086320127       38.562015137178264
       -6.088963305029927      -39.362955608556604     -100.101639010004547       38.092211378239092      -82.611675509340699
       -2.285059022279591       -3.198916276789649      -47.680017629255119        9.526590492543558       -0.690138411208681
      131.852838520066939      -17.952378858020147       54.988016375431073      -42.097024450737003      -46.924689285302627
       70.855062439316526      -56.389947793200449      -51.189518747305428       -1.297873907451922       25.402821131294022
     -144.324568246049864      110.350131483163466      153.466466999375029       -1.695577815357781      -95.801395779449933
       48.737951973631617       28.165424513770660       -9.599129245620231      -70.056609303231141        0.768670787341734
      271.618373304375325      -83.884963705669762       67.532593892836772       28.519460778612547       75.062116070229806
     -150.024416029643135       -1.264754352096713      -66.065034557725923      -61.326401472398956      -95.870404516291330
       59.467813370708804      -13.784275470800916       25.387373570214322        4.747583216425874      183.707723126296685
      -64.226405181401944       56.471868286475164       16.987211109182134       12.669715286791224     -196.670657333648109
      -23.291962302249154      104.729090963027943     -131.313628917229693       51.515391970798291      -25.027155598454133
      204.801498916672870      -69.742223400496272       71.573824741908240        4.980251047872868      -18.270882336923773
       14.372707323280471      -35.204785416021970       51.914051757273100       23.598676937350437      162.846225973113093
      -47.942035811172659       14.765089251597733      -65.770123024594284        4.337493299968044     -215.842366175708207
      -52.888337606195407       92.173542889638753       65.932462649505553      -68.132515504921145      -53.707444322535665
       -2.793635678617562        3.489073866582494       25.813947845269112        0.187966629080921      217.497594456476349
      -51.795050034750020       -9.193868129239270     -107.495242008665414        7.535437210196728      -52.386202903742252
      -81.481330311565245       -7.167845044764846       45.792256651332202       -7.966884448651921       48.337027549069091
        0.165662735876902       50.928731340994624      -74.506605949472814       -1.099578158196874       72.006556122717740
       80.796487059023974      -33.670019345564882       31.365132226047518       11.920867329515906     -123.957044334640401
      -61.341428392115283       78.402087801771700       34.313751989202487        0.672816002076548       48.064912894962703
     -113.274099159623901       41.263672493053825       -0.265640479667343       90.950832979673677      -70.149410778953325
       31.555998278663132       55.502252722938699      -19.697910478946888      -38.504259037696293      106.335651658136399
        2.397442686654855       -8.477351979960096      -26.098558322515384      -42.695751478207178      -67.928672753867048
      115.620723235170729      -31.087078836075488      -60.183883850072199       21.909740855290611       58.107522182242917
       36.764035421485886      -13.285361913804312      116.782066353600428     -109.917377802872878     -101.577632162404683
       66.438703694170442      -55.190104327709300       15.996675043299785       21.533078310948532     -107.646963364439159
      -11.822464787445982        3.214533349032167      -15.604016274978225       37.528603185648443       65.403166305771876
        0.541451562179725      -52.119163264371871       34.641804227224767      -27.251801169153282       -2.485324856345781
        4.448945387641881      -30.998862374562282     -124.319796729467029      -26.826639405007548      -35.067782569085011
      226.254193106453130      -46.551164719090792      108.972282189113727      -39.042000127753347      118.707928937056934
     -147.708965189842104      -11.539829957082231        5.181748650691175      -68.638614958698156      -16.545921413704164
      -37.529589046342679       25.922438844356694        4.841218073635864      -33.935407040401842     -159.138779993053816
       21.046674733875804       11.217238766684680      -52.799207300630954      -17.384455337796933       13.108432337371879
       34.910366844662953      -22.929248964545589      124.870087619485076      -44.768647676193950      -68.730132997555174
       81.658507576320844      -25.040236356506213      137.737476908277131       -3.840210946814324      191.496756837877967
     -122.856519899674922        1.933340835244699     -125.144427859727017       22.074298605927467       64.917524552845748
       61.373222932826394       40.385438243664829       94.848962943540599      -17.902187757964299       51.461734994869104
       -4.181374169324545      -19.656540724110076      -32.352744465413160      -19.734990981677139      119.495488694763083
       59.201172586073454       16.091019207215684       35.456465013961058      -59.737813228878508       -8.576143683607027
      -55.115565321979822       -7.414223801766771       15.132488126028877      -59.953941239037839       16.131146399693392
      149.054169576459287       -9.812076749963346       65.745916368511800       25.802869417188123       -5.129265400506841
       28.068245921971492      -17.413063167890300     -188.043242654924882       29.632310210493948     -123.110844390763603
      -11.970594475167861        2.633773540460061       51.522967085421307      -37.265795237951636       29.337827919775030
     -142.340937008536827       13.397621304699159      132.117057332946132      -61.470041367268493       26.434638169223177
       89.528661544782267        3.323503667279507     -139.378415888193416      144.621701408830120      -42.335747575475587
     -118.558084820543982       -6.125787123632095      205.049096407855842      -66.530594884618594     -110.870662122332092
       82.320908720387351       61.584343974098324     -242.318582311894232       -6.226888717210011      145.757362015813584
        3.604921966314599       55.765027189534656       30.640824545095665       -8.921665638800587     -197.249848545751007
       27.647727990168018       10.958466017652331      103.728768586546295        8.545625134487628        9.680167787992771
      -72.443518065467700       12.369130788268897       43.018863565244310       36.313614947332034       34.418899211631441
      178.947929663082249      -27.412502118287463      -25.640859108069034       38.014333776761568       49.262598075048174
     -105.201963634293662       10.725040539280499     -200.089949222461428       -7.198293783371861       17.245293520186252
      144.064265749885209      -44.823975064008266     -119.512177976494769       29.030111670183530       86.061135093860656
     -217.941947110799759        0.882699499614022      131.457428582789532        1.022530599126902      -19.243966049504458
      101.461367239871507       24.858604913096681      -55.223011691658144        3.991140834406548      108.563551543627582
       50.161336646669781      -21.672849098281308       -2.843087534602164        6.227546027001085       -1.295448202860519
       22.069432503312136       14.258220878289851       17.069989845444766       19.839660869630805       34.656697906001007
      151.847219379160066      -26.031803713841757       75.506929001244359     -113.414588482332647     -114.563498209428303
     -133.313460579330894       15.747206271620227      -13.779674540458165       39.798663964504456      204.434811682282856
      175.299068438120941      -41.016415449866635      -29.316493408214235      -54.616259620286975       63.513449677151812
      -41.824579004152255        5.911014944742658        6.580989075185207       37.072981261533045      -12.015671996887693
      -60.494871834897260        5.721123548101835      143.869787144668635      -19.152535265282655       -7.538985343835298
      106.906716633386068      -36.514658415140708       41.607945404092305      -57.561713908739328        7.175477688580995
       53.617970454022966      -18.092372079468145      144.546737426858414      -34.601849183082997        1.919604321354867
      -36.113442442006608       30.388571806543229      -98.044735781654566       -1.017580701596333        3.342209827255362
     -134.485420821441437       19.369657177061722       99.956714614412491      -50.625165553176672       57.903745933104133
       19.461422429188044       30.200203117176606       81.863803687325458      -61.438730916718065       41.837234386198013
       74.588188175758532       32.190424499817595       99.807109640925617       26.330874786519495      -54.851193751165916
      -37.586724133345221       21.574506284656202      -61.760170691491311       20.149485902261201      -27.283004039252344
     -127.540240231644404        1.667237022665710      -67.259018289584617       10.540455246353568       20.671023314022715
      -20.732116540643378        1.781919488245362        8.120382776365428      -43.458231158659544       52.922497036469657
       70.182906179738197      -45.550063241523411     -172.808346492820334       95.415034569461298     -133.298876491208745
        0.592617223475144       52.875754045297377      -30.000706923172135       21.951231416876571      -12.334126397550296
      -65.941896795082755      -53.792934089093784       27.262662127184448       50.029321592441960      145.161588041089374
        9.859805341132340       31.689017705239134       13.659710808591845       35.263399729903156      -33.048448199295791
      -16.647007220053172      -96.473259552709706       12.659027504231741      -46.955430366371061      -18.776671536463702
      -97.681762482706390       48.708795711527046      -68.024683986673807      -49.666387272310246      -63.443560172103005
      105.040695944981707      -25.862661920669026      -67.257786763087807       21.675474042710668      -89.761684144336300
      -41.510049652185096        5.208492432961136       46.186287306660994      -47.224763615492215      -51.133776741708346
     -148.288549411207043       20.117911549179897      -13.341027228223188       53.528011769809105       40.240242708783157
       66.517208884157995      -40.135021354715612      -35.762386933602947       73.274909109686035       -0.450785068718809
       50.760179340362939       13.110555318573685     -174.702544492765071      -29.261414387717426       32.546942226687086
       46.952272637249628      -26.262389963949961      132.526734400751877      -18.412738685648968       13.600503450962870
      160.383698770371240      -25.876725508192418       17.295745388407685       34.163544615120450      -51.298927751313251
      -24.257038473201330       12.088734953256692       80.628564486644635      -13.910086437711298     -169.430034013542837
       -5.235160769126082       16.640911932839682        8.913827838956394      -50.143889186347060       73.472549788930380
      -17.299808144330736       25.151265731223980      -91.312062821320396       67.106750749384148       81.329272345081179
      -71.180380677839750      -31.622588469151395      -46.347139112518271       27.053926438326489      -19.752681643731382
      -45.588886473913590      -15.436978170387762     -135.785228674118457       46.739505376831275      105.901270782922609
       76.607503542955797       -7.184085746912786       60.465528441810839      -23.847640017394450      -93.508446091838394
      100.528624112055098      -48.448900799579071       61.660327683651623      -56.552818443977507        4.232143235293395
     -185.574737257788229      -13.372827509192845     -120.944379752001566      -22.328349913937107      139.376975053970170
     -141.819916115023091       46.927765971693454       44.546054814878104      -51.622301938479133       -7.401740952186268
       24.812236216431888       56.576788344782450      208.900166074691441     -133.248046340190285      -54.880301427558635
      246.036564204239454      -62.779752464707016      -58.216872872523624        9.713568609162328       50.692076139462770
      -49.955725808070163      -16.584915313152294      113.995900595441327       35.944537867348558      -36.140541886112835
      -67.447111861315918       21.414287812243263      -69.922675547314569      -29.362289036491749       -4.328309227180830
       56.026172860279296       35.763237598527652      -90.459077901438761       74.747851305986998      -48.482586288977267
       -5.905248543097995      -26.655585608912745      106.161969501437724       38.918948473098105      155.434697186075880
      -64.012000452887904       98.716756220828643       84.557518743460051      -52.818375490968037     -113.266889141327852
     -145.292694155170750      -18.214875532702450      100.957635951506049      -35.259965893595634       47.042361814685520
       -2.610376195897583       38.497360337546560       29.662895842094173      -47.229497222965897      224.294208297264646
      -62.444162613297458       29.780661493274327      -45.410955801352856       84.588381362003588      -94.788142293208224
      -91.932077640405922       54.907630283018101      136.232713939120117      -32.636130508583499       33.273764676027284
       69.642119706177354      -54.586788850256859      171.051275019393159      -68.128013764636123      -14.864267176227393
       16.409030591140272       13.809748789056338      -61.316553895190168      -30.549042036097759      -16.436628246459470
       74.780750450975944      -46.203265676391069      -38.009786136152329      -37.604337138297154     -130.105610426835142
       63.835482383085107      -40.684387419916234      191.661609435485389       -9.434302074246904       46.734984307736646
      -80.912498422252796       29.983866662283610       -1.620587234777224      -19.333597446392364       85.606002964274737
        7.062951300932840       35.056639456412128     -123.524542294738623       70.499720136169486      -55.042700120471928
      229.016501636414489      -95.918180242315600       37.373557079764417       -0.226526392592852       57.800749986171709
      -21.681379205866271      -21.611459265624848      151.732533078497653        6.397168435439735       -6.376697131131903
      -40.708307304390132       52.338219249422679       55.027641571604896        0.101766306038973       17.966183460250221
      -93.707877253540772       -8.976227888133561       30.388700363440694      -46.376953082732115       29.885606347846476
       47.110323818138035      -58.462669662826009     -131.721961753342271       13.150805192002919      148.626120077256019
       19.475743173166546       -9.641661697595170      117.904650478461633       -0.815427794589621      127.016171379833494
        5.413383306085607       22.600809795888495       42.766228496713879      -19.679150020740259       -2.305749075752931
     -167.399190179299495       25.592831705425418       98.710690124963890      -28.873812946778674      -14.397662797433965
       61.022228038031557       40.668116265244890      -85.127812723314861       43.113638580560576      -76.954407648678142
      154.878851048368347      -47.969840820997042      -21.739584383938166       14.114077742892526      -61.214720450134990
       51.669548714586739      -37.784596926883445      -96.280187736867148      149.513763588078945       46.997506702900729
       22.812951976858415        5.830602874249769      -46.235327940734386      -21.378773246926727      132.237055986903187
     -159.301623756409100       34.965333086120914       95.932906384286511        4.128950889710849      109.272258656936771
      -24.474190915109048       30.372934047988426      -61.690090631661498       18.528075217031784      -56.752060562811813
      225.102940055138589      -83.790972898356216     -142.564560256140794      -31.785396787801997       64.055072607644817
      -35.888726198862024       30.314343447389987        4.120504693038412      -27.778429990812580      -36.953274953337335
       -5.174099217539664      -27.168228127003289       19.785705195524578       24.176561448209835        0.755239848002350
       38.639959658536540     -124.570345364671198       26.669390674606021      -27.530912847641730       -7.108831172579229
      -25.687891143753927       67.659912155843770       32.337753625485369       17.531285866705815       63.781618224624559
     -130.814512414677864        5.553601203234996       -3.696362502167141       17.888496856072145     -191.188896565547310
       92.458868698687255      -25.938162790265253      135.677291965084891      -14.440535525654946      130.915204775444948
       21.955292001094183      -44.776470041414370     -228.494898035668143      -42.974456508899337       19.980317536125494
      -56.164943634777231       -8.146579791550030      172.719397344877365      -70.182942736681142      -54.649927556849867
      -26.851306239277172      -73.322666642748885      117.111194368408420        0.982016268467706      -73.557631944128474
      -62.977520436587135       96.868095046645692      -59.528682997591346      -15.848573963080611       62.535932324018418
      -38.251588679653139       55.270895096198018      -38.710177698043339      -34.366754480128648       57.162645352298789
       51.182980920040897      -18.400684585439777        5.799091427156153       63.898618427750620     -100.793381938951143
     -165.610274699869422       27.176799473193952      -35.174773749681506      -36.038655338287242       12.486379655926156
      166.906936715202363       11.744355197166739      135.100382396836011       -3.791501584242192        3.869530337722778
       85.364887631443608      -28.303232832564895      120.940168229244293      -92.429342601260103       73.400379189750879
     -122.100621033773052       50.877132064593930      193.139640940494473      -25.739778231041981      -67.543488453857876
      156.163671317473586       22.143418683632326     -138.950816575699463        0.407745701239353      166.825503496016381
      102.496307784081210     -109.244905818645364      -79.275277604016281       22.583684042382675       22.506571561735949
      -45.692746704163035       13.163477412555940      -89.366446569491870       86.028007179817877       11.733289582744758
      -83.371436640468360       -2.094896400498274      -34.682899200518769       37.229528878787917       15.564882896297251
       -0.623677810546754       51.293782081619717      -40.345768392294524       44.712097835991521      164.753546362141151
       49.863483123287381       66.844749051202783      110.930317052628936      -39.407211345730950     -207.855819207066304
       13.363483434504122       -7.074691579467720     -111.687700016150160        1.569546055138840       49.116366656246853
      -73.696195798006698      -31.242686627401731      -93.441656555699112      -24.276641364365425       90.653737045577145
      -32.502395574015878       11.730977735143561      151.221597304752095      -20.685014956235669      -12.055572530943925
     -148.981792363647941       53.112682988260225      131.740301136215237      -49.009926357369253      -62.023032312935072
      190.738938251185203       -2.071895288823553       67.706147346484968        6.164112183389243       27.995535905379334
     -150.560464351664109       29.193907959228152      -90.265732466861266       43.478970301618737      154.609393917371847
      -91.618655147028647       18.713068312543548      -81.324312348505430       33.719362242875000       40.398998658274664
       31.618228005784779       -5.035832130491940       19.620662165556201      -86.530267082038421     -146.262285010044053
      -89.127660356694065      -13.426967388839945       95.985415487693302       87.520484811177141      125.914966328065447
      123.608496810341663      -30.004943231220665      -12.109767032511678       25.242696344917366      -55.196041881763314
      -14.622671104109466       15.777629266495911       21.718693275475822      -22.713144366181361     -131.302068727265748
       11.714351662756817      -14.269753643810786     -207.276913057071226       65.774738736840860      -65.352995872498667
      -92.286988632215028      106.202733228639474       70.528069092013013      -12.042165271469527      -40.326533239643084
       92.626893687803005      -61.479903561074686       31.867395612647535       -5.542875607919903      -20.402360253784497
       58.560189562357479        0.893825654115814     -176.886583734244397       27.934482913052470       79.035507702800928
      -15.368996175206540       35.165651351051331       61.886851601296847       18.177336661740899      -96.865039930097367
       33.963466090131270       -1.221129024400612       65.193981341222866       -3.912667843878840      120.030134243540957
      -86.788563900254189      -55.685125399267825       18.737223700602492      -25.367750764243208      201.431868321152791
      175.733510939007800      -37.036839350400363      -75.479672205321535       63.455070149022092      -31.235117965392657
      -30.233684452766074      -29.328522392205262       96.124514173905339      -53.431148673424822       81.279311455095353
      124.940354142877567        3.147064763493499     -137.551419083100768       36.114604626642695      132.126254576729309
     -106.843915334314545      -13.979555201148587      -69.691371187910178       81.423136652427090      -61.658818733490143
       40.523308888069849        6.416983473674486      -29.297516788152361       20.299538777492934      -74.918229065507035
      -20.484202497866356     -110.422700530800299     -151.497100473075221       26.559646696383162      -81.227721825133230
     -112.101322279277426       38.565166899316630       58.462300587147055       36.442579184214253      -90.948869587780592
      107.471424745417750      -32.138966338575550      -61.268200588222136       33.005600133565807       23.094328910986096
       62.656533445025524      -28.163055006203869       70.586812448831651       33.999355559932745      132.969465514811020
       64.070401191616966       -0.124147286954455     -162.544283672164937       18.850231296895945       19.439864044709058
      128.974666023498571     -103.360137590657843       90.558180648539718       29.261109504852993       46.380638521671798
       31.383745921728224      -30.086429868155488       88.758585169102119       48.118313778060632      -41.024939288280130
       -6.530616030583762      -38.341007521346803      -56.035279266631690       24.255208414916801        0.997328815303815
       51.563932774859744      -18.172160137321296     -133.274554658839321      115.637535210183529        0.344802163011527
      -16.267208268119468      -56.739277781583830      -37.023866797043915       20.960938669846129      -63.443534828167408
      -82.935990807783682       30.987651655150316       17.761104764853950       19.349869619612772       72.128510409183278
       51.884288858632594       38.798538874194556      149.328234678550757       -9.354876669503268     -153.070408016419066
      -42.237977348042087      -51.985625930804851      -43.998753017959423       14.509662839539507       56.683914684150700
       97.281893928403804       -9.996582589641710      -98.129172539300882       21.559306081662626      -21.444138267412985
      -67.366885792077682       15.215646083014672      -18.554334950247767       37.659475057634204      107.053774272499453
       62.890617650474582       26.898842009892473       59.052046472193325       32.499703522332503      -90.733839902184542
       24.973293661873235      -16.486646502773791      -26.497776106746997       -8.377916838403127      192.416625649830650
       26.670738349581182        7.745319041990899      131.947753668434672      -49.902819111522916      -15.282072332109133
      -17.477905178501011       24.800768000267954       15.811441972728911       -4.454560529085732      -83.403285007531849
       31.628889224177613        9.226719152175507       55.775054307399571       -2.760718324659551      -16.472063974345154
       13.657088571541513       22.905642088306468       50.127855892455209      -13.404933280318195       64.513163089015805
     -139.484648448786857       21.578829598929605      -51.960461725071148        0.594333628949180       17.522898397496277
       68.320126369065107      -26.956366340957185       88.504353983024728      -28.329105279432987      -18.799883025626528
      -83.566210695658683       18.214317033420592     -122.797885341815999       50.048840637697253       35.804943497366111
       98.019736818757451      -55.915241625905090        4.019017296840828       60.792280408080487     -104.268119136978385
      -29.205894843636603       90.400532412912384       22.342701877952273      -32.644250189095494       36.753928820826033
       54.266498301887353      -24.212234437033299       -8.431943154021740       42.986053108843862       61.882717322269976
       87.508295477368605      -15.343578065403815       11.092979891796093        2.903955324874431        8.754029857186381
      125.604191914391905      -19.093327042963271      -48.994374532035302        3.400935742416997      106.354201035126749
       42.220735691013296       17.945478943310004     -120.225318402402749       92.220713849306037     -108.384465240184156
       99.997755208048659        6.027018092583830      -97.112616732024733       21.828774542740032        0.629216800241907
     -186.313797559860916       72.250221812487766      104.506186427034393      -39.979038828839009       13.302801626106159
      -77.839658515250406       15.354639148400338      -46.252316217571796      -45.393635325753671       42.621171980200117
       14.396027943990514      -34.313608272556202      -28.021374714079432       21.819440446769789        1.801416078412377
       76.670145608285111      -52.283005151650087      -72.710805414276848      -35.261530553632447      168.193103780832274
      -40.635414131093199       67.545275809592241      195.482236511647557        7.812779264109929       52.653563346364855
     -261.713902412582797       41.024577726354323      -26.636196461331174      -59.265950286373304     -119.871121397761229
       90.999733550923366       -8.463778215927714      -56.301846109597435        1.249575257840184       49.791164335957411
       97.165945646930979      -22.796867965673655      -88.887171095349998       39.473660752223033     -120.364971192166180
       48.526070680861906       77.793875081379639     -187.571855633108470       11.322256678966211       -1.828730654736726
     -103.057377586800712       -0.925266777964365      147.080994325352236      -29.679309988446757       15.372493579169294
      101.643943605888452      -32.125226334603518      124.761121731476734      -63.311502163850591       64.907743119946645
       88.308734614702004      -82.013264743827719      -76.680336106042503      -22.545836962083708       17.854433242175190
      -39.298492359645032       63.698654059827057     -100.844215474335186      -25.986166755607421       92.440169876333471
        5.849839564431409      -29.231874751774505       80.878779710157445       -9.300644895340135     -113.266050745446819
      -85.424765843791150       -2.755851106549589       -4.935717490154588      -26.576207048601251       20.867703983651346
     -112.237886450329455       40.591779283307673      187.037347578160706      -21.234786753547017       45.357859334008936
       70.594477308634097      -55.806273737235223       34.984865009124178      -52.299995437706343      -77.144785263605272
      110.218813852292456      -25.505261205515922     -120.821553515050439       47.470369875381003      132.049392740704718
       31.616641426092279       32.156598452884097      173.347078415311074      -54.443058014785692       37.630817962552371
      -21.476285826112477      -11.850259692173319      -13.757608966024458       30.639628984303734       21.067138957800086
       -1.289963127429137        1.444216152386542     -104.191511650590613       77.517372546296372     -123.801506112672016
       78.018403886403860      -50.440620459002623      -25.304664923093913      -33.727436675370249      -72.075895586383623
      -25.212702456285530       -4.618329869887636      141.647196059244777       16.128548462634239      106.816112282743148
       43.049353130821309       16.345017218107525     -176.089237360919640       87.849076242093673       36.995881261328243
     -136.874352489283211       -4.867870320053122       13.968525505883843      -66.630605901368710       -0.600050421065026
      -23.048717809025860      -18.310722961328768       94.906707992416514      -35.250981741656794       42.670365035195651
        6.550903156165776      -49.219626569014778       42.080276881305281        0.871096037427167      -34.660974588063361
       34.619503622323975      -36.841064030263297      -46.955095988864251       64.346841422539129       22.250322276869266
       27.375909972487491      -76.612818572166134       82.786751269020243      -39.871650245742714      -88.532478875546857
       36.822043184998293       -4.377694372746928      105.518378616506226      -10.084616418084531     -126.242600983982641
      -19.658965310561076       15.077831441031346     -185.463876394904190       -1.440602793080379      -41.736081977258152
      100.969299693035978     -156.670649684871933      -15.676770747198024       76.104761476132992      177.557024071191762
       55.704658032371633      -44.876373637368744      144.028464069483874       17.234573419349591       27.774700094069242
      -64.934948777061209      -19.402412247937757       61.264552505235713      -44.709268165981328       28.121777009015315
      -99.801839578424833       29.205744833052670     -158.868707893434049      -42.546188039952867     -106.632763692503119
       74.832630717439869       80.125382830736754      -60.116080943383373      -66.308372565239239      -45.861276759903873
      132.597879793512192      -16.976282178701286       72.025125360372328       46.312108674844296       53.108158342599786
       14.299985140021874      -36.000023017218574      -71.874174761882117       16.354936489750035      139.148028636411510
       18.481146355233896       46.206172496440324       77.571426924732478      -46.865949826155287     -112.501302796256681
      -67.858214796163608        9.007358933730393     -134.450750463236062       52.678423482712795       32.107611771945834
     -133.385038490271029      118.564358174705589     -162.078009055448916      -10.649917220473229      -42.012659617697174
      -35.198458709371742      -57.336581634316417       73.933884672625027       -4.119424126920620     -105.628570177751584
       59.040021148360296      -84.578739083849683       56.772906659728655      -37.851160781985911       73.482614585507648
       78.436695205090416       34.184904458486876       54.263242565588115       30.737433402743552       61.976172428865418
      124.333244001268994      -64.693992402216082      -36.845829489428326       27.750243107827256      -98.994194011177655
       38.737168888822431       12.900642624513281       56.506671477887352      -37.871741992202182       34.608134662787776
      -46.138771958075104        5.972146911412152       47.487649547300030      -36.606389524720896      -16.005159941839992
      -31.936788165072922      -13.130938376652947      -78.461689644535497       33.932424567033799      -18.345011154523831
       60.606528222954815      -36.756484930257614     -168.604307935488663       11.369656748925433      -26.831988535828085
      120.248597979299831      -65.350759989484345      -81.740644089911598      -21.224512872241707       63.751466006669268
      -93.757265629946716       -5.359087074615982       59.938702928055761        0.709844244098998       90.090336712758045
       -4.100933625724464       81.964552251692552      124.670881702984190      -13.181378680942634       98.020366835702163
      -31.185299532472328      -18.008587818314385       61.258268564471315      -48.421862527318432       -4.572410342425172
       23.184659623688685      -30.577012814154887      -35.413681618495538      -40.770325463909018      -68.678284605049285
       14.374507302146508      -28.741313844273986       11.239355003933879        2.249644637737664      169.670308520337301
      101.772205100894539      -59.853897011499036      -72.350999842557414      -24.817504362210961      -79.944462678028273
      -66.635431686717553        0.676947454661282      -21.316371428902947      -18.765575254393806      -22.656731722478980
      -58.918807099706378       17.501152731521636      180.659129249412899     -119.530200807018574      106.797301831571531
      138.427707257456490      -13.454715709192321      103.613542683697261      -23.244626729158519     -160.731058462488534
      -68.483824081855630      -43.068007648105009      -32.958836122338475        9.744551985842733       52.024924787964991
      110.681507051993961       24.877905422228139        7.367981952548252        3.558876411353931      -64.107854012087728
       30.681429491536122       -4.147965917828937       20.055302299891757      -24.729960718370492       58.955470413667229
     -139.979992333263539       90.255061846551854       43.018635568020130       40.683187951811512      -40.304422748727639
      160.920846151827874      -62.017577699218407     -126.636570210519068      108.742973800003782      -95.540953122294098
      -31.306184213853285       53.942379555750861       60.024586537164666      -81.536344684011752      175.188806170130846
     -188.961250495687665      113.024216426630446      162.278983888285666      -29.327840624740737     -159.942310628603110
       66.516213030230801       59.792556472949293        9.791346193604813       24.988149241542640      155.805129212626667
       17.677814499484260      -39.972964537678344     -107.389975929641892       46.668100002546190      135.806552858581938
      -43.189421790296848       96.266890177283429      -86.169699508476853       -2.643048591539670       -6.530423973496683
       41.777856294595672      -48.477805411164390      -14.275992958688574      -22.745328437643398       23.145306287959883
      -34.613412825736447       38.107705783627281      173.468295701071014       -2.215387367181945      -52.796083345638039
     -190.351354759617749        8.995582263280280       58.923910901863046       16.077621002817711       25.470989465782793
      105.800358067590366       -9.888873610787904      -71.858795488391593       13.558819936694611      -70.344072764648345
      -77.993916521756447      -16.294614086126408      -35.199111618246647       80.638808537318411      -18.526676940141009
      114.122698958134990      -19.328340326619337       27.854840592328038      -16.390711433132527      -29.004166785614654
      -99.056802682131320       18.035348642627774     -124.204602052439668       26.680682571749241       48.514771731632230
       16.225512106593118      -44.093301381145054      -31.855123807344093       11.319326850045865       50.897697007620316
       -0.790956536792275       10.815354519750677       65.300367146681268       -9.789973870083179       24.627232018906117
      -75.711514494961392       -1.016275597194695     -126.995170883710244       17.733163422255942     -167.273460790073244
      -87.564864137687735      -15.966575476299809      -52.676707993217505      -13.319319035933384     -158.065978432240030
       93.133886039822315       27.071408124641380       11.362301826973543      -47.401060382537366       70.627546176159754
     -206.984681252714324       15.166996599002939       63.069444251035009      -52.293365502519059      -63.299484959320594
      -52.749533792847565      -33.437649037140723       22.461222283077003        2.937222129406701      152.776941625983540
     -195.297730642315116       96.076542085938726      -29.073970731396162       42.230605692600513       88.752829145145185
      108.889560912664578      -17.127986686530701      119.410920694204918        4.291848813125497      -81.848708152834433
       48.228245950890667        2.614579491880487      -66.312095220996298      -51.170908823749734       -3.899802232897184
      -99.327575536133409       35.533674223693730      -67.601883706559761      -40.504849199589032      190.209149907465218
       63.180895119840748      103.555464178871674       41.410453232809900       33.403448064562227     -146.383726407171451
      -68.491820903045621       43.831870494131451      102.365442522720855      -68.763272318901102       -2.402332129936676
      -17.117141906775014       -6.749529261799804      -40.318146594655857       37.288236593021608      175.327021403993115
      -56.476172089944299       28.226655565961995      132.749519602201701       73.870977828329217     -178.845668556843549
      -99.348659247077151       44.219118657716670      -77.134082449612336      -21.043918138647424      -25.769493058894938
      149.476101747615161      -27.703693000288446      -40.372316452517779      -16.995841059066684       -2.559902383570026
     -165.002209097401078       95.625572885349627      -77.103145079377256       48.978059652401008      -29.500178859942388
     -104.161156228224158       28.841524297166384       68.084910893600764        2.213990240807831        1.654382691411688
       52.350975026263121       19.484543584835951      -17.271437973504192       12.638056503864036       44.859147441157546
      -25.867237407992722      -22.280034778594572      119.509953991956976      -96.001553417466951      218.000995367092827
      -56.256945130531427      -29.917712498311108     -117.099150289849874       37.122297370261542       26.189933464276105
      -10.309401615183022      -53.478608591475719      156.853160304386847      -51.457310355827062      -54.573847724857515
      -24.290575024975357       15.691456676491930       59.139434241957915      -64.701978786943627     -133.852355317176034
      -61.467496346676107       13.828819622579870      135.622570994921887      -40.421086087265202     -133.161843747331943
       93.643667597914543       14.461610259112209      -85.015539099767253       46.162620506376562      -18.711738002259466
      -29.654683978924098       33.754889929666270        2.873937420119335       -0.402419043967148      -67.566173058847312
       30.878657721462389       -0.506791358308679     -152.744073831144362       30.209094450916041      186.727276940245702
      -18.713817326197599      -42.327602900368539       25.705787324781674       -4.882172184927825        0.962970372478431
       58.904654932533845      -21.025027144290050      125.205511444106364      -21.853720826820748       15.659124639846697
     -114.807245505599525       41.776370347229069       36.798191130144559       77.670267054796582     -212.503810359119200
      -53.414964219407487      -11.630184960456909       82.033521331222502      -65.506086832116253      -38.182515042046170
      -90.728397017384083       46.007553803824386       -0.786076820244684       18.124681008055003       47.972209804741873
       47.397704830217002      -24.757434135431691       31.876101331381935       43.250686778452987      -32.327258641016861
     -158.208883925788314       21.053973938130323     -157.899986031155606       -3.688286575514781      -19.151026828216189
      123.694609780637080      -27.767925523157214        2.015089221873358      -34.942286187008506      230.318865047839552
      -65.496124777787173       11.876619071959887       89.483290302114796       26.084291370262591     -149.577954405782606
      -21.503645458554260        7.038748739506659      -33.419991659016439      -62.139183676109887      -10.829869555480949
       15.642538024075439       50.717575924847189      100.358193685313239       -3.296858008172045       65.299493742519573
        1.869612163873520      -29.355989756460197     -118.782761253827033       61.665929114970552       23.243787291238679
     -146.889720470403773       46.019909249358726     -172.339921378243787       95.062889954858377       21.001128284664670
       19.486976284268756       22.933478979072216     -117.276430103564991       -1.816337907534628      -75.882564893286855
       35.623066232320156       -7.917898498804919      261.268593975499357      -31.251848866411073      -60.560670080841199
      -36.938218578441870       59.377071877883289      -64.222441963025219       26.166590934959654       73.187555257851528
       24.569722108609714      -18.423687061114698      197.697447972194027      -17.524565388487602      175.848822550756097
       73.034286808719955      -40.256914181898416       26.847304772259289      -33.214887598424326       17.626052282223075
     -231.237604634457227       20.430715061823822      -37.336354394180866       -3.775126322483419      -85.781173594585880
       74.563157363227262       56.509933047320494       28.823344312898271      -54.883523815362047       91.944133000394544
      153.673528166468373        5.354790936090338      -39.851487439793424       40.442945099064552      -51.537548190432759
       32.798136532416734       -7.016578803926752      -79.603661586638708       59.615152107996060      -83.485352537011437
       49.756969709884906      -41.556531476670820      -28.339589207993466       20.619220608311142      -13.169149754885462
      -40.699611315719999       33.900942852086388      128.496796602631832        5.660688828631619       75.637672028343474
       20.855165137665910       -3.045532349362075      -85.715847679268293       77.220584506938266     -198.320728890184398
       52.871512356456307      -65.558619729949100       18.724392998044628      -26.305457480600843       68.008054794715292
     -112.307289196813088       26.404859658260282     -118.937364716689260      -68.958248190870904       -1.085490753136808
      -99.511448974512660       44.749929781809463       59.537969550505508       29.243391079048425      -71.540035161183809
      222.893410850797153      -56.495785734838329       46.347582003571077      -34.306327753749166      -22.974288878757466
      -28.661774330312596       24.594128812562118       11.978066758145234        0.992920566745674       83.221542322047085
     -107.298155234161996       41.918779694944888       20.979917977322824      -70.479384308826226        4.540545383047466
       74.391966369576750      -57.506860550005314      -61.555210464217524       15.760968210737527       -3.464671612418952
      -18.643057893821563       -1.986831662562252      -61.023391794879302       46.838631938028591       19.536799221920244
       11.631469896481610        0.106465072584107       65.853988136022537        8.318096570925825        9.169661655685987
      -32.292917610714717       -6.528119949169426     -105.777024772789218       36.731492774139916      -41.445895003100972
      -33.756525872292677       50.618823628755834      -58.691438485575446       63.347817699247528     -163.190502686878517
      -30.974701741116732      -16.460309483266009      133.724113486878423      -58.264032965473945       -2.469544150419615
      -17.354274420999801      -46.404878475947356       13.566167268085541       31.601428983247384       94.970763043576795
        5.495943513167741       50.582265452419932      125.313785106994416      -43.680404717455339     -129.550390591852874
      -36.694097434428173      -18.884526261788913      -77.234792711274039      -17.603746311048237      -89.971082652094481
       15.455061163493591        6.475692132549534      125.333597530239530      -51.840246412678439      -65.345784270181767
       97.818357627818855      -40.190742293816960      -22.729349179514017        3.914279250679766      139.026386624137615
     -142.819586008806397      -10.617777164204071      -56.917335797212537       16.570620668091152     -128.543661936953981
     -129.865504066182609      -39.411018504326108       29.201681954381211        6.120389347092309      112.486726726963923
       49.267448886618133        5.888048959688437       31.241806395901197        5.489102802173602      -30.292895076840807
      -22.923715400665319      -45.825709156995622        4.668814483887752       -5.661404343573281      -10.131010688376639
      134.768602764472774       -5.609552904849340       20.280240158614717       20.476188823252301       90.201967458014764
      -78.396615468482196        5.616156636149786       37.808416839420005      -57.617546045955422       70.649927514846240
       13.412148902125567      -59.035809235365477       12.124102781188961      -84.157161844996480      -15.965744373146380
     -102.074737743815049       44.758773883953921      -64.268040999847216      -10.167457325820756      -58.628797578076792
     -122.921760663652776       -6.900095874081172     -133.250686339238911      -15.625106877006029     -210.615882034935396
      -72.887922368011274       36.943694374414953       68.570905360644858       24.982578575980490       84.206375454676717
       -3.239241849232703       26.439590765652376     -118.634420858621283        5.021215200860397      -92.779740731535185
       92.245827613865458      -29.365126096742681      141.262007087913673      -51.569118465906989      -52.640409748256644
       76.791643598086864      -60.117336413624933      -13.612230524332150        8.688116975026533       24.581039397257303
      -15.973583259590232       45.829579843486890       79.498918804736135       10.465820642917246       34.407404942172420
      106.293297695103874       19.143961822874420      -84.538437987138835      -26.732428521026229      -75.551742470844630
      -20.323505588520575        4.381173201542679       67.094926880421497        0.614824379781095      -60.245879904999562
       85.877603615242521       -7.406226131455552      158.561332113104697       27.313221121247746      -82.861557887264311
      -86.488308464140843      -37.628589636782223        6.153838276712617       12.328373604405250      -13.784900623540484
      -50.197680669213426       11.202476951331278       -9.794304643178011       -9.644294076124662      -82.324119963573636
      -92.579332019036571       45.189400689585973     -122.632095139426340       60.769678793250193       78.177464679322384
      103.879356896531576      -19.578124515908353       29.501805940816400      -57.833480641684950       99.743677606019588
      -26.542451825068682       -0.630921684027627       60.218496948105205       16.260445540677235      -22.784797209588397
      156.133706974308041      -79.667757961230549       66.609484789503057      -16.922158510968771      -39.185641207158952
      -61.521272073001292       45.446477477997824       67.022688592927949      -28.678466126073666       58.977726261567156
      -20.347807781088417       19.465019627357389       42.484924050374538       32.990654876036764        5.480691019601044
       26.616036970210768       12.811685056000144     -155.537094224135501       21.816861880686506     -149.861112872129212
      111.693703348333514       30.562515819531697      -36.215094222673642       39.569264929323509       38.280449198233718
      -20.440897653609436        5.387190301072633       92.890994633608415       37.393578288997659      -30.307338832337567
      -26.899721519491134        2.488261957828297      -82.488514335959607        7.312226226470154       70.730409988655680
       -2.647793005629716        3.234042364343908       38.892760388282987      -14.678356794823035      -75.562062487993416
       52.411816984138440       -4.967117510119817        5.585141961126115      -23.502953289235133     -150.834957077299919
     -120.430278668784808       32.703927164199079     -194.766651955783715      -10.057075113086594      -30.869484176332914
       -2.496845105553665       90.810235854384459        1.932859809066236       34.930105540478245       58.803045109189469
     -144.026495413833629       10.093616080306575      -15.854254472056509       37.747895426666801        7.073756547421647
      -11.796324610441449       46.243515909413354       52.221723755329940       27.608253415662332       16.742477122834057
       23.383193059711679       53.731196959589695       28.703915816605676      -45.555918932179644      -97.901164561881160
      -71.283143489003493       26.967232980765019      179.007912848004793      -11.159303995981434       31.053914586640971
       35.379475441204960        4.834318644366916       27.924124636261826       34.740996369378784       53.369176549416586
      -91.762023650486228       65.435969344040558      -25.539062768830814      -26.967519420690497      -44.540104392261092
     -119.942458023204026       30.815979170716929      -52.008123490865252       -8.835578535190695       24.208253089086984
       58.042287095760308       78.209269712577282      -53.960475738700218       -7.995149352880498       70.209236567041401
       47.361393985990567      -51.735582716811031      -53.296492654125366       15.296370953320555      -82.327494911657851
       99.592453197919042      -29.059486231822230      107.378338060236445       22.579658624937874      -21.320708924884897
      -47.448793561909483        3.080228781419506      -88.013509553188996       -2.284127931528174       74.387455670717429
       43.838549781288108      -76.813649744381323      -57.394676081974097      -19.520722192274853      126.995286346009635
      -38.653093278245308       14.538364667880158      149.365462837759509      -46.905393307476636      -40.219581040751521
       43.753408112560706       54.270757129587878       -6.738808622663210       12.973548927722444       -5.022289259047820
      145.212060577797217      -45.670866170016502     -119.612118315104340       50.028559074500286      -76.878144496213210
     -181.966953800531343       42.472628084228880       61.958160942636191       17.837414123959775       46.364329544874643
       98.909362291483916      -55.243734987553793      -30.445545071040243       26.905186316757067      -13.657462944449495
       34.461715644937549       -3.382519131761788     -120.536844598038286       13.186162184799207     -107.455875216147277
     -134.385654904193359       63.009550308909773      253.618797704423145     -112.341041844388286       11.035086062171473
       83.329758223996947      -12.308425201301821      -78.126408494044753      -10.884383569575904      103.138614399468963
       16.138737394442902       15.075055455824492       -8.559305799771561       38.499587133664797     -110.117533750424727
      -92.411027077258368       -2.413690156639027      160.128549485015185      -44.625401041872642      -55.265757700028935
       67.342484823881364       33.304357095455124     -115.597642516275414       35.133210631706888        5.825628807641492
        4.320011493481855        3.906265390412829       58.815697212741107      -43.886119942854734        2.970879148783435
      -69.305299048623070       32.829538651719304      -29.253056104660132      -12.175051308473783       47.497096097322945
       76.284683584228063       41.473797263624924     -182.973418989055489      -18.708374786056456      -83.616609606688016
      -14.949247968916008      -50.975850890168488      -15.004803138057081        5.133949295071212      -33.134751410620076
      148.156284060409945       57.733487404666704       72.362371463645331       35.756836680649300        7.359042216714514
     -111.274923303133477       26.836777367539963       81.846966196653355      -30.014561884150140       -0.566732310892189
       64.806626441198901      -42.982747400361660      -30.392992987767748       11.128324625744616      -62.892840556711342
      -78.467103955328440      -27.770293959843823      -46.534029831572489      -41.500017540355088      -51.448966817761999
      -92.110234171410639      -24.151052809558614       70.473735434284791       10.538514898928710      191.482914034884971
       61.227018881699905      -41.106232261399562      -58.568639708393405      -20.688241253366112       -0.022590559892572
       80.572944223350362      -37.609757880546077       33.517971773067728      -18.563311959781778        6.437151957967668
       34.982619662140785      -36.682918509127404       33.597205218697972       69.290016734803899     -143.415963100294249
      120.743937821263671      -32.834558150782648       76.282926431713193      -49.118839805249159      -29.264585525953553
     -111.304778995543771        0.206460370497595        4.802729145778523       41.740958299919669       34.227123914010122
      -11.597226298211035       74.107576934158658       86.542603895907732       -9.001488806606739      -17.271442667894949
      -80.436665431698657       34.440658524679691     -105.837485943569945       -3.479802693543358      -40.251402741016840
      176.193316005989033      -52.720973574130944      -33.842624874985304       -2.022856699213774      -38.605635658816141
     -146.058275012033363       98.572711218345347      -73.686365350226993      -12.944911044635221      184.749893874748579
        4.746631073005308      -35.570142586681726       -9.450354743010221       14.581935475403238      -58.360844110384114
       65.309884429237769      -11.007193495303842      -10.285557770402976       39.110341246337853      -58.237001255730526
     -201.832046287287000       -4.758554982542012      113.942102005562646      -13.569728167983946      -67.247386626097409
       69.880123961444696      -70.467051556573807      125.590965119714099      -34.249621290961734      -64.604774644647662
       84.172793596069482       76.474171043869703      -53.287942826917160       45.545655539810454     -103.669308325637260
        9.718462275544422      -30.249389682514465     -124.054760432810752      107.060950670359404       84.411068902123873
      -91.195427915523126       80.646264901084322       73.220028915469030      -14.571991303279747       -6.628179090152689
      -11.288508888997335       52.334254185079999       34.535892320049825       22.680075952124206      -99.301660765733914
      -67.245622903539868       20.984816915014331      -18.180599585947768       -7.420170128960254      -58.015278746368473
      -34.985232374056501       75.979837856214786       31.345129424001016      -15.850845008051664      -67.435709705415945
      172.509202893967057      -62.050875300842122     -113.624901904019694       -0.498737555703811      -46.833259137907874
      -66.674502507872973       29.864131071965605       98.632410122379412       39.008548545797346       97.253873301329094
     -117.026291884304115      -13.131814401817858       -3.474057306572586      -31.928823568756798      -66.342285762346208
      128.198790455221797      -17.102817648259144      -39.761012758127897       10.533827960803562      -72.325448726995631
     -118.109829875756162      105.665339539288780     -161.862939083759926       28.046195810573895      -49.879059629823381
      -63.451484280345611        1.657498899203404       63.023195663258946      -14.437039720104027     -138.944428966686161
       35.714591963107388       -0.352854948244735      -24.221124094345146      -42.682278772500354      227.329609564495428
       86.428037176008118       43.198205621544268       34.479741785932518        8.414343957621675     -117.020242960252475
       40.955123210902286        1.445749371375385       82.901867758352452       -6.187731556444642      -12.667263953215659
       33.890949930796914     -109.254832664729150       -0.545151934007307      -30.356134937219405      -93.025448528123505
      -62.549158245013025      103.202768050520163      -19.171950551640997       29.839074603521038       65.975480626268421
      120.878617848457509      -68.701308518520207       28.406185296127521       24.504514261490932       88.956412647177856
      -60.929791518386530       52.003500991285406      -27.328480365176350        5.275668957102212      -28.228967168273016
      118.337790003435927      -22.421895591701219     -109.458353363348309       25.302938845729294      -51.970296226828047
        2.555065710916766      -35.654464890445944      -32.125360933302012       45.236490369711575      -67.182372842747696
     -136.096411197767566       58.077194893778056       91.958820609940503      -46.434412041154815       85.324008757830541
      -80.857279209823488        7.338841782040486       22.923909715579033      -23.111652886650884       79.413904656045830
      184.570447067741242      -27.083766812708095       37.915825101763843       -8.556372769811480      -99.438754824568420
     -121.642165223605801       24.199795384484933      -96.774944597897175      148.686859888093863      -38.729382760664500
      -22.124427845962774      -19.421008139554669      -44.868100310953665       -0.306421379511520      -19.809106041300790
      -79.406805261875377       80.747692061497219      -53.771293748914111       92.161944790563680       -3.234713446882675
       26.306411563459633       42.763597190313355      -31.823828885245117       59.067956403713048      111.428144809387035
      -89.675085318357560      -28.461675259003613       72.695803765880839      -44.944988030735772     -118.402779491051717
       29.433083628929964      -44.374187251677888     -223.725412819960496        8.488011092232219      112.769203914991834
       20.792826115911843       39.490062862947795      -23.616455294909205       25.361722823491963     -141.956075150563237
      -48.292320890771101       52.460584348777878      -77.069314048913284        3.265213318536045        1.859308456666923
      208.742278568110549      -86.488402732543037      150.040024308857966      -48.796666670961628        8.676622805443067
       61.535769664030610       58.220549818603118       99.674839858815787       14.964707065753673       17.650304447636934
     -145.758871203187596       27.142987265223638     -101.157418464949174       24.305535323795596      -30.218776361976477
        6.691014415563971        8.125051223763128      -53.917297030996700      -49.087259101690975       31.249802050935273
        6.231487592642988       30.292459079867243       22.510047298946354      -42.724635123756663       28.932803805102019
     -197.813916122394573       67.386201068875806        2.334261458095565      -21.471829201219673      -80.510621243876756
       91.418866488631750      -53.437071426320003       76.498800511529552       -5.636260740943128     -110.185011465857684
       27.659384886246325       28.641708287844345      -10.178432632486015       50.208543754618638       79.428544551318865
     -131.961123947603312        9.462021496957599      -86.088955082270786       36.845650551753728       42.452612482513274
      100.895895839389141      -12.508549089256903      -73.767666521692036       56.038036499573415      -40.426998545977689
      -70.399767409238351       10.194907244073006      141.947795175485595      -13.277649111660978       77.402923516821261
      -40.863077739376976        5.749987176719028      -50.497812851702548      -74.883517260930489       17.497268009782815
       42.770402948803238       22.362435059627380     -103.483976169713301       57.813884988017058       17.927913583553273
      112.741041062110966        4.130293108407957      129.652809949423556      -17.912784877355886      -37.609392634570199
       36.260349170408965      -25.301616039472734     -143.335166285438248       16.328165797943040        6.543814633251873
     -168.706988005353509       35.335815326857933      -19.624097359768221      -53.949384284789502      -43.971789538872521
       38.448181481043790      -28.481697762488949        0.798309850309409       74.683553626382562       19.907955293412886
      -83.006152740877212        5.905430916082532      153.513165702853030      -52.545563905257687       59.803537533999524
      111.103133884311987      -39.707030750880165       13.166882143973844      -33.396240444130193     -104.295094945105546
      -32.000433983735064       -9.885413210861683     -161.320172372425617       -9.960591858980845      -21.062800205678421
     -159.680043174548359      103.864217113525143       -9.348101459958752        2.443081538752946      -19.210868165632903
       75.385991177807981      -57.423995866780238       75.789648028332834      -70.112493605466483       67.227150728668832
       55.012351477244287      -33.652353903891935       -2.003145160920967       -5.380562732519322       45.811796337342500
       45.489475693611205      -11.696952932954170      -33.238046417873328       15.262445807863573      -10.084594440308924
     -103.501277315014818       -3.089919741798139      -59.540538347028622       23.579136119808840      -40.065437696597954
      -22.711989200978266      -54.943618943625154       62.479080842893282      -33.591005471199395      175.529477181966001
       27.555498372408220      -24.322447701643558     -113.572155461950516       55.104186726500274     -177.971390799457481
      -93.669855394409339      -30.387986502745616      194.646112065510920      -16.063822545162765       44.337299141812757
      -45.251013301289809      -65.921337809190135      -24.239614250534977      -16.659433539261762      -35.561207596438734
      -56.504598869746019       71.576705731694801      -63.861803504162289        7.038629885109690      111.838054961812688
       26.290719975881348      -22.445559515192183       27.002094525428664        5.504824365097484       16.936569415971427
       58.615287107004143       53.749324104755580       55.800867785371040      -47.949739430586291      132.016500411173979
      -13.624431695546084       -5.398018788465206      -24.543412664142426      -17.265816784970280     -107.044532009134059
      -41.574624919353276       40.047337268829665       66.613164919476333      -55.079492333414123       99.163781527794598
      -14.993586872760316        0.053157678570696      -22.206498159007147       46.940607935214025     -138.041905949209564
      -97.042496900300051       52.281787850643049      -10.038048092262615      -15.229144458184614      -62.827874214240140
     -114.490271997572407       -4.579237267971186       91.212258645156439       43.143206144430216       31.421450975410387
      -28.602943653176638        9.499703408795641       22.650816774006895        3.142816332177476       89.454724123527356
       23.382492879777981      -58.911936924156230       67.810366144404952      -36.559492737380218     -102.179738462408679
       98.561546347037051      -70.964590016760766     -119.560459565920951        6.139422595119848      -65.205227850745629
       47.615293660346325      -28.368517823623957      -26.537591463644361       28.166003837121181       28.532589566863610
      -29.444721230474521        0.212247717812015      141.290484871576410      -19.298799886421438      -95.222331568005927
      -65.480320399663526       56.659939547585523      -99.609007206041909       -1.788876949599641       27.887194401941755
     -179.869662823360613       29.534727434567642       34.533864469629322      -49.610077826450357      -88.392806883574735
      -15.520896716605467       49.345869178762925      -74.299709378724643       21.919113739472362       90.184202019134091
       95.337381505997769       13.867001230772697      -41.919201636633304      -20.439487248387351       54.008945003587172
       80.467459559317945      -30.186915427825348      -41.752515934649736      -12.372764572301419     -185.909763609613890
      -83.057619906040202       -4.035481704541746       97.390124269371086       -9.170368335144223       49.943040395233830
        9.842639202000385       40.876584763120512      -14.814971205627375       52.377189776505901      -48.435950215989848
     -123.778924861210271       53.010918610990956      -94.445410584608183       12.243180871394454       -9.535125009425741
      -57.063517439459687      -42.912079632620717       11.771736040890966       25.760136156762979      150.412010348895109
      -54.232023958210114       63.313441485601125      -69.764449292169431      -45.699239881648694     -171.487079777715422
      231.057470513583127       -8.086577261978611      -83.571781515682972       15.080472398590194      122.462176543651651
      -90.239887852917960        3.423534581314193      165.350184979928684      -23.825410688139154       28.352839793166510
       11.739375950553519      -51.336910850586669       91.069267483365181       22.318518493467149      -76.841241078784236
      116.686946510613893      -43.957232749184996      -92.384667809448757        8.274114086649757       15.979467012445808
       22.705566739711685        0.596555974834519      107.208798895860383      -32.087545388732046      -38.578621017533656
     -186.395576558686059       -7.837442470066189       -7.468580669798443       75.995716921279353       20.402294890929461
        1.677967839524709       -3.696257450569451      -56.990758335847183      -34.704391403324856      -63.560124169958073
       51.278881027626412      -29.936696853012378       10.157902076773347       42.171181107024573       55.088239206405198
      -47.991634032951715       21.731800306594828      164.513656753745892      -75.336107793468983        4.701307325310054
      -15.563996472497488      -42.319806448503627       95.788888109113401       10.690191903823701      -74.243685345631221
       38.874695094877787        9.317764582927666      -29.735994610750225       -7.599158035212272      -18.313190320711204
       -9.119963305931249      -15.343927757803549     -101.454578521646397       -4.622598387227137      102.123862156115180
      244.346309262399728      -20.655468821962543      114.907933098369867       17.548802018756898        3.760412474728323
       24.570997639844588       24.675656273291548      -33.670444127140257      -35.123599590114651     -156.874018307035612
     -152.773342279959934       42.431696238551396        0.102486394333749       38.381023134247712       58.961106389953919
       56.149429104928267      -61.074734066233219       57.962114296700733      -33.043850653836380     -122.655647154654758
      130.378979358752161       25.497312094122837      -30.721349601015948       -6.961799730872356      -22.435000210135289
      -23.229878680965633       41.577975345896675       20.770401075230019       29.182208258699600      -11.548990314512325
      -16.911966816576424      -52.662576536541046     -154.158298234965059       99.012025649928631      165.859535115972363
      -15.910577541875847       42.343872384974496      -75.765816138239671       73.573137118813605       19.081412821998018
        4.991634598681650      -14.842070153598680       59.352550054397490       -6.065671482857147     -220.536204336759596
        7.642158636925345        2.285284224746452      103.023300848463549      -38.822318500493026       89.530483397878172
      101.325247422078803        9.114671911237611      -27.929617372340854      -22.956961091754131      -26.480572379054369
      124.401168291217928      -70.348318345025561      -34.537572887897937      -11.869511005076301      -71.897978013524025
       19.162545801924733        0.733094063921077      -23.438737579682538       53.984094755046321     -122.476973744815226
       54.852429920460992      -37.484799408142180      -63.094418023788876        3.460671478900585       31.472956361202286
       11.393521659092913        9.585662168555187       32.898917475332155      -46.022673831477448      -39.209077889756514
      -22.142664656175359       43.753489821831081       78.508553528285489      -32.518948938390764      144.902309439054847
       63.696622512549034        7.412601766036099      -10.142557422269251      -68.448216436381713      -41.901015486502857
     -110.948048672672797        6.665188839232349      112.985927981107267       27.599491566800403      -56.305133002691427
       95.806827543714604       41.303483847084692      -11.861636281351892      -89.072896556217998      -26.511705733715019
      103.947881801847458      -44.974248666521639      -36.682257802447864      -34.452545897051699       40.952051411554173
      -39.987765529840026       -9.318205267709256       -3.532326253047192      -68.505848547551707       96.527021960205303
       67.994118846810323        9.763309471941854      -56.019179363871388      -17.133645979912334      -58.324962154731601
     -143.516032110918843        3.226842284212856       25.568709726015101      -30.265585438904559     -264.718835351464861
     -102.756344227055379      -66.133355838281631       67.256269015083390      -28.306015213209967       94.001478410603667
      276.974898668701030      -56.612877274351249      196.621968383601740        6.142100373051776       51.020974938561402
     -101.153354725062243       86.098922979696255       38.656817273522691      -65.400940937450073      104.102135405934817
      -28.638522504539324       -5.677093093668232      -44.731385492384142      -25.187697103559238       20.262796829126827
     -121.902991115082415       25.018200697410645       43.157904854030029       -6.753261857493513     -155.831761385067324
       19.030952881287575      -39.346518980903852      -81.892703123384393       86.672660179887259       -9.696572926074928
       20.403883161283154      -11.627433110731612      152.597217229382096      -72.749717287752190       90.703378856867801
       19.558703154802334       13.684684962954293       13.559786928631208        7.827650086714034        2.383741540307392
      -27.892622661679955       44.500604047971407      154.729626788286339       48.791041960488528      112.033844433480311
       21.528108707690773       -9.934192609264581       26.653876667949856     -107.674593337262337       64.805094734791339
      -82.829442875751283       32.074921354217580     -153.110324005145429       -3.630346252361704     -117.293725860857279
       11.103746327568420        9.556999725327433      -28.061975875343258       67.280668909573635      194.707490354489124
        1.751016122988598       29.993169377937033      -93.500110813867906      -73.282229466473126     -162.874905416644481
      130.131517400535216      -44.804457311851309      117.894046874421605      -30.856230877887398      -24.439999041921929
       -6.765597212915808       23.443322439147085      248.438387403850243      -77.122456085166775      -60.685971983394239
     -113.649531356015743       14.164146919171335      -62.678137133839975       12.958326137140746        9.413129482229611
       29.871445354908634      -10.288903655200279      -42.682803036446863       29.831033622613770     -121.827329701917549
        0.362398740519785       25.911199603507541     -123.364093568924432       30.378299323307957      170.341907065266497
      128.762949479064702       20.303761376768691       -5.976273847510461       14.085049390885004        4.484734419403897
      -99.170933679009622        1.655938541625274      -16.041931365446505       29.973481699379278      -44.013315197566463
       -1.052666129614829      -19.958221791286537       14.248193685102860       -1.525436117806263      -27.351029658705542
       -2.436068305798912       -9.835375439511415      -24.236511176054954       48.092243967170681       78.499199116546890
       54.553869283983190      -19.693856422305764     -188.733538375245416       -2.234317153611343       29.874128602883829
       16.894816155567113      -30.202236292545827       13.742672435701945      -21.914017751036241       58.167742225382419
      133.827898270602248      -66.528221438684980      100.365179179091186       15.339178666253092     -143.806734663448083
      -15.548347148436637      -10.705058804324148      -50.723105240833490      -10.672032956126268       85.414861974619868
      -41.372507906308691      -12.765550606351303       60.515887613801539        4.161444441973019      -13.531293945931724
      -31.916511539685199        9.575252247693827      -60.041633762906748        8.049105971191196       39.418071404767289
      100.732960236824809       18.099606068097611      -81.117548823101515       49.248938215040937      -77.854180295657585
       58.534664052873914       50.887178917860929      137.459675026925083      -19.072782941102094       13.875883974493375
       11.353167620317318      -19.674050123792693       22.711558638933347      -23.542103656594488       -6.993924973651763
       46.242908636402888      -39.969042201927451       23.702587605611843       10.670859614761740       -2.293924821021894
      -75.616769545686083       63.880730201455812      -20.689466450975885       40.981433521603762      -47.314358750351715
      -63.121893796144967        7.885857309997115      107.084919069157507      -20.782516152700779      -28.174971314670625
       82.440199081805048       33.901625056347619      -75.334376631263837       65.221871410427553      124.043256022482652
       -5.893830929187390      -55.568735071589607     -118.733544965371763        8.183348435129016      -38.355251588111244
        4.102824905861326       18.521287298662944       15.231048972109152        8.293075268676782      -27.966665654923375
      -98.868435121020099       25.995576086205325       19.156723274802680       12.992212554561988        1.991582468437628
      -59.232895983310620      -50.054924190964975       32.409421127651335       33.858855726315824      -29.200103505932724
       34.106326046554031      -58.956305065130785       26.116205808558778      -27.417582012836437     -103.127546664139075
     -105.732331211084343        1.238628658757122      -93.574354160598290       31.409202322274453       85.272816043447364
       51.576332360051659      -50.832416734742651       89.384461476230314      -38.843351472443906      -18.448084625846466
     -100.633955208430550      108.520730460963762     -109.695234926176909       -4.226593352672149     -100.044604848306093
       59.133829005487911       -3.042805402536584      -33.112217407373031      -21.266312511261127       92.590736726259919
      -29.984527945185345        5.261001935174961      164.732842242637133      -14.926018515662310      -25.633842273264548
      -54.688630211156074       -1.194453782008383      -25.072466269370111       56.147070390148407      161.827295183887600
       48.459756926201003      -22.123765370845760       94.211852201758006      -54.912650523874859       -8.283496554120632
      130.908601385703179       20.974784680327609      212.260404515893157       43.189796011334835       49.055813466796607
      -29.032627598842627        2.830218190734748      -56.407150252154878       25.066682235379400       17.528477756618102
     -151.347100621673775       22.449275718106257       -3.849473839330297       22.520607292070679      -92.220555246316465
      -53.223222044948713       45.250123159591332     -206.259754332650004       56.709206003559977        9.398021007726934
       -6.382456116877773       -7.099167127722011       92.656867151617888      -42.174259712454997      128.711748374051211
       47.290009519360979       47.348716035683893        0.680560286461311        2.784437318576254       24.441756886543228
       97.577512711179779      -13.415353983620349      -58.518548191178439        3.519842431839451     -104.640618016813832
       -0.135235196384700        7.971531665776951       80.884745322696631       19.427404571346525     -154.390229416662066
      -69.583169490065984       36.116309860094958      -25.925267053332494      -61.672306010885350       92.716853759802461
       99.241713977849827      -44.692736404234786        4.462084763194141      -64.486252516536368      -74.208107830719072
     -126.610956632457615       -2.481748837272253        9.148552768580821       -0.473973258020973      -36.358343926942474
     -165.191768635432396       24.311146546842338      -69.761560511706165       44.363752340268235      -31.468651879423412
      182.611193216630085       -9.652561069843115      156.613849035330020      -61.405162462460147       25.439469621475610
       19.077755635388510       30.018680032032680      -56.763389135273584      -64.494882184992193      136.414629584786525
      -34.448000734925138      -14.923309164766291       94.498282041977802      -23.339784738262360       32.074568319857633
        7.881824808574414      -17.027642930904314        2.001209748158515      -57.940108268253432      -70.284793563723341
       15.587659435423495       -0.911677497916369      -23.492705683705527       83.082138399370535     -108.035896771633418
      -26.015749508647485      -11.494745188159550      -86.250736380333635      -18.329611601146340       13.257415982967190
      -64.614573876370059      -62.794992852881258       55.403146997072589       24.854736761423130     -170.075087012863264
      -81.783969925531565       64.080177585637685     -103.404690490016577      -14.070852631669414       81.595948073740601
       29.824623842299388      -32.248882494806772      107.844235705212867      -46.516198622258401      -59.000694974490564
      -40.379425569878933       49.919650915469511      -59.017056115940818      -15.033980058803389      -26.064430377816759
      -89.165323047187215       39.868626524773212       -6.252958043651725      -33.768022271303224       88.961208353814555
      -52.789692370879102      -37.128597061267122      148.519341880840273      -57.792758019541843       76.269069347783713
        6.722653712260325        0.411564898264597       64.602876416312867      -49.306701821270046      -16.755073096266106
       47.573973040921551      -38.252779807045513      -77.433530931597446       71.301864517069291       38.290173756391020
        4.659520624717608      -65.132939470907331      -59.411216928984608       15.680263851985844       -4.243570887560921
       61.795927410840392       29.210876823648533       47.936378981813654        8.267783260352772      -60.508409497007825
        4.197237319610278      -27.378548487397872     -121.790764414816493      -22.564151985454586      -23.614547380869393
       69.240954786286409        5.761326284627751      -23.374248728525188      102.456670908352280     -179.016544742350987
     -118.967297196998231      -13.263974334549250      100.812558788407372      -32.664670797453567      226.869158948412121
      145.053745267501967      -31.815425458185274       34.207417283191106      -25.373211966892093      -44.955303077801162
       12.509820880972415      -30.910715238619947      -96.484534817787136       33.536004379123646      -58.903849770220148
        4.523598418439927       28.479419521772428      162.558608326516719        9.439656513058615       20.997871997346845
       57.734426883451256      -36.608457887334403      -16.497520216387183        3.659417375561281      -72.911191570889940
       30.766937460459879       -5.999680357296008       15.840208442820192      -32.608358746748543      -75.273555133364184
       78.868240735692297      -58.237409793976568      -50.924915305000056       62.022353011484313       -9.286466362847653
      -28.606720798444975       -7.267092470708747      -70.682028694461366      -32.528405563663441       77.574101124526948
       38.925968653908384      -36.109100449193228      129.111703731719984       43.719634426058910     -109.854132881267631
       43.146350021655458        8.252345888158366      -15.474686481630224      -11.723803703708400       24.445902977841016
      130.941349142517964      -19.166261440295479       51.858939008671321       16.466720763419559       24.100897037815386
      124.709442691219706        4.821988535286080     -118.184375202002386       58.021139618207357       97.921937885209033
      -21.287680578304993       34.156755752010049       70.244839302088124      -34.707590828414602      -81.142098150950673
      111.172134531416546      -16.310049850998595      -17.191463778782065       10.440150117234213     -115.613185448439296
       90.690802492199438      -70.325401827331376      -41.171962014815627       31.009873823159268       46.888063156275869
       -7.111202046856866        8.402378628067714       96.709344657320102        2.836917100284868      -31.412710512227235
     -134.317328580153685      -16.176752465285428      -95.333187910992280      -17.387645115568812      -40.593233508392245
       77.597317477521898       -9.430237951939771     -151.240586477110497       14.379079327953473       -6.513599259486319
     -127.403841546475945       14.110679888785157       16.545377031699594       -7.172889537618868      -95.613563513731734
      113.935857903914624      -72.298143718447861      -69.742748568172004       27.195383474694300       63.382926377098173
       84.078550358018717      -47.068155644892997      145.577604258317876       14.008865535605416       82.802752955178292
      -94.320234296650497       55.555459155793592      -90.421717151876095       60.326272341387146       23.338614056401454
       -3.624256083565223        6.465100049380521       58.905775281256744       13.206500437709161      -14.614617176198445
       54.004909629228699      -11.409264945965507      -56.686500264139752        3.566156702677507        0.330475663086094
      -58.888664390335890       13.378811209468386       34.785763542428022       64.514791940571385       32.065723228571812
      -17.067482120916917       21.475493476366278       59.284849736633909      -72.542280208836402      -70.886953100776694
       88.474313796054659      -42.865303710279086       57.943220984962693        4.304820109324736      112.323267157213280
       19.386878370781968      -36.760346840336844      -87.067545891729566       22.396833460860602      -75.346525142824660
     -139.712250602674516      109.708889986876770       24.259060266341663      -10.068479155407726      115.224730256097658
      -60.430883929425555        9.970890348910929       15.403366636231830       19.132800165113146      -64.578939918034649
     -137.356567326222745       70.774917380166968     -108.975818350100397        1.512702187905175       26.602731761328371
       58.223155098511405      -15.124498534473096       99.644058099697929       42.682456136967772       38.259993438737425
      114.797483169805446       23.295022618830814      -51.959304543228228      -41.501070941659790      -16.183082469376071
     -211.669933161516752       31.084213798068273      162.010001343207335       30.561991130860651      131.199073404352959
      117.905908532874079       36.252117943848560     -169.320206436914077       -9.103460600930500       82.607691237887835
      -78.700438155679706      -45.584402638989964     -209.793676062709949       27.179852833867500     -103.143100620405079
       86.297152224542728       24.247094788318055      174.339951195257015       -6.806967464096912      -24.043859944393041
      -67.763469397628043       13.885519851735971     -112.908374434397572       26.471133256540430      -59.791705635540723
       77.682383335840001        7.168955181767020      117.712761840717647      -19.375966074239958      106.941164666449311
     -210.308007040841289      -17.893237802508953      -49.976550358542262      -16.412976136996956      -98.050599548418688
       58.962046987772055       -4.417153035829634      119.717263825064066      -45.309042808548597      -13.057308602745179
      198.411921987688515      -29.580506333571748      114.253159478562239      -43.217762731398878       -8.050586129217152
      -18.750280549036432      -46.984542901500845      -39.641061658586537       26.937524982291226       37.798722553173143
      128.133204365381658      -28.365481208341482      -77.600621902953435       -6.189736857013314       79.137419311822853
      -63.281681513468854       66.169205245866777      -55.489813446051137       31.093438142510713      -38.370990760161177
       -9.836913895803477        7.330828086114070      166.992132841854556      -16.860667893727115       65.349166609727092
     -118.576179977060335      -25.557300492977731       90.565318084836008       43.959449284143481       -4.526519374538117
       27.632498258726155       -5.569079327048488     -132.205072130089718        8.166875551299764      -86.157112133193422
      -83.789703779270141       13.771414876277319       84.102543455599402      -78.975836555151275       33.039405930084612
      -50.361494181881156       21.203049497628374      -19.723802937667802      -18.642421278687301       42.069732014572686
      -27.752460318865364      -81.368874353191757       71.638634304341423      -28.074470085590665      -11.617353493158925
      -77.452303010590811       -0.674692257672239      -48.982596110230119       35.976120256081956        5.906247181082144
      -23.086942649357532       65.824640710994927       41.192806868731722      -29.770788781581253       51.296467726927830
      -19.782559915562764      -29.423522026473503       30.590580059247277       33.579392500617459      -56.638990945341384
      159.252343288327040      -85.725748052347200     -112.884333395179794       49.734866149373921      150.974845814465397
      -28.507301278759179       -2.262697324133653      -55.743410046948966      -31.543245748977167     -158.540417947800421
      -34.387747303458148       37.842592346637034       15.048190034483806       19.842196056983173       28.414082308251082
       56.338987336380214       79.101726995057135      -49.375351718135356       -8.237177220699447      -27.859898231357253
     -102.604196146225448      -49.101560393437964      -16.492141487065247       41.436135446260224      -15.266897404516456
       62.168497895995912       38.884521983424619      -46.152288591018319       23.473441056531836       86.084496954839196
       67.564552961722001       -7.510286294714314       21.234049309366846      -64.704408673629288      -63.829844697477306
      -68.661572405640555      -59.476225497537271      113.102489811899716      -36.916986658449517       25.052681292168732
      -24.292936628447841       36.870880607580951       81.129406105821900       16.813495294295894       41.357323538616185
       30.531022348252858      -75.629130655183729      -70.172201903589112      -38.928055564389162      -20.836054739484648
      -38.460604040831633       51.479351149271942      121.006561668078476      -35.655577072606512       69.886281599047791
       -0.182623318005987      -14.016265990977741     -108.165977389109202       21.132271746699299      -85.404281104518518
       99.974575922898467       33.433516217711094      -24.562436590424390        8.846866721895426       68.333246112589038
      -79.704879848608698      -92.290565173388757     -206.902824645254782       57.625691275989809       78.175959239115656
     -228.757494965534846       49.427877177332292       88.132248388211906       33.661578912069004      -73.692641708964160
      212.835964728079233      -68.121739439007172       33.878945206957447      -67.025179346182483     -124.772763415396071
      -49.962161443662133       43.360070355932031     -135.497897596830512       51.803920932103971      115.523333220093804
       47.556607038276454      -34.084742835609383      105.453892257381710      -63.195521219314699       -0.937314016932733
       76.555178177312229      -41.857598283666789       38.149133172545284       11.760842951187124      -53.172359123627530
      191.093815493834427      -86.876511913946345      194.054121932544774      -44.131864165969475       42.383705752030416
      -80.305863701555523       30.790135346404995       44.978133515996952       19.140503453189822        1.795485376860966
      -44.077137447844109        5.837165956155840      -51.978848420994296      -40.946276034918789       39.569591058404534
       66.573788437068970      -80.711592327027859       36.315277268856597      -42.165518685692824       45.628939292440684
      -13.291539868183952       12.949424256356227      -45.542977387850776       -6.009868528953498       68.031726829075296
      -44.589500840722039      -14.895936710984540      -30.436898351370882        4.651146994673399       96.867511666732000
       -3.679712543355560       -9.831991499752114      -70.221470714924891      -17.754818311086705       38.268865400704428
      115.272978903888344       16.307446965143676       52.932799209953387        9.678539078163864        9.667186751436736
       81.540678428380446      -24.498946308119006       89.536292543490902      -14.716958939867963      -75.410372724129502
      -77.027010005256287       36.662340866914967       -6.446573472430807       -3.057141385564362       25.942112042966716
        3.657079817997054      -11.473667913594781       70.299391231820323      -32.950239048031293       56.917439350723946
      -42.957434847152889      -67.063633542336348      143.907665062959239      -58.931730158041852       20.072570099217089
        1.201721918243594       44.221606499803471       -8.569130198121176       34.804604552981388      -79.616688784424269
       -8.713750724722193      -75.576355598752500       45.456445786790702      -34.424204672310822       28.819897567176525
      102.598610218736894        2.333578489632405      -84.204437750177746        0.377362134331020       82.977332935719986
       14.292655116322885      -15.866644299428254       94.130836533123698       -9.235526138749936      -67.169574536984214
     -169.065015518514514       -3.596426950190821      147.393312468688720        2.907441731798462       92.158916975421931
       73.187081662775213       34.270804923105715      -41.546728939419985      -44.382337068102913     -165.201083307093000
      147.845468963104480      -57.131436086618642       31.897058142029884        5.025959986199921      -89.918967232377653
       12.531796328938933      -42.995377911646919       22.753917283551267       18.550058726864869        7.539722193288430
      -60.634982773567614       99.293258741286706      158.028962547466449       14.541157600589305      -82.173690054341407
       61.232277334535517      -95.900373936221811       68.040905759988249      -13.027244828654267       38.821950874581887
      -83.426083227435072      -52.296338891205579     -218.154986316304047       62.624280797767433       -0.057233200524638
       -4.529644472099787       27.971676256825365      228.747660081767208      -82.048130461804163       85.923382386711978
      -25.439231881129210       34.321687324671345       39.550110616651700      -31.704628350403063     -165.553479303760497
        2.700979520430570       17.468684404515685      -33.790315304738421      -15.508836189532245       24.666217039869533
      -13.586199172820777       80.834777591651090      -30.911935222599862      -17.344353366352422      164.640964938877744
       17.152617503373435      -73.247917507161461      -17.290573952320237       73.725357153715436     -186.627201849330021
       35.255496411173738      -16.473782730833687       37.811696883354571       70.814149196748701       74.861605659172099
      -43.423247561396444      -29.284620936284437      -18.644696489261026      -25.144765648226592       34.358059288853383
       33.704177980829478       60.421156204362433      -96.949741568425878       12.567580676362560       59.032019985444059
       49.569522981625980      -37.040525027850443      128.907523429508473      -50.797919933659792      -92.208393458287873
      -46.350376589620289       28.386363240307912        2.081704284273826       -3.883488089116049       31.227940793256380
       48.135756382945807       27.020800096861855      -32.658599942288895      -16.186502106527477      -45.064256397912516
      140.102345681900630        1.333807279675388      -11.307317631152149      -28.099615749783009       62.273614638521067
     -157.337581133339199       20.384918811890536       50.406754097430543      -12.442855119762861       -7.643007970732407
       35.402346925707320      -46.421376711105744       -5.623854827967417       20.606445943688822       97.850822896049451
      163.183517877395929      -22.150632081209597      117.989114508371330        0.073239114746724      119.465850531824060
       98.425589660509104       62.758537833318336      -59.116574629826260        4.579566906530561      -36.636566258498476
      111.733986763403905      -16.251021825405033     -180.089517809570680       27.059797477436863     -238.261928568636620
     -117.976573859048656       -9.431238059806436      131.469457549645142       -0.054797285163127        3.778403231229656
       37.927332289330806        7.906814807136068       94.731241490734320      -26.053307542563147      -47.683766051108059
      133.727363461803066      -43.291100170594028     -123.269873265367622      -12.895806263187692      157.320840988174183
      -37.655545338087052      -21.731918269882918       42.267013703276604      -25.103992244202903      -79.799408405280275
      -67.415167914152406       99.723679315574515      109.599152107082389       -5.379505642425314       12.509324132174337
       -0.060080783233402        0.075284256259420      -25.552288353401430       36.235692496815766      -10.016834012096188
       39.322321647592560      -12.146444779227163      -73.030721086575141       92.428484794113785      -19.151990337479450
      -44.475443224474802       63.384601680655734     -123.084897174607306       35.666322869759618      -31.664682784807461
      -51.383921938501700        6.836883110634296       28.000311769571638       45.413368259231447       44.474713207400029
       65.843390942420939      -32.442164701599147       55.163402523932731       -0.197935526376330       29.010999019395143
      -40.945350910557600        2.118185530095842      -99.397576367893549       26.125239252599965       13.219190715074946
       22.519371536560325       35.750534267197757      -63.310242762711532       28.578746921517904       79.288628399927347
      -96.425569278507069       14.337536549931773      244.678825267328932      -95.840382126658696       34.680357360394240
      -31.735216229745017       28.391756693229148      -71.811631275666230       12.066235952198641     -113.307440646517890
      -62.534862429828557        7.971093202326802      -29.861674410053915       12.721686168745876       10.068986576335567
      174.823571471604566      -36.541100760222399     -138.566297421682179       66.619858137486986       71.013829470093881
       96.260125472963637      -89.131827776551432      118.490952612130940      -62.165775948697494      -15.989596150730428
       39.058996869408439      -73.592720325228214      -25.446492867121737       28.630641330164806      -37.715300782066635
       32.618724734963521       41.265876880980073      214.614032787696345     -114.158775531864720       26.520097527193478
      -29.270771022813186      -30.485406132097530      -73.735764923651189       -7.484416149388509      -32.892523325159836
       69.975070129786928       17.343238022103691       72.704648582163045       27.322588443464333       25.271498448844994
       -8.919456443034903      -68.005683817511837     -110.214112721594574        9.539430984354997       21.491896694293573
       45.622344857612852      -41.145508244173485     -140.700661887415748       31.569658058420220     -196.239487813664653
      -59.918589628126782       12.141585087144326      131.600317257340322      -80.034518475550968       40.075687981293392
       70.752620360446031      -13.955079180506807      -10.899036229928498        6.147012723830056       12.195417277558741
      -94.340699846003801       81.022358943005145       68.995341580857215       -3.058849307853365       88.931916171444072
     -125.260885719486652       40.511387008103810      -10.691418917191848       11.631560935181872       27.623446446924493
      -60.747320647230751       56.250041885228860       46.614498457732410       -9.112327071111807      -95.405818457603701
      132.852601635207975      -31.882220060440375       23.643683370758723       -9.624990035824224     -183.788911466425674
       33.220308024292812      -45.559386083355605       -1.487974618620467      -33.151980758995933       74.814548193435698
      -73.330390644563110       10.942334378637797      -17.599754235227870      -36.812092602693269     -186.890897004366110
       24.843145512594901      -41.562960722762590       75.787357785068565      -33.955438697033742      136.243359691481118
       51.203169491425335       11.602157526465822      -25.604601090003960      -40.609789892186193        6.896217271688974
      -95.151281532920251      -52.101238025100301      -97.126773209832677       28.970806555820200      -60.746080792216297
       70.954590848952975      -72.700939015089602      126.902805357577719      -24.766701330952959      -23.489963949792699
       70.178988522703222        0.036427912475766       96.301819400364494       -9.849997186188974       47.386106846172694
       -6.423932419508984        0.080616220027367      -10.525043142674674       16.437879433105262      121.228490272062785
      -15.565136958708027      -30.700668857337590      116.431183235832393       72.692910965616349      -66.103869142136958
        5.250510181948161      -22.560288035999122       18.633802328671560      -19.698299168763342       92.258048147683908
     -122.023401651478139       10.283965586364578      -22.977237191930207      -36.597982410263981       44.097631295285041
       81.561037186178922      -36.082819073841655      -31.405557620522071        9.011053767133696       36.369822473546321
       48.892737562068987        3.178049962774175       58.620893673815914       -0.915416333957694      116.177464176613057
      133.573985151207580        6.506899234597877     -224.243133201859081       44.493000135949970     -285.726081260588103
      -24.635491610703479        1.810614773964770       62.381072820024741      -26.414534085875236     -140.834229900742855
      -50.781423083478614       51.614858049112932       47.707544129616714      -38.441496978883087      143.856113184602094
       97.957339204111094      -28.313986757223127       60.404311458712456      -34.608760530540273       54.615378416570969
      -73.828373316633900       56.531235278022862      156.724024710640464      -26.850350001823742      -23.422648073181616
       32.050502226108058      -20.672393693321371      -30.711326552630592      -50.468375955161335       -9.980854959587637
       54.550861102396055        0.579055637070165       64.574224061233522      -15.750870269123292      -55.498413322139108
      -58.869528480973841       23.061023141826887     -176.555717671584176       31.936735049349572      -25.863907408810963
       27.328463741100109      -12.891564803776010       56.443738755948999      -15.019950701162063      -43.150731111382967
       66.820452278106529     -102.449708937992810       93.338055025508282      -22.398515590278603       50.911624127569688
      -10.870363203322748      -66.587839594380270       21.810347425152536       26.740683762770676        7.200842001606235
       15.765841045246493       40.416145108329140      -20.935081867421264       -9.391211009589858       73.188947307658950
     -137.764629113351504       21.214761653624016      -66.204585803009053      -24.820940428999716       -1.820566097435913
      152.075791658836749      -81.338388654871025       25.370369662043540       40.108692268123889       91.505788561979216
      -90.546658299676722       51.325170564301267      179.116186718867567      -82.568097406706045      109.382744018316373
      -33.994758761571475        0.631307707675364     -164.083757433211957       18.051846552762314      -59.975780885794592
     -119.574617623828274        4.316688533102077       39.854044708792102      -15.996295008908689      -87.402876170994162
      -30.278283306236489      -77.196945584147429       39.106433605956482      -46.733603272490534       39.050806210523973
       69.341314669649023       -2.746850334971799      -53.156839626359613       62.156228217247445       10.291001681740196
      123.778610176266071       20.788852329725795       21.495678920206363       53.860011706429745     -113.346809563663143
     -105.380028928708157      -14.048278152739179      -36.138092778287245      -21.198353983925966      104.000589440782548
      -53.411749854429623       14.576184236720119       80.762346170924189       58.851971461230420      -51.826250773813527
       20.355132355897446       -4.023702472241832       48.197162456575995      -46.285255937398119       -8.089170331405535
       11.650847663585465        0.830589284503635      -74.981697704448948       52.649522372816890        0.373456002048890
        6.250827438383880       23.337246843076777       31.522665593354478      -14.264309990765755      -15.048148058462173
      -37.695883744916571       16.705793034436802        9.953431988779190       40.668963455822542      -39.858774244579173
      -18.060510238594937       88.490906684347920       21.879167658920736       -1.547267112296863      -46.106978437119125
     -145.293701115839099       -1.771176156442894      -55.245054768235605      -80.964652698092408      142.356701610461528
      155.843713993163675      -67.141547982954094       -5.655528323910826       37.416776191179004       -1.619018539804141
      -49.544230559053403       19.020442967005454      106.417596147729029      -61.317582483247342       52.646235665360599
       44.371013076835041      -58.573484522046158      -17.987910086056583       69.357385365378676      116.352167254256059
       56.416516141894412      -48.458503805252299       36.339703630375226       24.905872477907497     -102.261389173894727
     -101.161444186140727       16.498411103296363      -53.579760382575117       14.645208867286135     -112.267651609037330
     -149.995023137977540        9.159865081613336       66.379516330098809      -25.206093610003631      110.406348089376024
      -49.434047976365683       -9.291493859185287      -15.246086597735863      -36.251525159483840        4.528171299306928
       28.856276897095348       -2.838308526326436       56.945946048123865       31.369783569976192      144.202940928732488
       68.013453845957940       -0.809033781601474      -88.172359002163958      -35.592668384745025      -50.204601916274726
      219.539632287337071      -80.087400685909074      -43.917199667897791       56.053004680912068       29.037959110209261
       33.589070300700541      -28.879227212755190      -40.564730865042975       13.497559238503564       67.680794235072284
       56.740201807006066      -38.760591038941122      145.880388380534868       35.810148622295571     -123.529953458742256
       49.669639382079033      -33.520205907956267       69.023747265356619      -42.006686170807832       -9.624111877230263
     -221.627850557818618       51.938706447380646      103.672103890621415      -33.731052838372563       -6.134763733385918
        0.613626482160418       40.309725745623588      -79.969933306385016       73.361489664862674      115.544565413353638
      100.971721487877005      -18.759415896493369     -101.645152613998022       33.897828819955571       71.624014647038379
      -11.603687828707951       84.313276597625133       14.630063914014649      -15.565382569837345      -37.690166360279463
      -94.321759252551388       30.817594754916406     -111.995821068808638       27.973412755568752       86.387418816547324
       72.823795790875423       37.141408487678582      -51.553434552425998       -4.106448490477947      -40.605725998484239
       29.267988721658678       13.594850502236429       40.632114733565778       31.197503437379527      -26.613611035754310
     -113.221297370995714      -30.806695349937911     -143.138899999713345       58.319132676834137       -8.562628910635674
        9.532216256172200       -9.958644774220245       88.339824135255995      -50.392245548725306       26.540923384422292
      -54.853430938780093       11.077239961409829     -107.325841211912490      123.255137028036586       61.093245393210935
       67.068203442243501       20.904661469184518       67.537812188754486        3.713310931074942     -147.286502218565118
      -99.393271518366802      -37.232294416079419     -186.047348473030638       76.680720236821386      128.845992475109256
     -150.787254330036006        6.085499132133416      -38.633161968155186      -49.195833853984254       22.041713928242491
       41.300616139779514      -49.018910105232273       19.973497843920264       -4.981857686381152       31.186672187884735
       33.318588268515306      -25.936822973459805     -105.581900057407481       17.723900197982189     -130.041976429219488
       81.128727458638025        2.310968492848366      -91.312636037417136       36.720394123442809      -33.471106762371605
       53.001680444272012      -44.653177090950301       99.674853105958761      -35.697772682372928       52.319955926605033
     -267.181018145135567       47.476096269778481       47.829663778841145       43.357333485359554       37.462061213110978
       79.074813060328964       25.347974799041808        1.650853107655429       -5.798003380667621      -84.869210089546485
      -30.661554580364587      -65.573370146434101      -62.586970976380009       43.513334317345404      160.941880604397426
       48.443127193982882       -7.391576743504650      114.219522797340133       34.332434452065378      -27.610670923777732
       55.291094151632095       11.975907369981169       -1.167944300025013        3.499959008264726       91.073953522919226
        4.119596765843482      -64.053405245908607       -1.185286485334403       83.531976959894507      237.771001691323619
      -46.388908603238583      -21.521247099787445       45.066581082885655      -11.135511552008062     -170.662140769154206
       10.253500236294670       22.296669746482024       -4.459733174145265        3.852349837893808      -18.456181458502041
       57.964555912210884       -0.260522907673139        7.492174134076105        8.357516173987831       92.692825497881245
      -13.524503132448215       40.137611636872194       49.848589768480807      -24.074918729672831      -93.641861864211336
       -0.542236355569213      -24.489276738617569      -49.157830586532803       72.117048642743882      102.822215595517221
       18.855730838111764        6.617614993889410     -111.321915386841113      -27.123348769839922       29.629067571231232
      -69.378597931521128       15.894767464502280      -82.314253281819191       32.048469715447730     -122.453884143452385
       27.461408269968711      -27.920191149931522       64.233607956001649       28.221063777306643       91.066439730282866
        2.232863213317620        5.731829218949787      130.385489941836568     -106.339832037594931      -15.033527157746766
      -95.211998070331262       32.491334525340179       19.801383440710016      -73.648384274762094       43.008192769954952
       23.439651846028816        0.885186178838771        6.384475408611213        2.286987021742203      -92.761334123077432
      -50.792756077891426      -43.255059620640672      176.194776856366161      -65.649799402691940     -125.958227230254948
       83.702181940712862      -34.121023216909769     -275.058427496448473      101.434814323244325       25.957817863482450
       28.405629463925091       26.837552365592092       73.612497562826036       -4.608890522317393       50.393796770605142
      -69.965138392248051       48.385491892435638      -13.054134304363263      -23.242672922028724       33.822073314610698
       33.191983020034755      -37.467743114300752      -51.526328373813413      -37.409381128453916       58.419693083279974
      107.244946912570683       -0.733196039817715      191.875187355797920      -17.133440842040926       60.023548060560728
      -82.011770038172855       56.659221930705762       80.412064505466006      -50.579832528843298      -44.355030075654781
     -124.131106469980992       12.112722988447297     -118.091025300136408       73.612119452804535      -11.169167903794547
      -45.679968286599163       41.290386020870507       10.610140951613669       10.193849694223918      -57.799247288539142
      -10.487916774149674       23.486794938637921      179.188513161390347       22.276572095127456      -40.893487633738431
       10.290912282313377      -31.961515213853019      -44.429961145805471      -10.932377681230268      -14.132984277340883
     -106.869002809646517      -40.795746183236318      -32.712786935505179       -9.169600428562457       -3.359142868160853
       71.190517491602066       24.442130173827099       -5.081356604470969       -7.836324751715147      -66.718181910405079
        7.732756303113071       -4.973516203856103      -22.818606187057323        4.757397669651959       -3.772452694064095
      -18.546925839280529      -55.951767011743797       47.920786727257862       14.003867690621124      -15.101215623715653
       -3.564531734888357        1.088239957501729       42.026036778910907      -13.095949828962384      -65.216120204582211
       93.684896106589207      -22.983266933752009        0.608566770448909       41.754106580998886       14.477869010411180
      -88.346655547883799      -25.049725527007098     -263.399394266990157      104.688495009978141        0.202073933985778
       35.866654229044805      -13.205785303999871       87.266461052840214      -89.497448706109765        8.644544851824939
      -14.196150411911127        5.716668415051830      -62.592102002184042       -0.897206055046789      -73.292959603738481
      -40.962942488384769       13.990451642828292       82.452526375775221       10.124383913323699       35.475114059207684
       20.021859726352105       -3.716946749221167      -59.989140731702733       20.194545773614205       45.422741794239435
       50.978247087127890       37.635873222852986      -11.287015842074663        5.150337704062455       56.448857696030110
       94.758750603598031      -20.418074213997535       53.908739337249195      -26.166511309253881       11.445120164952689
       -8.568817739607969       -4.303183336603762       21.852692681437325       15.017812301112087      120.321899174336210
     -106.352404466721666      -15.647277662731110       15.915604113502967      -20.581542333843526     -147.132121034834967
      127.612997294986158      -16.022069128580490       21.573119607632663      -79.942924522217211       47.575424501374343
       62.883947795295875       -3.463576180697127       88.178433322378922       -9.225720389572469      -60.309142053663003
      129.689103667568673      -23.175648856990307      -34.274337433474585      -48.240168316196232        1.143252727115278
     -212.352371296134635        5.561138126225090      153.847940637955674      -14.392532710192972      -24.469661399928558
      -45.052685160537571      105.848429038846874       63.933196059246498      -23.641044707140544       12.662266436250125
       59.332536894086275      -45.393448901926519     -124.613353359496045       50.999675879072655      -22.458009063237728
       16.170399401351464      -57.050817495631584     -130.667093295771735       12.364881683037567        6.078713361972034
      126.352098960316624       21.685021872345956       19.597473081337519      -33.740494544987556      -73.129785928964040
      -59.633287235680271       22.674861696597773     -195.956024712186689      142.071066508540270       88.215045088951797
      116.717578541186711      -10.225613763966114       87.943529547518580     -135.165922970041549      -94.470579789881214
       61.700089172704146      -21.686738824686582     -184.353570119152494       68.570886177255190      110.572948822981530
      134.830083283072270       13.174235980915526       18.362926284548323        9.554074254130793      -60.667791390844428
      -88.174687400167713       29.903401963457867       20.948412036785367       60.150003802218549       11.860549057463587
      -41.463084328323852        7.366935955235162       -4.551382844910965       31.015779809152242      107.020798680862356
       48.695195356225192        6.623270859518908      -12.231508903502556       -4.211825657552592       78.447702141351854
        6.544478638447726       68.741010759202112      -73.421174077363958       31.114379261923801     -134.859944193606310
        2.554397611722719      -57.043582330274319       40.620331548034649       -6.200891106931912       -4.505389807466957
      -67.728307099887971       41.636843076826189       44.054842818120882       -5.089351394678433       11.945028836553391
      -43.045084320840203       14.353830914075829      -50.097626144370771       46.196207288951157      -31.334520096641782
       89.106937862809389       39.651557591876418      256.687506305091802      -85.814973755593869      -39.230056660754357
     -129.692325050572435       18.311865213374343      -52.442985705014543       12.387402694186106      119.977747989910355
      -41.967270949525393       15.803550219721727      -37.748865989661120      -31.233780087235775      107.311493633252809
      114.458302504812821      -46.805500136837360     -154.308977571027469       51.944289298599379     -281.605386552142761
      -96.700213979443888       38.223028412155465      -75.102785245055230      -44.151898759175822      -20.096693231042888
       53.122249699953784      -81.189328618367355     -112.468964751224078       51.446881004946597      -42.169396739874919
       25.600181607212249       15.660087842144744       59.860647715777716       -0.245634101033828      -77.663544205188956
      140.758785675181400       28.121668283559565      -27.559912469641450      -81.529857969876133       31.638455454293528
       34.416073061809378      -19.502726682466847       -7.046406955179743       24.698067494510148       90.272756669961964
      -30.368068798187625      -13.480168118599510      -65.408165984704709       10.705398073850706       45.327747301580999
       32.106521942531160        0.640538269445109       14.173620750932376        8.482621681309615      -84.957213832591108
       53.767509693357610        1.268377401695647       55.821918137585961      -82.356727841890788       70.368032708296695
      -96.170579531055765       15.408634498617193       45.586433096993531       -7.176389539499781      120.587095835040230
       -8.096231846983803       83.115140071991902       38.992421800779276      -21.799937417578008      144.678363738335065
       29.184327128371432       26.427644373404675       40.546402980985128       10.643594314442414      -66.927460410947049
      -62.300127277523309        7.976973846746119      -62.224161363196494       -9.625982416035578       99.915531698111437
      -30.911061046261949       41.858595227630587        7.913661385912919       30.433311216078955      -34.851296461949701
      -80.597637804083078      -14.217248360741888     -108.684430719725754       21.032919726735319      -16.128843611529348
      -13.075987731110235      -57.944658665654352      -38.356812730761789        7.576605679333714      -86.494975978380296
      250.206905555569904      -43.914384728351713       30.895947576188348       70.121801916993888      113.430226885118060
     -122.122170640873406       22.356918281169573      -20.900582279697332       37.733033424034225      -14.370534560850949
      103.824988281962760      109.854381165503838       40.391575382043882      -11.031665294908715       14.030854758545212
       13.239626188854059       36.360640173662105      -15.602855795780627        3.626112557731950       45.153003481117594
      103.919868863833258        1.698466240894281       55.833518332882917      -46.587866765253828       58.554897617905873
     -147.322564786001863      -11.324779833230282      174.229079505750775      -50.506178374123252       86.444908560816984
      102.668412638472986      -18.177046091944906      -85.040315617603255       51.313608872051219      -35.757893840704114
       51.602617128563296       -2.091093046764843        5.779324703728856       64.355441997064588       14.502888535771202
     -123.956388116637171       43.671280214236994      -53.637344272314820       10.817759655410621       51.221865574873057
       45.999884419541161      -20.775473771850862       70.807561017199461       -2.816315135567967     -107.811068744596042
      196.769649864033994        4.704214332143247       65.273811520701486      -23.335910024385509      -40.628747377073815
       -9.600735451223777       68.066178610267727     -129.688898685799330      -50.417579110827830     -118.485958536160524
     -154.612152708521819      -10.017758909755779        5.979960060050578       50.389356324426046        4.600649013220793
       -2.500525186933301       38.788871282525356       -7.148524821524578       -1.104599366756648       40.130082885943985
      -57.543891782603865       48.326008680633848     -117.050750894420688       66.561132790176217       32.738632751320154
      -45.046139703111159       15.951462272668079       52.681927972428227       40.020135104454688      -32.494816469070138
      -40.967216154119512        0.482941920121720      -21.792027729559269       -3.812887671947444       20.158735986653024
       33.680964607399744      -59.503177013616416       24.136110386359270      -62.694635372797656       67.756179159768863
      138.559237889990897      -62.539110713120337       -0.023642574595668       53.786238290895554       11.203588494113864
      -28.330463445876411       74.244669492528686      -60.106513447761209      -11.097740826858255       56.068846802238092
       29.179522263730306       15.260640829584757      -53.163738829216143       51.217126423806263      -62.665403793869316
       62.138200330008168      -33.435722645630136       22.549364015241739      -65.037529190239198     -137.767008738679550
       -0.297381665977736       27.925733209405333       10.803676709206846        0.548640114068676       37.511247066685307
       52.277633510654390      -12.059687748794083      113.837846679496295      -25.803561601808692       19.131395308844148
        3.450142900169660       60.112320682739430       -4.075318384599522       43.473483492840671      177.477116392691357
      -22.470703367090856       35.338879060474490      133.108707519006401      -85.423216116100647     -182.447411239404829
       42.358386751068039       -1.063328516125097       52.276279945347682      -64.904138911911417      108.892174794020221
       -1.543094386215484      -28.593549639813851      -93.670992624517368       10.387854039578407      -85.515346266611942
      -59.094034560908021        0.180940360707146       81.333933811613321       -9.249376944049784       52.498268795631354
      182.746359724310281      -75.109443894522897      -57.532907188537351       15.912763674002493       15.642524324732239
       -8.840958315748306       27.889437814430039       -3.880450843077559       39.738887216949522     -152.352209647299816
       78.390896142515246      -47.613962738699605      -23.310730177134801      -55.669937623036638      -35.685594034341605
     -132.885677454420659       34.404367594035058        7.003849401343269        4.073286194951202       79.712593988275231
      -33.234040135561393       57.188138898426253       50.279212967814644      -56.158072199830514     -137.551743378952040
      -75.780165325922809        9.535626054969759      -63.777586222775206      -23.880033800047944      -56.008274527768847
      -35.288091774361362      -37.998574858793582        8.766492553209478       59.684673790245071      107.429514196914596
      -10.271813012581793       72.984815919800610     -124.535541015337458       20.542581708771941       41.824652107902544
       30.544797296122415       30.210674151218146       51.962438667558239       26.544218665399978       48.652024008689807
       47.052873604223215      -74.147152324302652      -29.600956282959789        8.524876500440101       51.341947141806173
      -14.986309333391835      -41.091497688903871       81.379158216819235      -25.123906415820080       10.406828019775874
     -140.800097734913635       98.791648057993726       83.702350394228404      -31.123835688997875      -23.224510870082799
      116.119199169888745      -31.109743024362686      -51.494004302555552       39.275055029095796      143.394882691382747
       25.713755663111140      -42.254841665360452        6.656176806645527      -40.973608275274358       58.393677648174339
     -139.689115990020355       36.979902909242519        3.817172355712570       40.239447884214293      -16.747709623160720
      132.907310598792577      -53.421680679728667     -137.175048066079000       16.250035144257630      -59.088081339524500
      -22.876592110708163      -39.998626102030428      135.230662779900882      -89.201655518577127       16.388478950161780
       64.453279346695240      -57.063344303009934       76.142456690462694      -19.934980526528342      -83.495641146952991
      -14.746833165100266       52.021919906385563      -37.741755598300038        1.964115343037789       97.056343340571686
      -23.675209993566241      -12.297698553236383      -57.293591778793832       -6.290261816631402     -123.697882291201864
     -141.607208076418829       48.442095719019967       19.608015391297233      -79.782015234405733      111.024167800128097
      102.707011734958357      -42.438028389024041     -105.244753665444421        1.505975059274697      -24.626538266435823
       46.451334847042034     -105.795725928724750       33.628733107149472        1.005660372137341      103.143494932913811
      -68.692715677771105       35.696933951913550      -29.907352541148768       86.293419240571467      -83.686144303799239
      -45.640952375628459       36.803769806990879      -58.264557866600732      -43.134160852624476      -51.357521280568285
       35.137337813188836      -69.619583514996251       18.356865605308204       64.914955830369763      -42.144314909822015
      -82.019121531444426       19.947876588998891        2.552007037647963      -27.850625230976487      -93.000828999433750
     -123.803378868154454       38.108383921314001       10.801182341089376      -33.458336129832425       73.062427859184311
       82.567883339029819      -48.650119906240818      103.963696122861236       70.914271573952703      -46.860229266547158
       29.217199791362354      -32.883259205215559      -42.166451191323027      -33.725621345457768      101.260272748356968
       69.786095121194123      -13.424805004954123      -16.336148516407750       -0.575596862372475      102.074322805653580
      -39.073064133446472      -13.003835514786319       93.075765099236875      -96.171320210029748       46.248039626357020
       68.436050445992024       30.927624685033734       74.894941513626947        1.015187283002788      105.759729130777018
     -125.736520681724585       84.015160474197629     -230.568167437723929        4.527591160360414      -60.295608103143209
       15.783224833037199       35.457543368107885      -58.021289890219514      -26.554185972645683      -51.458209758108062
     -146.888105449639454      -52.326979781380643        2.846826222542475       16.219393566272242       35.993668825554685
       78.643607718561427      -20.411012261679652      -49.764330368868983      -75.378498620188566       19.713213675610302
       53.403229487380685      -40.821201985406454      -33.087038145495143       16.604809935079270      151.792947777295296
       27.215162534512597       64.405557776788172       93.790246274539896      -53.786871877720991      -37.075084028477299
     -156.350567647039384       49.295636554892390       59.375290789882037      -57.409315425862928       -2.930125249511223
      -23.295453465903279      -20.295109279299695       87.949529059089400       18.496915219209818       41.616914324518369
       74.030797006829602      -45.860678143473947       36.019365268406133      -84.284124737567865      107.091980922894606
      -53.380731882091013       57.996144431985982     -116.594119542446620       -5.988840964652268      -41.178833084435695
      -73.270091108638624      -37.576605739623865     -168.443157941342861       65.798875679120371      176.531674151732375
       82.627908010119100        9.624487816641063      -61.348529551436506       74.571242261514257      -82.414944553697069
      -91.950436968680847       53.334077728916995       52.142332950717631      -16.090638905664761      -52.300734311951665
      -75.708488541740920       37.342081421552436      -54.703905495221107       30.497929678848013       31.345502055953084
       92.628050640502778        1.986756747294818      -82.597857879175010       13.918401600920975      -72.205673843398884
      -66.715643666889520       55.995030072335517      181.880321354968089      -20.253334957711889       13.455354544729429
       60.868727112686827      -13.275184646055918       42.754983131773450      -54.180945912607228       36.878326164681951
      203.297928383440791     -123.076291755547487       33.191371562992593      -20.101491236458124        4.249783549538234
     -109.941495859758987      -21.198276138473627      -11.585314309784877        7.629615986256245     -155.674983834656445
      -12.100894809227814       -8.989349767182741     -177.613757017456436       26.455840534609933      135.255111975853083
      -55.958201343498914        0.896252452939737       15.764893910187771       18.782619810214207        9.208658521541285
       51.520649296715938       22.911987398374364      -11.825328824348176        5.523582557437962       33.532673098603013
        6.065882915877218     -103.798876497611076      -21.491689158978428      -27.020401929076492      -17.469636645543876
      122.592725963765318       16.349780508763438       -0.356000201943771       53.870033929958538       10.961876794840395
      148.672915552846064      -34.961414303027610       37.866163386414136       21.410000221889565       42.071130263098659
       -6.383332494090694       18.267213515951866        4.081879896844612      -35.221180121428098     -107.196506047270105
       18.945945998414569      -53.319593044959895      -89.330773242501934       28.139994431157877       19.214073840677212
      -21.938290475243790       46.656108429336541       94.672139191834702      -24.517668166961300       64.804122891078606
       96.486338297111445      -44.082674465415806       13.099034086568906      -38.340549501461140       31.735687710092147
      -37.303981718191231      -73.122001770161987      -41.021669734821955       12.435981784600392      -19.036817435342357
      -25.140716293864859      -23.952296470846338     -195.487368633637999       17.408775522790595       33.582013034934889
      -11.297924407528861       19.894874245947406       91.958632316916152      -18.664317655614589      122.723353809423529
      -50.304006811071062       23.610044433418807      -32.957038707504793      -75.789781841408143       93.067003992073637
        2.836924792627392      -21.061069874925629      -28.341052215254017        3.414167666990808      -30.862995894707861
      154.006413285013906      -18.325283238433180     -110.911789594963651       66.037677627034043      -43.332736850665853
     -114.627020598694145       10.533322429466809        8.128918022440670       -0.663562804337415      -34.476742881577835
      -15.460982061529872       -5.833533172708477      141.754820713749496      -12.385308847570890      -34.364347608822023
       -4.950088772795669        6.438072439853999       20.755740661239940     -104.219291288352963       86.216557183616928
       55.332315227261546       -5.354904524479167     -109.645551176653868       94.984192991625292       25.271305660974431
      -30.800384347578284       55.331367129896591      127.900918215388060       20.603776221137981      100.391002938718273
       34.550266534009602      -41.059591105022264     -148.730860286749788       69.197788281184131     -107.131632992578872
       13.883842325419469        3.422413346899367     -116.894773997369342       -6.127525631971576       39.149195380421311
      137.725039853259773       24.864437388532121      -33.183462020212858        9.469703096345208      -39.583446064800256
       60.695611220597918      -10.969105985727719      145.095753864069366       -0.170154528935105      -66.240880695579463
     -174.296949294143246       63.415257858975714      -34.109265286078482       18.314800394040830      -20.408682349429867
     -121.251280308652525       60.471789163923006     -104.152933416792663      -15.594253562858697      118.140295739572224
      -10.230482089837000      -13.115553870951839      119.372294848072585      -12.264881076237888     -107.008209059746989
      151.114560941240967      -38.797325571267578       -4.997803264392392      -11.698308333433300       60.202348770544809
       43.603404921390130        1.263504335300577       12.234058105334244      -17.210770410409481      113.860587612539732
      202.936597244846865      -53.387120043912411       29.071384025714423       -6.705553140767988     -137.357756873271398
       88.933719825893533      -32.671634220182170      -20.144808498498666       29.223596905366762       36.719278434628983
       46.193605045168930      -20.541091321161108      -59.891037723006477       -1.623279215792363     -128.216931265189999
      -90.992912428358409       -6.055139270246325      -57.027868608550577       81.292243414158378      -61.509722360700991
      -12.324319887713973       32.609605665240259     -147.382672935501944      -74.983516614578747      -30.618065628810189
       23.134973978099012       13.922985834779910       65.376742628296583       13.087919063870254      167.773160273724187
       13.136659614459514      -51.173757340567889      -79.775462989265606        0.346409185245748      -79.657872886346425
     -149.389742380706423       15.689186262461016     -114.772186867601846      -23.251381655328920     -105.903114042432932
      -30.974355418395017       24.348126026066129        2.409761929610398      -58.415219590397818      -65.463810517007076
      131.822111792993667       89.326359601778179      -52.013649140725228       -2.577490523055721       42.410996218854173
       47.637965185265074      -14.059331413228668     -112.602572485815074        3.308162743349695       54.247200895447747
      -77.925232528673916      -23.797118019242895       -5.178279862870394        5.669442469759503     -183.244215749532884
      173.324259602390015      -34.746840580022273       13.986024677501788        2.183176521234829      -18.099880674221026
      -51.579248594044351       30.004127641126200        4.080720034900240      -16.392984191371841      -65.319627873351891
      -36.821901340744411       57.504096439183968       -0.296133232021610      -22.208416326712261      -22.448702679776837
       39.654392684801707        7.671304479810514       -8.468686345149727      -22.039207915987785       64.658317593317975
      -25.310047227966770       12.514703860489075       -4.582498336509259       32.878793247623598     -192.042912007432136
       91.955544179057199       23.696762229423513      -33.122727164095721      -42.053966154853725       95.907095918830080
       40.791560973540321        2.033524584417038      -45.766149284517944       13.610660044520172       69.186855094463411
     -103.436187072489929       27.145948468286921      -84.888217780159877       69.588405155390262       47.471126194281986
      171.181718893904844      -93.073192349954198      -22.697211579762619       56.162242668864927       37.722842865151726
      -50.806477930737877       89.315479764420388     -103.810970236700001       22.175172539492973      -35.122439425298722
      192.155969702483105      -71.211746275153345      -73.684249423341583        0.311824040793509       40.272523473234685
      -99.889058464977467       21.144783694103147      202.350906263350396      -52.815619944237767       15.442836309024498
       -5.835457172761062        5.831717722279517     -140.013800858277193        8.318174818983421       68.305550383768690
      -45.877881006186620      -12.281767326667030      117.356139560518699       35.897743709326370       55.172884828100898
     -104.713315667255657       49.174410271846703      110.629598784041875      -97.607061875357815      -46.380376023289841
       43.112686901075136       21.592052931149119       24.830880687924122       43.401813938695099     -128.384919936540143
      -61.180080491202823        5.575324612487074       20.180901499904429       14.201434325021067        1.763138537016131
      123.141453168440123      -90.693832606368090       82.261460372776213       13.194301118633405       83.672980562180143
      -15.121946553583996       53.928831629629350     -128.227627400062914      -37.678957595737906      -43.729285792748037
      -31.280380360295506       -4.396450695449418      -42.268161385486401       63.425576389323744       20.380922494202604
      -54.915157890979138       61.611422586574825      -54.967502691726395        3.649041380847100       -4.314532308902287
      106.734708178784274      -12.882526413302301       57.332672175548481      -42.461075297804946      -82.865448854454968
      159.999917260859604      -71.508570308576964       33.850327851808352       -9.099501702815669       37.342296672512624
      -55.722319210169786       64.914823648218388       64.371648272078758       36.926490657813986      -62.035115270750111
      126.779347073373344       -7.567334054398478       17.783743289232188        0.071678229315030      -37.648777910750312
     -210.594994846130220       45.805611316421576      -48.900627944897330      -15.414542948671986      -15.542349275312915
     -163.057528098490479       58.184245524871869      -53.947368472483369      -24.003083055307780      143.815420284144352
       50.354472185874116       -1.531511621647058       33.118329504061798      -43.328117245275159      -29.026194213208058
      -10.920295652077634       35.032275692979994       16.937276946955574      -17.773352190450794        6.411395717781733
       52.865072145566302      -77.267633593285169       86.585353943613583        8.629497251282151      -75.207886910281189
       21.260729272954901       -5.759079667989610       20.863461058812831      -89.455240685330551      100.997949576623199
      -13.242364638257593      -51.598102253024827      -38.439522878732355       31.048551422963346     -131.717234423511627
      136.509358674393184      -44.199442815623335       44.574696370342558      -99.329087954909539      -97.254237129770090
      -92.485610961250529       32.698784370123832       75.204169175250300       45.938752381557308       37.763478045188094
       40.850596396326623       17.040608628869357       52.276444095409239       -1.144420989890101      -17.491645072362857
      -32.859407543531624       -8.433820789416854      -26.906387881552842      -33.477415950400555       22.212898294843558
      -15.908607580222707       12.621459860674822      -87.410127138496563       31.886106041585808      -12.918270830602236
       94.602782693643746      -46.365530481621995      -32.403238683952843       64.070117390618591       48.049622801696287
      -58.533517937782072       18.752744654697921      116.543737211108223      -69.272088750340274       23.970411738710379
     -108.796240619155739       37.667616673533210     -130.790444545300659       18.215521921702059      -69.648503364220105
      119.000820237336171      -58.900099455665888      -12.903255733631404      -13.635538736682706        0.938743180791765
       28.990206902148522       43.764521470622334       37.524255513830198      -34.992680902437606       89.269796274481763
      -62.889211675277103      -15.248998055085647      140.709862843037399      -34.310236252024069      -20.427035258837975
       54.452869407073798      -10.742905026062360       -0.306922259414366      -19.349878970867298       30.463039293147904
      109.826186335047296      -48.702253154678310      -55.202814284032662       -1.161154862534663        1.658255761944943
      125.478138368163627       30.164511491425866       24.083611513800861       20.523350416987004     -171.293386349351948
      144.219940215967682      -75.901902475678142      -92.112308388452846        8.391765538288137       86.912826819556273
       76.428641561784289      -45.116906091955485      -31.011727959850763      -11.839511316624698        3.011187821507115
      -51.597431382589058       88.656048452266376      123.210102465154108       34.297007708392890      -25.001335853809142
     -138.132995982341015      -21.020808399499902      -15.951348496530468      -10.622548528113239      -22.899503670114076
     -158.858330247347254       24.380678742263481       -1.836410818069671       -7.801320929256264       83.535276454715770
       40.353117321010849        0.110508105126643       -9.340338917553169      -19.534801857594960     -169.630909812960311
     -166.227706112181124      -32.150700158919598       73.811079422626463      -66.623488657478504       20.483390309650371
       20.116318066946700       70.300383931184797      -90.209702910927916      -13.568797116869989      -37.811066761981955
       80.729980191895706       -1.172478691213431       25.813190103224976       43.612808289002118      159.674591182769348
      223.055816065938444      -13.280707327617183       79.368834468946304       40.326279406580682      -97.517723407675035
        0.318904107387200      -71.292633494754980     -151.554850113707715        5.745350832690335       74.035400878501605
       -1.524713200227581      -35.577955704507957       22.587486132422903       35.295321698705386     -118.900716757269137
      108.442410645062324      -61.944292906604630       -1.122050835667421       16.445810915562337       47.886979067970266
       47.402699467315337      -26.263404804934716      -16.225586176092325       70.067608030790879       45.345351218977996
      -82.203446340411816       29.358947219906316      -93.138958744997282       41.927238713623687     -221.567473799419844
      -20.225847527418953       32.493511127670693      -82.897186733432761       92.752882002146166      -10.761735105693349
       36.101395695945264       37.757480111902247      129.148697382148299     -122.624719982324265       14.403138257594740
      -76.554007235334936      -15.478129310842156      -12.267338378115891       52.232669891504372     -120.322470656446640
       -9.799388782486377       14.439420491261201     -139.071864174845700       69.727031876549518        7.780029868286022
      106.200237611136430      -19.403303118251451       29.582769180854513      -24.557255748507515       31.098297327309833
      -24.617179060127281       87.313222704425428      -25.409856760589033       10.081310439929268       51.334736885831880
      -62.049063737695327      -13.395046851749051       46.861305181213901       21.212455468011772      -75.455135073030760
      -99.784506918899751       22.579394160450331       94.730065747694169       14.180306046800753       -8.237655185859758
       -5.825307610823588       -0.263125074790056       76.592879115991806       24.315751691657173      104.994836327528432
       14.209825607941033       42.420050425461554      -52.108614511841132       13.444922666095996     -136.914181281573860
      -86.992160044822114      -86.271635674676148     -176.843302926618833       -5.333486887120420      -60.482369219359065
       38.169580495356342       38.074715598738443        8.185659672942078       78.837306500791172       10.327241670193837
       57.955053601454296       30.110071685522733     -110.089426305062730       37.826894269461611      -10.484476709407678
       41.983823931987807       28.676777912667767      120.780744394335557       -6.819829280703759      -15.048853764410456
       -1.875030376257495        3.164569681041347       45.454641019015611       -3.558550079391050      -12.309706785335715
     -113.746278951678960      -26.506492791864080     -103.513350314417494       43.368786708920801      -79.712359090341664
       80.787876039277620      -18.228059172397302      -42.575190475472638       22.668684272478433     -115.956389177263418
      106.467405101060805      -58.273832377814301      113.860568149041271      -56.264885388320444       53.713489676668750
       -9.402210104960874       34.525158505490083      -40.944247366235047       43.327517652901314     -154.387978674577596
     -138.773155912777469       40.611593413918285      -44.962988754044268        3.705840324353161      205.469790522571657
       28.159279378998765        0.279001630402869      -51.934607030914236       32.588240022847010       31.286673288489364
       21.420479879936252       22.931451374150697       56.617551456291295       12.322797072565093      -87.264189711764274
      -50.701560656302163      -28.915960032748877       92.402314675685190       11.285281958551929      -63.463009278595720
       94.935075801149964        8.035909335918312      -74.638369443545372       13.422422005289100       87.167605824259141
     -158.928201214493583       11.693455263569980      -89.010453115280995       -9.148847778924930     -134.692023541955990
      -46.891897112391511       17.646832638118365       49.862605210573541       -2.858096024165680       68.215631110045607
       49.697112716366441      -69.985651039141302       96.684709946113827      -70.649091659649585      -45.357268351897780
      124.120213503216306      -32.725716970217086       40.151025251388980      -37.831102298842794      -46.667549373895845
        3.507931416056774       27.189078961109931       44.941416297102791      -10.575282231610844       47.620720150482363
       42.988500846772048      -86.276300267972772     -113.940644881946540       -5.411327122469105      123.464533826107285
     -133.475457185549658       42.116668325450590      -53.206115625179393       26.037406128613867      -54.675189254389387
       -9.095847597718155       36.525278959804155      -36.276589832153576       -2.479889975044379       44.051914299798995
      -50.707391593385786      -10.799507715114926      112.224750001997378      -50.493044507636725       18.023165652474120
       -5.139026992698793      -53.220419433275417      -90.681335145772380      -23.358512244336112      -61.203919517571563
      176.033328680861899       13.971985500088186      -84.837780863490465       15.869147241048198       68.862739266175595
     -128.154478351725317      -11.345972891812680      -34.508378474921145       34.075253785987037     -240.306599369043852
      -30.281454516136314       71.493587424273812      -28.287389404352563       39.457043171945386      123.266675724827380
       -5.699389300658614      -17.979809768614459      108.996914831642641      -18.456185112618339      -98.499121581136095
       63.176247535119792      -17.242402737387135     -188.171649767341876        3.885028939732962       55.092579307815043
      -93.709462216071955       56.296574196440915     -117.986972221183322       89.130195627854377      122.762564451038472
       -6.374452077503427       20.889839434237917      129.959016708339391      -31.700901270381131      -35.288124633984751
      -27.426931283945585        6.122481286372972        9.520071978644534       20.090458361394646      157.931794163284707
      100.956327185262680      -30.243005833489619      -33.612340053783150      -32.385940077581679     -126.901725197339076
      -85.765062784564307       17.166664215467080       40.454706217096096      -29.760881671805269       93.811905368209310
       -1.889159932297721        4.818420627912983      112.196270038949237       45.506601717603409      -61.759191134311536
      -81.418162389449677      -25.981712396410831       22.591961522127900       13.325341008094473       20.412242061927561
      -65.282339281633924      -30.429502775660676      -68.230336444799022       11.298454236714464       97.803575215361789
       -8.166543449000304       35.726753724521906      -63.983264881609983      -18.892679362348449      -50.627637773209628
      -15.748958881642414       99.243339437635285      -36.108407134129052       35.298533519025000       -8.506593333569525
       22.406295033753494      -63.819764000620019       36.107606385595346      -17.205631571880982        5.079101636920503
      -84.977623055587841       76.055339801553416      -46.581688313803426       70.766268076856079       78.168584434001886
       76.168479750007691      -89.428800690778772       99.250464933432454      -43.310843581128950      -59.288936558767034
      111.304769167953893       46.103878981543680       42.797434118549575      -53.449452226550811       73.775061436490276
      -22.266073780461412      -26.033372951682608       -8.725025635051480      -32.825759615189192      -65.606478615176243
      176.340369583104405      -33.092057622499397      -44.884900326868845      -12.184760873625239      -14.436153020943991
     -253.040626891864122       -5.173736456365273      124.447262908998695      -56.393132049105404      -18.374012142542981
       16.387700288635081      -67.884942645544271        3.144027150218633      -21.265028322976843      -27.689453287896470
      -60.217004507524898       67.518798402307368      129.229445289714135       18.490218501175889       26.436724047073913
      148.063969555667114        0.893121954707562     -124.259322540205787       -4.079007738944923       79.709235367953895
      -68.424978969843366      -71.471730147189191       46.983730851964573       -3.924605923178986      143.480556228895807
       -5.038526399347046       -3.329298645474722       -6.422363333824288       31.735772126063878      -72.747582620940733
       49.591258717616640       33.823241542107304      115.136856362207325      -40.796019483569850        5.073041816185722
      -16.032901451921553       28.039551395649372      -78.366221157276243       -9.444811808620242       71.035745694631103
      -98.200876385896009       44.953633892571823      -17.794701359631290      -12.630322548822239      -34.823814348331801
      145.382562591945344      -40.076673847830811      -13.841286329450591        0.307270983968530     -120.689906597294552
     -102.671966588212356       66.997342926566233      -14.813624585347927      -24.994085198670426      105.843706895559464
      -62.559585054619390       -9.238339163006309      193.523123952598297      -40.009017880618025        4.388473987143978
      -53.560894421350028       55.839917503146147      -69.014814082728563        1.817248458757760     -109.913401816584937
      160.117652746883863        4.106657378873197      -74.067174358666762        1.431378980624158       50.324828622895716
     -128.174041874078085       -6.887835848205909       13.871500454673056       13.859641215999771       80.124947400021327
      -11.595953545658176      -20.107565086608904       53.018176567621801      -75.153437766602551     -101.799581318852077
      -24.773746375316101       57.898126890980109       75.601141008248405       55.958123597951484       80.290387367561578
       -5.736025739844660       -7.172956230775258      -74.542077961881105      -20.601634445216806      -59.273420941280449
      195.947410776080943       23.348644092730790      -62.315249932685468       58.544283814231385       86.305156963388384
      -13.458421241697327       33.035832700674334      -31.029300128006359       44.419669334915753     -137.210246158749726
     -102.947065858812906      -24.964768386972736      -29.835629040481127       16.473352677013249      174.204315430099427
       17.948423060948844       -2.119026905313540      160.724995536415946      -53.944945740899314      138.409204108439354
      142.209585099815314      -34.144236425294899       47.755220979152170      -31.132486098958307      -75.989834984592292
       12.227689977658486       -4.794537757905832        8.791583323854848        8.606727136906398      -41.094152217889153
     -110.508006669931646        6.055887700007843       56.145200156859332      -17.556175737578496       19.720440846967584
       18.817269682818967       16.413805787880911       87.040651736402765      -46.814322900654929       84.847843175921312
       -1.031252872523462      -28.462180027149270      -26.202433344142296      -63.633387048587991      -71.887421519238160
        0.853852626468901        8.639745404311913      128.810311158885042       18.466834139155221       45.281233362058643
      -72.076287908256191        4.037775160372123      233.603783491923224      -93.415343468181320      -61.812203862289763
      142.008400859899297       12.068757324637092      -42.887312879915754      -35.902848213600976      -43.811638801242964
      -13.267548635321004      121.073561793511956      -60.281334709965662       25.720985846665290     -209.411239681446602
      -55.541852936477959      -92.341833644583190       57.204487514028123       17.207470018720809      122.413681540796972
        3.982852749551007       31.344425698841970      108.132584208911751      -24.326212040795959      -50.201727594847661
     -161.952162750333514      -52.968143295142568       91.618751061733505      -14.114705930662844      -51.008900705415357
     -172.066325077908402       50.952431900801280     -127.002132559808089       21.866557890770636      101.501115710168506
       53.054910926501158       58.011978770633100      -41.953987391552047       25.146004019667256      -37.750468830873722
     -112.901471538705906       55.086251795400273       31.396108945000041      -99.811503350950616       11.715313917125966
       84.953474958359678       30.512565646077118      -18.590541848640882      -20.282584454724034      -90.608509589841233
      150.846807952756023      -16.027191420559888      -38.679293691769892       61.855653317753216       96.729196446788833
      -83.436877682016686       54.354188431237837     -107.655624093190667        7.737829202359081      -42.671656642876997
      126.197960652392524      -43.774834701394333      -13.381354451895714       59.951024973705536     -110.860154815992402
      -43.895785971402866       -0.978569142433770      -47.391236273874320       -3.703453870562306      -57.457087431443185
      -82.556301054549550      -16.159563364892097       44.024452130218769        4.613615835931300      150.194071871993771
       30.237177382040265       53.640384844471171       76.667610156432417      -15.008371634223316      -99.832678485104921
       20.553767026117402       21.217326845706324       -0.185175007645763     -101.785921550434054      -18.212071467612795
      -60.536962668116580        5.462720652863581      -91.928152810521979       68.699493425698108      -51.754284605064740
      -53.965336219317500       37.794700863431274       81.251048699460384        2.809207034431129       83.795527547201445
       30.779625974758712       12.378219013501736       36.017099539685390      -67.988008138378845       64.216035564227184
     -212.228235865403633       57.871262239677094      -61.949083353724212       -6.458905961653179     -107.494362179688054
       24.124463983078989      -48.935441029884096      147.259571208665562      -22.023789605477369      134.824844185677932
      104.217045029690638       20.902664246582933     -212.291119326748259       91.122244159744128      -66.717516978444849
       17.798157527639454      -14.178460386927179      103.906251259989745      -63.398542161811378      -35.053716021444437
      -26.900952555423103      -18.768271404597904     -132.140403993615223      124.356568484662816     -181.202026591110467
      -22.771912082106454      -54.460305227003552       36.357870311466186      -60.070321330335013       50.557950804834377
       27.360832811788395       -8.063972838293120      173.920124668501018      -98.558875126920995      127.628221013431101
      -34.783357426086262      -62.188928846901021     -152.992138340275034      102.861289864183618       19.759246229939148
       96.745765938814117       21.292716037288120       -2.864881329025803      -20.823162215357033     -241.214346062873801
      -78.913750071297301      -30.032489918151839        7.736453872754799      -26.631121186165746      -46.053686106416230
       62.248232921914379      -69.242354443803293       80.364732457425887      -97.472202309990564       32.328626533029528
     -117.033225241334335       71.437009434567756      113.671679628934967      118.607360178750142       62.721149150887683
       66.381465087917491      -31.817796220092031        3.105071348720708      -32.982534283946691      -88.604553538551912
        8.858223072756594       41.357342998958828       32.549997986322509        0.004789094890778      106.218798354026205
       36.007309558932931        7.509757274530326       82.792837083648394       -1.461204574928171       44.579408724545090
       62.058203416448301      -34.616628376448922       18.864593722113085      -46.195752180898253     -201.608320294329729
       87.513706085846238      -38.655034205666496      -89.558534735811875       49.239677552470930      -34.740710035368529
       25.990458519437663        8.078266772049602     -187.260540388201804       -4.935847662406026      173.681791006703492
     -209.399758822749419       87.038647179931047      102.323541703983949        0.477041810045462      -88.052584094684633
      123.320760036537706       48.564586521004657       52.929600663640947       56.796397695627896      -21.889414811274651
      170.179822648699457       -7.718753990829404      -36.381208226549049      -87.360221730679555       93.601913211263238
     -213.967214493595179       29.165947843979058      -53.584648874280610       -5.311740172113071      -72.336810811400440
      -73.248842789846861      -19.286852499665184        8.029630234522200        1.424127497714471        0.704230686322236
        5.709355173388132      -43.430380379937766      176.109750263608277       -4.710641983420846     -120.089212816141440
       -7.567743577037841       75.630331756616727     -127.739144551214110       38.040259127185351     -148.972003448451801
      166.602914804645707      -39.929991324203073     -206.603508914012934        8.399761212312347       26.001768970881507
     -141.278888921865843       76.907501799276517      127.227878437340863      -50.406225692871089     -101.002983391158963
      130.488274906679095      -54.026281636080618      130.817754109769083       47.002249053032692       10.895638193792404
      -78.542595873751623      -17.050641128666786     -102.537985735237172       26.802693284056801      116.866804351360543
      131.021413852843011       92.071783914475816      117.312843528615176      -26.808308175041226     -202.670440001902108
       -2.758911692251434      -69.815857584922142      -48.567603929840693       -1.667190416154408       28.063078015942629
      -68.194149102893988       39.509621409469126      -35.249108743238857       28.335620162288976      -45.014360899650747
       11.597282648506651      -46.472026886964393      -40.322767924353720        3.421633517217914      268.931454365827733
      -46.255113265943578      -42.948631581455025      121.365278775377490      -48.420696653515868       52.112428578897159
      -70.961484411740187       50.529931047131228      -37.694344511499473      -33.103173084040435      -67.917650993701841
       55.166546441992828       -3.339760512451540       53.974358956674841      -76.040707252173149      -23.567610377468323
       28.402058334849279        9.543980589598384       68.735602639454399       35.706535109154771      -27.812508994812379
      -56.737221604583937       10.016443895608276      -74.727019706460041      -22.552135176570182       10.062576683941042
       49.776186028211690       13.165073694127617      -25.533761455341974       51.439287349963521      132.266407175929572
     -112.251263385769491      -22.776721064895014      -71.912097949903597      -21.415728807930698      -64.921381971140164
      157.781832349420682       11.345284050861771      213.587741896385523      -44.983847517484271     -118.329512076619835
     -140.229258911196951       -8.477948018797724     -139.960014953820576      -17.625254020189939      184.964808564166418
       65.792125652871107      -67.762265147439720      -37.355611159512449        0.296399001489981        1.171911739763967
       -5.792500856508518      -48.827230544482262     -150.042461700358587       61.450232811743241       62.307181104426590
     -122.103327157762223       22.138564085026250      214.548945581805100      -61.605215551554686      -85.414206635125609
      127.036945807513604      -47.944331691162049      -53.418631903760655       18.022841429004714      -81.362151778793816
       25.149502383816447      -38.623303128434422       32.207391069201648       -7.882118172857910       59.372962973305405
       14.727273740288981       46.025940248529174       76.795596754226310       22.219317270721326      -20.731538087663310
      133.213412858155579      -37.926202848971300       77.132588741459486      -27.119695631802546      148.961576977439819
       47.901883087139360      -37.129377937977523      -58.846922385409712        1.243977718780824      -28.498000857816596
       57.447044295355809       -9.115678836980003      -46.425279715407605       23.796088515374581       -3.804169794422919
      -41.534961751431659      -27.145156989453305      -37.384208999020672       31.329722632229355      -59.841046969779477
      -71.290144701684966       65.801204005508211      -44.176613809318653      -18.298171933836738        4.841037729023393
       86.415350131615895       55.255079464885455       78.998367588808279      -12.710597197553897     -139.558761050757852
      136.557489032811048      -69.229337968233679      -98.658592182886878       46.751475873379462       45.601434929325883
      131.714478891614988      -51.154479024553147       79.862665400556637       -9.603685058748386       72.807329784590863
      -31.089064328572327       -9.195845212611623      -51.736650895624038       74.107521386429440       98.119243339406339
      -84.188467296444159       72.100221493890572       -4.430746045154375       18.358175722809175       10.672361198561594
     -102.318660072774932       10.441041119442223      113.884669516804877      -27.988160050480044       69.752398650724629
       83.629221600345247       20.218796905047327     -157.251115252000574       46.675355471453670     -153.708281372193255
      -87.989748866716496       33.473815461768304       13.296210915066053       11.792732795663081       94.778249378787393
       80.020124997445549       46.820232431100244       -6.835040367152632       33.839306556650087      104.957915530016550
      -60.468630842643087      -41.849354436010557       64.544989817581325       19.806361101464674       -4.909104807263033
      -57.706942515679906       -4.956535078704682      -31.297677357094276      -21.418027028057598      101.274404927708602
      -57.555320040035504      -45.960264420650383       20.982901495250541        5.387247290786774       32.924338181133812
       64.150522132924650       24.004727499826448       63.411967669976661      -11.082029040506329      -43.265844566239032
       63.265268559370085       -7.445260303101241     -176.687142592699701       66.647934773664090      -86.086404265396439
     -132.016916721444488       53.302808318326775       34.611543752421390      -35.303265612017803      -33.078344169942085
     -100.109689453583243       99.287037825288024       -1.498900700683700       -4.758263941034703      -20.583334433899527
       90.529729752404336      -71.787187183332534      111.691308651684395      -34.929522857777400       29.508894590176777
      -29.552814794301529      -17.501516532573966     -154.759468171380860       57.133064551396188       44.205552938102777
      -14.313049168595418       25.721276299281460       53.602585592018258      -28.984772793492517      -90.562843977284373
       55.202068697210052      -21.972991442546803      -21.135490321250256       -3.463065003303796      -30.758827200855091
      -63.401211147503162       55.116456083110336      -50.661699211506580       76.743641652267428       49.222746612885466
      -19.313305251951647       13.832533485211920      -32.315875100049993       24.742517773440124       98.726265360876184
      -10.221253641888378       14.168783873219581      -63.419173871265805      -10.519857980228808     -150.158236660467679
       -3.560639382808031      -43.394224996589948     -109.717814307859015       45.670234850036856       74.708794989815047
       85.916204533333541      -13.025752003406149      -40.431165604431776      -38.267574609273453       24.796848209155886
       13.631403520927664      -11.980506988717696       86.558969432874164       27.216126079793700       99.242469389363961
       22.606640192745093      -30.251330665616937      -18.839645031511161      -25.640832924072821      -62.287113182115952
       34.350181162331289      -17.907904290086748       47.879623677309532      -56.787537746078428      -35.637946433704855
       28.026147357955445      -33.744962397474495       95.134104264901666       44.548478461849918        8.342023186420617
      -58.514411522768562       71.535132823206027      -69.331085939265918        0.585652971207561       -8.035744611242475
      149.517390031184277       16.811853772443609     -124.522371413465237       27.738783130212553      -55.431530679410692
      -85.545446063038753        4.660619757072583       60.291644905500625      -45.446751846112583      -40.171836394234290
       73.280092721189391      -39.199964908070577      -85.725072745515718       15.879197430637534      -32.020056660097190
       -2.085903736681378      -45.688076185670184       68.251310004749257      -16.998456667887886       43.333089680816506
        0.909518563983833      -32.437774181637621        5.878290050751525      -58.301104346470559      100.202060091529006
       75.596537840241041      -37.751675951130018        1.942593327009147       72.517140608510275     -107.655071188505076
       80.347054863104717       59.652441053243670       -7.432199269668123      -25.150467165684010       26.906188088061647
       23.323115515901101       34.389886231550065      -13.157254493060309      -63.060407208189005       79.508810883379198
     -100.459599465762437       33.839838817963631      115.078943123780419       -6.989311214126831      -24.023239513977796
      -85.173462940126626       20.132334106561817     -104.308931088595017      -50.584295238687083      -44.680955792658764
     -106.452817245783137      -28.001694623624601       29.676690999957025       18.958800553134324      -90.347701102479320
       51.243271354685220      -51.342072668535550       58.416744062389725      -10.177674728088093      134.171691496305414
       94.839080197709947      -51.906696423323218      -23.787862900781775      -30.240767565046621      -33.501101395466982
       -6.225639170171847       -0.188746065761502      170.344368852562326      -17.691748461520145      -30.372802665991802
      -34.804752561418148       38.253946296848575       34.371982039372512       -3.920389544757198      -70.468074946759828
       67.942019851026728       20.330976266895632     -112.472569729344215       -9.955994114308737       89.413245603745011
       -7.873183908412953      -13.010078205377415      -25.632728627467493        8.024876351225897      -95.748126574414101
       40.739392466371591       19.258246984623366      -55.613811113799478      -13.332820533386807      -71.341619949201629
       99.336933039268828      -33.499736419475234      156.199655436327106       22.686287745511766       74.782565125289764
       53.785537641756427       38.426585833004381     -232.684568602926788       48.974150954982093      186.707212432647935
      -17.561483833154004      -29.915675572364712      126.924284685783988      -47.007249286352732      -91.628733589134356
      -15.789686997427468       32.216655673052095      -16.503904554827372       24.024141483061701     -100.777066973593065
      185.211301087041420     -140.545294978373391       89.831320630594888       -9.862493894906780      103.345666219268608
      -75.945551785883623       -5.632895692489658      -26.358294569838282      -36.190803313773543      -22.630871653775927
      113.870930168306813        3.254879812401471      -91.210707831917958       20.073381467471901      172.700513879009293
      -20.252776472844694      -32.215470057576646       39.850607092515318      -10.598377684572428      -15.145071379101825
      -33.271019376719607       12.159012485564897      -64.547418346707715      -36.275122940638212      -73.765076661681505
      130.699124773193120        4.657516445706120       44.449273966892626       31.451807219063511     -112.989729121101448
       19.976398350946759      -10.055705873550218       46.407714302771680      -30.828035972237629       27.352819327388460
       17.535307754946412      -40.681046333771619        3.324344536104903       10.556499880425351      -11.955800759829803
       72.074500592677211       13.917811422353966      140.945414160566884      -20.552979086448669      -13.208236050976616
     -209.013127872592065       56.635422883413156       47.637344022855437      -46.902792794143252      118.690934016417472
       35.637699912141187      -49.909284172772537       60.241771223809387      -29.414046762812102     -151.143479810108346
       43.097520804466960      -11.704884169940446      -13.183037079092790        8.971536981473465       92.571262846863021
     -110.737995534136999       15.609372300461356       64.344320197305905      -78.027343133713316      -97.578995674812688
      106.973846606103251       20.253144889577236        6.092799560718269       -4.984440533404137       58.874014080633621
      -54.609381149487177      -40.183572233667768       20.746981819567694       17.682050887585756      153.906216342776275
      103.367691497018185      -59.010438130752270     -109.961399711493328       67.035629575849640      -55.680464703557178
     -125.291199847116701       16.255209394119376      111.367861216486276       21.324349581732982      -13.289518990386673
       85.233636865037425      -32.054063455180419      -77.161176222166134       -3.672846361657431       38.885999384592097
      108.319208121829135      -28.140139183691353      112.906591918369116       20.188075072499252      109.325543330156307
       25.464836591285021       13.263884196223369      -35.124458026066492      -34.496908955219453      -81.000139515594086
      100.886431283074074      -51.846144773120557      -91.565253354534164       -0.687737133127085       20.069759235800927
        9.024505783218958       58.989567438812763       36.988807876583351      -34.486178835063214      -71.315572718154812
        4.141171196144028      -38.207473003467548       71.250242691190820       21.299480314054744       10.054169748078234
      -90.754973068659950       29.391687558940578       27.094562592138189       20.691194037174963     -101.424996616568620
       46.666856265841389      -52.892760553001970      -39.751358347556064      -10.015404572524867      -90.026062212101323
      -37.936759581380663       24.841735745448752      103.832048780341509       15.052016788458920        4.221351073322585
      -88.628668081749368       29.207229702740328     -147.036900520374218       20.847871622822492      269.766066862231185
     -151.630931082876145      -11.783767992786595       86.208757855722808       16.070351936332223     -115.750288115853380
       99.033759603681816      -20.598759407603147       25.904703316879107      -21.500309313368330       15.605300950915218
     -105.122657940311854       63.722578088483829      -67.203656307555519       21.321238269283885      -54.539535410823191
      126.820883205754711        2.153475411914719      -50.968097891301070      -45.196969841196406      122.123313526518871
      -41.261551878781837      -44.261712858773819      128.927822820102648      -14.559708387321113     -118.555693244910628
      -52.817288302264963       30.412809199085387        6.766304847571221       65.532195046639856      -36.077839580812899
      126.424453448319838     -105.230786675271901       49.848830412934383       15.045781409105420      -83.533514900210164
      -64.091229178000916        9.431026984724721      -81.237884491868783      -52.451334217083520      248.113485140577438
       23.109584049870907      -21.704710327815487      155.931625429203137       -8.931463015119110       85.813522504124151
       22.085034722353228      -70.759523772431649      -21.343027922570059        2.958183184583485      -50.116742252552953
      -47.958069568854896      -24.379218514245409      -17.302053839215620      -45.704545522879549       72.179622349261095
       26.524135706755828       32.893890565459564       46.883762072778602      -34.221599632212602       41.279432863986443
       99.565652613263126      -63.928186584670414       26.515088890118538      -15.806685256621963      -91.357156553870510
       35.021081981953735       37.682407918821632      -22.546121412118094      -17.339328904414710      112.893315757503672
       84.790578164291205      -34.504336412877144      106.456747245041143       45.630341663239356      -33.502055081101830
      -39.126019572777096      -23.705043932696380        6.114897054119487      -43.851064365595839     -141.376303673465259
       38.265009049144219       21.568349884099476      -50.125291925090323       44.757395460920470      -87.408057234204335
      -65.718566179076248       60.964451638417287      -11.762647523295888       45.450399365959065      134.618637186372098
       31.405417561661700       -4.635153498688635      -91.023653429239417      -16.969845363381935       32.567277916759366
     -253.229713488225684       27.187594701961913      124.234373001068974        7.820110188632257     -176.428568349013659
       38.544894539991873       -8.102382205329834     -108.189978094247266       35.677746435249553      -18.164870143562780
      185.934860507572694       -8.299360981106364      104.233648166724961      -50.820312034413107        3.208749309680456
      -79.675049543969109       62.288170331982919     -108.691179101382644       18.841781332525752     -165.894593882777315
      155.610206721541857      -41.176811252484441      171.191996665812667      -45.024501358566241       -2.935834384086780
       -4.504912475674762       63.026841378021956       60.383063876008180        6.039068960696857       25.848327676871147
     -112.838133784362185       19.749816641665330      -81.707812704562954       97.874423447351163     -173.484206276046649
       -5.233561301518911      -18.812848490948127       74.632114812338628      -24.284195589232866        4.459099138508696
     -151.317124440075133       70.873064507404635      -85.979363890563121       22.122210186116572       71.960545312294997
       88.367052746275036      -38.171085944686219       94.406624600483752      -34.160273620667994       74.069581896041541
      -12.369486177773148       -1.488847697119135      109.717048793867775       -8.907505808124215      -23.885861332912310
       90.680558257476932      -22.621309961945627       24.500747133813384      -44.906877420240953      -83.746846006586182
      -76.861792999524340      139.180326291454350      -59.923461424211666      -35.826419302457076       55.021908821820787
      -34.186373459199331       -3.808062164990286      -74.804692766960315       64.887808743758967       45.299168818815403
     -136.523034088836823       22.924026104859689      151.210334939607122       -9.283218697865065     -300.292781304749383
       61.488047785978139      -28.382960038512302     -117.070246181108502       -1.463038245639044      -32.474845747219916
       31.566532929520612      -12.135937862247390      -14.728047665628923        0.578481750157492       42.801483193493546
       82.485209506871016      -19.288127170393889       22.529595923466800      -19.182595068821293       87.132597223330734
      -33.642631528916837      -68.441433892900349       15.817118815622646       76.773027484700094       -1.490401536866703
      -16.665404199456319       47.509334136936332      117.802523888345874      -88.335310644225700       64.512885544245236
       -2.656319780496840      -66.753217740144549       -8.842827261703786       43.999518659559016       31.185349998812121
       36.369247832313398      -86.386543752074360      -15.058036958921749      -14.088550990472481       11.869245071415818
      -87.337988850811897       61.724987293635756       42.892528904598016        5.554340072992881       80.984234622815393
       87.209607863004237       30.899345688505598      -56.579591088268316       25.242277157949026      -17.773592650293448
       33.075939217712026      -28.947930400766278       43.959009864253240      -50.036100196087475       70.916263041520509
      -69.429291708170283      -15.989345895746828       67.602644664913711      -25.924223952740384       67.642838538927862
      -24.752288177588461      -41.671449235329391      -29.993642590368758       66.379848685457304      -82.219748254650028
       31.788210800914420       28.937492968848851     -109.977350825772177       45.193319371005082      129.666014884339262
      -54.843194798265458      -44.754297223080847       18.137984301438504      -42.846517570810263      -14.689948712707761
      -36.881798106550420       68.821105415341819       35.262070988592029       34.031774952694917      -38.403321043919767
       86.428458132705714      -18.300426610625347       76.141404468577562        3.624965406812968      -66.855202404308642
       70.994417577182816       -4.904526203919023       15.380685906457582       -9.711621167380859       24.720884644858156
      -88.753221126300105       14.260061657403364       37.042950633323137       38.637139138811285       -8.670780058599050
      159.745071996027690      -63.689649058765092      -31.407429682360373      -55.460071018927579      200.632458153035572
      -87.233435074460900       10.398629192224469      -52.538859124201558       64.613802486617530      -26.466002293112854
      -55.593228003739249       18.000365517650721      181.839398284475863      -16.191450335332277      -36.820082357109499
       45.993449862370781       24.538560376750070      -20.976267464824854      -30.996705236024177       44.221482399409425
       13.724796169003868       11.908903083744685       19.217081951747179       36.864531408400545     -100.511524837107913
      -39.490222073093541        7.107775853659343      -56.468177930471775       29.531458821179932      -44.461978961726309
      -14.388122925816880       10.623029156166636      128.818282778168594      -90.258920704777339       48.582581906435188
      -90.719683515076852       -8.249650814801242     -131.027985292990934      -10.430018879906875      -55.457566594774747
     -113.705933774024118      112.466682718371914       73.708826619761481      -43.782910181486997      -96.560930986522365
        3.865369487008724      -64.334586680742149       36.362354798167189       36.578796172604207      -62.460627088314446
      -90.133952856271094       79.359832534981464      -51.351727975100026       73.935502929994897      136.412293477174501
     -118.395316942809757       78.782116251895772       20.173120733103666      -31.899600863998366     -198.326182425182992
      -44.187711422580584      -31.555014084806157       20.865427506534182      -32.839445269964358      123.564858050172262
     -119.394463543559539       15.914357064451449     -159.671714220116627       44.886065485842003     -147.079649754965402
       94.662951729904563       53.875870509816622      108.601891219958105       -1.113322789280448       36.519353808380579
        7.330624708998148        9.113236837168229       38.038872717430046      -16.868427372417187      130.963998847565790
      -34.704376730830553       28.984483503870791      -65.919777811884572      -20.393260188853652       47.389608100695952
       51.760691440820132       30.117290389021157     -109.703258440806280        1.655754552940459     -119.117294737885345
       -2.237447321179082      -39.892686707470531      152.348472704463859      -55.146731428435871       86.988339235616095
       15.033975300253806       36.238654347041880       44.131912240298952       31.961878524893024      -69.543379004036609
       58.582098559225095       -4.516708053782808      -93.830760939840275       23.348234657540647       39.017707851840711
     -123.749954437579348       -0.565213415140899       27.464413649807835      -22.694395757243200      -69.586055193142911
      -48.556053435713949       46.649923550787761      131.136929841260951      -51.512741021480565       -3.013779468892410
       53.793752378650318       55.796714614131695       27.556826011648635       79.496003642608841      -45.292722852565824
      -40.664963076098175      -45.461735581539692       61.042435604942995      -24.569078379722356       -0.458411395259366
       34.771877448185847       -2.134333353835242      -28.147096993028793      -20.436781486191567       20.806919681341419
      -96.666157635989904      -29.802925128272335       15.205619116716116        9.493941956005484      -25.637305912651964
      100.436208160834084      -14.096896623883042       29.669432931920955        8.300646739911127       65.449625318251023
       -7.236617469652964       26.394780876429881     -135.545136275506223       38.785537348652305      -74.649126965187136
      -58.109712256139055      -37.198481739911749       99.022948406464991       34.376558010985576       43.763147254242895
       73.379029923581896      -14.222634145155340       99.597522391438915      -64.259942646848415      -72.749768626311564
      -46.396892613392268      -43.093061430463280      150.694237116214850       -2.776894548069979       31.068362755693311
      183.076753224357645      -90.190008712236875        9.455462732506962       -7.811379207046274      -39.145937461943390
      164.525080272180304      -44.796805122119387       95.062499611819788       -9.248738475573001       61.900463009297908
       -0.529758594908320      -48.039986743638494      -99.304901045958729       53.099002379393475       -7.731457766576759
     -171.162096387863812       39.932528079532609       34.440566445885629        5.116149513641621      141.311729228012922
       47.837827311168553        7.292806014631950       -1.867751159734880       43.156458280394602       61.009162338147277
       87.109701654549724       32.542976063244694     -115.595776490282802        9.650329969013978      -56.748968508514899
      -92.392513210145879       32.520740464572448       97.589857413652538      -79.343578170003099      -84.701004522659758
       34.109100263450799       -4.512875142282862     -257.682022113751600      -24.797061457926599      -43.425964477820102
      -32.629534418164404      -17.699667518714268      132.733658165886595       39.847899548852283      -79.673026138067101
      -70.811727265704107      -19.704533069263633      195.761986490820902      -37.262049656712108      114.767262348665341
       84.012016986939230        8.031184303221629        1.759219714935049       30.950178644064323       46.854996435426884
      135.401543872727643      -80.023218052648545      -79.716372023235110      -23.810022611213611     -126.309265062041064
     -127.936873113800175       48.905146051280468      -89.949308546336113       21.974782585045165     -160.196941788226638
      114.630423050651984       -5.976744847558506      103.594782944886759      -38.863675239728131       54.180500175861674
     -127.761482712208277       36.937715591521943      -63.815114791673160       27.870067443940520      147.830879170385458
       58.863278402664875       11.980176142111752      -92.441808253455918       10.607607194720359        8.100476029073127
     -110.842343151178795       15.686906633661700      -32.499750971648368        7.958025657759220      -98.878587923069290
      131.952905486696125      -15.834147548900859      266.932075094473703      -37.267619549080628       94.320545464804141
      -68.168979376429306        7.973186003358140       44.863369140578932      -64.044412975371770       17.471238230847291
      -44.895898519631139      -19.280287002738429     -181.368539764910821       74.613168152736847       95.372831818858927
       57.957760109928607       -1.778875441342163     -104.652479397205482      -32.937802348422132      -17.622378645640179
      -89.574735743896866      -25.732426340295884       71.483811218575624        1.033255790682496       -8.063967491840261
     -103.795099009713340      -22.990060648075023       71.455178924975897      -52.993876842765189      -72.068071179439613
       76.972519631079194      -29.565413945100875      140.515521334105046       27.766851773480656       77.096743838702906
      -32.641220274296536       -0.278992754669581      -15.412355136510390      -30.440904731952163       87.427408406212578
      -20.595711241442469      -30.019179785967061       31.628685919156421       62.322833701288836     -211.168352566589192
      -11.993166145047924       80.713079806832582      -25.609343954942116      -21.856457420394715       77.982089521669224
      221.007280956458715      -87.688368547718269        9.198885589758449      -31.537931158114702      -77.180476381151905
     -117.171267099469688       34.323302266186495      -29.561723971404938       56.698450850275606       37.891649935911488
      102.930397745085543      -51.809018178568152     -223.532561534336708       84.318721235585500       53.647028556584317
       15.154860142252669       68.379004888427687      100.416403210339865      -43.104189839723830        3.352229060230572
     -202.157313549215360      -26.484901250032632       15.720672695923966       40.492413027798300      -33.313156675511379
       -4.823261396250306       -3.178271478866113       -0.132349624874948      -58.726273047171084      -10.354143073079843
      148.566657328109358      -59.914915057809075      -20.953238539990888       30.017754332217386     -156.871413034793846
       49.791236254691611      -47.052777095086519      112.531754331807605      -15.150711744937196       51.552062666719202
      -41.418881013058552       36.364704198781645      -56.236577930759097        4.816888407639606      112.366523234735610
       37.374655749175943       31.654342032740345       93.388084103834800       30.528803307662319      -99.864845226068795
     -112.403587977403205        9.974025979942374       26.839750781141497      -25.478469993845650       60.287517072616097
     -134.486884079838518       44.191115808068538       48.436655228750283       27.652658369961468     -149.356036385398227
       12.214369875522548       12.220697459687932     -121.574892046126649       32.105643087188298      -81.719794143699801
      -43.243956068342527       -3.672949442181922       -4.665643128283624       23.528450885495943      160.632107112263952
       28.467952101216785       48.835440684789404      -61.431121133502494       -3.188986655710305       21.749093492750045
      -33.642863989821997        7.521390182719534      237.265210850739038        3.504352029817571     -128.535024422185501
      -29.949661504490550       37.230392920176747        4.107556480414848      -14.655191427071911      -69.332611531691271
      -35.073392415548540       24.226650969862281     -154.103215835638053       60.839362902338124      143.029129024744009
     -111.913869266282191       14.504999611416112       -8.234975407788614      -23.237805347189255      -52.444294743749268
       77.275679412104310      -70.696883960604794      -89.894261938245862       -6.443326368208641       13.532076817223924
      119.954055587312340      -16.489565124735797        7.124791425960596       66.192977567004291       86.660477949167060
        8.299368583558167      -33.265763798001423      310.889662490579326     -111.857599762766156      -23.699863102823347
      -62.466076719880348       24.177911675923671     -101.839803809277740       16.803863370688187      181.919767440369554
       66.333627490142433      -36.967650694404639      -71.019255393480861        4.341148009237314     -146.395960220076063
      -97.000750099612247      -13.029526215487815      -62.235356628510786       -6.122707231953156       14.935197563087735
      119.886719086104677      -42.588741947924831       39.396794333378587      -13.170266915849515     -132.439559286952459
      163.131317711458991      -26.448112351691645       55.463627704657178       -1.151313588883649       70.694820873019339
       -5.140116764119223      -44.258629944877420      -25.235961634007644       27.918575780365515      -63.012339191521178
       16.796704812864355        1.133999445591383      210.826124274545862     -102.346821747084178       92.226619284419257
       -0.849003999853304      -48.475398808940831     -115.720548580930583       60.756055848071469     -103.350996881492208
      -56.676466193465963       80.533834573040934     -135.547257077165170       44.368431514451423      -17.264460125981749
       10.706859470430121        2.965131876027709       44.242265105639831      -29.115368898581849     -128.432113684245877
      -44.354128739821192       56.010586210334210      -24.285193519226578       40.113668051923305      -24.810896534426661
     -149.903024865807424       22.283758373981364      -79.577197830750990       36.911286286715971       25.155473761016236
       -0.362484946340205      -10.801913334906464       86.434720017454850      -50.976080879508373       49.508032419214494
       48.650566765238352      -32.854676299024234       18.057886369129641       28.594340905406018        6.570720819830068
      -36.156168013860082       13.006503687933463      -94.151448491615909       -1.936676356846540       -8.619848053388854
       96.717521711179884       -5.816465787203422       66.544130981435288        4.756997392650206      -17.168373975985215
     -125.675840782480861      -41.376268186686708      -37.250896393118694        5.225043197953487       -2.602276123277339
      -23.021060920594707        7.842556829913252       33.324575044661067      -33.686736005515677      -27.554050421994578
       -0.984050179320592       23.935547239202435      -40.117554392629692       58.096594483138510       41.868677407100130
     -102.586128488035357       27.655457290941609      240.920228625507889      -49.519315637365807       73.635689280562033
       13.278173929109043      -18.918168724950213      -80.698931116525742       23.679268413586946     -170.616851810202235
      -51.764429996488694       13.610501870642741      -71.182143411634300       -2.208963607761221       63.205769632203989
     -110.886984759673709       17.171935061230492       65.603897712322492       38.976437682609031      -41.487276247546035
       22.900266512198844      -18.213969691591519      -48.669279546816931       17.535861636126445       32.079059597245440
        3.691816561761881      -11.682646908171769      -75.211158221189535       -9.635020453468552     -107.569754640794542
       48.268337055724004        6.184423422009171       16.027899904322890        7.897500048194846       57.117078192342653
      -47.909079998998806       -5.159761167772412        9.219507863290287      -17.908850915659972       16.278375912285359
       -7.252940801594233      -37.606498828389981      -80.678128535419461       79.938959172406825      -68.431252315278300
       21.647807798048255        7.778477750711736     -116.108322631204899       33.364737743958699       31.038161032984110
      -71.506418567430828       34.118439175631089      103.279526131852975      -74.814628513676311       35.047891544393941
      -26.341987276462099       43.586557811035966      -10.948522349229579       -5.596949670104972      -99.878718725769502
       29.581264455863408      -22.440258382745384       -4.206799640823966      -35.462852959691048     -126.881351239869730
      -68.849275867195672       -1.458855211774734      -25.451627715503982       40.756660823783129       37.980195168937051
       26.364380884071632       69.927178247185822      102.183727051995476       -0.054077372219297      144.416411853904776
      172.510214601713329        3.319086114205790       33.657566648074123       19.400177928652163      -81.953781918599972
      -84.704129683873674       -7.721670224052713     -130.945250018977674      -17.875933940014470      -29.771882556868473
       31.869102240762217       27.640064748576091      191.906925869584711       11.394665996820654      -50.476804006941400
       22.823269375875725       -0.779284153433233       64.201604433112919        0.395966813667528      169.659256594450653
     -132.694361849055184       35.513310767551694     -153.305002290249490       72.471463242761345      -20.441973331717428
       39.033068960255292        9.538522063264015        7.775154276425709       40.041843304261775      -10.613683152861906
     -102.129748183031481      -23.170881113896630       42.158214198272923      -51.089972328387972      -20.292209694887656
     -166.943812244675343       61.139018427768072       14.485369838869273       -3.865151703111283       22.441396465732421
       31.274085464485974       43.604642511681206      134.145386122208180        8.347219892515691      145.439324499175143
      165.294725130586897      -60.176133113133758       67.928600487957240      -73.231911894726565     -155.213920032174656
        9.322762921280543      -10.371529194928954      -16.366786786262264      -24.660656558923591       25.017115296469242
       88.616793220668640        3.007739667382922       -0.029967683696359      -29.062903690768184       95.832258090458708
      -14.983947241776956      -37.741208805388226      127.803189447275912       -1.774886664444452      -82.251418405241793
       37.886929706942183      -10.847995056981601       78.729921442897705      -76.319245670194945      155.015527098646885
       72.507369299833186       29.703932068923528      -31.465831110760952       11.469384381819582       18.903924427918003
     -209.210701752277231        6.870028949884636     -167.986986469352104       50.663281675612701      -43.765559376445680
       48.163248310372460       -8.947723015624536      130.691916142837755      -34.577559269499197      143.455433777575450
      214.086811136319369      -29.227515417734978      -98.529913600098070       90.324407153051652       10.212806898071175
      116.865940157597763       23.109347738532680      -13.246486506451873      -42.014961462130657      -29.739763886211641
       98.815721491970947     -103.305142233234093       14.234652737880804       64.898223578964874       41.518395329349197
       76.054853919714276      -15.175934085099463       -3.126589482906071      -44.932063158294085       11.287798513930227
     -145.436392422957482       61.870945157761724      -62.072191969753881       12.685577950967970      -10.215520427163179
      -44.666265161133424       -5.720511221928944     -120.110735497930250       -7.994042496495116       12.540521922834277
       -8.559829955928970      -48.878435920700184      -65.795684078860361       42.197533705772287      -71.877633678145202
      104.636924112200134        3.157519961483024      169.152884548160273      -57.657363518717695       61.593135752571769
      -39.591443052265191       31.286013976400600     -122.708779507686856        9.507988673028303      -64.145633339087368
        2.176271553797067      -10.870869713558735       74.827270305500477       11.100936573618329      -20.636537256561422
      -82.176832260081824       66.353777667048305      -16.323980823418893      -76.506075337931264        2.927216974287416
       93.195378031872480        3.997000366670657     -102.210902700686063       44.704388678296596      -74.072518337176618
      105.139390435513647      -53.206672969601101       51.156344603906419        4.586677098877606      -29.902065277526734
     -117.061193706490869       20.631773672461819       94.715487718063827       -2.888994932690581      -46.624064544274830
      -63.992795690295701        4.503042347533222       21.235151797329195      -36.307002437851807      115.117094828546612
       74.234856874184317      -39.201632514973440     -128.059538276513933        8.606051686030751     -111.582043915643766
      -12.369267942388900       43.038952979044097       -1.995047783496781       21.787024163246421       68.750017391709193
      -39.698559470896434        4.938355861996303       12.705664776557533       53.213927757147509     -138.506380578934596
      -52.488933457116623       -9.898003584329791      160.962124319368570      -71.438252614751661      -35.372204824263839
      110.957098655995637        6.641884999103277      -28.757780904067555       -5.978243591753822       61.332943274878410
      -30.403295243285712       29.523431120401217      -90.346447898793471       52.877750571084626       37.600396078097340
       31.242198464729590      -12.785226313840678       -5.531829412475556       66.355551057345636       10.331663094145208
       76.563270911737334      -39.388276153906006       15.945552806567720      -20.251264381978995      -10.977350646764975
       36.307846371891017       16.710017023478368      -64.634270538041108      100.489970458918933       -1.901093853586637
      -27.168653125613524        6.342929582762580      -52.977856167111653      -95.058115790685449       35.334172270027473
      -99.165563851592594       -0.738786175622426      -94.021690313124637        6.409144936615135      -83.753150449482987
      105.510607685449443       11.289192409603119      -55.622571752944339       17.714523122037946        5.811901308245733
       34.469638315635201       23.680241276486875       26.209180103402552       53.719722212007369       44.125283869694016
       14.290092743475837       -0.720629241347535      -76.196891787104022       15.234980138810071      -81.429960124057089
       53.713093867280222      -36.489215609642685      -87.741548296603725      -18.499882690136122       28.065758957893713
     -169.924114307261874       53.853246306180054       22.435067709797426       -7.915086373227448      -61.362980165951832
      105.158793487459633       -1.210431670649239      187.856020996853147       33.086151588515527      126.401963154073940
      -23.197865485486012      -44.322583670726161      -25.647304167601458       29.250730458980453      -84.988814559194466
      152.434112233226699      -37.182137583815823     -111.044314929922422       31.365660144027451      -64.839944835077233
     -100.292953280049218        5.363139200814884       37.364302191363088      -11.461802001996242        7.948519012808994
       40.676257353925429       40.573000514414510      135.921052422334810      -80.472542876817428       15.107371946680445
       50.441747309853795       56.334319114820033        5.546944965649611       20.520818558440688      155.294420198210958
      -83.869262544409125       -4.578898179202838      -49.401905951657703      -62.458802044917213      -24.158682801980756
     -100.702510847891205      -31.540590750345121       74.861225604494379       25.113381112697077       35.858000639258194
       55.616948206842579       21.787794639537413      -59.630557660204204       -0.182542625847397       62.169332691771416
        0.574108359995602       18.610197466653105      -81.685908364144211      -13.423805911568431     -228.271540288053501
      -43.046881177457138       52.482275203710323       10.658160519334064      -33.004979171837228       14.411837372958054
       51.955098128479072      -57.028505552848003      -12.016344258872701       29.586429463125199       74.994017648468144
      206.033971782039885       -0.970903203459827      -33.915760928815175       -5.997663663066394       61.203501178679012
      -17.730454473947837      -31.790230117023711       44.326668828860278        8.059056142520447      -67.843772913206251
       48.610809864470603      -10.109479329566708     -143.548234769974670       48.778795472457197     -119.907982248879364
      -32.208820822380410       71.303499430404301       11.854335718336459       38.290923438101466       56.485052228468213
